# 3ds Max Wavefront OBJ Exporter v0.97b - (c)2007 guruware
# File Created: 19.07.2021 14:28:08

mtllib Corpse_Pose_D.mtl

#
# object Corpse_Pose_D
#

v  6.8267 15.1047 -52.5506
v  6.4565 19.1370 -47.6464
v  6.7478 17.3866 -50.0413
v  4.1137 13.1220 -65.0800
v  4.0531 13.5693 -65.6187
v  3.5365 14.1051 -64.5819
v  3.1880 13.9834 -64.3648
v  3.4231 12.6734 -64.9078
v  2.8077 13.6529 -64.3749
v  2.4507 14.3498 -64.7540
v  2.1716 14.5194 -65.1828
v  3.2903 12.9933 -66.5880
v  2.7790 13.5157 -68.2406
v  5.2120 11.8259 -68.6966
v  4.0043 12.8257 -69.4071
v  3.9168 11.5749 -66.0001
v  4.9763 12.0038 -65.8795
v  4.2963 11.8074 -69.3460
v  3.6291 12.5128 -69.4477
v  4.6400 12.2043 -69.3172
v  4.9516 11.3864 -68.7080
v  4.1031 11.4816 -68.3917
v  2.8695 13.0500 -69.0631
v  4.3487 11.3732 -67.3921
v  5.5768 11.3656 -67.4876
v  5.4546 11.9565 -67.6112
v  4.8830 12.4452 -66.2757
v  -1.8262 5.6210 -76.4108
v  -3.4378 8.1588 -76.8274
v  2.9040 8.7688 -76.7222
v  0.0946 3.2224 -75.1660
v  4.8248 6.3703 -75.4774
v  1.2924 11.3067 -77.1388
v  -1.6990 11.5428 -75.7796
v  -4.2464 9.5276 -75.9793
v  -5.7523 7.7888 -75.2174
v  -4.1407 5.2509 -74.8008
v  -2.2199 2.8523 -73.5560
v  -0.8880 1.2598 -71.3872
v  1.4305 2.0348 -72.1633
v  6.1609 5.2080 -72.4226
v  -6.0919 4.4133 -73.5253
v  -7.5065 7.0476 -74.0462
v  -4.2457 4.1748 -75.6749
v  -5.6603 6.8091 -76.1958
v  -6.0887 8.4018 -75.4702
v  -3.3954 10.0395 -76.2790
v  -0.8917 9.1558 -78.2289
v  0.5229 6.5216 -77.7080
v  -2.3072 1.7720 -74.4662
v  -4.1534 2.0105 -72.3167
v  -2.4663 0.6330 -70.2503
v  -0.6201 0.3945 -72.3999
v  2.4613 4.1187 -76.4993
v  4.1484 2.7413 -74.4330
v  -16.5181 13.4784 -4.0254
v  -16.7038 17.0200 3.3867
v  -15.5494 19.2044 -5.2600
v  -15.7009 11.6867 5.4711
v  -14.4318 8.5459 -2.8700
v  -9.1955 5.2430 -3.1582
v  -10.2933 6.7121 6.4438
v  -5.4600 3.8971 -3.5964
v  -6.0983 3.9806 6.0430
v  -13.8281 22.7624 0.5577
v  -9.4481 26.0398 0.1662
v  -12.0942 23.4597 -5.6164
v  -15.6284 17.5898 2.3969
v  -15.0023 10.3721 3.6779
v  -9.7562 7.9452 5.1549
v  -5.5540 5.2312 4.7325
v  -14.6581 14.4763 6.1826
v  -8.8934 9.3500 6.7031
v  -4.4770 6.6678 5.9775
v  -2.9730 8.9283 6.9739
v  -4.1053 9.6160 7.1599
v  4.6294 -0.6601 2.1308
v  5.1104 0.4512 0.9505
v  -1.2741 2.7938 3.7613
v  -1.8112 1.5607 5.0502
v  -0.0606 3.9857 5.2519
v  -1.8406 8.2406 6.7878
v  1.0450 14.1295 8.3689
v  0.1423 14.6778 8.5172
v  34.9574 16.7853 23.2611
v  22.2845 17.6136 15.7885
v  18.0698 12.9024 18.5595
v  34.7913 13.5596 29.4292
v  37.4933 16.1020 26.1487
v  31.2557 14.8326 25.7906
v  14.8417 6.8072 16.6919
v  6.7730 1.4609 2.6615
v  9.0111 2.6259 -1.6513
v  9.2137 1.2799 -0.8715
v  31.8519 13.6446 30.2546
v  32.6113 9.2679 30.9877
v  28.3381 10.1842 26.9469
v  23.1049 12.8277 38.8361
v  28.4991 9.5359 28.2269
v  34.6771 5.6777 27.7583
v  31.0611 5.5848 24.1341
v  17.3890 4.6097 10.0370
v  20.6761 6.3404 5.5105
v  19.9167 8.8550 37.3467
v  6.4729 8.5922 55.1259
v  9.0890 13.2587 57.1597
v  8.9485 4.8614 57.1195
v  24.2197 5.0988 37.4241
v  27.5179 4.0792 39.8343
v  37.1237 3.9689 31.3282
v  32.7256 5.2918 29.0753
v  7.1064 5.0034 59.3101
v  4.7336 9.0903 57.9964
v  8.1732 12.4139 59.6702
v  12.1426 1.7960 61.9704
v  18.6184 7.6977 62.3237
v  18.6067 7.5505 65.3266
v  16.2841 4.6658 63.8652
v  16.2690 6.7500 62.5037
v  14.5147 4.8789 61.7782
v  11.6495 4.6939 59.9714
v  8.8681 6.4447 58.2647
v  8.3523 9.0006 57.8332
v  9.4449 10.5493 58.3884
v  13.1254 10.8898 60.5098
v  12.0391 12.3899 61.5260
v  13.1407 12.4472 59.0134
v  26.5097 14.5269 42.3496
v  36.9580 15.8600 32.1194
v  25.6931 15.5968 4.8866
v  10.3044 17.3372 -1.5793
v  6.4868 20.0889 3.4474
v  25.7560 18.8016 10.1476
v  3.6330 18.5949 6.9869
v  3.1358 18.8729 7.3958
v  4.2851 21.6912 3.9734
v  3.9965 22.2608 -0.0869
v  13.1639 12.3072 -3.5490
v  12.3000 6.8945 -3.7351
v  24.1578 10.9421 3.6111
v  40.5163 10.4165 16.9461
v  38.6436 14.5448 19.7163
v  41.9566 13.6657 25.0042
v  41.4122 6.2921 24.1192
v  37.6624 4.4058 24.7682
v  34.5630 4.6204 21.2431
v  37.7674 6.4118 18.7905
v  44.0087 9.8135 23.3975
v  42.4276 13.0579 30.3366
v  41.7246 5.9859 29.7227
v  44.1078 9.1580 30.0804
v  30.6317 5.5435 42.6354
v  32.4992 8.8055 44.5821
v  17.1371 4.5852 61.3233
v  13.3827 1.2397 59.4558
v  29.8352 12.3817 44.1546
v  17.8002 10.6918 61.8022
v  16.9809 10.5017 64.5617
v  15.5721 9.1359 62.0839
v  3.6037 17.7403 43.6755
v  3.2275 18.9392 38.4759
v  -0.5888 16.8902 39.3176
v  -1.9287 17.0301 43.5991
v  2.0897 19.7075 33.9822
v  -2.1789 17.9813 34.5742
v  7.3798 17.7967 36.8794
v  7.3889 16.2060 42.5045
v  -3.2094 12.4484 40.6465
v  -6.9877 13.1490 44.0294
v  -4.5734 17.2734 48.2853
v  0.9718 17.5690 49.3977
v  4.2653 15.2853 50.1950
v  10.4325 13.0881 42.1447
v  10.9854 14.8492 35.7332
v  -7.5279 16.6461 56.7007
v  -9.7846 13.3831 49.2600
v  -6.0594 8.6202 48.2479
v  -3.1005 8.6363 43.2933
v  -0.2204 8.8535 38.8636
v  -5.2552 12.7834 34.5732
v  -12.7323 12.9069 56.1462
v  -9.1872 7.7714 57.3488
v  3.1022 7.4588 32.9058
v  3.9662 7.3173 36.7097
v  1.9907 6.0392 41.9548
v  -1.2121 5.7989 49.6050
v  -4.8541 4.7521 58.2774
v  -6.2082 5.0949 61.7902
v  -1.4551 8.5675 17.8551
v  -7.5743 9.0176 19.6529
v  -1.5571 8.6359 33.8111
v  -12.4389 13.5063 19.7020
v  6.2536 18.6642 32.9501
v  -5.4442 22.0640 15.8909
v  -9.8875 19.6562 17.8617
v  -0.1492 20.9870 14.3180
v  8.6577 10.4864 36.1304
v  7.6620 10.5922 32.1557
v  3.1498 12.0707 15.5356
v  10.0273 15.3256 31.6818
v  2.9034 17.4750 13.7185
v  -3.3697 25.6417 0.6674
v  1.8141 22.9268 4.2151
v  -6.7032 24.9870 -5.5665
v  0.4692 23.5782 -6.5770
v  2.5824 19.2329 7.1595
v  -3.5290 19.2256 -62.5916
v  -5.0290 19.5633 -62.8952
v  -4.7796 19.7154 -62.4575
v  -5.9440 19.5640 -63.0413
v  -5.8317 20.1419 -62.3150
v  -3.9532 19.4842 -61.3954
v  -1.2525 18.0658 -62.6761
v  -0.8250 17.5848 -61.4773
v  1.1009 16.3040 -62.7470
v  0.4716 16.1527 -64.4888
v  -1.8503 17.8319 -64.3091
v  -3.3462 18.5909 -64.2951
v  -5.0986 19.0810 -64.5594
v  -6.4799 19.2415 -64.5760
v  -6.9391 19.2468 -62.7752
v  -2.2508 17.7572 -65.4490
v  -4.3644 18.5459 -65.4931
v  -5.7182 18.7225 -66.0324
v  -6.5559 18.3782 -66.4555
v  -7.1940 18.3107 -66.4054
v  -7.3474 18.2959 -66.6383
v  -7.5520 18.0955 -66.2991
v  -7.5768 18.1580 -66.5702
v  -7.8686 18.2413 -66.8066
v  -7.6390 18.2591 -67.1354
v  -7.0345 18.1481 -67.4322
v  -7.7231 17.9336 -66.6368
v  -7.8980 17.6288 -67.1760
v  -7.4975 17.6621 -67.8683
v  -5.9638 18.3080 -67.5521
v  -6.0730 18.6484 -67.0690
v  -5.7038 17.9177 -67.5287
v  -5.6104 18.1492 -66.9698
v  -4.5879 18.3448 -66.8272
v  -5.9329 18.3844 -66.6343
v  -6.3138 18.5327 -66.8198
v  -6.6609 17.8277 -68.2293
v  -7.4686 17.3427 -68.4178
v  -5.2660 17.2525 -68.6155
v  -3.9262 18.0395 -68.4630
v  -3.0457 18.2320 -67.1023
v  -2.2004 17.7802 -68.6599
v  -1.6660 17.6296 -67.4478
v  -0.8073 16.7764 -68.9395
v  1.1140 15.3303 -67.6850
v  1.2567 14.3650 -69.8665
v  -0.3301 16.4771 -65.8484
v  5.1575 9.3909 -67.7726
v  4.9269 9.6909 -64.4026
v  4.6288 9.1627 -70.9784
v  2.8761 11.5933 -71.9597
v  1.0585 13.7266 -72.2062
v  -0.7432 15.8231 -70.3134
v  -2.0254 16.6625 -70.1733
v  -0.8080 15.4513 -71.4616
v  -1.7317 14.7379 -74.0562
v  -3.6457 14.7167 -74.6820
v  -4.1237 15.7061 -73.3806
v  -2.6145 16.3387 -72.3601
v  -2.0456 16.4661 -71.1715
v  -4.3777 16.5106 -72.6592
v  -2.9422 16.6904 -71.7996
v  -3.0514 17.0508 -70.3420
v  -3.1967 17.3362 -69.6470
v  -3.8443 16.6224 -69.6462
v  -3.9761 17.3561 -69.2644
v  -4.8215 16.7183 -69.1864
v  -5.9732 16.1738 -71.9329
v  -5.9488 15.3326 -72.9611
v  -7.3907 15.6688 -71.5476
v  -4.5619 16.7997 -71.9576
v  -3.5849 16.8355 -71.0710
v  -3.8085 16.2690 -70.2486
v  -4.6065 16.1528 -69.4449
v  -4.6301 15.7745 -70.0343
v  -5.3137 16.0091 -69.4748
v  -4.3693 16.6105 -71.1604
v  -5.0596 16.1811 -70.7597
v  -5.3410 15.7670 -69.9969
v  -5.9178 15.8128 -70.1313
v  -5.8208 16.4303 -71.4149
v  -6.7249 16.1899 -71.0533
v  -7.3929 15.9446 -70.9961
v  -7.8736 15.4993 -70.7125
v  -7.4909 15.8568 -70.2387
v  -7.4897 14.8677 -69.6649
v  -7.9242 16.0704 -68.4996
v  -7.6132 14.6265 -68.7925
v  -8.2704 14.6446 -68.1631
v  -7.9887 14.1192 -68.4414
v  -8.7501 13.6727 -68.1906
v  -7.6157 14.3993 -69.3220
v  -9.1524 14.2437 -67.7285
v  -9.6914 13.0583 -68.3718
v  -9.5884 13.4930 -67.7504
v  -9.4102 14.7421 -66.8358
v  -8.3110 15.4216 -67.7120
v  -7.7536 16.5565 -69.4832
v  -8.1004 16.9622 -67.8021
v  -8.2517 16.3858 -66.7727
v  -8.7425 15.8467 -65.5945
v  -9.3472 14.4431 -65.2325
v  -8.4480 16.0904 -64.2814
v  -8.5783 13.9527 -63.5715
v  -8.3816 15.5633 -62.8010
v  -8.3257 13.9384 -62.3877
v  -8.6322 17.2293 -67.2119
v  -8.3013 17.1694 -65.2659
v  -8.2504 16.5619 -66.1865
v  -8.6357 17.4449 -66.7311
v  -7.1443 16.9229 -69.6640
v  -7.5248 16.8267 -69.6531
v  -7.2847 16.0791 -70.3588
v  -6.9728 16.1683 -70.3925
v  -6.2735 17.0629 -68.9894
v  -9.5366 16.4993 61.8741
v  -11.1994 14.3009 65.4791
v  -5.7217 15.7514 67.4420
v  -4.9195 16.3970 63.5987
v  -2.1269 15.2720 65.1363
v  -1.8948 13.1532 66.7779
v  -3.1889 16.6526 58.2811
v  -1.4231 14.6710 59.8609
v  1.7906 9.9378 64.2802
v  2.3710 9.6032 66.4389
v  -2.4505 12.0490 69.0710
v  -5.3884 14.6028 70.0447
v  -11.0883 13.2387 69.2598
v  1.2168 9.4294 68.7284
v  3.0871 10.0254 60.7938
v  6.6119 11.2404 50.3408
v  -6.8419 12.7873 67.2291
v  -4.5649 11.8525 66.9447
v  -3.6786 9.9354 66.7926
v  -2.8234 7.4507 68.1906
v  -2.2878 7.1554 65.0886
v  -3.1426 6.5700 62.5514
v  -7.5026 5.1984 65.9752
v  -4.3267 8.3974 66.2958
v  -7.8379 5.7576 67.8637
v  -6.3018 7.4673 65.8706
v  -1.1800 7.4309 59.4730
v  3.3034 8.0230 50.4495
v  8.2903 9.2246 41.5154
v  -14.4087 11.9840 62.0025
v  -11.0412 8.6824 61.2513
v  -16.2797 11.1138 66.2778
v  -12.6316 7.5309 65.2043
v  -10.6416 7.1903 67.3645
v  -15.8981 10.6923 68.7640
v  -8.3483 7.7540 65.7036
v  -9.5930 9.7798 66.1756
v  -8.7014 12.1715 66.5888
v  -2.8334 26.9892 -0.7891
v  -9.5323 26.7035 -1.4572
v  -14.8966 23.5136 -2.0514
v  -18.0204 18.1125 -1.1377
v  -17.5915 10.1926 -0.2490
v  -13.5988 6.1610 -0.7065
v  -5.6510 2.6729 -1.8220
v  13.7500 5.7060 79.3259
v  14.0261 5.7295 77.8332
v  13.3183 8.2690 78.5674
v  11.9618 7.8764 79.2337
v  9.7658 9.7498 75.1801
v  12.1901 5.7218 79.7868
v  10.2702 9.8976 65.4996
v  6.8124 10.5727 63.2082
v  8.1567 10.2040 66.1938
v  5.7693 10.1433 66.5924
v  9.0708 10.7465 70.4553
v  7.5793 10.4385 71.2662
v  11.0342 9.9747 74.4244
v  13.6654 7.6560 77.2607
v  12.1336 6.1010 73.8294
v  10.5461 10.0606 69.6950
v  12.1200 9.2380 73.9616
v  11.8830 8.9835 68.8725
v  12.1462 6.1757 68.5806
v  3.2363 4.7393 58.5739
v  7.8945 3.2996 61.4957
v  6.1719 3.5604 62.5337
v  5.6581 4.3850 57.3330
v  5.1440 7.6424 56.1956
v  5.9531 10.2919 57.4638
v  8.5062 10.8473 62.0826
v  9.8402 3.7354 65.1446
v  11.5293 3.8020 68.5921
v  10.0182 2.0884 69.4808
v  11.7365 2.7756 73.8607
v  12.7748 3.0095 77.9488
v  13.1860 3.5990 76.6758
v  10.6397 1.9950 74.2549
v  8.5897 1.5774 70.2107
v  7.7418 3.2296 65.9203
v  11.4637 3.3905 78.6441
v  9.3239 2.2546 74.8934
v  7.1159 1.6085 71.0305
v  5.3805 3.4877 66.3440
v  4.7444 3.8092 63.5109
v  0.9572 5.0717 59.7828
v  0.6892 7.8019 59.1200
v  2.9029 7.7625 57.7725
v  3.6379 10.2409 58.9225
v  5.2542 10.4899 63.9739
v  3.8755 10.4110 64.6437
v  1.3899 10.2706 60.2075
v  0.4907 11.6449 -74.8946
v  -2.8228 13.1392 -75.6758
v  -0.8951 13.5542 -74.5974
v  1.9446 9.8602 -74.3802
v  0.7855 8.3401 -75.5618
v  -1.0951 10.6816 -76.0011
v  -3.3294 9.8073 -76.3403
v  -4.9821 12.1359 -75.7530
v  -5.6903 14.0979 -74.6392
v  -9.6898 12.0541 -67.8991
v  -9.9279 11.7267 -68.8327
v  -10.0307 12.4283 -69.6963
v  -10.0928 11.8422 -70.1411
v  -9.6883 13.3175 -71.0834
v  -9.4126 12.5260 -71.8112
v  -8.2380 13.9561 -72.2819
v  -7.9989 12.7098 -73.9542
v  -6.0324 8.1821 -75.5383
v  -7.4672 6.8502 -74.1103
v  -8.7167 9.5953 -73.9269
v  -7.0961 10.8648 -75.1257
v  -9.3061 11.3132 -73.0024
v  -9.7943 9.8901 -71.6639
v  -9.6747 10.1200 -68.8306
v  -9.5377 10.5352 -67.7039
v  -9.3516 8.4696 -72.0882
v  -8.4156 6.2899 -72.2519
v  -9.2575 7.5239 -69.1453
v  -8.9045 8.2554 -66.8514
v  -9.7417 11.4044 -66.2885
v  -8.7580 9.3945 -64.7557
v  -8.1123 6.9671 -65.0089
v  -7.4626 8.7266 -62.3241
v  -8.0971 6.4560 -65.8091
v  -9.9310 13.1320 -66.3661
v  -9.5128 12.9116 -65.1195
v  -8.4092 11.6194 -63.4512
v  -7.8879 11.1264 -62.0084
v  -7.5392 11.1089 -60.1833
v  -7.2522 8.5157 -61.8750
v  -8.0782 13.9617 -60.6508
v  -6.7442 9.1399 -60.1161
v  -5.8552 9.3913 -59.9047
v  -6.9645 10.7626 -59.1700
v  -2.4025 8.1604 -57.3865
v  -0.5988 7.5803 -57.3963
v  -2.3200 10.2563 -56.8516
v  -4.1805 9.9369 -57.6307
v  -3.7141 14.0610 -56.2781
v  -4.7815 12.0202 -57.7793
v  -6.0486 11.2208 -58.9128
v  -7.3507 13.6611 -59.5410
v  -6.0654 13.1736 -58.9183
v  -4.6844 13.9358 -57.8220
v  -2.9086 17.3088 -55.3388
v  -8.1414 16.4523 -61.2230
v  -7.7050 17.2283 -60.2821
v  -6.0540 15.5996 -59.3329
v  -5.3525 14.6867 -58.6830
v  -1.4154 17.8609 -56.0156
v  -6.7816 19.8539 -61.0141
v  -7.5341 19.0715 -60.8097
v  -6.0285 18.9778 -60.2510
v  -7.0027 18.1215 -60.1464
v  -4.5484 16.8750 -59.5239
v  0.1368 18.3664 -55.5412
v  -3.9058 16.1290 -58.8701
v  -2.8404 17.5319 -60.2864
v  -4.9053 19.3826 -60.7687
v  -5.7632 20.1364 -61.3352
v  -7.0751 19.8495 -62.0119
v  -7.6891 18.5148 -62.5234
v  -7.9762 17.7913 -62.0207
v  -8.0178 17.7684 -61.4967
v  -7.9138 18.8900 -61.6972
v  -8.2309 17.1976 -63.6300
v  -7.8464 18.4199 -64.1705
v  -7.2343 18.9430 -64.3856
v  -7.8707 17.5876 -66.0654
v  -8.1857 17.0299 -65.9659
v  -8.2400 17.3745 -66.2482
v  -7.9490 17.5739 -66.3172
v  3.3800 4.0330 64.1859
v  4.1933 10.7174 -55.7139
v  3.8057 13.4458 -58.1827
v  5.3061 13.6870 -54.5019
v  2.6590 15.2894 -58.2936
v  4.3960 17.0060 -53.9005
v  1.1807 16.5128 -58.2274
v  2.0004 14.1147 -62.2356
v  0.9622 15.4362 -60.9930
v  -0.6537 16.4275 -60.5240
v  -2.0833 16.6524 -59.6530
v  1.8366 18.0911 -55.4476
v  0.7103 19.6487 -50.0397
v  1.5848 15.9030 -61.7068
v  2.4600 14.6741 -62.8472
v  3.1690 9.2357 -57.6567
v  3.9502 10.9517 -57.8256
v  2.6972 12.4038 -61.3297
v  3.3300 12.0300 -63.8933
v  4.7664 7.8184 -63.0180
v  3.6345 9.5061 -61.6743
v  2.7423 7.9544 -60.6482
v  3.2799 10.3368 -60.4150
v  2.5895 8.7932 -59.6428
v  3.6721 10.8396 -62.8623
v  1.3133 1.9478 -64.1844
v  3.7014 3.3837 -64.8930
v  3.1895 5.7074 -61.9093
v  0.8014 4.2715 -61.2007
v  1.3809 6.7550 -60.0486
v  1.2711 7.4457 -59.0189
v  1.5238 7.8537 -57.6066
v  1.0816 8.9920 -56.3930
v  5.6793 7.4812 -66.9031
v  5.1521 5.3214 -65.8090
v  4.9731 4.0157 -69.0580
v  3.6458 7.6247 -73.1773
v  4.6043 6.2789 -71.9046
v  5.5823 6.7792 -69.7103
v  2.5517 5.8624 -74.2454
v  3.8989 4.3287 -72.0439
v  3.4997 1.9540 -68.4698
v  1.1116 0.5181 -67.7612
v  2.5327 2.2742 -71.8489
v  -0.1702 0.6490 -71.0469
v  7.0888 20.5114 -7.6833
v  10.3575 16.1741 -9.0622
v  10.6743 10.6947 -9.2848
v  -1.6843 2.8056 -4.3110
v  4.3339 2.4563 -5.7501
v  8.4655 5.3711 -7.8599
v  -2.5825 26.4442 -0.8007
v  -12.0481 25.8223 -26.5687
v  -12.4996 26.8788 -25.4833
v  -9.7070 27.6775 -25.1928
v  -9.4085 27.1581 -25.8731
v  -8.5635 27.3087 -25.5514
v  -8.8561 27.7656 -24.8364
v  -11.2703 27.3277 -24.5646
v  -9.3504 27.3867 -24.2642
v  -7.4135 27.5899 -23.8270
v  -8.7421 26.5398 -25.6306
v  -6.9796 27.4133 -24.9942
v  -11.2320 24.8589 -25.8936
v  -17.2858 22.3952 -27.4801
v  -18.3537 23.3449 -27.2538
v  -13.5149 27.7889 -24.2823
v  -11.8448 29.5538 -22.5468
v  -19.1960 23.6503 -25.8905
v  -6.8746 26.7461 -25.0262
v  -5.6296 27.6207 -24.4711
v  -5.9067 27.9433 -24.0063
v  -7.2439 27.8600 -24.3967
v  -5.7561 27.0710 -24.6830
v  -5.5482 27.3339 -24.2109
v  -5.8182 27.6169 -23.7545
v  -6.2070 27.7783 -23.5816
v  -8.9889 26.6284 -24.1637
v  -11.0579 26.1404 -24.3361
v  -8.7257 26.0825 -25.0457
v  -7.0870 26.9121 -23.7966
v  -6.8136 26.4359 -24.5120
v  -6.0502 27.2860 -23.6865
v  -5.7721 26.9393 -24.1898
v  -14.6979 23.2339 -23.5081
v  -12.5573 26.9586 -22.3438
v  -13.7399 25.9288 -20.4907
v  -12.4719 28.4339 -19.9318
v  -12.9776 27.8349 -19.0318
v  -10.2955 29.6269 -16.8247
v  -11.9035 28.6059 -20.9506
v  -5.7798 29.2226 -14.7379
v  -5.2357 28.9224 -15.0533
v  -5.1574 29.5296 -14.5819
v  -5.8091 28.8642 -15.3901
v  -7.5307 29.4596 -15.8023
v  -7.8556 29.9915 -15.1561
v  -10.7702 30.0125 -16.3021
v  -13.5515 28.3033 -18.4555
v  -13.0981 27.2287 -18.5390
v  -12.6042 29.3931 -20.2914
v  -10.0488 30.1389 -17.5111
v  -7.3209 29.8750 -16.4384
v  -5.5849 29.2999 -15.9912
v  -4.9789 29.3244 -15.6407
v  -4.9235 29.9120 -15.1856
v  -10.2004 30.9883 -17.5869
v  -7.3774 30.6323 -16.3800
v  -5.2644 29.8652 -15.8158
v  2.7910 0.8424 -3.2220
v  8.3145 1.7860 -4.2250
v  12.9571 8.0602 -5.8920
v  13.4033 14.3301 -6.3948
v  11.2591 19.9566 -4.6483
v  6.4356 23.9814 -2.2116
v  5.9254 23.6833 -2.1065
v  34.5676 6.8307 -6.3868
v  35.8092 7.6251 -6.8177
v  38.0377 7.3875 -0.6162
v  36.8387 6.4911 -1.0235
v  37.5720 6.1648 2.5672
v  39.2253 5.9986 5.2876
v  38.1668 6.5778 5.7686
v  32.8914 7.1910 -5.7018
v  39.0545 7.4816 8.4654
v  39.0351 6.7234 7.9927
v  39.8604 5.2748 10.3273
v  38.3890 6.8431 8.3394
v  36.4549 6.7011 6.5640
v  35.3643 5.6484 2.6927
v  34.8015 5.9883 -1.0147
v  31.5840 8.6760 -5.4347
v  34.1085 6.1957 6.9276
v  31.4283 10.0649 -5.2743
v  33.4222 6.1517 -0.7512
v  31.7254 3.6046 4.4031
v  32.4181 4.3425 6.1565
v  31.7280 5.1894 6.7165
v  33.1526 6.4531 8.9404
v  32.5620 7.1217 8.9362
v  32.8837 6.8025 12.9288
v  31.4823 3.6995 7.9411
v  31.2639 2.3679 7.0023
v  30.5587 2.6002 6.9962
v  31.8286 2.9726 7.6811
v  31.2826 2.2915 9.3417
v  31.5406 1.6342 9.0805
v  31.1066 1.4484 10.2416
v  31.2056 1.0253 9.9430
v  30.9377 1.0260 10.2531
v  30.8681 0.5565 9.6009
v  31.0832 1.0759 8.5397
v  30.6128 0.6049 9.9733
v  30.3831 0.5798 9.4423
v  30.5170 1.2640 8.4481
v  37.2862 4.1436 14.6739
v  37.6716 4.7702 15.1884
v  37.8699 2.6801 16.0053
v  37.4868 2.4402 15.4133
v  36.7182 2.4644 15.5136
v  36.8558 2.0187 16.0362
v  37.6052 2.0395 15.9339
v  37.7073 2.3704 16.6246
v  36.9587 2.3553 16.6931
v  36.5275 2.5510 16.1533
v  36.5007 4.1645 14.7348
v  37.0209 6.3878 12.7738
v  36.1389 6.4314 12.8928
v  37.4056 7.0396 13.0465
v  37.0467 8.1061 9.3010
v  36.6300 7.3214 8.9986
v  35.4618 7.1892 9.2043
v  34.7455 7.8271 9.5874
v  35.7198 7.0442 13.3390
v  36.2149 4.6579 15.2398
v  34.3740 6.7468 9.0974
v  34.3509 6.5479 12.5887
v  34.5760 7.0355 12.7977
v  34.7603 6.0293 15.2352
v  34.4854 5.7050 14.9564
v  33.4495 6.3461 12.6301
v  37.3594 7.1049 8.7843
v  33.6534 5.4523 14.9286
v  34.7388 4.2822 16.3983
v  33.2709 5.7150 15.1389
v  33.9223 4.0884 16.3367
v  34.0126 4.0726 17.2100
v  34.8221 4.3254 17.2126
v  35.0591 4.7134 16.8312
v  33.5923 4.3527 16.8315
v  -18.7631 22.1617 -22.3912
v  -17.8631 21.1744 -22.8949
v  -15.2939 23.2085 -18.1365
v  -15.8443 23.8503 -18.0766
v  -14.3516 24.4747 -16.7649
v  -15.9555 25.0550 -18.6530
v  -19.2683 23.1069 -23.6746
v  -15.7210 26.7981 -20.4248
v  -14.7036 27.8027 -22.8054
v  -12.6102 30.0423 -22.2411
v  -11.9650 28.6293 -15.1814
v  -13.9919 26.4541 -17.2284
v  -11.4131 27.8809 -15.1617
v  -14.7231 27.1100 -17.5694
v  -14.7233 26.1807 -16.9814
v  -14.8455 25.2337 -16.5674
v  -12.3662 26.1991 -14.6208
v  -11.8051 25.3880 -14.7431
v  -11.4916 26.2083 -14.3183
v  -9.7461 26.3954 -15.0184
v  -11.3307 26.8302 -14.7470
v  -9.6579 26.5199 -14.4783
v  -11.6338 26.7823 -15.4426
v  -12.1971 26.8565 -15.1047
v  -9.8686 25.8950 -14.0482
v  -7.8895 25.5333 -13.7501
v  -7.7181 26.1341 -14.1526
v  -9.9152 25.2323 -14.3623
v  -8.2429 25.0518 -14.0098
v  -7.6967 25.1980 -14.0938
v  -7.5734 25.7187 -14.4864
v  -8.0605 26.0196 -14.7221
v  -8.1526 24.9513 -14.5417
v  -7.9926 25.5444 -14.8940
v  -9.7238 25.1925 -14.8929
v  -11.5406 25.3408 -15.3814
v  -13.6445 24.6686 -17.1765
v  -13.3799 26.3037 -17.9133
v  -14.4901 24.5361 -19.4534
v  -13.6289 25.7043 -17.5519
v  -11.4114 26.0336 -15.7619
v  -9.6399 25.7821 -15.2556
v  -8.5366 27.2152 -15.0935
v  -6.8509 26.4040 -14.7936
v  -6.7881 26.6208 -14.1677
v  -8.7261 27.4020 -14.4482
v  -11.0873 27.5999 -15.8296
v  -10.8288 28.0889 -16.4704
v  -8.2979 27.6798 -15.5220
v  -6.5645 26.8012 -15.3649
v  -11.0135 28.8409 -16.3968
v  -8.2076 28.2615 -15.4677
v  -6.3769 27.3712 -15.2685
v  -5.8876 26.9516 -14.8828
v  -6.1843 26.5775 -14.3575
v  34.5558 10.9486 -6.4089
v  32.9248 11.1551 -5.7697
v  33.1523 7.5171 -0.3557
v  30.9073 4.7707 4.2590
v  31.4561 5.8427 5.2826
v  30.6451 4.0804 7.4638
v  30.2313 3.4795 6.9259
v  30.2272 2.9124 7.6459
v  30.2624 1.7416 8.8535
v  30.6979 3.4748 8.1633
v  30.6306 2.2654 9.3185
v  30.5944 1.2675 10.2933
v  30.2787 0.8168 9.9864
v  38.1643 5.9480 11.6448
v  38.9999 5.9236 11.5111
v  39.1744 3.7014 13.0033
v  38.5359 3.7449 13.2199
v  38.6470 1.8454 13.6449
v  39.3878 1.8915 13.5215
v  37.9257 6.5428 12.0853
v  38.2914 4.0168 13.6845
v  38.4197 2.0353 14.1756
v  38.8210 1.4270 14.3575
v  39.5146 1.4911 14.2202
v  39.8055 2.0194 14.0234
v  39.6848 4.0169 13.3598
v  39.5198 6.4061 11.8690
v  39.8420 5.9185 10.8724
v  39.9155 4.2041 11.8463
v  39.9702 3.7401 11.3716
v  39.9250 2.6486 12.6531
v  39.9810 2.3018 12.2837
v  40.1443 2.0991 12.8355
v  40.5944 2.1131 11.9843
v  40.7495 1.9265 12.6249
v  41.0236 2.2888 12.2778
v  40.5721 3.4929 11.1208
v  40.5363 5.0053 9.9925
v  39.8368 6.1613 7.4875
v  40.1001 6.5590 5.1323
v  41.0531 3.7146 11.3189
v  41.1237 5.2991 10.2120
v  40.4516 6.6526 7.1915
v  39.9910 7.3833 5.2962
v  38.0239 8.6889 -0.0289
v  38.9714 8.1300 5.7422
v  36.4300 9.1631 0.1455
v  39.5717 7.9323 8.0183
v  40.3917 7.5113 7.5350
v  40.9923 6.2364 10.5152
v  41.0297 5.5611 11.1469
v  41.0034 4.0905 11.9483
v  40.9353 2.3067 12.9228
v  40.2348 6.4443 10.7944
v  40.3376 5.7595 11.4266
v  40.2965 4.2504 12.2559
v  40.2728 2.4864 13.2076
v  39.5542 1.8478 14.6907
v  39.4584 4.4742 14.0010
v  39.4237 6.6513 12.8209
v  39.2940 7.2876 12.0619
v  38.6419 8.4270 8.3344
v  36.5994 8.8135 6.1151
v  37.6597 8.7239 8.8413
v  38.2778 7.3993 12.2743
v  38.3960 6.7965 12.9366
v  38.6701 4.4339 14.2008
v  38.8933 1.7946 14.8088
v  37.0113 8.0440 12.9061
v  36.6814 8.9134 9.1102
v  35.2476 8.8128 9.3628
v  35.9330 8.0422 13.0794
v  36.1303 7.5532 13.9488
v  36.5931 5.0087 15.8628
v  34.1536 7.7741 13.6620
v  34.0620 8.0396 12.7862
v  34.1106 8.5664 9.3046
v  33.8560 8.3831 6.1007
v  32.7861 8.0503 9.0095
v  33.1302 7.8170 12.8068
v  33.2472 7.5249 13.6555
v  34.3544 6.5386 15.6837
v  33.5394 6.2801 15.6142
v  34.7459 4.7546 17.5738
v  33.9986 4.5391 17.5670
v  34.1969 8.7324 -0.0506
v  32.3103 7.2936 5.9659
v  35.9642 9.4287 -6.7313
v  3.6269 6.7958 92.8893
v  3.6940 4.0175 92.5266
v  3.5825 7.0405 92.2001
v  0.3411 7.4765 88.5794
v  3.2763 7.0715 91.4476
v  3.0987 4.5341 90.8872
v  3.3942 4.0401 91.6085
v  0.0038 2.9023 89.3234
v  -0.5641 3.0448 90.6940
v  -5.4940 3.6027 88.7026
v  -4.5469 3.4370 86.7092
v  -0.0039 4.9643 88.5943
v  -5.5861 5.1922 84.7594
v  -4.0180 7.7758 84.3550
v  -9.1567 5.1287 86.6599
v  -7.6858 6.4695 79.3124
v  -9.0360 5.0619 83.4864
v  -12.1988 4.9058 86.6752
v  -7.1138 8.0863 79.5159
v  -9.2334 5.7486 76.9712
v  -12.2505 6.6298 78.1291
v  -12.4279 9.5065 78.3213
v  -12.8452 7.8277 77.9040
v  -14.8390 7.7327 80.3718
v  -13.7552 5.7457 80.7389
v  -13.8168 9.8729 81.2818
v  -15.1272 10.5493 83.3465
v  -11.2402 10.8961 81.5170
v  -12.4163 11.4969 84.3667
v  -9.6387 11.2023 84.9042
v  -12.8276 10.4457 87.1207
v  -9.4211 10.4904 87.9022
v  -16.8923 7.2398 82.4792
v  -14.7309 4.8222 82.6338
v  -11.5392 4.3082 83.5833
v  -15.2770 5.4061 85.3437
v  -16.1566 7.1216 85.2400
v  -15.9872 9.3046 85.5948
v  -10.9012 5.0696 81.2112
v  -9.7938 4.8657 78.8957
v  -6.3006 9.9911 84.9706
v  -5.6415 11.0330 87.9643
v  -0.8445 10.0725 89.4038
v  -0.8769 11.1522 90.3289
v  1.6984 9.3924 91.0747
v  1.8092 9.7228 91.9694
v  -6.3293 10.5583 89.5827
v  -1.4094 10.4963 91.6016
v  2.0200 9.5853 92.7073
v  -8.0264 9.7817 79.6587
v  -10.5023 11.8089 79.0474
v  -9.5340 10.9393 77.0422
v  -21.1414 13.5305 -30.7070
v  -17.2095 17.5230 -28.6110
v  -17.7169 15.8641 -25.3618
v  -13.6097 20.1936 -22.3792
v  -12.5801 21.2758 -26.0794
v  -17.1185 21.5750 -26.3409
v  -17.3657 20.9627 -24.3492
v  -15.9145 21.4776 -19.9020
v  -17.8523 24.0602 -19.8910
v  -27.8835 6.0720 -32.5066
v  -25.0102 8.8608 -33.4193
v  -25.5689 7.1598 -29.9679
v  -21.6085 11.8019 -27.3878
v  -20.1468 16.1219 -22.4157
v  -23.0765 18.7653 -22.2877
v  -18.4099 26.6653 -22.3313
v  -31.5217 9.9358 -27.2146
v  -24.1934 11.4559 -24.2081
v  -27.2632 14.3870 -24.5216
v  -27.9211 6.8290 -26.7396
v  -31.4539 3.7974 -28.4463
v  -34.4130 7.3729 -29.2079
v  -32.3327 12.7151 -30.3435
v  -28.4236 16.9909 -27.4714
v  -24.1397 21.3633 -25.2086
v  -23.4516 22.8130 -28.4190
v  -28.9462 4.1254 -30.4195
v  -32.9814 1.8320 -31.5422
v  -34.9239 6.0420 -32.5217
v  -34.7679 10.4117 -31.3195
v  -34.2389 9.7900 -32.5527
v  -28.6867 1.6885 -37.1145
v  -30.1705 2.2766 -30.1398
v  -25.4889 1.9822 -34.2683
v  -20.9236 0.9614 -43.6253
v  -31.8848 11.7843 -31.7476
v  -28.7276 10.6920 -38.0561
v  -30.0744 6.0248 -38.8244
v  -23.7799 4.8954 -46.7277
v  -20.9442 4.6703 -50.1105
v  -19.9294 1.6832 -47.7216
v  -18.1025 3.6330 -46.2364
v  -17.5755 8.8660 -56.8139
v  -18.9586 6.7667 -52.3132
v  -33.3182 11.9866 -33.4785
v  -30.7034 11.2433 -34.7383
v  -29.1333 11.1332 -30.5998
v  -22.7611 12.6387 -32.6634
v  -25.6484 13.0823 -35.5720
v  -17.5877 15.2379 -41.8400
v  -21.4225 14.8354 -45.9388
v  -23.8879 10.3658 -47.7866
v  -21.5318 10.6643 -51.4889
v  -17.6506 14.3362 -55.6217
v  -19.2337 15.6419 -48.9989
v  -15.1077 15.7236 -43.5846
v  -16.3329 19.9391 -46.4300
v  -15.8820 12.4219 -39.5613
v  -21.7157 9.1542 -31.4496
v  -27.8559 8.3447 -29.7592
v  -28.6954 9.1590 -34.1389
v  -28.1627 4.5980 -29.5153
v  -22.5791 15.6065 -33.0714
v  -26.3065 11.5026 -35.7834
v  -28.7472 13.5972 -36.1597
v  -31.3535 14.0918 -33.8674
v  -27.6787 18.4580 -30.8142
v  -25.0840 17.7142 -33.4514
v  -20.8507 22.1697 -30.9928
v  -18.3530 19.7851 -30.6522
v  -13.2318 23.6844 -28.1253
v  -17.7637 27.9344 -25.7231
v  -15.3411 26.7540 -28.2354
v  -8.2198 24.9441 -19.5383
v  -4.1817 24.9310 -19.6562
v  -3.8864 25.1635 -27.6873
v  -5.8373 25.5544 -11.4808
v  -1.9674 24.4507 -12.1341
v  1.6562 25.1016 -1.6330
v  1.8878 23.1373 -12.3152
v  -0.3439 24.6649 -19.1599
v  0.0687 24.9611 -27.3078
v  3.1578 23.9929 -35.6494
v  -1.3769 24.8933 -36.8475
v  5.9477 21.4873 -44.2198
v  -0.0684 22.0186 -44.8294
v  4.8604 18.1051 -49.8855
v  -0.8491 20.9747 -53.0151
v  -1.3046 21.2165 -53.0368
v  0.5718 19.6686 -49.3934
v  -3.3908 19.3662 -51.6923
v  -5.3954 20.9484 -50.2417
v  -5.6845 23.2651 -46.7670
v  -6.0547 25.4009 -37.6668
v  -7.8623 25.2320 -27.5623
v  4.1296 20.3860 -51.8469
v  0.7049 19.9696 -49.2894
v  3.6567 20.2860 -52.0284
v  4.2998 20.4016 -52.2058
v  4.7275 19.4991 -49.3595
v  4.6147 20.3869 -51.6523
v  5.3873 17.0341 -53.0286
v  5.6449 13.4772 -54.4480
v  4.3605 10.3512 -55.5915
v  3.9777 9.6866 -55.5845
v  6.2850 11.9423 -53.9907
v  5.2466 19.6346 -49.3952
v  1.0986 8.4686 -56.2797
v  0.5765 9.2899 -56.6589
v  -2.6979 10.7069 -57.0464
v  -2.4685 9.8677 -56.7843
v  -4.0617 13.8797 -56.3593
v  -2.8682 18.2959 -54.8364
v  -1.3010 21.2577 -53.4323
v  -1.7678 21.4475 -52.9460
v  -4.3312 13.4946 -56.1593
v  -4.9761 15.5218 -55.0095
v  -4.8467 18.7713 -52.8669
v  -3.3140 20.8051 -51.3290
v  -3.0928 20.6943 -51.0720
v  -14.5403 13.2325 -40.0220
v  -15.3682 18.6767 -40.6311
v  -16.0033 8.3668 -39.8942
v  -17.3026 8.0314 -38.5219
v  -22.8722 4.6267 -32.0451
v  -4.9550 8.9303 -54.9857
v  -8.5666 12.0019 -55.6746
v  -8.2912 12.0721 -56.1872
v  -4.9434 8.9007 -55.5822
v  -6.6261 13.3577 -56.5072
v  -3.8974 10.0122 -56.6210
v  -5.2414 13.5413 -57.1133
v  -3.0791 10.5188 -57.6997
v  -2.8331 10.6835 -57.4676
v  0.6260 9.0947 -57.0211
v  -4.7275 13.6248 -56.8067
v  0.5961 8.7749 -57.1077
v  4.5216 9.3571 -56.0353
v  4.2605 9.5994 -55.9143
v  -0.1865 7.3497 -54.5286
v  0.2631 8.3671 -55.8716
v  4.6455 8.7065 -54.7503
v  7.0187 11.6675 -54.4286
v  6.4717 11.9131 -54.3543
v  8.4619 9.6280 -52.7597
v  8.4824 9.4768 -52.2100
v  4.5850 7.4722 -52.8966
v  4.8104 7.4099 -53.4463
v  7.9190 11.1346 -53.3221
v  7.3432 14.8795 -52.7328
v  8.9070 14.1820 -51.3310
v  10.3115 12.5020 -51.2758
v  10.2435 12.1672 -50.8283
v  9.1023 5.2289 -53.6651
v  9.3938 2.9872 -45.9519
v  11.2628 2.9542 -43.1268
v  10.2408 3.7258 -36.4390
v  12.7695 2.6588 -51.2112
v  12.1548 8.7257 -53.0905
v  4.9747 3.2886 -46.2048
v  3.3852 1.3686 -38.2324
v  8.9518 5.3502 -28.2300
v  3.2285 2.7755 -28.5936
v  8.4884 5.1478 -19.5986
v  2.8500 2.7292 -19.8958
v  0.7964 1.2871 -11.2918
v  -6.7877 2.9188 -9.9887
v  -4.6428 2.1605 -28.6086
v  -17.9846 6.2705 -29.0946
v  -20.3661 12.9694 -20.0305
v  -20.4114 13.4383 -28.8062
v  -18.0899 6.0559 -20.4517
v  -12.4387 3.3108 -29.0964
v  -12.6220 3.2578 -20.3924
v  -4.9121 2.1622 -20.2157
v  -13.9329 6.0668 -9.0312
v  -18.3483 10.1958 -8.5203
v  -18.7492 17.4406 -8.9910
v  -15.7323 22.6871 -9.9961
v  -18.5050 19.0248 -19.9452
v  -18.4685 20.0476 -28.2311
v  -14.3758 23.7827 -28.0332
v  -12.8026 24.9316 -38.7296
v  -6.2291 25.8570 -37.6957
v  -10.7575 25.3692 -10.8679
v  -14.3383 23.2299 -19.8433
v  -8.2083 25.6567 -27.5463
v  -5.9822 23.7415 -46.8832
v  -8.5651 25.3694 -19.5398
v  -6.0267 26.0672 -11.4479
v  6.7166 2.0622 -12.3672
v  11.0632 7.7664 -13.5665
v  11.4781 13.8572 -14.1723
v  11.1991 11.8910 -19.0173
v  9.7536 18.0593 -19.0382
v  10.3176 19.0641 -27.3072
v  6.4849 23.0700 -27.3636
v  11.8382 12.3364 -27.7712
v  13.3623 17.9962 -33.7125
v  9.3079 21.5522 -33.8879
v  17.0279 16.1241 -42.3610
v  12.1904 19.3432 -41.4314
v  16.7223 7.7591 -51.9633
v  16.0267 14.3664 -35.2066
v  13.3962 10.2814 -32.9309
v  11.6341 19.2365 -42.6364
v  10.9314 17.3891 -48.2357
v  11.5580 19.6754 -42.9763
v  11.0676 17.0379 -47.7834
v  13.5023 16.1194 -46.4827
v  7.4727 21.4720 -43.9704
v  2.3800 23.4354 -12.3627
v  0.0349 25.0657 -19.1355
v  0.4410 25.3612 -27.2687
v  3.4510 24.3775 -35.5759
v  6.3892 21.8507 -44.1741
v  7.1258 19.8859 -47.6778
v  8.9812 17.5047 -49.3546
v  7.4972 17.9028 -50.2346
v  28.7133 10.7590 -7.3697
v  26.0170 8.6338 -14.2530
v  28.7627 7.0754 -7.4916
v  30.4086 7.6289 -1.8254
v  30.5190 10.9125 -1.9136
v  26.4641 11.9388 -21.4318
v  25.9930 9.8898 -17.9859
v  27.3065 13.2359 -18.7045
v  26.8886 12.3025 -14.4250
v  30.7568 13.4399 -8.1931
v  33.0391 13.6431 -2.5101
v  36.5848 13.2556 -3.5039
v  29.1957 14.3184 -15.4734
v  34.1374 13.0720 -9.6894
v  38.6394 10.1458 -3.7327
v  22.1205 13.3050 -26.2098
v  28.3955 14.4942 -23.6441
v  29.3231 14.5448 -20.2429
v  32.1997 13.3335 -16.9895
v  36.0984 10.2247 -10.6538
v  36.4972 6.1969 -10.8216
v  38.7512 6.4669 -3.7087
v  36.4805 4.2116 -3.0890
v  33.7851 3.5019 -9.8372
v  33.7093 5.7054 -18.0354
v  33.9607 9.9576 -17.8697
v  30.4782 14.6180 -25.8323
v  32.0224 13.0191 -21.5708
v  33.2211 9.4670 -22.0559
v  32.4912 5.5594 -21.4156
v  30.2473 2.7838 -16.5119
v  30.5679 4.0004 -8.4146
v  32.9610 4.5173 -2.2346
v  27.3206 5.0394 -14.9590
v  29.1372 3.3983 -19.4395
v  26.9083 4.5629 -21.6708
v  30.2066 4.8336 -24.6483
v  21.5088 5.0955 -25.6007
v  26.0566 8.2159 -20.6925
v  26.7046 6.2790 -18.2975
v  26.8156 6.7825 -32.7382
v  24.3302 4.1137 -29.4385
v  16.3490 3.5173 -35.6221
v  19.3493 4.8098 -40.1372
v  21.1860 9.3123 -42.5507
v  16.3647 3.4916 -46.6275
v  18.8888 8.4540 -48.9213
v  19.0772 14.7738 -43.4741
v  12.9139 3.3707 -38.3995
v  13.2286 5.9793 -31.4211
v  21.0326 9.3079 -24.9359
v  15.3350 10.6267 -31.1133
v  11.3718 4.3846 -34.9895
v  17.2134 14.2316 -33.6931
v  -12.9798 12.2621 -56.3589
v  -9.9355 20.2479 -52.3826
v  -9.7267 15.3639 -54.8268
v  -13.4270 18.8042 -53.1401
v  -12.8478 23.1700 -46.9142
v  -11.4244 23.4705 -46.2399
v  -11.9034 22.8339 -47.7906
v  -7.6578 23.2337 -47.1500
v  -7.1127 23.7012 -47.1643
v  -10.9669 24.0602 -46.2136
v  -9.5323 20.5168 -52.7168
v  -11.5732 23.2108 -48.0416
v  -5.7491 21.8537 -50.4971
v  -5.5916 19.9033 -53.1008
v  -7.3513 20.0009 -52.9311
v  -5.2994 16.8118 -55.5013
v  -7.4271 16.6785 -54.9079
v  -9.5039 15.6541 -55.2628
v  27.5766 11.2178 -33.7939
v  20.5203 14.6506 -40.8993
v  26.8532 15.0526 -32.4656
v  32.0772 11.7914 -27.0887
v  32.0002 7.8524 -26.6723
v  24.5550 15.6895 -29.4621
v  19.5881 15.4058 -38.0247
v  18.1654 15.3151 -40.9709
v  -19.1458 3.7503 -39.7276
v  -17.6086 3.6592 -41.9063
v  -11.6513 3.6667 -41.5251
v  -2.1978 4.0983 -47.6131
v  -4.2933 2.2455 -39.3368
v  -0.2759 7.5457 -53.9838
v  -9.2222 5.4584 -49.3136
v  -14.6391 7.0368 -50.7862
v  -11.5910 8.5884 -56.4064
v  10.7666 20.0788 -41.3806
v  7.8059 20.8703 -43.7638
v  10.5275 20.7750 -41.5068
v  8.6473 19.1034 -14.0411
v  5.6528 22.5389 -19.1284
v  -0.6028 6.8737 -58.6955
v  -3.6599 1.8657 -64.1319
v  -1.3990 0.1844 -67.1672
v  -1.2201 1.4900 -63.9182
v  -2.0025 3.7484 -61.0095
v  -0.3766 6.0790 -59.7228
v  -2.4617 6.8846 -58.7113
v  -4.3296 8.1787 -59.2447
v  -6.6545 7.9636 -61.5673
v  -5.3093 6.8355 -61.3299
v  -4.0296 6.2087 -60.5770
v  -2.4227 5.8641 -59.8770
v  -6.2938 6.8310 -62.0246
v  -6.0170 5.6019 -63.0525
v  -4.1837 4.2129 -61.6993
v  -6.9895 4.8119 -65.1003
v  -5.4020 3.0418 -64.6394
v  -6.5836 4.7999 -64.1483
v  -4.1900 0.9034 -66.8107
v  -6.3244 2.5768 -67.7284
v  -8.0770 5.0075 -68.7097
v  -6.0590 4.2247 -73.5309
v  -7.2765 4.3158 -71.6441
v  -5.5754 2.0802 -70.4412
v  -4.3019 0.9238 -69.2619
v  -2.4732 0.4973 -70.1532
v  -4.1353 1.8417 -72.2612
v  -9.1608 13.7295 -69.7387
v  -9.5710 13.7879 -70.4713
v  -9.6086 13.2136 -69.2837
v  -8.7171 13.3175 -68.7921
v  -8.3784 14.1856 -69.7750
v  -8.5643 14.7807 -70.6009
v  -8.5057 14.6511 -71.1814
v  -7.9071 13.8041 -69.0620
v  -8.1718 4.5009 -65.5156
v  -7.7238 4.5800 -65.7793
v  -7.3622 3.9824 -65.0543
v  -7.0689 7.8162 -61.3214
v  -6.9987 6.4404 -61.7828
v  -6.7258 4.9676 -62.4072
v  -7.0828 3.7538 -63.7313
v  -7.8210 3.9894 -64.8295
v  -8.4828 5.3176 -65.7019
v  -7.5771 4.1209 -63.7444
v  -7.1966 6.6878 -63.4763
v  -7.2188 5.1687 -62.6849
v  -7.5672 6.5823 -62.1707
v  -7.3910 7.5346 -61.3395
v  -8.0973 5.4620 -65.9682
v  -14.4481 28.0750 -18.1197
v  -11.6902 29.3053 -15.9283
v  -10.8776 29.3401 -15.5351
v  -11.0765 28.7037 -14.7313
v  -8.6952 28.2017 -14.2719
v  -8.3607 28.6752 -14.8436
v  -6.2295 27.0816 -14.0511
v  -5.9600 27.4343 -14.5576
v  -13.6441 29.5880 -19.8981
v  -14.2150 28.8167 -18.7986
v  -11.1977 31.3004 -17.4568
v  -11.5586 30.6883 -16.6274
v  -10.7414 30.8944 -16.1179
v  -7.7364 30.6155 -15.0396
v  -7.4197 31.0786 -15.7068
v  -10.3854 31.5034 -16.8798
v  -11.4489 28.8929 -22.0967
v  -9.5248 31.8821 -20.2354
v  -9.4565 31.1548 -19.9455
v  -7.5572 32.5418 -18.8532
v  -7.5525 32.0714 -18.6577
v  -5.7630 32.0890 -17.8137
v  -5.6293 32.7259 -17.8172
v  -5.3040 32.6206 -17.2866
v  -6.0881 31.8666 -17.0700
v  -7.9471 31.8537 -17.9135
v  -9.8643 30.8292 -19.1822
v  -10.2012 31.1499 -18.8419
v  -8.1272 32.1025 -17.5084
v  -6.2829 32.2597 -16.5377
v  -5.7066 32.3967 -16.5746
v  -15.7274 22.4334 -21.6490
v  -14.5423 23.3880 -18.8480
v  -13.1955 29.9298 -20.9173
v  -10.4697 32.2802 -20.0046
v  -10.8906 31.9667 -19.2028
v  -10.2292 32.3534 -18.6940
v  -9.8076 32.6216 -19.4904
v  -8.1972 32.8869 -17.5803
v  -7.8245 33.0654 -18.3320
v  -5.8403 32.9238 -16.4174
v  -5.4855 33.1381 -17.0755
v  -1.4939 6.9655 -75.9130
v  0.7797 3.9283 -74.4052
v  -1.9233 2.3030 -73.6031
v  -4.1969 5.3403 -75.1110
v  37.4535 5.0487 15.7288
v  37.1485 7.5473 13.7454
# 1291 vertices

vn -0.0430 0.6238 -0.7804
vn -0.4713 0.7224 -0.5060
vn -0.6917 0.5105 -0.5108
vn 0.7387 0.0712 0.6702
vn 0.6518 0.7187 -0.2421
vn 0.6016 0.6413 0.4762
vn 0.1745 0.2785 0.9445
vn 0.7477 -0.0495 0.6622
vn 0.6121 0.1913 0.7673
vn 0.5024 0.8466 0.1756
vn 0.5568 0.8123 -0.1736
vn 0.5436 0.7930 -0.2750
vn 0.6311 0.7629 -0.1404
vn 0.8614 0.2177 -0.4589
vn 0.3652 0.6577 -0.6588
vn 0.8335 -0.2239 0.5052
vn 0.7589 -0.3190 0.5677
vn -0.1072 -0.5897 -0.8005
vn -0.4081 -0.2462 -0.8791
vn 0.6138 0.2221 -0.7576
vn 0.3289 -0.8209 -0.4669
vn 0.6258 -0.5395 -0.5633
vn 0.2984 0.7345 -0.6095
vn 0.8585 -0.4989 0.1185
vn 0.7884 -0.6013 0.1299
vn 0.8084 0.5852 -0.0643
vn 0.7498 0.6616 0.0097
vn -0.1666 -0.4217 -0.8913
vn -0.3361 -0.0380 -0.9411
vn 0.1008 -0.2468 -0.9638
vn 0.0716 -0.6988 -0.7117
vn 0.3425 -0.5825 -0.7371
vn -0.0967 0.0469 -0.9942
vn -0.3244 0.4279 -0.8436
vn -0.4093 0.2935 -0.8639
vn -0.5286 -0.2385 -0.8147
vn -0.4281 -0.5244 -0.7360
vn -0.2915 -0.7516 -0.5918
vn -0.0004 -0.8874 -0.4610
vn 0.3176 -0.8262 -0.4654
vn 0.4684 -0.7380 -0.4857
vn -0.6513 -0.5746 -0.4956
vn -0.7408 -0.2948 -0.6036
vn -0.4300 -0.5377 -0.7252
vn -0.5692 -0.1477 -0.8088
vn -0.5880 0.1990 -0.7840
vn -0.4883 0.3215 -0.8113
vn -0.3445 -0.1078 -0.9326
vn -0.1749 -0.4173 -0.8918
vn -0.2524 -0.7661 -0.5911
vn -0.5044 -0.7913 -0.3454
vn -0.4074 -0.8777 -0.2525
vn -0.1588 -0.8764 -0.4546
vn 0.0094 -0.6655 -0.7463
vn 0.1200 -0.7780 -0.6166
vn -0.1222 -0.3730 0.9197
vn -0.4727 0.4372 0.7651
vn -0.1738 0.2731 0.9462
vn -0.1598 -0.2284 0.9604
vn -0.1348 -0.1394 0.9810
vn -0.0553 -0.1837 0.9814
vn -0.2418 -0.3103 0.9194
vn 0.2259 0.4653 0.8559
vn -0.1044 -0.4080 0.9070
vn -0.7702 0.6173 0.1607
vn -0.2307 0.9728 -0.0213
vn -0.1623 0.2759 0.9474
vn -0.6398 0.6397 0.4259
vn 0.2732 0.6316 0.7256
vn 0.0262 0.0180 0.9995
vn 0.1576 -0.0076 0.9875
vn -0.9196 -0.1850 0.3465
vn -0.3869 -0.7716 0.5049
vn -0.1361 -0.4612 0.8768
vn -0.0338 -0.3125 0.9493
vn 0.1932 -0.6727 0.7143
vn 0.4022 -0.6800 0.6131
vn 0.3903 -0.0349 0.9200
vn 0.2677 -0.1070 0.9575
vn 0.0720 -0.5308 0.8444
vn -0.2001 -0.6586 0.7254
vn -0.1945 -0.3198 0.9273
vn -0.1235 0.1662 0.9783
vn 0.6092 -0.5428 0.5782
vn 0.0460 0.9933 0.1059
vn -0.1644 0.8737 0.4578
vn -0.4631 0.3519 0.8134
vn -0.5308 0.8442 -0.0748
vn 0.0240 0.9892 0.1447
vn -0.3897 0.7537 0.5292
vn -0.4610 -0.5242 0.7160
vn 0.1476 -0.9558 0.2544
vn 0.8806 -0.2837 0.3796
vn 0.7805 -0.4500 0.4341
vn -0.2630 0.6164 -0.7422
vn -0.4071 0.5742 -0.7103
vn -0.6407 -0.0236 0.7675
vn -0.4538 0.8252 -0.3364
vn -0.3637 0.0969 -0.9265
vn -0.3680 -0.9224 -0.1177
vn -0.2994 -0.8850 0.3566
vn 0.1476 -0.9865 0.0705
vn 0.4175 -0.7921 -0.4452
vn -0.7702 -0.0120 -0.6377
vn -0.8134 -0.0509 -0.5795
vn -0.3683 0.9209 -0.1274
vn -0.5211 -0.7585 -0.3914
vn -0.3912 -0.8428 -0.3697
vn 0.0455 -0.9990 -0.0017
vn 0.2174 -0.9612 0.1700
vn -0.3148 -0.8030 -0.5061
vn -0.7228 -0.3812 0.5763
vn -0.9442 0.0689 0.3219
vn -0.5319 0.3907 0.7513
vn -0.3509 -0.5950 0.7231
vn 0.9192 -0.1123 0.3774
vn 0.4890 -0.1369 0.8615
vn 0.0346 -0.3972 0.9171
vn 0.4973 -0.1369 0.8567
vn -0.2051 -0.5231 0.8272
vn 0.0609 -0.5950 0.8015
vn 0.8061 0.5882 -0.0645
vn 0.9882 -0.0634 0.1398
vn -0.1575 0.5897 0.7921
vn -0.4510 -0.2251 0.8637
vn -0.2445 0.4689 0.8487
vn 0.1895 0.9719 0.1400
vn 0.0142 0.9913 0.1310
vn 0.0298 0.9962 0.0824
vn 0.5282 0.4837 -0.6979
vn 0.5798 0.7749 -0.2517
vn 0.3869 0.9051 0.1763
vn 0.2877 0.9449 -0.1558
vn 0.2977 0.5382 0.7884
vn 0.3672 0.3445 0.8640
vn 0.5228 0.7525 0.4006
vn 0.4749 0.8799 0.0191
vn 0.7656 0.1374 -0.6284
vn 0.6644 -0.4511 -0.5959
vn 0.5438 -0.3104 -0.7797
vn 0.7868 -0.0264 -0.6167
vn 0.5413 0.7775 -0.3201
vn 0.6924 0.7102 -0.1271
vn 0.6079 -0.7582 -0.2360
vn 0.1385 -0.9844 -0.1085
vn 0.0536 -0.9936 -0.0999
vn 0.4555 -0.7791 -0.4307
vn 0.9553 -0.0516 -0.2913
vn 0.7426 0.6016 0.2943
vn 0.6273 -0.7561 0.1866
vn 0.9461 -0.1399 0.2923
vn 0.4707 -0.8184 0.3298
vn 0.7815 -0.0632 0.6206
vn 0.6416 -0.6882 0.3387
vn -0.0224 -0.9994 0.0280
vn 0.4969 0.7214 0.4824
vn 0.5791 0.7355 0.3517
vn 0.0506 0.4972 0.8661
vn -0.1277 0.3528 0.9269
vn 0.1630 0.9757 0.1464
vn -0.0349 0.9779 0.2059
vn -0.5640 0.8192 0.1041
vn -0.3634 0.9119 -0.1907
vn -0.0293 0.9846 0.1726
vn -0.5808 0.7340 0.3522
vn 0.5055 0.8535 0.1269
vn 0.5882 0.7592 0.2787
vn -0.9079 -0.1630 -0.3863
vn -0.8276 0.0959 -0.5531
vn -0.3668 0.9173 -0.1552
vn 0.2266 0.9575 0.1784
vn 0.6412 0.6564 0.3976
vn 0.9678 0.0649 0.2434
vn 0.9804 0.1915 -0.0462
vn -0.3137 0.9470 -0.0686
vn -0.8996 0.1806 -0.3977
vn -0.6218 -0.7069 -0.3372
vn -0.6151 -0.6719 -0.4125
vn -0.5860 -0.7956 -0.1536
vn -0.9145 -0.1143 0.3882
vn -0.9325 0.1578 -0.3248
vn -0.6446 -0.7299 -0.2273
vn 0.1635 -0.9839 -0.0721
vn 0.0691 -0.9897 -0.1250
vn -0.0261 -0.9890 -0.1455
vn -0.0099 -0.9958 -0.0905
vn -0.0059 -0.9999 0.0126
vn -0.0773 -0.9969 0.0151
vn 0.2251 -0.8756 -0.4274
vn -0.3907 -0.9202 0.0248
vn -0.4700 -0.8659 0.1714
vn -0.9436 -0.1720 0.2827
vn 0.4603 0.8878 0.0009
vn -0.1434 0.9735 0.1781
vn -0.6691 0.7026 0.2422
vn 0.5017 0.8643 0.0359
vn 0.7447 -0.6510 -0.1468
vn 0.7129 -0.6633 -0.2277
vn 0.6786 -0.5665 -0.4675
vn 0.9502 0.2044 -0.2353
vn 0.9295 0.3386 -0.1465
vn 0.2163 0.9762 0.0159
vn 0.3683 0.8568 0.3609
vn -0.3669 -0.5592 0.7434
vn 0.3198 0.8762 0.3605
vn 0.5962 0.5164 0.6147
vn 0.3846 0.9055 -0.1792
vn 0.1481 0.9299 -0.3366
vn 0.3010 0.9086 -0.2896
vn -0.1162 0.9187 -0.3774
vn 0.0029 0.9439 -0.3303
vn 0.4144 0.8468 0.3335
vn 0.5304 0.8431 -0.0888
vn 0.5218 0.7439 0.4174
vn 0.6452 0.7551 -0.1164
vn 0.5969 0.7669 -0.2357
vn 0.4862 0.8369 -0.2512
vn 0.3636 0.8861 -0.2874
vn 0.2001 0.9368 -0.2868
vn -0.1712 0.9541 -0.2457
vn -0.5561 0.7674 -0.3191
vn 0.4556 0.8859 -0.0874
vn 0.2540 0.9436 -0.2125
vn 0.0135 0.9298 -0.3678
vn -0.1706 0.9657 -0.1959
vn -0.3127 0.9433 -0.1111
vn -0.1905 0.9789 0.0734
vn -0.7182 0.6958 -0.0089
vn -0.5727 0.6697 0.4728
vn -0.7866 0.5835 0.2019
vn -0.3898 0.8306 -0.3976
vn -0.1755 0.8641 -0.4717
vn -0.8876 0.3406 0.3100
vn -0.6905 0.6922 -0.2100
vn -0.5003 0.7080 -0.4984
vn 0.4252 0.6974 -0.5770
vn 0.2062 0.9727 -0.1061
vn 0.2398 0.8201 -0.5196
vn 0.2470 0.8736 -0.4193
vn -0.0063 0.9673 -0.2535
vn 0.1457 0.9777 -0.1511
vn -0.2123 0.9460 0.2450
vn -0.0791 0.8631 -0.4987
vn -0.5569 0.7395 -0.3782
vn -0.1137 0.7546 -0.6463
vn -0.1219 0.8999 -0.4188
vn 0.2399 0.9688 -0.0621
vn 0.3282 0.8868 -0.3253
vn 0.5233 0.8520 -0.0145
vn 0.5713 0.7616 -0.3059
vn 0.6713 0.7307 -0.1241
vn 0.6568 0.7027 -0.2734
vn 0.6034 0.7954 -0.0569
vn 0.9421 0.3265 -0.0761
vn 0.9170 0.3266 0.2290
vn 0.8720 0.3196 -0.3708
vn 0.7710 0.4752 -0.4241
vn 0.6478 0.6469 -0.4023
vn 0.5590 0.7493 -0.3550
vn 0.4133 0.8392 -0.3535
vn 0.5641 0.7562 -0.3314
vn 0.3816 0.7027 -0.6005
vn -0.0032 0.6748 -0.7380
vn -0.0641 0.7311 -0.6792
vn 0.3415 0.8082 -0.4797
vn 0.4768 0.8421 -0.2520
vn -0.1026 0.7974 -0.5946
vn 0.2274 0.9277 -0.2960
vn -0.1106 0.9656 -0.2355
vn -0.1426 0.8014 -0.5809
vn -0.5414 0.5410 -0.6436
vn -0.3599 0.5793 -0.7314
vn -0.2244 0.4534 -0.8626
vn -0.4038 0.7946 -0.4534
vn -0.4254 0.6692 -0.6093
vn -0.5528 0.6855 -0.4738
vn -0.1752 0.9722 -0.1556
vn -0.2266 0.9700 0.0881
vn -0.5665 0.8232 0.0386
vn -0.3180 0.5958 -0.7375
vn -0.2902 0.9568 0.0184
vn 0.0984 0.7088 -0.6985
vn -0.2497 0.8850 0.3929
vn -0.1502 0.8524 0.5009
vn 0.0379 0.9992 -0.0116
vn 0.2130 0.9712 -0.1064
vn -0.2732 0.9603 0.0568
vn -0.2103 0.9738 -0.0866
vn -0.5509 0.8015 -0.2326
vn -0.7635 0.6412 0.0776
vn -0.9263 0.3616 -0.1058
vn -0.9302 0.2839 0.2328
vn -0.9500 -0.0122 -0.3121
vn -0.9113 0.1017 -0.3989
vn -0.6440 0.2011 -0.7381
vn -0.6754 0.3809 -0.6315
vn -0.5066 0.5619 -0.6539
vn -0.8481 0.4665 0.2512
vn -0.6433 0.4089 -0.6473
vn -0.8554 0.5178 -0.0145
vn -0.8485 0.3769 -0.3715
vn -0.8717 0.4490 -0.1963
vn -0.8474 0.3135 -0.4286
vn -0.9129 0.2366 -0.3325
vn -0.8652 0.2276 -0.4468
vn -0.9840 0.1049 -0.1439
vn -0.9039 0.4276 0.0128
vn -0.9202 0.2713 0.2821
vn -0.9662 0.2099 0.1495
vn -0.9437 0.0445 0.3278
vn -0.9908 0.0717 0.1145
vn -0.9818 -0.0458 0.1844
vn -0.9166 0.1543 -0.3688
vn -0.9271 0.3643 -0.0887
vn -0.9837 0.1673 -0.0661
vn -0.8270 0.5389 0.1605
vn 0.0142 0.7941 -0.6076
vn -0.5483 0.6559 -0.5188
vn -0.5563 0.7237 -0.4083
vn 0.0084 0.9236 -0.3832
vn 0.2431 0.7052 -0.6661
vn -0.3707 0.9268 0.0604
vn -0.4246 0.8571 0.2916
vn 0.1015 0.9226 0.3720
vn 0.1826 0.9768 0.1121
vn 0.5648 0.7757 0.2815
vn 0.5424 0.6212 0.5656
vn 0.2903 0.9382 0.1883
vn 0.6435 0.7305 0.2284
vn 0.9886 -0.1506 -0.0023
vn 0.9763 -0.1596 0.1463
vn 0.1158 0.0727 0.9906
vn 0.1796 0.2656 0.9472
vn -0.1889 0.1660 0.9679
vn 0.5988 -0.1566 0.7854
vn 0.9391 -0.1485 0.3098
vn 0.8909 -0.1351 0.4336
vn 0.0757 0.1791 0.9809
vn 0.2272 0.0404 0.9730
vn 0.6819 -0.0935 0.7254
vn 0.0006 -0.4473 0.8944
vn 0.4499 -0.8904 0.0694
vn 0.4481 -0.8913 0.0695
vn -0.0724 -0.9936 0.0862
vn 0.2062 -0.2191 0.9537
vn -0.1079 -0.3942 0.9127
vn -0.2039 0.5232 0.8274
vn 0.5158 -0.8450 0.1411
vn 0.5640 -0.7985 0.2105
vn 0.7005 -0.7110 0.0619
vn -0.9403 0.0941 -0.3271
vn -0.6216 -0.7413 -0.2531
vn -0.9931 0.1081 -0.0455
vn -0.5602 -0.8185 -0.1276
vn -0.0843 -0.3334 0.9390
vn -0.6761 -0.0368 0.7359
vn -0.3811 -0.3994 0.8338
vn -0.6657 -0.1881 0.7221
vn -0.5797 0.0358 0.8141
vn -0.0943 -0.4887 0.8673
vn -0.1458 0.2286 0.9625
vn -0.0789 0.2522 0.9645
vn -0.1770 0.2656 0.9477
vn -0.1977 -0.1035 0.9748
vn -0.0886 -0.2433 0.9659
vn 0.3391 0.6302 0.6985
vn 0.7240 -0.1222 0.6789
vn 0.9944 -0.0837 -0.0642
vn 0.5834 0.6731 0.4545
vn -0.4451 0.4192 0.7913
vn -0.5722 0.6408 0.5119
vn -0.1548 -0.0822 0.9845
vn 0.2022 0.9716 0.1229
vn -0.0334 0.9957 0.0868
vn 0.0790 0.9968 -0.0127
vn -0.6731 0.7086 0.2117
vn 0.1110 0.9938 0.0009
vn -0.6688 0.6550 0.3517
vn 0.2915 0.9441 0.1541
vn 0.9275 0.3386 -0.1581
vn 0.9752 -0.0513 -0.2155
vn 0.4658 0.8807 -0.0861
vn 0.8325 0.5492 -0.0731
vn 0.8129 0.5711 0.1140
vn 0.9540 -0.0881 0.2865
vn -0.4131 -0.7272 -0.5482
vn 0.0676 -0.9869 -0.1463
vn -0.1952 -0.9778 -0.0762
vn -0.0238 -0.6876 -0.7257
vn -0.0993 0.0396 -0.9943
vn -0.0587 0.7546 -0.6535
vn -0.0240 0.9960 0.0862
vn 0.2382 -0.9613 -0.1383
vn 0.7890 -0.6130 -0.0414
vn 0.4285 -0.8707 -0.2415
vn 0.7999 -0.5809 -0.1506
vn 0.4941 -0.7882 0.3669
vn 0.8664 -0.4553 -0.2049
vn 0.2514 -0.9639 0.0881
vn 0.0584 -0.9842 -0.1671
vn -0.0053 -0.9794 -0.2016
vn -0.4953 -0.4721 0.7292
vn -0.6206 -0.6118 0.4905
vn -0.6989 -0.6735 0.2407
vn -0.7636 -0.6399 0.0862
vn -0.4849 -0.6880 0.5399
vn -0.8866 -0.4579 -0.0649
vn -0.9612 0.0997 -0.2573
vn -0.5416 0.1185 -0.8322
vn -0.2920 0.8439 -0.4501
vn -0.3422 0.6811 0.6473
vn -0.2109 0.6832 0.6991
vn -0.7916 0.6108 0.0140
vn 0.5595 0.3933 -0.7296
vn 0.1077 0.4150 -0.9034
vn 0.4768 0.5438 -0.6906
vn 0.6833 0.2597 -0.6824
vn 0.4308 -0.0047 -0.9024
vn 0.2464 0.1146 -0.9624
vn -0.0667 -0.0074 -0.9977
vn -0.2579 0.2474 -0.9340
vn -0.3679 0.5562 -0.7452
vn -0.9978 -0.0093 0.0652
vn -0.9828 -0.0355 0.1811
vn -0.9772 0.2035 0.0614
vn -0.9966 0.0037 -0.0826
vn -0.8660 0.3384 -0.3681
vn -0.8603 0.2524 -0.4430
vn -0.6431 0.5383 -0.5447
vn -0.6268 0.4005 -0.6684
vn -0.3770 -0.1939 -0.9057
vn -0.5827 -0.3839 -0.7164
vn -0.7550 -0.1038 -0.6474
vn -0.4897 0.1081 -0.8652
vn -0.8607 0.1592 -0.4836
vn -0.9737 -0.1122 -0.1983
vn -0.9773 -0.1706 0.1259
vn -0.9792 -0.1755 0.1014
vn -0.9149 -0.2930 -0.2777
vn -0.8374 -0.4466 -0.3151
vn -0.9474 -0.3122 0.0710
vn -0.9443 -0.2600 0.2017
vn -0.9740 -0.1676 0.1526
vn -0.9119 -0.2212 0.3457
vn -0.9300 -0.1758 0.3228
vn -0.9564 -0.0975 0.2754
vn -0.9722 -0.0295 -0.2325
vn -0.9935 0.0921 0.0669
vn -0.9115 -0.0107 0.4113
vn -0.9123 -0.1159 0.3928
vn -0.9594 -0.1688 0.2261
vn -0.9191 -0.1854 0.3477
vn -0.8212 0.0507 0.5684
vn -0.9372 -0.0394 0.3466
vn -0.4467 -0.6117 0.6529
vn -0.3901 -0.5317 0.7517
vn -0.5301 -0.2799 0.8004
vn -0.3302 -0.4682 0.8196
vn -0.0399 -0.6791 0.7330
vn -0.7872 -0.6085 -0.1005
vn -0.5859 -0.3110 0.7483
vn -0.8551 0.3131 -0.4133
vn -0.7117 -0.0935 0.6963
vn -0.3809 -0.2337 0.8946
vn -0.6444 0.0427 0.7635
vn -0.5291 0.0650 0.8461
vn -0.7633 0.1535 0.6275
vn -0.5378 0.5939 -0.5983
vn -0.9706 0.0906 0.2229
vn -0.7233 0.1628 0.6711
vn -0.3285 0.2494 0.9110
vn -0.5833 0.2915 0.7582
vn -0.3418 0.8976 -0.2785
vn -0.3363 0.8025 0.4928
vn -0.6709 0.4852 0.5608
vn -0.0299 0.4819 0.8757
vn -0.3211 0.2895 0.9017
vn -0.0292 0.4810 0.8762
vn 0.0054 0.9084 -0.4181
vn -0.3722 0.7941 0.4805
vn 0.2908 0.6218 0.7272
vn 0.2510 0.6334 0.7320
vn 0.0818 0.9378 0.3375
vn -0.8725 0.4640 -0.1530
vn -0.9655 0.2604 -0.0062
vn -0.9866 0.1344 0.0925
vn -0.9193 0.3893 -0.0566
vn -0.9706 0.2329 0.0605
vn -0.8271 0.5598 -0.0511
vn -0.5423 0.8260 -0.1539
vn -0.8571 0.5151 -0.0059
vn -0.9365 0.3391 0.0896
vn -0.4638 0.6828 0.5645
vn -0.7218 0.6674 0.1832
vn -0.3251 -0.7242 0.6081
vn 0.7995 -0.2449 -0.5485
vn 0.9167 0.2239 -0.3310
vn 0.6775 0.2541 -0.6903
vn 0.7054 0.5959 -0.3838
vn 0.5586 0.5426 -0.6274
vn 0.4268 0.7930 -0.4348
vn 0.9472 0.2605 0.1870
vn 0.6779 0.7149 0.1712
vn 0.4138 0.8658 0.2813
vn 0.1109 0.9562 0.2709
vn 0.3695 0.8445 -0.3876
vn 0.4265 0.9003 -0.0870
vn 0.7612 0.4966 0.4172
vn 0.9444 0.2247 0.2402
vn 0.7268 -0.6724 0.1402
vn 0.9690 -0.1655 -0.1837
vn 0.9566 0.2761 -0.0931
vn 0.8842 0.4143 0.2158
vn 0.8883 -0.0668 0.4544
vn 0.9031 0.0614 0.4250
vn 0.7645 -0.2917 0.5748
vn 0.9980 -0.0477 0.0403
vn 0.8475 -0.4999 0.1785
vn 0.8814 0.3811 0.2791
vn 0.3873 -0.7926 0.4709
vn 0.7006 -0.6050 0.3784
vn 0.6657 -0.4219 0.6155
vn 0.3738 -0.6062 0.7020
vn 0.5005 -0.5573 0.6625
vn 0.5566 -0.7541 0.3487
vn 0.4414 -0.7851 0.4344
vn 0.3560 -0.8882 0.2905
vn 0.9974 0.0314 0.0644
vn 0.9121 -0.3351 0.2362
vn 0.8865 -0.4479 -0.1159
vn 0.7678 0.1184 -0.6297
vn 0.8653 -0.0972 -0.4917
vn 0.9767 -0.0208 -0.2136
vn 0.5962 -0.2037 -0.7766
vn 0.7094 -0.4285 -0.5595
vn 0.6744 -0.7382 -0.0162
vn 0.3406 -0.9366 0.0825
vn 0.5439 -0.6885 -0.4797
vn 0.2000 -0.9342 -0.2953
vn -0.0974 -0.6587 0.7461
vn 0.4424 0.0583 0.8949
vn 0.5338 0.1839 0.8253
vn -0.0311 -0.3634 0.9311
vn 0.3899 -0.4564 0.7998
vn 0.2471 -0.4137 0.8762
vn 0.2916 -0.2722 0.9170
vn 0.1207 0.2258 -0.9667
vn -0.1220 0.7308 -0.6716
vn -0.1115 0.9674 -0.2272
vn 0.1122 0.4093 -0.9055
vn 0.2517 0.5057 -0.8252
vn -0.0587 0.9974 -0.0427
vn 0.4681 0.8119 0.3488
vn -0.1928 0.5755 0.7948
vn -0.2296 0.5232 0.8207
vn 0.3726 -0.4122 -0.8314
vn 0.2428 0.4980 -0.8325
vn 0.5717 -0.7315 -0.3717
vn 0.6234 -0.0772 -0.7780
vn 0.5205 0.8411 0.1473
vn -0.3035 0.7468 -0.5917
vn 0.5391 0.4772 -0.6940
vn 0.5680 0.8212 0.0548
vn 0.3659 -0.3840 -0.8477
vn 0.7022 0.5243 -0.4816
vn 0.4206 0.9044 0.0724
vn -0.0384 0.9923 -0.1176
vn 0.6381 -0.3183 -0.7011
vn 0.9751 -0.1139 0.1904
vn 0.7217 0.1613 0.6732
vn 0.0733 0.4812 0.8735
vn -0.0479 -0.4575 0.8879
vn 0.4472 -0.4041 0.7979
vn 0.2991 -0.9542 0.0031
vn -0.0256 -0.5071 0.8615
vn 0.2712 -0.9607 0.0586
vn 0.3294 -0.4275 0.8419
vn 0.6156 -0.7323 0.2910
vn 0.6658 -0.7237 0.1815
vn 0.7873 -0.4767 0.3910
vn 0.8658 -0.4894 0.1039
vn 0.9093 -0.4159 0.0145
vn 0.8169 -0.5070 0.2749
vn 0.1745 -0.9756 0.1336
vn 0.7236 -0.5633 0.3989
vn -0.2161 -0.4757 0.8526
vn 0.4795 -0.8384 0.2591
vn 0.5190 0.0450 0.8536
vn -0.1003 -0.9911 -0.0873
vn -0.2034 -0.9790 -0.0122
vn -0.3279 -0.5132 0.7932
vn -0.2890 -0.5579 0.7779
vn 0.4750 0.2711 0.8372
vn 0.9355 -0.1839 -0.3016
vn 0.5552 0.5042 0.6615
vn 0.5859 -0.3797 -0.7160
vn 0.2087 -0.4114 -0.8872
vn 0.2511 -0.4572 -0.8532
vn 0.8233 -0.3581 -0.4404
vn 0.8444 0.5116 0.1586
vn 0.4508 0.4645 -0.7623
vn 0.3854 0.4802 -0.7879
vn 0.5568 0.5344 -0.6360
vn 0.1942 -0.3289 0.9242
vn 0.3524 -0.2744 0.8947
vn 0.5372 0.0407 0.8425
vn 0.4545 0.0901 0.8862
vn 0.4722 0.0894 0.8769
vn 0.4666 0.3212 0.8241
vn -0.0450 -0.2682 0.9623
vn 0.3271 -0.3096 0.8928
vn 0.5112 -0.0308 0.8589
vn 0.8807 -0.3411 -0.3287
vn 0.4387 -0.8673 -0.2351
vn 0.2659 -0.9594 -0.0937
vn 0.0864 -0.9960 -0.0249
vn -0.2117 -0.9646 0.1571
vn 0.0900 -0.3150 0.9448
vn 0.4027 -0.2345 0.8848
vn -0.5012 -0.8232 0.2666
vn -0.8838 -0.4299 -0.1846
vn 0.1091 -0.9905 0.0839
vn 0.1005 -0.9763 0.1917
vn 0.3570 -0.9340 0.0159
vn 0.0428 -0.9483 -0.3145
vn 0.6013 0.1768 0.7792
vn 0.3587 -0.8817 0.3065
vn -0.1615 0.0490 0.9856
vn -0.6970 -0.5371 -0.4752
vn -0.1078 -0.9256 -0.3628
vn 0.7559 -0.5312 0.3828
vn -0.1931 0.1259 0.9731
vn -0.2031 -0.9414 0.2693
vn -0.9447 -0.2134 0.2489
vn -0.9548 -0.2939 0.0441
vn 0.4592 0.5579 0.6913
vn 0.3691 -0.7992 -0.4745
vn -0.6102 -0.6105 -0.5049
vn 0.9795 -0.1555 0.1280
vn 0.5145 0.5592 0.6501
vn 0.9744 -0.2046 0.0932
vn 0.5041 0.2945 0.8119
vn 0.8332 -0.4461 0.3267
vn 0.3209 -0.4323 0.8427
vn 0.4338 -0.9010 -0.0078
vn 0.4263 -0.7758 -0.4651
vn -0.0261 -0.8377 0.5455
vn -0.6082 -0.7591 -0.2323
vn -0.6355 -0.5900 -0.4981
vn 0.4916 -0.4095 -0.7685
vn 0.9937 0.0301 -0.1083
vn 0.9994 -0.0333 0.0074
vn 0.4078 -0.5059 -0.7601
vn -0.5780 -0.5406 -0.6113
vn -0.4134 -0.9102 -0.0248
vn 0.4892 -0.8558 -0.1681
vn 0.5783 -0.3219 0.7496
vn -0.3096 -0.3691 0.8763
vn -0.9260 -0.1894 0.3265
vn -0.6177 -0.4824 -0.6210
vn 0.5209 -0.7003 -0.4881
vn -0.5796 -0.7540 -0.3090
vn 0.9917 -0.0287 -0.1252
vn 0.4709 -0.1554 0.8684
vn 0.2664 -0.9330 0.2422
vn -0.0204 -0.9758 0.2179
vn 0.1938 -0.0984 0.9761
vn -0.9752 -0.1552 0.1577
vn -0.9882 -0.0954 0.1199
vn 0.4210 -0.8803 0.2185
vn 0.6512 -0.7389 -0.1733
vn 0.9992 0.0382 -0.0132
vn 0.9952 0.0498 -0.0847
vn 0.6056 -0.6473 -0.4629
vn -0.2537 -0.9541 -0.1589
vn -0.4032 -0.8874 0.2233
vn -0.2463 -0.8288 -0.5024
vn 0.5797 -0.7300 -0.3620
vn -0.9598 -0.2800 -0.0176
vn -0.2651 -0.8923 -0.3654
vn -0.2133 -0.8833 0.4174
vn 0.6162 -0.7018 0.3574
vn 0.9971 -0.0443 0.0622
vn -0.9118 -0.3579 0.2013
vn -0.3084 0.9487 0.0704
vn 0.9912 -0.0515 0.1220
vn -0.0413 -0.8247 0.5641
vn -0.7302 -0.2301 0.6433
vn -0.0806 -0.7638 0.6405
vn -0.8645 0.2877 0.4121
vn 0.3904 0.9061 0.1628
vn -0.8165 0.5581 0.1477
vn -0.6492 0.7229 -0.2365
vn -0.3245 0.7684 -0.5516
vn -0.5625 0.2886 0.7747
vn 0.5644 0.2672 0.7810
vn -0.2536 -0.6924 0.6755
vn -0.7510 0.3447 0.5632
vn -0.6359 0.5024 0.5858
vn -0.6944 -0.0402 0.7184
vn -0.5061 0.1457 0.8501
vn -0.2019 -0.7581 0.6200
vn -0.2243 0.1485 0.9631
vn 0.2801 0.7360 -0.6163
vn 0.0116 0.9177 0.3971
vn 0.1317 0.9301 0.3428
vn 0.2765 0.8038 -0.5268
vn -0.2816 0.9057 0.3168
vn -0.1429 0.0984 0.9848
vn 0.3785 -0.0014 0.9256
vn 0.6209 0.7198 0.3104
vn -0.1922 -0.8172 0.5434
vn -0.0179 -0.7943 0.6073
vn 0.7798 -0.5777 0.2411
vn 0.9417 0.0536 -0.3323
vn 0.3905 0.6489 -0.6530
vn 0.2652 -0.8981 -0.3509
vn 0.4738 -0.1498 -0.8678
vn 0.0170 -0.8895 -0.4566
vn 0.2695 -0.8975 -0.3490
vn 0.7097 -0.6805 -0.1825
vn 0.8173 -0.5736 0.0544
vn 0.9150 -0.3616 -0.1790
vn 0.9312 -0.0723 -0.3574
vn 0.4662 0.0333 -0.8840
vn 0.2342 -0.0810 -0.9688
vn -0.2135 -0.9315 -0.2943
vn -0.0890 -0.9847 -0.1495
vn -0.1462 -0.6593 0.7376
vn -0.3068 -0.6767 0.6693
vn 0.1614 -0.9869 -0.0065
vn 0.5099 -0.2880 -0.8106
vn 0.1195 -0.3066 -0.9443
vn 0.2480 -0.4923 -0.8343
vn 0.4015 0.5506 -0.7318
vn 0.3673 0.4880 -0.7918
vn 0.5060 0.4310 -0.7471
vn 0.8980 -0.2889 -0.3319
vn 0.5732 -0.7534 0.3222
vn 0.2547 0.1560 0.9543
vn 0.3210 0.0254 0.9467
vn -0.9434 0.3148 -0.1040
vn -0.9492 -0.0165 -0.3141
vn -0.8711 0.4893 0.0406
vn -0.6125 0.6369 0.4681
vn -0.9881 0.0739 -0.1348
vn -0.9987 0.0244 0.0458
vn -0.9991 0.0264 0.0321
vn -0.4821 0.6271 0.6118
vn -0.5487 0.6016 0.5806
vn -0.4595 0.1955 0.8664
vn -0.8258 -0.2998 0.4776
vn -0.6838 -0.6469 -0.3375
vn 0.4100 -0.7079 -0.5751
vn 0.2318 -0.3969 -0.8881
vn -0.6926 -0.3539 -0.6285
vn -0.5450 -0.5571 -0.6267
vn 0.3490 -0.5164 -0.7820
vn -0.9769 -0.0625 0.2045
vn -0.9906 -0.0765 0.1134
vn -0.9605 -0.2181 0.1728
vn -0.3714 -0.9210 0.1174
vn 0.4805 -0.8765 -0.0285
vn 0.9688 -0.2066 -0.1370
vn 0.9584 -0.0928 -0.2701
vn 0.9577 -0.1444 -0.2488
vn -0.8881 0.2034 0.4123
vn -0.9340 0.1534 0.3227
vn -0.8460 -0.3165 -0.4292
vn -0.9523 0.0104 0.3048
vn -0.7873 -0.5418 -0.2943
vn -0.5405 -0.7560 0.3692
vn 0.0499 -0.7683 -0.6382
vn 0.2794 -0.9472 0.1576
vn 0.8884 -0.3999 -0.2256
vn 0.0172 -0.5717 -0.8203
vn 0.0502 -0.7713 -0.6345
vn -0.0168 -0.9857 -0.1675
vn 0.8743 -0.4129 -0.2551
vn 0.8876 -0.2778 -0.3674
vn 0.9281 -0.2291 -0.2936
vn 0.9181 -0.3286 -0.2217
vn 0.8459 0.5026 -0.1784
vn 0.6927 0.6863 -0.2216
vn 0.4264 0.9036 -0.0417
vn 0.1223 0.9919 0.0347
vn 0.4244 0.8554 0.2968
vn 0.8023 0.5963 -0.0280
vn 0.7821 0.5639 0.2650
vn 0.8075 0.3476 0.4765
vn 0.8290 0.2543 0.4980
vn 0.6958 -0.2296 0.6806
vn -0.0785 0.7831 0.6169
vn -0.0881 0.5602 0.8237
vn -0.1697 0.4660 0.8683
vn -0.2211 -0.0543 0.9737
vn 0.5879 -0.2654 0.7642
vn 0.6561 0.3078 0.6891
vn 0.6880 0.4922 0.5333
vn 0.6659 0.6869 0.2912
vn 0.5063 0.8542 0.1182
vn 0.0592 0.9982 -0.0087
vn 0.1808 0.9515 0.2489
vn -0.3774 0.7366 0.5613
vn -0.4044 0.5327 0.7434
vn -0.3686 0.3055 0.8780
vn -0.2961 -0.3116 0.9029
vn 0.5518 0.7986 0.2403
vn 0.2528 0.9442 0.2112
vn -0.2857 0.9252 0.2496
vn -0.4953 0.7707 0.4008
vn -0.4329 0.6268 0.6478
vn -0.4309 0.3675 0.8242
vn 0.4109 0.8469 0.3374
vn 0.3782 0.9020 0.2081
vn -0.1176 0.9692 0.2165
vn -0.3711 0.9283 -0.0246
vn -0.7444 0.6655 0.0534
vn -0.6781 0.7022 0.2169
vn -0.6613 0.6366 0.3967
vn 0.3334 0.7723 0.5408
vn -0.6689 0.5296 0.5217
vn 0.4382 0.1724 0.8822
vn -0.4095 -0.0220 0.9121
vn -0.5119 0.8499 0.1249
vn -0.7710 0.6369 -0.0057
vn 0.3967 0.1017 0.9123
vn 0.8148 0.2122 0.5395
vn 0.5222 -0.5125 0.6816
vn 0.9469 0.2788 -0.1603
vn 0.6646 0.2045 -0.7186
vn 0.8287 0.2660 -0.4925
vn 0.7571 -0.1919 -0.6244
vn 0.7748 -0.5201 -0.3595
vn 0.3145 -0.8423 -0.4378
vn -0.2275 -0.7252 0.6499
vn -0.4280 -0.7247 0.5400
vn 0.0966 -0.8954 -0.4346
vn 0.5610 -0.2280 -0.7958
vn 0.4570 -0.6277 -0.6302
vn 0.7391 0.1386 -0.6592
vn -0.3152 -0.7438 0.5894
vn 0.6906 -0.7120 -0.1273
vn 0.1309 -0.9787 -0.1582
vn -0.1328 -0.6923 0.7093
vn 0.9819 0.0930 -0.1653
vn 0.0862 -0.9757 -0.2015
vn -0.5829 -0.7080 -0.3986
vn -0.7372 0.6059 -0.2989
vn -0.8806 -0.1029 -0.4625
vn -0.7708 0.0242 -0.6366
vn -0.4416 -0.7153 -0.5416
vn -0.5092 0.7266 -0.4613
vn -0.5913 0.7877 -0.1730
vn -0.0758 0.9882 -0.1329
vn -0.1384 0.9886 0.0600
vn 0.1275 0.9918 0.0034
vn -0.3095 0.5013 0.8080
vn -0.3283 0.5215 0.7876
vn -0.9418 -0.1075 -0.3184
vn -0.4536 -0.8542 -0.2540
vn 0.0738 -0.9971 -0.0168
vn -0.5629 -0.5533 0.6140
vn -0.7405 -0.1921 0.6440
vn -0.7070 0.2795 0.6496
vn 0.0406 -0.9700 -0.2396
vn 0.0872 -0.9889 -0.1206
vn 0.4394 0.8304 -0.3425
vn 0.0762 0.9940 -0.0781
vn 0.5006 0.5795 -0.6431
vn 0.2685 0.9525 -0.1436
vn 0.6846 0.5465 -0.4824
vn 0.6620 0.7345 -0.1494
vn -0.3781 0.5332 0.7568
vn -0.2509 0.4624 0.8504
vn 0.3209 0.4962 0.8067
vn 0.6411 0.7672 0.0191
vn -0.0898 0.9951 -0.0421
vn -0.0008 0.9998 0.0218
vn 0.7702 -0.4545 -0.4475
vn 0.7360 -0.5002 -0.4562
vn 0.6829 -0.7131 0.1586
vn 0.8733 0.0634 0.4831
vn 0.9831 0.1578 0.0926
vn 0.3999 0.7393 0.5417
vn 0.9559 0.2517 0.1517
vn 0.6108 0.2358 0.7559
vn 0.3354 0.5975 0.7283
vn -0.0471 -0.8220 -0.5675
vn 0.6198 -0.5747 -0.5344
vn 0.6853 -0.7267 0.0472
vn 0.7172 -0.6865 0.1200
vn 0.2129 -0.5428 0.8124
vn -0.5036 0.0865 0.8596
vn 0.3400 0.7712 0.5382
vn -0.5933 0.0630 0.8025
vn 0.1749 -0.5481 0.8179
vn -0.5639 0.0693 0.8229
vn 0.1611 -0.6200 0.7679
vn -0.1047 -0.6425 0.7591
vn -0.7949 -0.0660 0.6031
vn -0.7598 0.5636 0.3242
vn -0.7798 0.5089 0.3646
vn -0.7388 0.5525 0.3860
vn -0.6129 0.7555 -0.2314
vn 0.6711 -0.6970 0.2526
vn -0.5459 -0.8271 0.1338
vn -0.9492 -0.1816 -0.2570
vn -0.8964 0.4432 0.0099
vn -0.7119 0.4094 -0.5706
vn -0.4194 -0.8645 -0.2771
vn -0.1819 -0.4915 0.8516
vn 0.2655 -0.9214 0.2838
vn 0.0810 -0.9906 -0.1107
vn -0.8683 -0.2469 -0.4303
vn -0.6840 0.5780 -0.4450
vn -0.7883 -0.0569 -0.6127
vn -0.7322 -0.4080 -0.5454
vn -0.3289 -0.6584 -0.6770
vn 0.0782 -0.8341 -0.5461
vn 0.4520 -0.8404 -0.2990
vn -0.3120 -0.2760 -0.9091
vn 0.3952 -0.8570 -0.3308
vn -0.8279 -0.1783 -0.5318
vn -0.5590 -0.5209 -0.6451
vn -0.4493 0.2775 0.8492
vn 0.2630 0.7411 0.6177
vn -0.2638 0.9638 0.0385
vn 0.0851 0.9369 0.3392
vn -0.5216 0.8382 -0.1591
vn -0.8439 0.2116 -0.4931
vn -0.8464 0.1624 -0.5072
vn -0.5298 0.4780 -0.7006
vn -0.3491 0.9127 -0.2124
vn -0.8814 0.4293 0.1970
vn -0.9627 0.2706 0.0082
vn 0.3956 0.4423 0.8049
vn 0.5816 0.0549 0.8116
vn -0.3879 0.0464 0.9205
vn -0.4617 -0.6410 -0.6132
vn -0.2849 -0.0183 0.9584
vn 0.5504 -0.0118 -0.8348
vn 0.2967 -0.2412 -0.9240
vn -0.2085 0.2271 -0.9513
vn -0.6666 0.5772 -0.4717
vn -0.6368 0.7312 -0.2448
vn -0.0347 0.5420 -0.8396
vn -0.0472 0.5268 -0.8487
vn 0.5084 -0.0488 -0.8597
vn 0.8808 0.4610 -0.1082
vn 0.3352 0.9252 0.1781
vn 0.6449 0.7579 -0.0988
vn 0.4320 0.8984 -0.0787
vn 0.0505 0.9987 0.0080
vn 0.0428 0.9991 -0.0041
vn 0.6282 0.7467 -0.2186
vn 0.2711 0.9609 -0.0558
vn 0.1171 0.2534 0.9603
vn -0.0918 0.9897 0.1094
vn -0.3397 0.9312 0.1323
vn -0.3622 0.9254 -0.1111
vn -0.2868 0.9161 -0.2802
vn 0.1593 0.9782 -0.1330
vn -0.2059 0.8500 -0.4849
vn 0.2055 0.9046 -0.3734
vn -0.4091 0.8529 0.3244
vn 0.8115 0.4841 -0.3273
vn 0.3834 0.8663 0.3202
vn -0.2026 0.9059 -0.3718
vn 0.4922 0.7042 0.5117
vn 0.6562 0.6870 -0.3122
vn 0.6255 0.7238 -0.2913
vn 0.6268 0.7782 -0.0392
vn 0.4419 0.8945 0.0673
vn -0.1073 0.9746 0.1968
vn -0.3686 0.8334 -0.4118
vn -0.4305 0.7223 -0.5412
vn 0.2110 0.7912 -0.5740
vn -0.7547 0.3730 0.5397
vn 0.5260 0.8504 -0.0154
vn 0.7293 0.3965 -0.5576
vn 0.5652 0.2187 -0.7954
vn 0.6032 -0.2492 -0.7576
vn 0.1497 0.4496 -0.8806
vn -0.0254 0.4537 -0.8908
vn 0.3713 0.9250 0.0802
vn -0.3299 0.9124 -0.2421
vn 0.1458 0.9246 0.3520
vn 0.7308 0.6481 0.2143
vn 0.2647 0.9543 -0.1385
vn -0.5810 0.0035 -0.8139
vn -0.3612 0.5033 -0.7850
vn 0.3041 0.7162 -0.6282
vn -0.1154 0.9922 -0.0474
vn 0.7884 0.4965 -0.3632
vn 0.6979 0.3807 -0.6067
vn 0.2724 0.6912 -0.6694
vn -0.1924 0.9732 -0.1259
vn 0.4991 0.2672 0.8243
vn -0.3476 0.7992 -0.4904
vn -0.9962 0.0734 -0.0477
vn 0.6723 -0.3835 0.6331
vn 0.7557 -0.2974 0.5835
vn 0.5688 -0.4747 0.6717
vn -0.2554 -0.9009 -0.3509
vn -0.3731 -0.1489 -0.9157
vn -0.5116 -0.2932 -0.8076
vn -0.4294 -0.7836 -0.4490
vn -0.3353 0.1037 -0.9364
vn -0.3708 -0.5518 -0.7470
vn -0.0641 0.2601 -0.9634
vn -0.1056 -0.1609 -0.9813
vn 0.5126 0.6257 -0.5880
vn 0.2580 0.5524 -0.7927
vn 0.5391 0.5724 -0.6178
vn 0.0999 -0.5420 -0.8344
vn 0.4468 -0.2453 -0.8604
vn -0.0238 0.7160 -0.6977
vn -0.1091 -0.9769 -0.1836
vn -0.0295 -0.8779 -0.4780
vn 0.4694 -0.6802 -0.5630
vn 0.5328 0.1175 -0.8381
vn -0.2586 0.6071 -0.7514
vn 0.6619 -0.4505 -0.5991
vn 0.5475 -0.1772 -0.8179
vn 0.0374 -0.9496 -0.3112
vn 0.3564 -0.8973 -0.2602
vn 0.7197 -0.0498 -0.6925
vn 0.3460 0.4985 -0.7949
vn 0.6136 0.3076 -0.7273
vn 0.8461 0.0069 -0.5329
vn 0.6526 0.1056 -0.7503
vn -0.1628 -0.4507 -0.8777
vn -0.1478 -0.9849 -0.0907
vn -0.0290 -0.9972 0.0688
vn 0.1314 -0.9505 0.2816
vn 0.1921 -0.7482 -0.6350
vn 0.1024 0.2622 -0.9596
vn 0.0090 -0.9448 -0.3276
vn 0.1085 -0.9938 -0.0227
vn 0.6823 -0.7160 0.1477
vn 0.2263 -0.9727 0.0518
vn 0.7316 -0.6818 -0.0043
vn 0.2219 -0.9748 -0.0218
vn -0.0608 -0.9893 -0.1326
vn -0.2633 -0.9642 0.0328
vn -0.0340 -0.9994 -0.0061
vn -0.7563 -0.6542 0.0014
vn -0.9984 -0.0150 0.0549
vn -0.9925 0.0245 -0.1200
vn -0.7508 -0.6574 0.0646
vn -0.3157 -0.9484 -0.0282
vn -0.3197 -0.9457 0.0592
vn -0.0302 -0.9990 0.0338
vn -0.5326 -0.8373 0.1230
vn -0.9041 -0.4048 0.1367
vn -0.9643 0.2602 0.0487
vn -0.6967 0.7152 -0.0546
vn -0.8652 0.4953 0.0779
vn -0.8560 0.5132 -0.0623
vn -0.4980 0.8666 0.0315
vn -0.5058 0.8575 -0.0938
vn 0.5064 0.8623 -0.0004
vn -0.3510 0.9332 -0.0767
vn -0.5627 0.8254 0.0458
vn 0.2621 0.9631 0.0609
vn 0.4985 0.8219 -0.2757
vn 0.2222 0.9716 -0.0815
vn 0.4793 0.8460 -0.2336
vn 0.4230 -0.8765 -0.2299
vn 0.8605 -0.4269 -0.2779
vn 0.9715 0.1906 -0.1413
vn 0.9951 -0.0947 -0.0275
vn 0.8753 0.4803 0.0567
vn 0.8428 0.5027 0.1921
vn 0.5376 0.8389 0.0850
vn 0.9581 -0.0974 0.2694
vn 0.7675 0.5649 0.3030
vn 0.5580 0.8290 0.0375
vn 0.4657 0.8317 -0.3023
vn 0.5213 0.8276 -0.2084
vn 0.6137 -0.0121 -0.7895
vn 0.3204 0.7349 0.5977
vn 0.1395 -0.0010 0.9902
vn 0.6734 0.7211 -0.1628
vn 0.7561 0.4403 -0.4842
vn 0.6944 0.6826 0.2278
vn 0.8381 0.3580 -0.4116
vn 0.7580 0.5662 -0.3237
vn 0.4293 0.8613 -0.2718
vn 0.0281 0.9964 0.0794
vn -0.2247 0.9567 0.1853
vn -0.2510 0.9644 -0.0829
vn -0.1696 0.9524 -0.2532
vn -0.0849 0.9111 -0.4034
vn -0.1147 0.8217 -0.5582
vn 0.4885 0.5845 -0.6479
vn 0.0028 0.7138 -0.7003
vn -0.8916 0.3249 0.3153
vn -0.9875 -0.0687 0.1421
vn -0.8981 -0.2926 0.3282
vn -0.2187 -0.0856 0.9720
vn -0.1624 0.1753 0.9710
vn -0.8277 0.4278 0.3633
vn -0.9892 0.1308 0.0656
vn -0.7629 0.6437 0.0602
vn -0.8471 0.5086 0.1539
vn -0.3564 0.9200 0.1628
vn 0.0703 0.4919 0.8678
vn 0.5550 0.4331 0.7102
vn -0.2027 0.9751 0.0902
vn 0.4853 0.8651 -0.1271
vn 0.5961 0.2050 0.7763
vn -0.5120 0.6674 0.5408
vn -0.2379 0.9520 0.1925
vn -0.0159 0.9983 0.0564
vn 0.6224 0.7754 -0.1066
vn 0.8867 0.3645 -0.2844
vn 0.8888 -0.3586 -0.2854
vn 0.6960 -0.1141 0.7090
vn 0.4356 -0.4496 0.7799
vn 0.3161 -0.9481 -0.0343
vn 0.8389 -0.4561 -0.2972
vn 0.9322 0.2381 -0.2725
vn 0.5308 0.8432 -0.0854
vn 0.7929 0.6087 -0.0271
vn 0.9838 0.0104 -0.1789
vn 0.7299 -0.5856 -0.3525
vn -0.0168 -0.9971 -0.0745
vn -0.4845 -0.8397 0.2452
vn -0.0272 -0.3861 0.9221
vn -0.8034 -0.5849 0.1115
vn -0.1820 -0.9535 -0.2400
vn -0.4129 -0.8960 0.1635
vn 0.4641 -0.8697 -0.1679
vn -0.4205 -0.7164 0.5567
vn -0.9133 -0.0870 0.3978
vn -0.9174 -0.3889 0.0840
vn 0.6490 -0.5923 -0.4776
vn 0.1756 -0.9793 -0.1004
vn 0.0058 -0.9966 0.0825
vn 0.5214 -0.8259 -0.2145
vn 0.8783 -0.1441 -0.4558
vn 0.5374 -0.8278 -0.1612
vn 0.8684 -0.0526 -0.4930
vn 0.5258 0.7116 -0.4660
vn 0.0477 -0.9904 0.1298
vn -0.7089 -0.3711 0.5997
vn -0.6342 0.1364 0.7611
vn -0.6489 0.4649 0.6023
vn -0.4735 -0.6191 0.6265
vn -0.3734 0.8591 0.3501
vn 0.1114 0.2329 -0.9661
vn -0.5088 0.5222 -0.6844
vn -0.4964 0.1974 -0.8454
vn -0.2360 0.6611 -0.7122
vn -0.3828 0.8645 -0.3258
vn -0.2200 0.9134 -0.3426
vn -0.3114 0.8717 -0.3784
vn -0.5380 0.8429 0.0104
vn -0.0153 0.9292 -0.3692
vn -0.5045 0.7475 -0.4321
vn -0.3260 0.6076 -0.7243
vn -0.5003 0.8652 -0.0338
vn 0.5571 0.7256 -0.4039
vn 0.4262 0.6650 -0.6133
vn 0.0015 0.6532 -0.7572
vn 0.4117 0.4236 -0.8069
vn -0.1839 0.4181 -0.8896
vn -0.5591 0.2291 -0.7968
vn 0.8180 0.0429 -0.5735
vn 0.6089 0.6998 -0.3735
vn 0.5308 0.7664 -0.3617
vn 0.8978 0.2386 -0.3702
vn 0.8559 -0.3573 -0.3739
vn -0.1413 0.9799 0.1407
vn -0.0392 0.9992 -0.0081
vn 0.3757 0.9266 0.0139
vn 0.6313 -0.6518 0.4202
vn 0.9957 0.0675 0.0628
vn -0.1050 -0.9919 -0.0711
vn -0.0572 -0.9221 -0.3826
vn -0.1042 -0.9889 -0.1060
vn -0.1267 -0.9859 -0.1094
vn -0.0493 -0.8947 -0.4439
vn 0.0505 -0.8825 -0.4675
vn 0.1276 -0.5792 -0.8051
vn 0.5914 0.7894 -0.1649
vn 0.7026 0.6533 0.2821
vn 0.8273 0.5440 -0.1405
vn 0.7339 0.6756 -0.0699
vn 0.5337 0.8260 0.1811
vn 0.1271 -0.8374 0.5316
vn -0.3784 -0.7959 0.4727
vn -0.0125 -0.9885 0.1508
vn 0.0284 -0.8665 0.4984
vn -0.0959 -0.6585 0.7464
vn 0.1871 -0.6389 0.7462
vn -0.3048 -0.7071 0.6381
vn -0.6063 -0.5091 0.6109
vn -0.0770 -0.2230 0.9718
vn -0.5911 -0.4728 0.6535
vn -0.5366 -0.4715 0.6998
vn -0.2199 -0.6138 0.7582
vn 0.0282 -0.4821 0.8757
vn 0.0761 -0.6793 0.7299
vn -0.5254 -0.5407 0.6570
vn -0.0207 -0.9282 -0.3714
vn -0.6598 -0.6366 0.3992
vn 0.1364 -0.9331 0.3328
vn -0.4411 -0.8732 0.2071
vn -0.7481 -0.6545 0.1099
vn -0.8606 -0.5058 0.0600
vn -0.5291 -0.5819 -0.6176
vn -0.7543 -0.6047 -0.2558
vn -0.6475 -0.7326 -0.2097
vn -0.4493 -0.8876 -0.1017
vn -0.1429 -0.9410 -0.3066
vn -0.3754 -0.7878 -0.4883
vn -0.4786 0.7474 0.4608
vn -0.8037 0.5942 0.0309
vn -0.6825 0.6959 0.2234
vn -0.4520 0.8920 0.0047
vn -0.4450 0.6751 0.5884
vn -0.6697 0.7219 0.1744
vn -0.6915 0.6216 -0.3680
vn -0.6760 0.7248 0.1329
vn -0.7274 -0.5844 -0.3596
vn 0.2022 -0.4037 -0.8923
vn 0.3650 -0.7992 -0.4776
vn 0.0894 0.2273 0.9697
vn -0.0652 -0.4121 0.9088
vn 0.2089 -0.6497 0.7309
vn 0.2526 -0.9234 0.2888
vn -0.6955 -0.7185 0.0031
vn -0.9540 -0.1355 -0.2674
vn -0.8187 -0.3931 0.4185
vn -0.9769 -0.1212 0.1761
vn -0.8296 -0.2880 0.4783
vn -0.9428 -0.2401 0.2311
vn -0.5655 -0.0605 0.8225
vn -0.0007 -0.0013 -1.0000
vn -0.6789 0.6391 0.3614
vn -0.2000 0.9794 0.0295
vn 0.0689 0.9941 0.0837
vn -0.2810 0.3262 0.9026
vn -0.0408 0.3369 0.9406
vn 0.3156 0.9345 0.1650
vn 0.4789 0.0833 0.8739
vn 0.8090 0.5567 0.1886
vn -0.5421 0.8395 -0.0379
vn -0.7111 0.5764 0.4027
vn -0.2845 0.9467 -0.1511
vn -0.6518 0.3728 0.6605
vn -0.4245 0.4083 0.8081
vn -0.1258 0.4333 0.8924
vn 0.2521 0.9636 0.0893
vn -0.0513 0.9985 0.0179
vn 0.9543 -0.2771 -0.1117
vn 0.4967 0.2981 -0.8151
vn 0.7474 -0.5469 -0.3772
vn 0.4536 0.2675 -0.8501
vn 0.4601 -0.7062 -0.5381
vn 0.5895 -0.6433 -0.4885
vn 0.6221 0.3458 -0.7025
vn 0.9894 -0.1397 -0.0390
vn 0.2517 -0.9359 0.2465
vn 0.1243 -0.9668 0.2231
vn 0.3424 -0.8482 0.4041
vn -0.2848 -0.4476 0.8477
vn -0.3316 -0.4866 0.8083
vn -0.1772 -0.4446 0.8780
vn 0.6058 -0.4564 0.6517
vn 0.6495 -0.7547 0.0922
vn 0.7662 -0.6422 -0.0229
vn -0.6369 0.7655 0.0919
vn -0.2828 0.8683 -0.4076
vn -0.7097 0.4918 0.5044
vn -0.6039 0.5308 0.5946
vn -0.1375 0.9421 -0.3057
vn -0.4154 0.6585 0.6275
vn 0.0178 0.9664 -0.2565
vn 0.2259 0.4872 0.8436
vn 0.6082 0.7845 0.1207
vn 0.0778 -0.2459 -0.9662
vn 0.2959 -0.4954 -0.8167
vn -0.0357 -0.6948 -0.7183
vn -0.2211 -0.4256 -0.8775
vn 0.5915 0.4287 0.6828
vn 0.6051 0.6482 0.4623
# 1290 vertex normals

vt 0.4933 0.4677 0.4677
vt 0.4926 0.4389 0.4389
vt 0.4929 0.4526 0.4526
vt 0.9226 0.0350 0.0350
vt 0.9266 0.0442 0.0442
vt 0.9126 0.0520 0.0520
vt 0.9087 0.0513 0.0513
vt 0.9154 0.0266 0.0266
vt 0.9043 0.0512 0.0512
vt 0.9114 0.0675 0.0675
vt 0.9156 0.0755 0.0755
vt 0.9413 0.0537 0.0537
vt 0.9593 0.0716 0.0716
vt 0.9748 0.0313 0.0313
vt 0.9757 0.0562 0.0562
vt 0.9374 0.0063 0.0063
vt 0.9391 0.0187 0.0187
vt 0.9848 0.0425 0.0425
vt 0.9788 0.0573 0.0573
vt 0.9802 0.0434 0.0434
vt 0.9776 0.0282 0.0282
vt 0.9972 0.0410 0.0410
vt 0.9748 0.0697 0.0697
vt 0.9730 0.0077 0.0077
vt 0.9646 0.0167 0.0167
vt 0.9613 0.0245 0.0245
vt 0.9413 0.0274 0.0274
vt 0.8971 0.3734 0.3734
vt 0.8966 0.4133 0.4133
vt 0.8338 0.3734 0.3734
vt 0.8946 0.3261 0.3261
vt 0.8313 0.3261 0.3261
vt 0.8333 0.4133 0.4133
vt 0.8511 0.4411 0.4411
vt 0.8967 0.4358 0.4358
vt 0.9219 0.4133 0.4133
vt 0.9224 0.3734 0.3734
vt 0.9199 0.3261 0.3261
vt 0.9190 0.2836 0.2836
vt 0.8937 0.2836 0.2836
vt 0.8304 0.2836 0.2836
vt 0.8460 0.9937 0.9937
vt 0.8503 0.9592 0.9592
vt 0.8813 0.9966 0.9966
vt 0.8233 0.9508 0.9508
vt 0.8152 0.9911 0.9911
vt 0.7816 0.9878 0.9878
vt 0.7873 0.9438 0.9438
vt 0.7592 0.9882 0.9882
vt 0.7592 0.9409 0.9409
vt 0.8813 0.9609 0.9609
vt 0.9121 0.9568 0.9568
vt 0.9165 0.9936 0.9936
vt 0.8503 0.9532 0.9532
vt 0.8233 0.9448 0.9448
vt 0.7873 0.9378 0.9378
vt 0.7592 0.9349 0.9349
vt 0.8303 0.9291 0.9291
vt 0.7885 0.9204 0.9204
vt 0.7592 0.9204 0.9204
vt 0.7592 0.9102 0.9102
vt 0.7711 0.9102 0.9102
vt 0.6951 0.9508 0.9508
vt 0.6951 0.9448 0.9448
vt 0.7310 0.9378 0.9378
vt 0.7310 0.9438 0.9438
vt 0.7299 0.9204 0.9204
vt 0.7474 0.9102 0.9102
vt 0.7557 0.8836 0.8836
vt 0.7626 0.8836 0.8836
vt 0.7590 0.7354 0.7354
vt 0.7590 0.8152 0.8152
vt 0.7316 0.8213 0.8213
vt 0.7230 0.7116 0.7116
vt 0.7590 0.7111 0.7111
vt 0.7269 0.7439 0.7439
vt 0.7041 0.8397 0.8397
vt 0.6880 0.9291 0.9291
vt 0.6680 0.9532 0.9532
vt 0.6680 0.9592 0.9592
vt 0.7225 0.6776 0.6776
vt 0.6904 0.7170 0.7170
vt 0.6967 0.7546 0.7546
vt 0.7224 0.5981 0.5981
vt 0.6906 0.6853 0.6853
vt 0.6657 0.7207 0.7207
vt 0.6661 0.7536 0.7536
vt 0.6684 0.8519 0.8519
vt 0.6366 0.8550 0.8550
vt 0.6868 0.6035 0.6035
vt 0.6936 0.4966 0.4966
vt 0.7277 0.4955 0.4955
vt 0.6671 0.4977 0.4977
vt 0.6597 0.6121 0.6121
vt 0.6366 0.6096 0.6096
vt 0.6366 0.6915 0.6915
vt 0.6634 0.6894 0.6894
vt 0.6671 0.4795 0.4795
vt 0.6958 0.4779 0.4779
vt 0.7278 0.4788 0.4788
vt 0.6366 0.4819 0.4819
vt 0.5870 0.4992 0.4992
vt 0.5883 0.4824 0.4824
vt 0.6106 0.4839 0.4839
vt 0.5878 0.4609 0.4609
vt 0.6096 0.4598 0.4598
vt 0.6366 0.4606 0.4606
vt 0.6674 0.4575 0.4575
vt 0.6965 0.4575 0.4575
vt 0.7278 0.4575 0.4575
vt 0.7590 0.4575 0.4575
vt 0.7590 0.4810 0.4810
vt 0.7590 0.4985 0.4985
vt 0.7590 0.5889 0.5889
vt 0.7590 0.6831 0.6831
vt 0.5785 0.8397 0.8397
vt 0.5685 0.9462 0.9462
vt 0.5425 0.9182 0.9182
vt 0.5479 0.8213 0.8213
vt 0.5289 0.8968 0.8968
vt 0.5234 0.8152 0.8152
vt 0.5217 0.8821 0.8821
vt 0.5204 0.8960 0.8960
vt 0.5204 0.9186 0.9186
vt 0.5204 0.9429 0.9429
vt 0.6015 0.9568 0.9568
vt 0.6366 0.9609 0.9609
vt 0.6030 0.8488 0.8488
vt 0.5793 0.7351 0.7351
vt 0.5520 0.7321 0.7321
vt 0.5234 0.7354 0.7354
vt 0.5551 0.7065 0.7065
vt 0.6079 0.7153 0.7153
vt 0.6366 0.7184 0.7184
vt 0.6366 0.7483 0.7483
vt 0.6097 0.7420 0.7420
vt 0.5802 0.7086 0.7086
vt 0.5561 0.6816 0.6816
vt 0.6071 0.6881 0.6881
vt 0.5812 0.6814 0.6814
vt 0.6093 0.6035 0.6035
vt 0.5802 0.5977 0.5977
vt 0.6105 0.5009 0.5009
vt 0.6366 0.4995 0.4995
vt 0.5539 0.5902 0.5902
vt 0.5574 0.4986 0.4986
vt 0.5234 0.7111 0.7111
vt 0.5234 0.6831 0.6831
vt 0.5234 0.5889 0.5889
vt 0.5234 0.4985 0.4985
vt 0.5596 0.4806 0.4806
vt 0.5234 0.4810 0.4810
vt 0.5234 0.4606 0.4606
vt 0.5592 0.4603 0.4603
vt 0.8813 0.6915 0.6915
vt 0.8813 0.7184 0.7184
vt 0.8526 0.7207 0.7207
vt 0.8525 0.6894 0.6894
vt 0.8813 0.7483 0.7483
vt 0.8522 0.7536 0.7536
vt 0.9051 0.7153 0.7153
vt 0.9060 0.6881 0.6881
vt 0.8287 0.7170 0.7170
vt 0.8266 0.6853 0.6853
vt 0.8514 0.6264 0.6264
vt 0.8813 0.6213 0.6213
vt 0.9044 0.6135 0.6135
vt 0.9337 0.6814 0.6814
vt 0.9347 0.7086 0.7086
vt 0.8550 0.5682 0.5682
vt 0.8262 0.6189 0.6189
vt 0.7942 0.6124 0.6124
vt 0.7955 0.6776 0.6776
vt 0.7945 0.7116 0.7116
vt 0.8217 0.7546 0.7546
vt 0.8251 0.5684 0.5684
vt 0.7906 0.5492 0.5492
vt 0.7651 0.7354 0.7354
vt 0.7651 0.7111 0.7111
vt 0.7651 0.6831 0.6831
vt 0.7651 0.6006 0.6006
vt 0.7651 0.5416 0.5416
vt 0.7651 0.5193 0.5193
vt 0.7651 0.8152 0.8152
vt 0.7856 0.8213 0.8213
vt 0.7926 0.7439 0.7439
vt 0.8143 0.8397 0.8397
vt 0.9034 0.7420 0.7420
vt 0.8813 0.8550 0.8550
vt 0.8500 0.8519 0.8519
vt 0.9119 0.8488 0.8488
vt 0.9598 0.7065 0.7065
vt 0.9915 0.7111 0.7111
vt 0.9915 0.7354 0.7354
vt 0.9629 0.7321 0.7321
vt 0.9915 0.8152 0.8152
vt 0.9670 0.8213 0.8213
vt 0.9356 0.7351 0.7351
vt 0.9364 0.8397 0.8397
vt 0.9464 0.9462 0.9462
vt 0.9724 0.9182 0.9182
vt 0.9945 0.9186 0.9186
vt 0.9945 0.9429 0.9429
vt 0.9534 0.9869 0.9869
vt 0.9945 0.9860 0.9860
vt 0.9860 0.8968 0.8968
vt 0.9945 0.8960 0.8960
vt 0.9936 0.8821 0.8821
vt 0.9958 0.8821 0.8821
vt 0.9915 0.8125 0.8125
vt 0.7681 0.1194 0.1194
vt 0.7569 0.1206 0.1206
vt 0.7586 0.1164 0.1164
vt 0.7503 0.1219 0.1219
vt 0.7518 0.1136 0.1136
vt 0.7635 0.1042 0.1042
vt 0.7878 0.1236 0.1236
vt 0.7955 0.1106 0.1106
vt 0.8187 0.1342 0.1342
vt 0.8111 0.1473 0.1473
vt 0.7836 0.1391 0.1391
vt 0.7702 0.1360 0.1360
vt 0.7573 0.1363 0.1363
vt 0.7482 0.1359 0.1359
vt 0.7420 0.1210 0.1210
vt 0.7800 0.1489 0.1489
vt 0.7628 0.1462 0.1462
vt 0.7539 0.1500 0.1500
vt 0.7479 0.1549 0.1549
vt 0.7436 0.1548 0.1548
vt 0.7430 0.1567 0.1567
vt 0.7404 0.1548 0.1548
vt 0.7410 0.1567 0.1567
vt 0.7400 0.1584 0.1584
vt 0.7420 0.1610 0.1610
vt 0.7457 0.1639 0.1639
vt 0.7394 0.1582 0.1582
vt 0.7383 0.1639 0.1639
vt 0.7420 0.1695 0.1695
vt 0.7528 0.1642 0.1642
vt 0.7528 0.1588 0.1588
vt 0.7538 0.1656 0.1656
vt 0.7543 0.1600 0.1600
vt 0.7621 0.1580 0.1580
vt 0.7523 0.1563 0.1563
vt 0.7505 0.1573 0.1573
vt 0.7483 0.1717 0.1717
vt 0.7420 0.1753 0.1753
vt 0.7566 0.1772 0.1772
vt 0.7682 0.1727 0.1727
vt 0.7743 0.1607 0.1607
vt 0.7815 0.1753 0.1753
vt 0.7858 0.1659 0.1659
vt 0.7934 0.1816 0.1816
vt 0.8155 0.1770 0.1770
vt 0.8167 0.1989 0.1989
vt 0.8400 0.1974 0.1974
vt 0.8388 0.1888 0.1888
vt 0.8362 0.1595 0.1595
vt 0.7999 0.1572 0.1572
vt 0.8908 0.2014 0.2014
vt 0.8704 0.1903 0.1903
vt 0.9041 0.1723 0.1723
vt 0.8637 0.1981 0.1981
vt 0.8762 0.2288 0.2288
vt 0.8405 0.2272 0.2272
vt 0.8133 0.2208 0.2208
vt 0.7943 0.1968 0.1968
vt 0.7829 0.1923 0.1923
vt 0.7936 0.2078 0.2078
vt 0.7855 0.2321 0.2321
vt 0.7701 0.2374 0.2374
vt 0.7670 0.2227 0.2227
vt 0.7786 0.2117 0.2117
vt 0.7829 0.2013 0.2013
vt 0.7659 0.2135 0.2135
vt 0.7761 0.2057 0.2057
vt 0.7749 0.1922 0.1922
vt 0.7736 0.1853 0.1853
vt 0.7673 0.1882 0.1882
vt 0.7673 0.1821 0.1821
vt 0.7593 0.1840 0.1840
vt 0.7533 0.2090 0.2090
vt 0.7525 0.2208 0.2208
vt 0.7420 0.2079 0.2079
vt 0.7645 0.2066 0.2066
vt 0.7709 0.1991 0.1991
vt 0.7675 0.1946 0.1946
vt 0.7598 0.1884 0.1884
vt 0.7594 0.1948 0.1948
vt 0.7538 0.1893 0.1893
vt 0.7647 0.2008 0.2008
vt 0.7581 0.1992 0.1992
vt 0.7537 0.1946 0.1946
vt 0.7504 0.1955 0.1955
vt 0.7543 0.2036 0.2036
vt 0.7471 0.2017 0.2017
vt 0.7420 0.2022 0.2022
vt 0.7369 0.2017 0.2017
vt 0.7399 0.1963 0.1963
vt 0.7336 0.1955 0.1955
vt 0.7344 0.1811 0.1811
vt 0.7302 0.1893 0.1893
vt 0.7247 0.1840 0.1840
vt 0.7242 0.1884 0.1884
vt 0.7166 0.1882 0.1882
vt 0.7303 0.1946 0.1946
vt 0.7167 0.1821 0.1821
vt 0.7091 0.1922 0.1922
vt 0.7103 0.1853 0.1853
vt 0.7158 0.1727 0.1727
vt 0.7274 0.1772 0.1772
vt 0.7394 0.1873 0.1873
vt 0.7357 0.1717 0.1717
vt 0.7301 0.1656 0.1656
vt 0.7218 0.1580 0.1580
vt 0.7096 0.1607 0.1607
vt 0.7212 0.1462 0.1462
vt 0.7040 0.1489 0.1489
vt 0.7138 0.1360 0.1360
vt 0.7004 0.1391 0.1391
vt 0.7327 0.1658 0.1658
vt 0.7301 0.1500 0.1500
vt 0.7296 0.1600 0.1600
vt 0.7326 0.1610 0.1610
vt 0.7446 0.1873 0.1873
vt 0.7420 0.1876 0.1876
vt 0.7420 0.1964 0.1964
vt 0.7441 0.1963 0.1963
vt 0.7495 0.1811 0.1811
vt 0.8527 0.5344 0.5344
vt 0.8465 0.5074 0.5074
vt 0.8813 0.5012 0.5012
vt 0.8813 0.5267 0.5267
vt 0.8992 0.5172 0.5172
vt 0.9047 0.5002 0.5002
vt 0.8813 0.5613 0.5613
vt 0.8987 0.5496 0.5496
vt 0.9289 0.5169 0.5169
vt 0.9272 0.4996 0.4996
vt 0.9039 0.4818 0.4818
vt 0.8813 0.4818 0.4818
vt 0.8473 0.4818 0.4818
vt 0.9251 0.4818 0.4818
vt 0.9302 0.5396 0.5396
vt 0.9307 0.6067 0.6067
vt 0.8665 0.4597 0.4597
vt 0.8813 0.4597 0.4597
vt 0.9225 0.4597 0.4597
vt 0.9549 0.4818 0.4818
vt 0.9566 0.5010 0.5010
vt 0.9654 0.5190 0.5190
vt 0.9915 0.4926 0.4926
vt 0.9503 0.4597 0.4597
vt 0.9915 0.4818 0.4818
vt 0.9915 0.4597 0.4597
vt 0.9915 0.5193 0.5193
vt 0.9586 0.5409 0.5409
vt 0.9915 0.5416 0.5416
vt 0.9582 0.6001 0.6001
vt 0.9915 0.6006 0.6006
vt 0.9915 0.6831 0.6831
vt 0.9588 0.6816 0.6816
vt 0.8219 0.5294 0.5294
vt 0.7980 0.5250 0.5250
vt 0.7651 0.4926 0.4926
vt 0.8225 0.5001 0.5001
vt 0.7965 0.4975 0.4975
vt 0.7878 0.4818 0.4818
vt 0.8229 0.4818 0.4818
vt 0.7651 0.4818 0.4818
vt 0.7873 0.4597 0.4597
vt 0.8197 0.4597 0.4597
vt 0.8467 0.4597 0.4597
vt 0.7651 0.4597 0.4597
vt 0.0182 0.5929 0.5929
vt 0.0066 0.5514 0.5514
vt 0.0364 0.5442 0.5442
vt 0.0542 0.6067 0.6067
vt 0.0742 0.5663 0.5663
vt 0.1010 0.6129 0.6129
vt 0.1195 0.5653 0.5653
vt 0.1733 0.5584 0.5584
vt 0.1544 0.6031 0.6031
vt 0.1929 0.5868 0.5868
vt 0.2036 0.5584 0.5584
vt 0.2269 0.5812 0.5812
vt 0.2484 0.5577 0.5577
vt 0.2484 0.5796 0.5796
vt 0.2484 0.5547 0.5547
vt 0.6395 0.0146 0.0146
vt 0.6339 0.0217 0.0217
vt 0.6265 0.0140 0.0140
vt 0.6257 0.0043 0.0043
vt 0.5974 0.0043 0.0043
vt 0.6384 0.0043 0.0043
vt 0.5450 0.0376 0.0376
vt 0.5218 0.0252 0.0252
vt 0.5425 0.0235 0.0235
vt 0.5371 0.0088 0.0088
vt 0.5695 0.0151 0.0151
vt 0.5692 0.0042 0.0042
vt 0.5974 0.0138 0.0138
vt 0.6217 0.0202 0.0202
vt 0.5973 0.0343 0.0343
vt 0.5695 0.0259 0.0259
vt 0.5977 0.0215 0.0215
vt 0.5683 0.0363 0.0363
vt 0.5680 0.0509 0.0509
vt 0.5481 0.0657 0.0657
vt 0.5404 0.0571 0.0571
vt 0.5178 0.0575 0.0575
vt 0.4538 0.0209 0.0209
vt 0.4251 0.0382 0.0382
vt 0.4232 0.0252 0.0252
vt 0.4533 0.0385 0.0385
vt 0.4722 0.0391 0.0391
vt 0.4717 0.0575 0.0575
vt 0.4868 0.0385 0.0385
vt 0.4842 0.0575 0.0575
vt 0.5196 0.0382 0.0382
vt 0.4246 0.0575 0.0575
vt 0.3970 0.0376 0.0376
vt 0.4530 0.0575 0.0575
vt 0.3723 0.0381 0.0381
vt 0.3733 0.0253 0.0253
vt 0.3429 0.0211 0.0211
vt 0.3997 0.0566 0.0566
vt 0.3868 0.0633 0.0633
vt 0.3676 0.0478 0.0478
vt 0.3389 0.0337 0.0337
vt 0.3114 0.0227 0.0227
vt 0.3040 0.0146 0.0146
vt 0.3166 0.0140 0.0140
vt 0.3220 0.0202 0.0202
vt 0.3447 0.0138 0.0138
vt 0.3741 0.0151 0.0151
vt 0.3996 0.0235 0.0235
vt 0.3063 0.0043 0.0043
vt 0.3166 0.0043 0.0043
vt 0.3451 0.0043 0.0043
vt 0.3741 0.0042 0.0042
vt 0.4045 0.0088 0.0088
vt 0.4221 0.0141 0.0141
vt 0.4540 0.0042 0.0042
vt 0.4734 0.0042 0.0042
vt 0.4728 0.0209 0.0209
vt 0.4876 0.0209 0.0209
vt 0.5211 0.0141 0.0141
vt 0.5204 0.0042 0.0042
vt 0.4877 0.0042 0.0042
vt 0.8101 0.2513 0.2513
vt 0.7755 0.2545 0.2545
vt 0.7932 0.2413 0.2413
vt 0.8357 0.2542 0.2542
vt 0.8286 0.2753 0.2753
vt 0.7929 0.2675 0.2675
vt 0.7585 0.2810 0.2810
vt 0.7540 0.2593 0.2593
vt 0.7531 0.2396 0.2396
vt 0.7011 0.1923 0.1923
vt 0.7011 0.2013 0.2013
vt 0.7078 0.2057 0.2057
vt 0.7054 0.2117 0.2117
vt 0.7181 0.2135 0.2135
vt 0.7170 0.2227 0.2227
vt 0.7315 0.2208 0.2208
vt 0.7309 0.2396 0.2396
vt 0.7286 0.2810 0.2810
vt 0.6911 0.2675 0.2675
vt 0.7085 0.2545 0.2545
vt 0.7300 0.2593 0.2593
vt 0.7139 0.2374 0.2374
vt 0.6985 0.2321 0.2321
vt 0.6904 0.2078 0.2078
vt 0.6897 0.1968 0.1968
vt 0.6908 0.2413 0.2413
vt 0.6738 0.2513 0.2513
vt 0.6707 0.2208 0.2208
vt 0.6673 0.1989 0.1989
vt 0.6905 0.1816 0.1816
vt 0.6684 0.1770 0.1770
vt 0.6452 0.1888 0.1888
vt 0.6478 0.1595 0.1595
vt 0.6439 0.1974 0.1974
vt 0.7024 0.1753 0.1753
vt 0.6982 0.1659 0.1659
vt 0.6841 0.1572 0.1572
vt 0.6729 0.1473 0.1473
vt 0.6653 0.1342 0.1342
vt 0.6424 0.1566 0.1566
vt 0.6961 0.1236 0.1236
vt 0.6376 0.1430 0.1430
vt 0.6278 0.1368 0.1368
vt 0.6548 0.1252 0.1252
vt 0.5623 0.1174 0.1174
vt 0.5343 0.1210 0.1210
vt 0.5521 0.1052 0.1052
vt 0.6012 0.1118 0.1118
vt 0.5971 0.0917 0.0917
vt 0.6365 0.0968 0.0968
vt 0.6540 0.1117 0.1117
vt 0.6885 0.1106 0.1106
vt 0.6831 0.0926 0.0926
vt 0.6701 0.0768 0.0768
vt 0.6555 0.0646 0.0646
vt 0.7159 0.1194 0.1194
vt 0.7204 0.1042 0.1042
vt 0.7153 0.0793 0.0793
vt 0.7119 0.0671 0.0671
vt 0.7103 0.0462 0.0462
vt 0.7420 0.1040 0.1040
vt 0.7332 0.1055 0.1055
vt 0.7420 0.0942 0.0942
vt 0.7301 0.0968 0.0968
vt 0.7420 0.0757 0.0757
vt 0.7420 0.0439 0.0439
vt 0.7420 0.0628 0.0628
vt 0.7687 0.0793 0.0793
vt 0.7539 0.0968 0.0968
vt 0.7507 0.1055 0.1055
vt 0.7420 0.1123 0.1123
vt 0.7336 0.1219 0.1219
vt 0.7271 0.1206 0.1206
vt 0.7254 0.1164 0.1164
vt 0.7321 0.1136 0.1136
vt 0.7268 0.1363 0.1363
vt 0.7358 0.1359 0.1359
vt 0.7420 0.1355 0.1355
vt 0.7361 0.1549 0.1549
vt 0.7317 0.1563 0.1563
vt 0.7335 0.1573 0.1573
vt 0.7361 0.1570 0.1570
vt 0.4368 0.5916 0.5916
vt 0.4040 0.5961 0.5961
vt 0.4425 0.5743 0.5743
vt 0.4352 0.5578 0.5578
vt 0.4026 0.5548 0.5548
vt 0.3948 0.5972 0.5972
vt 0.3935 0.5539 0.5539
vt 0.3770 0.5552 0.5552
vt 0.3767 0.5983 0.5983
vt 0.3451 0.5513 0.5513
vt 0.3441 0.6084 0.6084
vt 0.3158 0.6023 0.6023
vt 0.3160 0.5538 0.5538
vt 0.2807 0.5776 0.5776
vt 0.2855 0.5639 0.5639
vt 0.2884 0.5932 0.5932
vt 0.9319 0.1052 0.1052
vt 0.8827 0.1118 0.1118
vt 0.8869 0.0917 0.0917
vt 0.8474 0.0968 0.0968
vt 0.8284 0.0646 0.0646
vt 0.8139 0.0768 0.0768
vt 0.8562 0.1368 0.1368
vt 0.8300 0.1117 0.1117
vt 0.8009 0.0926 0.0926
vt 0.7720 0.0671 0.0671
vt 0.7736 0.0462 0.0462
vt 0.7420 0.0020 0.0020
vt 0.8291 0.1252 0.1252
vt 0.8464 0.1430 0.1430
vt 0.8521 0.1563 0.1563
vt 0.8416 0.1566 0.1566
vt 0.9497 0.1210 0.1210
vt 0.9217 0.1174 0.1174
vt 0.8836 0.1361 0.1361
vt 0.8755 0.1588 0.1588
vt 0.8638 0.1646 0.1646
vt 0.8726 0.1780 0.1780
vt 0.9309 0.1684 0.1684
vt 0.9233 0.1506 0.1506
vt 0.9533 0.1483 0.1483
vt 0.9215 0.1368 0.1368
vt 0.9506 0.1367 0.1367
vt 0.8982 0.1550 0.1550
vt 0.9960 0.2017 0.2017
vt 0.9665 0.2017 0.2017
vt 0.9644 0.1678 0.1678
vt 0.9960 0.1678 0.1678
vt 0.9814 0.1483 0.1483
vt 0.9814 0.1370 0.1370
vt 0.9814 0.1238 0.1238
vt 0.9814 0.1083 0.1083
vt 0.9138 0.2018 0.2018
vt 0.9397 0.2015 0.2015
vt 0.9381 0.2335 0.2335
vt 0.8763 0.2532 0.2532
vt 0.9014 0.2480 0.2480
vt 0.9076 0.2278 0.2278
vt 0.8873 0.2743 0.2743
vt 0.9240 0.2570 0.2570
vt 0.9658 0.2370 0.2370
vt 0.9960 0.2370 0.2370
vt 0.9572 0.2637 0.2637
vt 0.9960 0.2637 0.2637
vt 0.5615 0.9869 0.9869
vt 0.5204 0.9860 0.9860
vt 0.5996 0.9936 0.9936
vt 0.6366 0.9966 0.9966
vt 0.7368 0.9878 0.9878
vt 0.7032 0.9911 0.9911
vt 0.6724 0.9937 0.9937
vt 0.5256 0.4313 0.4313
vt 0.5334 0.4259 0.4259
vt 0.5437 0.4384 0.4384
vt 0.5395 0.4423 0.4423
vt 0.5436 0.4446 0.4446
vt 0.5478 0.4409 0.4409
vt 0.5423 0.4298 0.4298
vt 0.5494 0.4356 0.4356
vt 0.5577 0.4432 0.4432
vt 0.5398 0.4469 0.4469
vt 0.5524 0.4504 0.4504
vt 0.5231 0.4394 0.4394
vt 0.4980 0.4179 0.4179
vt 0.5010 0.4070 0.4070
vt 0.5397 0.4181 0.4181
vt 0.5586 0.4255 0.4255
vt 0.5050 0.3982 0.3982
vt 0.5499 0.4535 0.4535
vt 0.5587 0.4540 0.4540
vt 0.5622 0.4502 0.4502
vt 0.5567 0.4473 0.4473
vt 0.5555 0.4567 0.4567
vt 0.5607 0.4550 0.4550
vt 0.5644 0.4511 0.4511
vt 0.5626 0.4469 0.4469
vt 0.5409 0.3013 0.3013
vt 0.5407 0.3148 0.3148
vt 0.5349 0.2991 0.2991
vt 0.5439 0.2910 0.2910
vt 0.5391 0.2895 0.2895
vt 0.5454 0.2852 0.2852
vt 0.5415 0.2844 0.2844
vt 0.5483 0.2843 0.2843
vt 0.5463 0.2827 0.2827
vt 0.5429 0.2818 0.2818
vt 0.5391 0.2821 0.2821
vt 0.5354 0.2882 0.2882
vt 0.5322 0.2976 0.2976
vt 0.5283 0.3126 0.3126
vt 0.5234 0.3381 0.3381
vt 0.5488 0.3249 0.3249
vt 0.5498 0.3403 0.3403
vt 0.5655 0.3307 0.3307
vt 0.5658 0.3374 0.3374
vt 0.5894 0.3358 0.3358
vt 0.5632 0.3214 0.3214
vt 0.6171 0.3376 0.3376
vt 0.6190 0.3350 0.3350
vt 0.6237 0.3345 0.3345
vt 0.6146 0.3347 0.3347
vt 0.6052 0.3346 0.3346
vt 0.6057 0.3378 0.3378
vt 0.5899 0.3392 0.3392
vt 0.5687 0.3407 0.3407
vt 0.5652 0.3441 0.3441
vt 0.5674 0.3258 0.3258
vt 0.5891 0.3301 0.3301
vt 0.6046 0.3296 0.3296
vt 0.6143 0.3297 0.3297
vt 0.6187 0.3298 0.3298
vt 0.6231 0.3297 0.3297
vt 0.5896 0.3257 0.3257
vt 0.6041 0.3260 0.3260
vt 0.6166 0.3264 0.3264
vt 0.2163 0.1355 0.1355
vt 0.2193 0.1251 0.1251
vt 0.2800 0.1348 0.1348
vt 0.2769 0.1466 0.1466
vt 0.3002 0.1467 0.1467
vt 0.3193 0.1397 0.1397
vt 0.3214 0.1470 0.1470
vt 0.2133 0.1473 0.1473
vt 0.3404 0.1459 0.1459
vt 0.3366 0.1443 0.1443
vt 0.3572 0.1424 0.1424
vt 0.3380 0.1488 0.1488
vt 0.3243 0.1588 0.1588
vt 0.2979 0.1609 0.1609
vt 0.2740 0.1596 0.1596
vt 0.2102 0.1594 0.1594
vt 0.3233 0.1742 0.1742
vt 0.2110 0.1681 0.1681
vt 0.2740 0.1687 0.1687
vt 0.3028 0.1864 0.1864
vt 0.3152 0.1842 0.1842
vt 0.3208 0.1879 0.1879
vt 0.3349 0.1840 0.1840
vt 0.3346 0.1894 0.1894
vt 0.3606 0.1895 0.1895
vt 0.3211 0.1974 0.1974
vt 0.3094 0.2000 0.2000
vt 0.3067 0.2015 0.2015
vt 0.3154 0.1977 0.1977
vt 0.3225 0.2085 0.2085
vt 0.3184 0.2080 0.2080
vt 0.3228 0.2148 0.2148
vt 0.3199 0.2139 0.2139
vt 0.3208 0.2163 0.2163
vt 0.3160 0.2147 0.2147
vt 0.3136 0.2095 0.2095
vt 0.3173 0.2173 0.2173
vt 0.3136 0.2169 0.2169
vt 0.3099 0.2109 0.2109
vt 0.4225 0.0042 0.0042
vt 0.3797 0.1644 0.1644
vt 0.3802 0.1613 0.1613
vt 0.3916 0.1614 0.1614
vt 0.3891 0.1644 0.1644
vt 0.3887 0.1694 0.1694
vt 0.3932 0.1692 0.1692
vt 0.3935 0.1640 0.1640
vt 0.3982 0.1645 0.1645
vt 0.3976 0.1694 0.1694
vt 0.3911 0.1726 0.1726
vt 0.3791 0.1694 0.1694
vt 0.3639 0.1632 0.1632
vt 0.3636 0.1690 0.1690
vt 0.3644 0.1598 0.1598
vt 0.3432 0.1583 0.1583
vt 0.3402 0.1616 0.1616
vt 0.3400 0.1684 0.1684
vt 0.3419 0.1733 0.1733
vt 0.3641 0.1733 0.1733
vt 0.3786 0.1730 0.1730
vt 0.3377 0.1767 0.1767
vt 0.3595 0.1798 0.1798
vt 0.3599 0.1771 0.1771
vt 0.3751 0.1795 0.1795
vt 0.3740 0.1822 0.1822
vt 0.3603 0.1856 0.1856
vt 0.3397 0.1552 0.1552
vt 0.3736 0.1875 0.1875
vt 0.3850 0.1833 0.1833
vt 0.3737 0.1901 0.1901
vt 0.3847 0.1884 0.1884
vt 0.3891 0.1890 0.1890
vt 0.3903 0.1838 0.1838
vt 0.3866 0.1811 0.1811
vt 0.3863 0.1911 0.1911
vt 0.5100 0.3740 0.3740
vt 0.5070 0.3621 0.3621
vt 0.5453 0.3651 0.3651
vt 0.5452 0.3686 0.3686
vt 0.5588 0.3647 0.3647
vt 0.5472 0.3755 0.3755
vt 0.5094 0.3842 0.3842
vt 0.5470 0.3909 0.3909
vt 0.5431 0.4083 0.4083
vt 0.5599 0.4201 0.4201
vt 0.5869 0.3820 0.3820
vt 0.5668 0.3780 0.3780
vt 0.5897 0.3784 0.3784
vt 0.5633 0.3809 0.3809
vt 0.5625 0.3741 0.3741
vt 0.5602 0.3683 0.3683
vt 0.5780 0.3686 0.3686
vt 0.5815 0.3648 0.3648
vt 0.5850 0.3687 0.3687
vt 0.5954 0.3762 0.3762
vt 0.5860 0.3734 0.3734
vt 0.5960 0.3731 0.3731
vt 0.5817 0.3764 0.3764
vt 0.5789 0.3737 0.3737
vt 0.5949 0.3683 0.3683
vt 0.6053 0.3684 0.3684
vt 0.6058 0.3730 0.3730
vt 0.5913 0.3654 0.3654
vt 0.6032 0.3655 0.3655
vt 0.6088 0.3684 0.3684
vt 0.6094 0.3724 0.3724
vt 0.6044 0.3760 0.3760
vt 0.6007 0.3632 0.3632
vt 0.6019 0.3589 0.3589
vt 0.6055 0.3592 0.3592
vt 0.6048 0.3633 0.3633
vt 0.5912 0.3623 0.3623
vt 0.5813 0.3613 0.3613
vt 0.5596 0.3604 0.3604
vt 0.5635 0.3502 0.3502
vt 0.5469 0.3521 0.3521
vt 0.5621 0.3547 0.3547
vt 0.5824 0.3572 0.3572
vt 0.5922 0.3582 0.3582
vt 0.5929 0.3558 0.3558
vt 0.6044 0.3563 0.3563
vt 0.5993 0.3487 0.3487
vt 0.6099 0.3490 0.3490
vt 0.6112 0.3526 0.3526
vt 0.5999 0.3533 0.3533
vt 0.5849 0.3499 0.3499
vt 0.5851 0.3540 0.3540
vt 0.5659 0.3532 0.3532
vt 0.5829 0.3547 0.3547
vt 0.5847 0.3444 0.3444
vt 0.5999 0.3443 0.3443
vt 0.6097 0.3442 0.3442
vt 0.5845 0.3406 0.3406
vt 0.5996 0.3404 0.3404
vt 0.6108 0.3409 0.3409
vt 0.6142 0.3443 0.3443
vt 0.6142 0.3489 0.3489
vt 0.2179 0.1021 0.1021
vt 0.2149 0.0926 0.0926
vt 0.2755 0.0920 0.0920
vt 0.2110 0.0802 0.0802
vt 0.2725 0.0811 0.0811
vt 0.3000 0.0677 0.0677
vt 0.3078 0.0731 0.0731
vt 0.2976 0.0597 0.0597
vt 0.3168 0.0692 0.0692
vt 0.3331 0.0735 0.0735
vt 0.3182 0.0606 0.0606
vt 0.3139 0.0567 0.0567
vt 0.3142 0.0521 0.0521
vt 0.3181 0.0545 0.0545
vt 0.3269 0.0487 0.0487
vt 0.3223 0.0581 0.0581
vt 0.3312 0.0517 0.0517
vt 0.3239 0.0634 0.0634
vt 0.3322 0.0558 0.0558
vt 0.3367 0.0488 0.0488
vt 0.3331 0.0450 0.0450
vt 0.3371 0.0522 0.0522
vt 0.3388 0.0479 0.0479
vt 0.3352 0.0440 0.0440
vt 0.3300 0.0423 0.0423
vt 0.3243 0.0455 0.0455
vt 0.3592 0.1546 0.1546
vt 0.3594 0.1492 0.1492
vt 0.3738 0.1504 0.1504
vt 0.3743 0.1547 0.1547
vt 0.3842 0.1549 0.1549
vt 0.3844 0.1500 0.1500
vt 0.3590 0.1584 0.1584
vt 0.3741 0.1586 0.1586
vt 0.3853 0.1582 0.1582
vt 0.3887 0.1547 0.1547
vt 0.3887 0.1502 0.1502
vt 0.3857 0.1465 0.1465
vt 0.3744 0.1457 0.1457
vt 0.3596 0.1450 0.1450
vt 0.3577 0.1449 0.1449
vt 0.3674 0.1433 0.1433
vt 0.3666 0.1409 0.1409
vt 0.3789 0.1427 0.1427
vt 0.3764 0.1401 0.1401
vt 0.3799 0.1398 0.1398
vt 0.3752 0.1359 0.1359
vt 0.3793 0.1357 0.1357
vt 0.3777 0.1335 0.1335
vt 0.3657 0.1368 0.1368
vt 0.3558 0.1377 0.1377
vt 0.3340 0.1387 0.1387
vt 0.3198 0.1339 0.1339
vt 0.3658 0.1336 0.1336
vt 0.3560 0.1343 0.1343
vt 0.3336 0.1341 0.1341
vt 0.3197 0.1304 0.1304
vt 0.2845 0.1250 0.1250
vt 0.3217 0.1235 0.1235
vt 0.2839 0.1148 0.1148
vt 0.3369 0.1250 0.1250
vt 0.3347 0.1307 0.1307
vt 0.3525 0.1304 0.1304
vt 0.3595 0.1304 0.1304
vt 0.3694 0.1307 0.1307
vt 0.3798 0.1306 0.1306
vt 0.3413 0.1210 0.1210
vt 0.3534 0.1253 0.1253
vt 0.3605 0.1257 0.1257
vt 0.3705 0.1259 0.1259
vt 0.3803 0.1261 0.1261
vt 0.3833 0.1306 0.1306
vt 0.3839 0.1266 0.1266
vt 0.3789 0.1231 0.1231
vt 0.3699 0.1228 0.1228
vt 0.3561 0.1227 0.1227
vt 0.3934 0.1177 0.1177
vt 0.3932 0.1152 0.1152
vt 0.3951 0.1155 0.1155
vt 0.3787 0.1160 0.1160
vt 0.3796 0.1200 0.1200
vt 0.3659 0.1170 0.1170
vt 0.3641 0.1206 0.1206
vt 0.3614 0.1170 0.1170
vt 0.3378 0.1182 0.1182
vt 0.3214 0.1082 0.1082
vt 0.3399 0.1113 0.1113
vt 0.3615 0.1103 0.1103
vt 0.3654 0.1104 0.1104
vt 0.3790 0.1107 0.1107
vt 0.3931 0.1109 0.1109
vt 0.3441 0.1068 0.1068
vt 0.3630 0.1066 0.1066
vt 0.3799 0.1071 0.1071
vt 0.3926 0.1087 0.1087
vt 0.3951 0.1109 0.1109
vt 0.3643 0.1019 0.1019
vt 0.3650 0.1053 0.1053
vt 0.3405 0.1048 0.1048
vt 0.3402 0.0954 0.0954
vt 0.3640 0.0949 0.0949
vt 0.3428 0.0918 0.0918
vt 0.3666 0.0918 0.0918
vt 0.3694 0.0949 0.0949
vt 0.3871 0.0914 0.0914
vt 0.3872 0.0949 0.0949
vt 0.4027 0.0919 0.0919
vt 0.3620 0.0874 0.0874
vt 0.3652 0.0816 0.0816
vt 0.3785 0.0837 0.0837
vt 0.3598 0.0828 0.0828
vt 0.3382 0.0871 0.0871
vt 0.3176 0.0908 0.0908
vt 0.3344 0.0790 0.0790
vt 0.3586 0.0768 0.0768
vt 0.3639 0.0758 0.0758
vt 0.3775 0.0794 0.0794
vt 0.3758 0.0737 0.0737
vt 0.3918 0.0767 0.0767
vt 0.3907 0.0720 0.0720
vt 0.3758 0.0701 0.0701
vt 0.3885 0.0682 0.0682
vt 0.3949 0.0712 0.0712
vt 0.3961 0.0764 0.0764
vt 0.3912 0.0815 0.0815
vt 0.2795 0.1009 0.1009
vt 0.3141 0.0810 0.0810
vt 0.3602 0.0722 0.0722
vt 0.2212 0.1147 0.1147
vt 0.0020 0.0153 0.0153
vt 0.0184 0.0038 0.0038
vt 0.0088 0.0220 0.0220
vt 0.0429 0.0326 0.0326
vt 0.0127 0.0259 0.0259
vt 0.0233 0.0161 0.0161
vt 0.0213 0.0110 0.0110
vt 0.0474 0.0117 0.0117
vt 0.0479 0.0032 0.0032
vt 0.0793 0.0043 0.0043
vt 0.0778 0.0170 0.0170
vt 0.0494 0.0227 0.0227
vt 0.0882 0.0284 0.0284
vt 0.0831 0.0418 0.0418
vt 0.1046 0.0090 0.0090
vt 0.1198 0.0530 0.0530
vt 0.1101 0.0265 0.0265
vt 0.1210 0.0025 0.0025
vt 0.1081 0.0576 0.0576
vt 0.1095 0.1240 0.1240
vt 0.1182 0.1242 0.1242
vt 0.1323 0.0621 0.0621
vt 0.1294 0.1241 0.1241
vt 0.1396 0.1242 0.1242
vt 0.1472 0.0502 0.0502
vt 0.1531 0.1236 0.1236
vt 0.1671 0.1252 0.1252
vt 0.1668 0.0509 0.0509
vt 0.1564 0.0511 0.0511
vt 0.1569 0.0334 0.0334
vt 0.1419 0.0322 0.0322
vt 0.1692 0.0321 0.0321
vt 0.1711 0.0187 0.0187
vt 0.1829 0.0369 0.0369
vt 0.1855 0.0194 0.0194
vt 0.1981 0.0220 0.0220
vt 0.1856 0.0028 0.0028
vt 0.2057 0.0055 0.0055
vt 0.1546 0.0174 0.0174
vt 0.1405 0.0192 0.0192
vt 0.1230 0.0202 0.0202
vt 0.1409 0.0037 0.0037
vt 0.1534 0.0037 0.0037
vt 0.1662 0.0037 0.0037
vt 0.1264 0.0350 0.0350
vt 0.1292 0.0498 0.0498
vt 0.2175 0.0276 0.0276
vt 0.2261 0.0134 0.0134
vt 0.2560 0.0164 0.0164
vt 0.2567 0.0104 0.0104
vt 0.2774 0.0144 0.0144
vt 0.2797 0.0113 0.0113
vt 0.2259 0.0028 0.0028
vt 0.2585 0.0019 0.0019
vt 0.2802 0.0034 0.0034
vt 0.2924 0.0203 0.0203
vt 0.2891 0.0225 0.0225
vt 0.2613 0.0281 0.0281
vt 0.2947 0.0123 0.0123
vt 0.2284 0.0379 0.0379
vt 0.1933 0.0528 0.0528
vt 0.1791 0.0526 0.0526
vt 0.1790 0.0648 0.0648
vt 0.1779 0.1236 0.1236
vt 0.1916 0.1253 0.1253
vt 0.2050 0.0565 0.0565
vt 0.2034 0.1240 0.1240
vt 0.9754 0.2957 0.2957
vt 0.9920 0.3082 0.3082
vt 0.9947 0.3321 0.3321
vt 0.9831 0.4104 0.4104
vt 0.9724 0.4317 0.4317
vt 0.9581 0.4315 0.4315
vt 0.9479 0.4244 0.4244
vt 0.9479 0.4026 0.4026
vt 0.9510 0.3845 0.3845
vt 0.9861 0.3883 0.3883
vt 0.9456 0.3567 0.3567
vt 0.9901 0.3661 0.3661
vt 0.9469 0.3222 0.3222
vt 0.9575 0.2935 0.2935
vt 0.2074 0.2892 0.2892
vt 0.2074 0.2262 0.2262
vt 0.1867 0.2262 0.2262
vt 0.1864 0.1559 0.1559
vt 0.2074 0.1560 0.1560
vt 0.2074 0.1283 0.1283
vt 0.1874 0.1283 0.1283
vt 0.1660 0.1559 0.1559
vt 0.1675 0.1283 0.1283
vt 0.1416 0.1558 0.1558
vt 0.1432 0.1283 0.1283
vt 0.2074 0.3608 0.3608
vt 0.2074 0.3382 0.3382
vt 0.1863 0.3382 0.3382
vt 0.1866 0.2892 0.2892
vt 0.1652 0.2262 0.2262
vt 0.1405 0.2262 0.2262
vt 0.1182 0.1558 0.1558
vt 0.1406 0.3382 0.3382
vt 0.1659 0.2892 0.2892
vt 0.1397 0.2892 0.2892
vt 0.1673 0.3382 0.3382
vt 0.1663 0.3608 0.3608
vt 0.1404 0.3608 0.3608
vt 0.1175 0.3382 0.3382
vt 0.1161 0.2892 0.2892
vt 0.1162 0.2262 0.2262
vt 0.0941 0.2262 0.2262
vt 0.1862 0.3608 0.3608
vt 0.1663 0.3854 0.3854
vt 0.1405 0.3853 0.3853
vt 0.1178 0.3608 0.3608
vt 0.1175 0.3852 0.3852
vt 0.1658 0.4302 0.4302
vt 0.1862 0.3854 0.3854
vt 0.1862 0.4300 0.4300
vt 0.1643 0.4830 0.4830
vt 0.0940 0.3852 0.3852
vt 0.1181 0.4289 0.4289
vt 0.1415 0.4293 0.4293
vt 0.1419 0.4811 0.4811
vt 0.1425 0.5046 0.5046
vt 0.1674 0.5053 0.5053
vt 0.1673 0.5152 0.5152
vt 0.1204 0.5160 0.5160
vt 0.1444 0.5147 0.5147
vt 0.0938 0.3608 0.3608
vt 0.0723 0.3608 0.3608
vt 0.0728 0.3853 0.3853
vt 0.0734 0.4299 0.4299
vt 0.0947 0.4294 0.4294
vt 0.0714 0.4881 0.4881
vt 0.0956 0.4868 0.4868
vt 0.1197 0.4830 0.4830
vt 0.1206 0.5071 0.5071
vt 0.0960 0.5186 0.5186
vt 0.0958 0.5070 0.5070
vt 0.0698 0.5070 0.5070
vt 0.0681 0.5214 0.5214
vt 0.0464 0.4870 0.4870
vt 0.0465 0.4303 0.4303
vt 0.0450 0.3855 0.3855
vt 0.0449 0.3608 0.3608
vt 0.0167 0.3854 0.3854
vt 0.0167 0.3608 0.3608
vt 0.0167 0.3382 0.3382
vt 0.0453 0.2892 0.2892
vt 0.0167 0.2262 0.2262
vt 0.0167 0.2892 0.2892
vt 0.0447 0.3382 0.3382
vt 0.0724 0.3382 0.3382
vt 0.0940 0.3382 0.3382
vt 0.0940 0.2892 0.2892
vt 0.0726 0.2892 0.2892
vt 0.0712 0.2262 0.2262
vt 0.0455 0.2262 0.2262
vt 0.0450 0.1559 0.1559
vt 0.0946 0.1558 0.1558
vt 0.0719 0.1558 0.1558
vt 0.0447 0.1283 0.1283
vt 0.0167 0.1283 0.1283
vt 0.0167 0.1560 0.1560
vt 0.1202 0.1283 0.1283
vt 0.0952 0.1283 0.1283
vt 0.0691 0.1283 0.1283
vt 0.4530 0.1304 0.1304
vt 0.4251 0.1419 0.1419
vt 0.4118 0.1313 0.1313
vt 0.4268 0.2414 0.2414
vt 0.4530 0.2434 0.2434
vt 0.4530 0.2948 0.2948
vt 0.4267 0.1894 0.1894
vt 0.4530 0.1908 0.1908
vt 0.4530 0.1431 0.1431
vt 0.4941 0.1313 0.1313
vt 0.4808 0.1419 0.1419
vt 0.4792 0.1894 0.1894
vt 0.4792 0.2414 0.2414
vt 0.4786 0.2932 0.2932
vt 0.4837 0.3534 0.3534
vt 0.4530 0.3548 0.3548
vt 0.4918 0.4178 0.4178
vt 0.4530 0.4131 0.4131
vt 0.4805 0.4501 0.4501
vt 0.4355 0.4629 0.4629
vt 0.4324 0.4625 0.4625
vt 0.4530 0.4416 0.4416
vt 0.4254 0.4501 0.4501
vt 0.4136 0.4433 0.4433
vt 0.4141 0.4178 0.4178
vt 0.4222 0.3534 0.3534
vt 0.4273 0.2932 0.2932
vt 0.4285 0.4752 0.4752
vt 0.4530 0.4458 0.4458
vt 0.4775 0.4752 0.4752
vt 0.4748 0.4625 0.4625
vt 0.4536 0.4413 0.4413
vt 0.4717 0.4629 0.4629
vt 0.4753 0.4650 0.4650
vt 0.4827 0.4540 0.4540
vt 0.4781 0.4619 0.4619
vt 0.4805 0.4750 0.4750
vt 0.4832 0.4911 0.4911
vt 0.4855 0.4913 0.4913
vt 0.4749 0.5049 0.5049
vt 0.4760 0.5075 0.5075
vt 0.4845 0.5205 0.5205
vt 0.4984 0.4911 0.4911
vt 0.4861 0.4551 0.4551
vt 0.4530 0.5108 0.5108
vt 0.4530 0.5134 0.5134
vt 0.4530 0.5283 0.5283
vt 0.4214 0.5205 0.5205
vt 0.4300 0.5075 0.5075
vt 0.4310 0.5049 0.5049
vt 0.4204 0.4913 0.4913
vt 0.4227 0.4911 0.4911
vt 0.4254 0.4750 0.4750
vt 0.4318 0.4650 0.4650
vt 0.4294 0.4613 0.4613
vt 0.4137 0.5042 0.5042
vt 0.4075 0.4911 0.4911
vt 0.4126 0.4677 0.4677
vt 0.4210 0.4554 0.4554
vt 0.4231 0.4540 0.4540
vt 0.0453 0.5071 0.5071
vt 0.0439 0.5217 0.5217
vt 0.0167 0.5095 0.5095
vt 0.0167 0.4893 0.4893
vt 0.0167 0.4305 0.4305
vt 0.2878 0.9419 0.9419
vt 0.3197 0.9573 0.9573
vt 0.3159 0.9610 0.9610
vt 0.2886 0.9480 0.9480
vt 0.3046 0.9713 0.9713
vt 0.2845 0.9578 0.9578
vt 0.2969 0.9765 0.9765
vt 0.2814 0.9648 0.9648
vt 0.2797 0.9687 0.9687
vt 0.2560 0.9701 0.9701
vt 0.2934 0.9809 0.9809
vt 0.2560 0.9656 0.9656
vt 0.2306 0.9648 0.9648
vt 0.2323 0.9687 0.9687
vt 0.2560 0.9740 0.9740
vt 0.2783 0.9723 0.9723
vt 0.2909 0.9839 0.9839
vt 0.2950 0.9943 0.9943
vt 0.2337 0.9723 0.9723
vt 0.2211 0.9839 0.9839
vt 0.2560 0.9476 0.9476
vt 0.2560 0.9584 0.9584
vt 0.2274 0.9578 0.9578
vt 0.2150 0.9765 0.9765
vt 0.2186 0.9809 0.9809
vt 0.2169 0.9943 0.9943
vt 0.1961 0.9610 0.9610
vt 0.1923 0.9573 0.9573
vt 0.2241 0.9419 0.9419
vt 0.2234 0.9480 0.9480
vt 0.2074 0.9713 0.9713
vt 0.2137 0.9930 0.9930
vt 0.2014 0.9898 0.9898
vt 0.1896 0.9854 0.9854
vt 0.1856 0.9803 0.9803
vt 0.1697 0.9406 0.9406
vt 0.1713 0.9061 0.9061
vt 0.1448 0.9100 0.9100
vt 0.1649 0.8513 0.8513
vt 0.1374 0.9434 0.9434
vt 0.1674 0.9636 0.9636
vt 0.2086 0.9009 0.9009
vt 0.2093 0.8399 0.8399
vt 0.1689 0.7691 0.7691
vt 0.2054 0.7685 0.7685
vt 0.1701 0.7135 0.7135
vt 0.2060 0.7125 0.7125
vt 0.2055 0.6664 0.6664
vt 0.2560 0.6658 0.6658
vt 0.2560 0.7664 0.7664
vt 0.3430 0.7691 0.7691
vt 0.3837 0.7147 0.7147
vt 0.3837 0.7713 0.7713
vt 0.3418 0.7135 0.7135
vt 0.3066 0.7685 0.7685
vt 0.3060 0.7125 0.7125
vt 0.2560 0.7125 0.7125
vt 0.3065 0.6664 0.6664
vt 0.3419 0.6665 0.6665
vt 0.3837 0.6674 0.6674
vt 0.4265 0.6686 0.6686
vt 0.4267 0.7185 0.7185
vt 0.4279 0.7724 0.7724
vt 0.4647 0.7745 0.7745
vt 0.4582 0.8308 0.8308
vt 0.4997 0.8342 0.8342
vt 0.4656 0.6689 0.6689
vt 0.4274 0.6236 0.6236
vt 0.4667 0.7215 0.7215
vt 0.5041 0.7739 0.7739
vt 0.5062 0.8341 0.8341
vt 0.4907 0.8990 0.8990
vt 0.4956 0.8985 0.8985
vt 0.4941 0.9199 0.9199
vt 0.5114 0.7739 0.7739
vt 0.5035 0.7223 0.7223
vt 0.5035 0.6697 0.6697
vt 0.5108 0.7221 0.7221
vt 0.5107 0.6701 0.6701
vt 0.5092 0.6226 0.6226
vt 0.5017 0.6227 0.6227
vt 0.4641 0.6221 0.6221
vt 0.2067 0.6198 0.6198
vt 0.2560 0.6194 0.6194
vt 0.3053 0.6198 0.6198
vt 0.3382 0.6198 0.6198
vt 0.3837 0.6231 0.6231
vt 0.1738 0.6198 0.6198
vt 0.1700 0.6665 0.6665
vt 0.1282 0.6231 0.6231
vt 0.1282 0.6674 0.6674
vt 0.0845 0.6236 0.6236
vt 0.0853 0.6686 0.6686
vt 0.1282 0.7147 0.7147
vt 0.0851 0.7185 0.7185
vt 0.0839 0.7724 0.7724
vt 0.0472 0.7745 0.7745
vt 0.1282 0.7713 0.7713
vt 0.0868 0.8339 0.8339
vt 0.0536 0.8308 0.8308
vt 0.0933 0.8795 0.8795
vt 0.0634 0.8890 0.8890
vt 0.0971 0.9207 0.9207
vt 0.1282 0.8165 0.8165
vt 0.1486 0.8202 0.8202
vt 0.0592 0.8957 0.8957
vt 0.0481 0.9289 0.9289
vt 0.0552 0.8995 0.8995
vt 0.0520 0.9286 0.9286
vt 0.0678 0.9235 0.9235
vt 0.0683 0.9576 0.9576
vt 0.0983 0.9576 0.9576
vt 0.0285 0.8991 0.8991
vt 0.0488 0.9576 0.9576
vt 0.0462 0.9576 0.9576
vt 0.0083 0.6697 0.6697
vt 0.0083 0.7223 0.7223
vt 0.0059 0.7221 0.7221
vt 0.0053 0.7739 0.7739
vt 0.0077 0.7739 0.7739
vt 0.0105 0.8341 0.8341
vt 0.0121 0.8342 0.8342
vt 0.0211 0.8990 0.8990
vt 0.0228 0.9211 0.9211
vt 0.0343 0.9356 0.9356
vt 0.0235 0.9380 0.9380
vt 0.0162 0.8985 0.8985
vt 0.0177 0.9199 0.9199
vt 0.0177 0.9361 0.9361
vt 0.0220 0.9576 0.9576
vt 0.0343 0.9576 0.9576
vt 0.0164 0.9576 0.9576
vt 0.2405 0.2892 0.2892
vt 0.2118 0.3382 0.3382
vt 0.2118 0.2892 0.2892
vt 0.2118 0.2422 0.2422
vt 0.2402 0.2421 0.2421
vt 0.2118 0.2195 0.2195
vt 0.2399 0.2195 0.2195
vt 0.2118 0.3854 0.3854
vt 0.2118 0.3608 0.3608
vt 0.2401 0.3608 0.3608
vt 0.2398 0.3382 0.3382
vt 0.2664 0.2892 0.2892
vt 0.2670 0.2421 0.2421
vt 0.2661 0.2195 0.2195
vt 0.2898 0.2421 0.2421
vt 0.2676 0.3382 0.3382
vt 0.2892 0.2892 0.2892
vt 0.3133 0.2421 0.2421
vt 0.2118 0.4305 0.4305
vt 0.2401 0.3855 0.3855
vt 0.2675 0.3608 0.3608
vt 0.2892 0.3382 0.3382
vt 0.3113 0.2892 0.2892
vt 0.3349 0.2892 0.2892
vt 0.3368 0.2421 0.2421
vt 0.3611 0.2421 0.2421
vt 0.3611 0.2892 0.2892
vt 0.3358 0.3382 0.3382
vt 0.3126 0.3382 0.3382
vt 0.2680 0.3853 0.3853
vt 0.2890 0.3608 0.3608
vt 0.3129 0.3608 0.3608
vt 0.3356 0.3608 0.3608
vt 0.3607 0.3382 0.3382
vt 0.3818 0.2892 0.2892
vt 0.3815 0.2422 0.2422
vt 0.4026 0.2195 0.2195
vt 0.4026 0.2422 0.2422
vt 0.4026 0.2892 0.2892
vt 0.3815 0.3382 0.3382
vt 0.3596 0.3608 0.3608
vt 0.3596 0.3854 0.3854
vt 0.3357 0.3853 0.3853
vt 0.3585 0.4302 0.4302
vt 0.4026 0.3382 0.3382
vt 0.4026 0.3608 0.3608
vt 0.3813 0.3854 0.3854
vt 0.4026 0.3854 0.3854
vt 0.3813 0.3608 0.3608
vt 0.3132 0.4289 0.4289
vt 0.3366 0.4293 0.4293
vt 0.3370 0.4811 0.4811
vt 0.3148 0.4830 0.4830
vt 0.2907 0.4868 0.4868
vt 0.3158 0.5071 0.5071
vt 0.2909 0.5070 0.5070
vt 0.2912 0.5186 0.5186
vt 0.2650 0.5070 0.5070
vt 0.2633 0.5214 0.5214
vt 0.3155 0.5160 0.5160
vt 0.3376 0.5046 0.5046
vt 0.3594 0.4812 0.4812
vt 0.3814 0.4300 0.4300
vt 0.4026 0.4305 0.4305
vt 0.3844 0.4868 0.4868
vt 0.3851 0.5099 0.5099
vt 0.3626 0.5041 0.5041
vt 0.3625 0.5134 0.5134
vt 0.3395 0.5147 0.5147
vt 0.4026 0.4893 0.4893
vt 0.4026 0.5095 0.5095
vt 0.4435 0.9576 0.9576
vt 0.4135 0.9576 0.9576
vt 0.4148 0.9207 0.9207
vt 0.4598 0.9286 0.9286
vt 0.4631 0.9576 0.9576
vt 0.4441 0.9235 0.9235
vt 0.4484 0.8890 0.8890
vt 0.4185 0.8795 0.8795
vt 0.4250 0.8339 0.8339
vt 0.3837 0.8165 0.8165
vt 0.4579 0.8879 0.8879
vt 0.4526 0.8957 0.8957
vt 0.4761 0.8972 0.8972
vt 0.4833 0.8991 0.8991
vt 0.4627 0.8871 0.8871
vt 0.4637 0.9289 0.9289
vt 0.4566 0.8992 0.8992
vt 0.4891 0.9211 0.9211
vt 0.4883 0.9380 0.9380
vt 0.4775 0.9356 0.9356
vt 0.4941 0.9361 0.9361
vt 0.4898 0.9576 0.9576
vt 0.4775 0.9576 0.9576
vt 0.4656 0.9576 0.9576
vt 0.4954 0.9576 0.9576
vt 0.2898 0.4294 0.4294
vt 0.2666 0.4881 0.4881
vt 0.2686 0.4299 0.4299
vt 0.2892 0.3852 0.3852
vt 0.3126 0.3852 0.3852
vt 0.2417 0.4303 0.4303
vt 0.2416 0.4870 0.4870
vt 0.2405 0.5071 0.5071
vt 0.2391 0.5217 0.5217
vt 0.2118 0.5095 0.5095
vt 0.2118 0.4893 0.4893
vt 0.2074 0.4305 0.4305
vt 0.1893 0.4868 0.4868
vt 0.2074 0.4893 0.4893
vt 0.1899 0.5099 0.5099
vt 0.2074 0.5095 0.5095
vt 0.2074 0.3854 0.3854
vt 0.3027 0.8399 0.8399
vt 0.2560 0.8998 0.8998
vt 0.2560 0.8362 0.8362
vt 0.2560 0.9417 0.9417
vt 0.3633 0.8202 0.8202
vt 0.3470 0.8513 0.8513
vt 0.3034 0.9009 0.9009
vt 0.3407 0.9061 0.9061
vt 0.3422 0.9406 0.9406
vt 0.3671 0.9100 0.9100
vt 0.3745 0.9434 0.9434
vt 0.3445 0.9636 0.9636
vt 0.3263 0.9803 0.9803
vt 0.2982 0.9930 0.9930
vt 0.3105 0.9898 0.9898
vt 0.3224 0.9854 0.9854
vt 0.0539 0.8879 0.8879
vt 0.0323 0.8981 0.8981
vt 0.0497 0.8871 0.8871
vt 0.0463 0.6689 0.6689
vt 0.0451 0.7215 0.7215
vt 0.0478 0.6221 0.6221
vt 0.0101 0.6227 0.6227
vt 0.0076 0.6226 0.6226
vt 0.0060 0.6701 0.6701
vt 0.5333 0.1367 0.1367
vt 0.5026 0.1370 0.1370
vt 0.5026 0.1238 0.1238
vt 0.5026 0.1083 0.1083
vt 0.5702 0.2018 0.2018
vt 0.5459 0.2335 0.2335
vt 0.5443 0.2015 0.2015
vt 0.5531 0.1684 0.1684
vt 0.5172 0.1678 0.1678
vt 0.5307 0.1483 0.1483
vt 0.5026 0.1483 0.1483
vt 0.5625 0.1368 0.1368
vt 0.6004 0.1361 0.1361
vt 0.6319 0.1563 0.1563
vt 0.6084 0.1588 0.1588
vt 0.5858 0.1550 0.1550
vt 0.5607 0.1506 0.1506
vt 0.6202 0.1646 0.1646
vt 0.6114 0.1780 0.1780
vt 0.5799 0.1723 0.1723
vt 0.6203 0.1981 0.1981
vt 0.5932 0.2014 0.2014
vt 0.6136 0.1903 0.1903
vt 0.5764 0.2278 0.2278
vt 0.6078 0.2288 0.2288
vt 0.6434 0.2272 0.2272
vt 0.6553 0.2753 0.2753
vt 0.6483 0.2542 0.2542
vt 0.6076 0.2532 0.2532
vt 0.5825 0.2480 0.2480
vt 0.5171 0.2017 0.2017
vt 0.5172 0.2370 0.2370
vt 0.5599 0.2570 0.2570
vt 0.5967 0.2743 0.2743
vt 0.5172 0.2637 0.2637
vt 0.7193 0.2008 0.2008
vt 0.7195 0.2066 0.2066
vt 0.7130 0.1991 0.1991
vt 0.7164 0.1946 0.1946
vt 0.7259 0.1992 0.1992
vt 0.7297 0.2036 0.2036
vt 0.7307 0.2090 0.2090
vt 0.7246 0.1948 0.1948
vt 0.8902 0.0336 0.0336
vt 0.8948 0.0345 0.0345
vt 0.8876 0.0488 0.0488
vt 0.9072 0.0360 0.0360
vt 0.8830 0.0694 0.0694
vt 0.8254 0.0504 0.0504
vt 0.8143 0.0258 0.0258
vt 0.8187 0.0257 0.0257
vt 0.8326 0.0420 0.0420
vt 0.8491 0.0583 0.0583
vt 0.8474 0.0707 0.0707
vt 0.8746 0.0603 0.0603
vt 0.8848 0.0457 0.0457
vt 0.8857 0.0208 0.0208
vt 0.8713 0.0525 0.0525
vt 0.8513 0.0234 0.0234
vt 0.8513 0.0497 0.0497
vt 0.8366 0.0328 0.0328
vt 0.8226 0.0250 0.0250
vt 0.8214 0.0095 0.0095
vt 0.8888 0.0198 0.0198
vt 0.8848 0.0073 0.0073
vt 0.8693 0.0054 0.0054
vt 0.8256 0.0015 0.0015
vt 0.5654 0.3877 0.3877
vt 0.5870 0.3887 0.3887
vt 0.5909 0.3886 0.3886
vt 0.5914 0.3820 0.3820
vt 0.6043 0.3831 0.3831
vt 0.6045 0.3883 0.3883
vt 0.6187 0.3838 0.3838
vt 0.6186 0.3881 0.3881
vt 0.6181 0.3903 0.3903
vt 0.6206 0.3881 0.3881
vt 0.6207 0.3835 0.3835
vt 0.6189 0.3813 0.3813
vt 0.6051 0.3791 0.3791
vt 0.5657 0.4036 0.4036
vt 0.5660 0.3942 0.3942
vt 0.5696 0.3923 0.3923
vt 0.5885 0.3924 0.3924
vt 0.6054 0.3920 0.3920
vt 0.5683 0.4072 0.4072
vt 0.5895 0.4042 0.4042
vt 0.5921 0.4072 0.4072
vt 0.5898 0.3971 0.3971
vt 0.5905 0.3938 0.3938
vt 0.5949 0.3974 0.3974
vt 0.6130 0.3952 0.3952
vt 0.6130 0.3985 0.3985
vt 0.6284 0.3960 0.3960
vt 0.6127 0.4041 0.4041
vt 0.5949 0.4041 0.4041
vt 0.6301 0.3991 0.3991
vt 0.6296 0.4039 0.4039
vt 0.6282 0.4072 0.4072
vt 0.6127 0.4076 0.4076
vt 0.5463 0.3111 0.3111
vt 0.5601 0.3096 0.3096
vt 0.5605 0.3151 0.3151
vt 0.5861 0.3095 0.3095
vt 0.5858 0.3134 0.3134
vt 0.5992 0.3089 0.3089
vt 0.5991 0.3116 0.3116
vt 0.6102 0.3106 0.3106
vt 0.6118 0.3079 0.3079
vt 0.6146 0.3101 0.3101
vt 0.6105 0.3157 0.3157
vt 0.5996 0.3168 0.3168
vt 0.5850 0.3192 0.3192
vt 0.5854 0.3219 0.3219
vt 0.6006 0.3195 0.3195
vt 0.6121 0.3179 0.3179
vt 0.6158 0.3152 0.3152
vt 0.5467 0.3017 0.3017
vt 0.5480 0.2905 0.2905
vt 0.4995 0.3394 0.3394
vt 0.4996 0.3304 0.3304
vt 0.5024 0.3524 0.3524
vt 0.5257 0.3524 0.3524
vt 0.5448 0.3593 0.3593
vt 0.5638 0.4120 0.4120
vt 0.5841 0.4222 0.4222
vt 0.5853 0.4162 0.4162
vt 0.5908 0.4174 0.4174
vt 0.5894 0.4232 0.4232
vt 0.6030 0.4196 0.4196
vt 0.6013 0.4253 0.4253
vt 0.6173 0.4223 0.4223
vt 0.6162 0.4271 0.4271
vt 0.5858 0.4268 0.4268
vt 0.6013 0.4289 0.4289
vt 0.6140 0.4309 0.4309
vt 0.6204 0.4278 0.4278
vt 0.6216 0.4227 0.4227
vt 0.6167 0.4175 0.4175
vt 0.6040 0.4153 0.4153
vt 0.5875 0.4116 0.4116
vt 0.7585 0.3113 0.3113
vt 0.7787 0.2875 0.2875
vt 0.7814 0.3147 0.3147
vt 0.7585 0.3488 0.3488
vt 0.7805 0.3451 0.3451
vt 0.7787 0.3698 0.3698
vt 0.7585 0.3776 0.3776
vt 0.7286 0.3488 0.3488
vt 0.7286 0.3776 0.3776
vt 0.7083 0.3698 0.3698
vt 0.7065 0.3451 0.3451
vt 0.7057 0.3147 0.3147
vt 0.7286 0.3113 0.3113
vt 0.7083 0.2875 0.2875
vt 0.2904 0.2195 0.2195
vt 0.3141 0.2195 0.2195
vt 0.3371 0.2195 0.2195
vt 0.3614 0.2195 0.2195
vt 0.3813 0.2195 0.2195
vt 0.4041 0.0951 0.0951
vt 0.3874 0.1005 0.1005
vt 0.4046 0.0999 0.0999
vt 0.4029 0.1030 0.1030
vt 0.3875 0.1038 0.1038
vt 0.3694 0.1016 0.1016
# 1601 texture coords

o Corpse_Pose_D
g Corpse_Pose_D
usemtl CorpseMaleRimShader
s 1
f 1/1/1 2/2/2 3/3/3 
f 4/4/4 5/5/5 6/6/6 
f 4/4/4 6/6/6 7/7/7 
f 8/8/8 4/4/4 7/7/7 
f 9/9/9 8/8/8 7/7/7 
f 10/10/10 9/9/9 7/7/7 
f 6/6/6 10/10/10 7/7/7 
f 11/11/11 10/10/10 6/6/6 
f 5/5/5 11/11/11 6/6/6 
f 5/5/5 12/12/12 11/11/11 
f 12/12/12 13/13/13 11/11/11 
f 14/14/14 13/13/13 12/12/12 
f 14/14/14 15/15/15 13/13/13 
f 16/16/16 17/17/17 8/8/8 
f 18/18/18 19/19/19 15/15/15 
f 20/20/20 15/15/15 14/14/14 
f 20/20/20 18/18/18 15/15/15 
f 18/18/18 20/20/20 21/21/21 
f 18/18/18 21/21/21 22/22/22 
f 19/19/19 18/18/18 22/22/22 
f 22/22/22 23/23/23 19/19/19 
f 15/15/15 19/19/19 23/23/23 
f 15/15/15 23/23/23 13/13/13 
f 21/21/21 20/20/20 14/14/14 
f 22/22/22 21/21/21 24/24/24 
f 21/21/21 25/25/25 24/24/24 
f 21/21/21 14/14/14 25/25/25 
f 14/14/14 26/26/26 25/25/25 
f 26/26/26 14/14/14 12/12/12 
f 26/26/26 12/12/12 27/27/27 
f 27/27/27 12/12/12 5/5/5 
f 17/17/17 27/27/27 5/5/5 
f 17/17/17 5/5/5 4/4/4 
f 8/8/8 17/17/17 4/4/4 
f 25/25/25 26/26/26 27/27/27 
f 25/25/25 27/27/27 17/17/17 
f 24/24/24 25/25/25 17/17/17 
f 16/16/16 24/24/24 17/17/17 
f 28/28/28 29/29/29 30/30/30 
f 31/31/31 28/28/28 30/30/30 
f 31/31/31 30/30/30 32/32/32 
f 30/30/30 29/29/29 33/33/33 
f 29/29/29 34/34/34 33/33/33 
f 29/29/29 35/35/35 34/34/34 
f 36/36/36 35/35/35 29/29/29 
f 28/28/28 36/36/36 29/29/29 
f 37/37/37 36/36/36 28/28/28 
f 38/38/38 37/37/37 28/28/28 
f 38/38/38 28/28/28 31/31/31 
f 39/39/39 38/38/38 31/31/31 
f 39/39/39 31/31/31 40/40/40 
f 40/40/40 31/31/31 32/32/32 
f 40/40/40 32/32/32 41/41/41 
f 42/37/42 43/36/43 44/28/44 
f 44/28/44 43/36/43 45/29/45 
f 43/36/43 46/35/46 45/29/45 
f 45/29/45 46/35/46 47/34/47 
f 45/29/45 47/34/47 48/33/48 
f 49/30/49 45/29/45 48/33/48 
f 44/28/44 45/29/45 49/30/49 
f 50/31/50 44/28/44 49/30/49 
f 51/38/51 44/28/44 50/31/50 
f 52/39/52 51/38/51 50/31/50 
f 52/39/52 50/31/50 53/40/53 
f 53/40/53 50/31/50 54/32/54 
f 53/40/53 54/32/54 55/41/55 
f 50/31/50 49/30/49 54/32/54 
f 51/38/51 42/37/42 44/28/44 
f 56/42/56 57/43/57 58/44/58 
f 59/45/59 57/43/57 56/42/56 
f 56/42/56 60/46/60 59/45/59 
f 59/45/59 60/46/60 61/47/61 
f 61/47/61 62/48/62 59/45/59 
f 62/48/62 61/47/61 63/49/63 
f 63/49/63 64/50/64 62/48/62 
f 65/51/65 66/52/66 67/53/67 
f 67/53/67 58/44/58 65/51/65 
f 65/51/65 58/44/58 68/54/68 
f 68/54/68 58/44/58 57/43/57 
f 69/55/69 68/54/68 57/43/57 
f 69/55/69 57/43/57 59/45/59 
f 70/56/70 69/55/69 59/45/59 
f 70/56/70 59/45/59 62/48/62 
f 71/57/71 70/56/70 62/48/62 
f 71/57/71 62/48/62 64/50/64 
f 68/54/68 69/55/69 72/58/72 
f 73/59/73 72/58/72 69/55/69 
f 69/55/69 70/56/70 73/59/73 
f 73/59/73 70/56/70 71/57/71 
f 74/60/74 73/59/73 71/57/71 
f 75/61/75 73/59/73 74/60/74 
f 75/61/75 76/62/76 73/59/73 
f 77/63/77 78/64/78 79/65/79 
f 77/63/77 79/65/79 80/66/80 
f 80/66/80 79/65/79 71/57/71 
f 71/57/71 79/65/79 81/67/81 
f 74/60/74 71/57/71 81/67/81 
f 82/68/82 74/60/74 81/67/81 
f 82/68/82 75/61/75 74/60/74 
f 75/61/75 82/68/82 83/69/83 
f 75/61/75 83/69/83 84/70/84 
f 76/62/76 75/61/75 84/70/84 
f 81/67/81 79/65/79 78/64/78 
f 85/71/85 86/72/86 87/73/87 
f 87/73/87 86/72/86 83/69/83 
f 83/69/83 82/68/82 87/73/87 
f 87/73/87 82/68/82 81/67/81 
f 88/74/88 89/75/89 85/71/85 
f 85/71/85 90/76/90 88/74/88 
f 87/73/87 90/76/90 85/71/85 
f 90/76/90 87/73/87 91/77/91 
f 81/67/81 91/77/91 87/73/87 
f 92/78/92 91/77/91 81/67/81 
f 78/64/78 92/78/92 81/67/81 
f 93/79/93 92/78/92 78/64/78 
f 94/80/94 93/79/93 78/64/78 
f 94/80/94 78/64/78 77/63/77 
f 95/81/95 88/74/88 96/82/96 
f 97/83/97 96/82/96 88/74/88 
f 88/74/88 90/76/90 97/83/97 
f 91/77/91 97/83/97 90/76/90 
f 98/84/98 95/81/95 99/85/99 
f 96/82/96 99/85/99 95/81/95 
f 99/85/99 96/82/96 100/86/100 
f 100/86/100 96/82/96 97/83/97 
f 97/83/97 101/87/101 100/86/100 
f 101/87/101 97/83/97 91/77/91 
f 91/77/91 102/88/102 101/87/101 
f 92/78/92 102/88/102 91/77/91 
f 92/78/92 93/79/93 102/88/102 
f 103/89/103 102/88/102 93/79/93 
f 99/85/99 104/90/104 98/84/98 
f 98/84/98 104/90/104 105/91/105 
f 105/91/105 106/92/106 98/84/98 
f 107/93/107 108/94/108 109/95/109 
f 110/96/110 109/95/109 108/94/108 
f 108/94/108 111/97/111 110/96/110 
f 110/96/110 111/97/111 100/86/100 
f 100/86/100 111/97/111 99/85/99 
f 99/85/99 111/97/111 108/94/108 
f 108/94/108 104/90/104 99/85/99 
f 104/90/104 108/94/108 107/93/107 
f 107/93/107 105/91/105 104/90/104 
f 105/91/105 107/93/107 112/98/112 
f 112/98/112 113/99/113 105/91/105 
f 106/92/106 105/91/105 113/99/113 
f 113/99/113 114/100/114 106/92/106 
f 115/101/115 112/98/112 107/93/107 
f 116/102/116 117/103/117 118/104/118 
f 118/104/118 117/103/117 119/105/119 
f 119/105/119 120/106/120 118/104/118 
f 115/101/115 118/104/118 120/106/120 
f 120/106/120 121/107/121 115/101/115 
f 112/98/112 115/101/115 121/107/121 
f 121/107/121 122/108/122 112/98/112 
f 113/99/113 112/98/112 122/108/122 
f 122/108/122 123/109/123 113/99/113 
f 113/99/113 123/109/123 124/110/124 
f 124/110/124 125/111/125 126/112/126 
f 124/110/124 114/100/114 113/99/113 
f 126/112/126 114/100/114 124/110/124 
f 106/92/106 114/100/114 126/112/126 
f 126/112/126 127/113/127 106/92/106 
f 98/84/98 106/92/106 127/113/127 
f 127/113/127 128/114/128 98/84/98 
f 95/81/95 98/84/98 128/114/128 
f 128/114/128 129/115/129 95/81/95 
f 88/74/88 95/81/95 129/115/129 
f 129/115/129 89/75/89 88/74/88 
f 130/116/130 131/117/131 132/118/132 
f 132/118/132 133/119/133 130/116/130 
f 133/119/133 132/118/132 134/120/134 
f 134/120/134 86/121/86 133/119/133 
f 83/122/83 86/121/86 134/120/134 
f 83/122/83 134/120/134 135/123/135 
f 136/124/136 135/123/135 134/120/134 
f 134/120/134 132/118/132 136/124/136 
f 137/125/137 136/124/136 132/118/132 
f 132/118/132 131/117/131 137/125/137 
f 138/126/138 131/117/131 130/116/130 
f 93/79/93 139/127/139 103/89/103 
f 103/89/103 139/127/139 138/126/138 
f 138/126/138 140/128/140 103/89/103 
f 130/116/130 140/128/140 138/126/138 
f 140/128/140 130/116/130 141/129/141 
f 141/129/141 130/116/130 133/119/133 
f 133/119/133 142/130/142 141/129/141 
f 142/130/142 133/119/133 86/121/86 
f 86/121/86 85/131/85 142/130/142 
f 143/132/143 142/130/142 85/131/85 
f 144/133/144 145/134/145 146/135/146 
f 146/135/146 147/136/147 144/133/144 
f 147/136/147 146/135/146 103/89/103 
f 103/89/103 140/128/140 147/136/147 
f 141/129/141 147/136/147 140/128/140 
f 147/136/147 141/129/141 148/137/148 
f 148/137/148 141/129/141 142/130/142 
f 142/130/142 143/132/143 148/137/148 
f 148/137/148 143/132/143 149/138/149 
f 148/137/148 144/133/144 147/136/147 
f 101/87/101 102/88/102 103/89/103 
f 103/89/103 146/135/146 101/87/101 
f 100/86/100 101/87/101 146/135/146 
f 146/135/146 145/134/145 100/86/100 
f 100/86/100 145/134/145 110/96/110 
f 110/96/110 145/134/145 144/133/144 
f 144/133/144 150/139/150 110/96/110 
f 150/139/150 144/133/144 148/137/148 
f 148/137/148 151/140/151 150/139/150 
f 149/138/149 151/140/151 148/137/148 
f 109/95/109 110/96/110 150/139/150 
f 150/139/150 152/141/152 109/95/109 
f 152/141/152 150/139/150 151/140/151 
f 151/140/151 153/142/153 152/141/152 
f 154/143/154 152/141/152 153/142/153 
f 109/95/109 152/141/152 154/143/154 
f 154/143/154 155/144/155 109/95/109 
f 153/142/153 151/140/151 149/138/149 
f 149/138/149 156/145/156 153/142/153 
f 153/142/153 156/145/156 157/146/157 
f 157/146/157 116/102/116 153/142/153 
f 153/142/153 116/102/116 154/143/154 
f 116/102/116 118/104/118 154/143/154 
f 154/143/154 118/104/118 115/101/115 
f 115/101/115 155/144/155 154/143/154 
f 107/93/107 155/144/155 115/101/115 
f 109/95/109 155/144/155 107/93/107 
f 85/131/85 89/147/89 143/132/143 
f 149/138/149 143/132/143 89/147/89 
f 89/147/89 129/148/129 149/138/149 
f 156/145/156 149/138/149 129/148/129 
f 129/148/129 128/149/128 156/145/156 
f 156/145/156 128/149/128 127/150/127 
f 127/150/127 157/146/157 156/145/156 
f 158/151/158 157/146/157 127/150/127 
f 157/146/157 158/151/158 116/102/116 
f 116/102/116 158/151/158 117/103/117 
f 158/151/158 127/150/127 126/152/126 
f 158/151/158 126/152/126 125/153/125 
f 125/153/125 159/154/159 158/151/158 
f 158/151/158 159/154/159 119/105/119 
f 119/105/119 117/103/117 158/151/158 
f 160/155/160 161/156/161 162/157/162 
f 162/157/162 163/158/163 160/155/160 
f 164/159/164 165/160/165 162/157/162 
f 162/157/162 161/156/161 164/159/164 
f 164/159/164 161/156/161 166/161/166 
f 166/161/166 161/156/161 160/155/160 
f 160/155/160 167/162/167 166/161/166 
f 162/157/162 168/163/168 169/164/169 
f 169/164/169 163/158/163 162/157/162 
f 170/165/170 163/158/163 169/164/169 
f 160/155/160 163/158/163 170/165/170 
f 170/165/170 171/166/171 160/155/160 
f 167/162/167 160/155/160 171/166/171 
f 171/166/171 172/167/172 167/162/167 
f 173/168/173 167/162/167 172/167/172 
f 167/162/167 173/168/173 174/169/174 
f 174/169/174 166/161/166 167/162/167 
f 170/165/170 175/170/175 171/166/171 
f 175/170/175 170/165/170 176/171/176 
f 169/164/169 176/171/176 170/165/170 
f 177/172/177 176/171/176 169/164/169 
f 169/164/169 178/173/178 177/172/177 
f 178/173/178 169/164/169 168/163/168 
f 168/163/168 179/174/179 178/173/178 
f 179/174/179 168/163/168 180/175/180 
f 180/175/180 168/163/168 162/157/162 
f 162/157/162 165/160/165 180/175/180 
f 176/171/176 181/176/181 175/170/175 
f 181/176/181 176/171/176 177/172/177 
f 177/172/177 182/177/182 181/176/181 
f 183/178/183 184/179/184 179/174/179 
f 179/174/179 184/179/184 185/180/185 
f 185/180/185 178/173/178 179/174/179 
f 178/173/178 185/180/185 186/181/186 
f 186/181/186 177/172/177 178/173/178 
f 177/172/177 186/181/186 187/182/187 
f 187/182/187 182/177/182 177/172/177 
f 187/182/187 188/183/188 182/177/182 
f 84/70/84 189/184/189 190/185/190 
f 190/185/190 189/184/189 183/178/183 
f 183/178/183 191/186/191 190/185/190 
f 192/187/192 190/185/190 191/186/191 
f 193/188/193 166/161/166 174/169/174 
f 166/161/166 193/188/193 164/159/164 
f 194/189/194 164/159/164 193/188/193 
f 165/160/165 164/159/164 194/189/194 
f 194/189/194 195/190/195 165/160/165 
f 165/160/165 195/190/195 192/187/192 
f 192/187/192 180/175/180 165/160/165 
f 191/186/191 180/175/180 192/187/192 
f 180/175/180 191/186/191 179/174/179 
f 179/174/179 191/186/191 183/178/183 
f 190/185/190 76/62/76 84/70/84 
f 73/59/73 76/62/76 190/185/190 
f 190/185/190 192/187/192 73/59/73 
f 72/58/72 73/59/73 192/187/192 
f 72/58/72 192/187/192 195/190/195 
f 72/58/72 195/190/195 68/54/68 
f 68/54/68 195/190/195 194/189/194 
f 194/189/194 65/51/65 68/54/68 
f 66/52/66 65/51/65 194/189/194 
f 194/189/194 196/191/196 66/52/66 
f 197/192/197 184/193/184 183/194/183 
f 183/194/183 198/195/198 197/192/197 
f 198/195/198 183/194/183 189/196/189 
f 189/196/189 199/197/199 198/195/198 
f 200/198/200 198/195/198 199/197/199 
f 199/197/199 201/199/201 200/198/200 
f 200/198/200 201/199/201 196/191/196 
f 202/200/202 196/191/196 201/199/201 
f 66/52/66 196/191/196 202/200/202 
f 67/53/67 66/52/66 202/200/202 
f 203/201/203 136/202/136 137/203/137 
f 137/203/137 202/200/202 203/201/203 
f 203/201/203 202/200/202 201/199/201 
f 202/200/202 204/204/204 67/53/67 
f 204/204/204 202/200/202 137/203/137 
f 137/203/137 205/205/205 204/204/204 
f 201/199/201 199/197/199 203/201/203 
f 206/206/206 203/201/203 199/197/199 
f 136/202/136 203/201/203 206/206/206 
f 206/206/206 135/207/135 136/202/136 
f 84/208/84 135/207/135 206/206/206 
f 83/209/83 135/207/135 84/208/84 
f 199/197/199 189/210/189 206/206/206 
f 84/208/84 206/206/206 189/196/189 
f 207/211/207 208/212/208 209/213/209 
f 209/213/209 210/214/210 211/215/211 
f 209/213/209 211/215/211 212/216/212 
f 207/211/207 209/213/209 212/216/212 
f 213/217/213 207/211/207 212/216/212 
f 214/218/214 213/217/213 212/216/212 
f 215/219/215 213/217/213 214/218/214 
f 215/219/215 216/220/216 213/217/213 
f 216/220/216 217/221/217 213/217/213 
f 207/211/207 213/217/213 217/221/217 
f 217/221/217 218/222/218 207/211/207 
f 207/211/207 218/222/218 219/223/219 
f 219/223/219 208/212/208 207/211/207 
f 219/223/219 210/214/210 208/212/208 
f 208/212/208 210/214/210 209/213/209 
f 219/223/219 220/224/220 210/214/210 
f 210/214/210 220/224/220 221/225/221 
f 210/214/210 221/225/221 211/215/211 
f 222/226/222 218/222/218 217/221/217 
f 222/226/222 223/227/223 218/222/218 
f 223/227/223 219/223/219 218/222/218 
f 223/227/223 224/228/224 219/223/219 
f 224/228/224 220/224/220 219/223/219 
f 224/228/224 225/229/225 220/224/220 
f 225/229/225 226/230/226 220/224/220 
f 225/229/225 227/231/227 226/230/226 
f 227/231/227 228/232/228 226/230/226 
f 227/231/227 229/233/229 228/232/228 
f 227/231/227 230/234/230 229/233/229 
f 227/231/227 231/235/231 230/234/230 
f 232/236/232 231/235/231 227/231/227 
f 232/236/232 227/231/227 225/229/225 
f 229/233/229 233/237/233 228/232/228 
f 230/234/230 233/237/233 229/233/229 
f 230/234/230 234/238/234 233/237/233 
f 231/235/231 234/238/234 230/234/230 
f 231/235/231 235/239/235 234/238/234 
f 235/239/235 231/235/231 232/236/232 
f 232/236/232 236/240/236 235/239/235 
f 232/236/232 237/241/237 236/240/236 
f 238/242/238 236/240/236 237/241/237 
f 238/242/238 237/241/237 239/243/239 
f 238/242/238 239/243/239 240/244/240 
f 239/243/239 241/245/241 240/244/240 
f 240/244/240 241/245/241 224/228/224 
f 241/245/241 225/229/225 224/228/224 
f 242/246/242 225/229/225 241/245/241 
f 242/246/242 232/236/232 225/229/225 
f 237/241/237 232/236/232 242/246/242 
f 237/241/237 242/246/242 241/245/241 
f 239/243/239 237/241/237 241/245/241 
f 243/247/243 244/248/244 235/239/235 
f 243/247/243 235/239/235 236/240/236 
f 243/247/243 236/240/236 238/242/238 
f 245/249/245 243/247/243 238/242/238 
f 246/250/246 245/249/245 238/242/238 
f 238/242/238 240/244/240 246/250/246 
f 247/251/247 246/250/246 240/244/240 
f 248/252/248 246/250/246 247/251/247 
f 249/253/249 248/252/248 247/251/247 
f 250/254/250 248/252/248 249/253/249 
f 251/255/251 250/254/250 249/253/249 
f 250/254/250 251/255/251 252/256/252 
f 23/257/23 252/256/252 13/258/13 
f 13/258/13 252/256/252 251/255/251 
f 13/258/13 251/255/251 11/259/11 
f 11/259/11 251/255/251 253/260/253 
f 251/255/251 249/253/249 253/260/253 
f 253/260/253 249/253/249 222/226/222 
f 249/253/249 247/251/247 222/226/222 
f 222/226/222 247/251/247 223/227/223 
f 247/251/247 240/244/240 223/227/223 
f 240/244/240 224/228/224 223/227/223 
f 254/261/254 24/262/24 255/263/255 
f 254/261/254 22/264/22 24/262/24 
f 22/264/22 254/261/254 256/265/256 
f 256/265/256 23/257/23 22/264/22 
f 23/257/23 256/265/256 257/266/257 
f 257/266/257 258/267/258 23/257/23 
f 23/257/23 258/267/258 252/256/252 
f 252/256/252 258/267/258 259/268/259 
f 252/256/252 259/268/259 250/254/250 
f 259/268/259 260/269/260 250/254/250 
f 258/267/258 261/270/261 259/268/259 
f 258/267/258 262/271/262 261/270/261 
f 262/271/262 263/272/263 264/273/264 
f 262/271/262 264/273/264 265/274/265 
f 262/271/262 265/274/265 261/270/261 
f 261/270/261 265/274/265 266/275/266 
f 261/270/261 266/275/266 259/268/259 
f 259/268/259 266/275/266 260/269/260 
f 264/273/264 267/276/267 265/274/265 
f 265/274/265 267/276/267 268/277/268 
f 265/274/265 268/277/268 266/275/266 
f 266/275/266 268/277/268 269/278/269 
f 266/275/266 269/278/269 260/269/260 
f 260/269/260 269/278/269 270/279/270 
f 269/278/269 271/280/271 270/279/270 
f 271/280/271 272/281/272 270/279/270 
f 271/280/271 273/282/273 272/281/272 
f 274/283/274 275/284/275 276/285/276 
f 267/276/267 275/284/275 274/283/274 
f 267/276/267 274/283/274 277/286/277 
f 267/276/267 277/286/277 268/277/268 
f 268/277/268 277/286/277 278/287/278 
f 268/277/268 278/287/278 269/278/269 
f 278/287/278 279/288/279 269/278/269 
f 269/278/269 279/288/279 271/280/271 
f 279/288/279 280/289/280 271/280/271 
f 271/280/271 280/289/280 273/282/273 
f 279/288/279 281/290/281 280/289/280 
f 280/289/280 281/290/281 282/291/282 
f 278/287/278 283/292/283 279/288/279 
f 283/292/283 284/293/284 279/288/279 
f 279/288/279 284/293/284 281/290/281 
f 284/293/284 285/294/285 281/290/281 
f 281/290/281 285/294/285 282/291/282 
f 285/294/285 286/295/286 282/291/282 
f 284/293/284 286/295/286 285/294/285 
f 284/293/284 287/296/287 286/295/286 
f 283/292/283 287/296/287 284/293/284 
f 277/286/277 287/296/287 283/292/283 
f 277/286/277 283/292/283 278/287/278 
f 287/296/287 288/297/288 286/295/286 
f 277/286/277 274/283/274 287/296/287 
f 274/283/274 276/285/276 287/296/287 
f 287/296/287 276/285/276 288/297/288 
f 276/285/276 289/298/289 288/297/288 
f 289/298/289 276/285/276 290/299/290 
f 289/298/289 290/299/290 291/300/291 
f 291/300/291 290/299/290 292/301/292 
f 291/300/291 292/301/292 293/302/293 
f 292/301/292 294/303/294 293/302/293 
f 294/303/294 295/304/295 293/302/293 
f 294/303/294 296/305/296 295/304/295 
f 296/305/296 297/306/297 295/304/295 
f 292/301/292 298/307/298 294/303/294 
f 295/304/295 297/306/297 299/308/299 
f 297/306/297 300/309/300 301/310/301 
f 299/308/299 297/306/297 301/310/301 
f 299/308/299 301/310/301 302/311/302 
f 302/311/302 303/312/303 299/308/299 
f 295/304/295 299/308/299 303/312/303 
f 293/302/293 295/304/295 303/312/303 
f 304/313/304 293/302/293 305/314/305 
f 293/302/293 303/312/303 305/314/305 
f 305/314/305 303/312/303 306/315/306 
f 303/312/303 302/311/302 306/315/306 
f 307/316/307 306/315/306 302/311/302 
f 302/311/302 308/317/308 307/316/307 
f 307/316/307 308/317/308 309/318/309 
f 308/317/308 310/319/310 309/318/309 
f 309/318/309 310/319/310 311/320/311 
f 311/320/311 310/319/310 312/321/312 
f 313/322/313 305/314/305 306/315/306 
f 314/323/314 307/316/307 309/318/309 
f 315/324/315 306/315/306 307/316/307 
f 316/325/316 306/315/306 315/324/315 
f 313/322/313 306/315/306 316/325/316 
f 316/325/316 234/238/234 313/322/313 
f 313/322/313 234/238/234 235/239/235 
f 235/239/235 305/314/305 313/322/313 
f 244/248/244 305/314/305 235/239/235 
f 244/248/244 304/313/304 305/314/305 
f 317/326/317 318/327/318 244/248/244 
f 318/327/318 304/313/304 244/248/244 
f 318/327/318 319/328/319 304/313/304 
f 319/328/319 318/327/318 317/326/317 
f 320/329/320 319/328/319 317/326/317 
f 320/329/320 317/326/317 321/330/321 
f 280/289/280 282/291/282 273/282/273 
f 273/282/273 282/291/282 321/330/321 
f 282/291/282 286/295/286 321/330/321 
f 286/295/286 320/329/320 321/330/321 
f 288/297/288 320/329/320 286/295/286 
f 288/297/288 289/298/289 320/329/320 
f 320/329/320 289/298/289 319/328/319 
f 289/298/289 291/300/291 319/328/319 
f 319/328/319 291/300/291 304/313/304 
f 304/313/304 291/300/291 293/302/293 
f 250/254/250 260/269/260 248/252/248 
f 260/269/260 270/279/270 248/252/248 
f 246/250/246 248/252/248 270/279/270 
f 270/279/270 272/281/272 246/250/246 
f 245/249/245 246/250/246 272/281/272 
f 272/281/272 273/282/273 245/249/245 
f 273/282/273 321/330/321 245/249/245 
f 245/249/245 321/330/321 243/247/243 
f 321/330/321 317/326/317 243/247/243 
f 317/326/317 244/248/244 243/247/243 
f 322/331/322 323/332/323 324/333/324 
f 324/333/324 325/334/325 322/331/322 
f 326/335/326 325/334/325 324/333/324 
f 324/333/324 327/336/327 326/335/326 
f 322/331/322 325/334/325 328/337/328 
f 328/337/328 325/334/325 329/338/329 
f 326/335/326 329/338/329 325/334/325 
f 329/338/329 326/335/326 330/339/330 
f 331/340/331 330/339/330 326/335/326 
f 326/335/326 327/336/327 331/340/331 
f 331/340/331 327/336/327 332/341/332 
f 332/341/332 327/336/327 324/333/324 
f 324/333/324 333/342/333 332/341/332 
f 334/343/334 333/342/333 324/333/324 
f 332/341/332 335/344/335 331/340/331 
f 329/338/329 330/339/330 336/345/336 
f 329/338/329 336/345/336 337/346/337 
f 333/342/333 338/347/338 339/348/339 
f 339/348/339 332/341/332 333/342/333 
f 332/341/332 339/348/339 340/349/340 
f 340/349/340 335/344/335 332/341/332 
f 341/350/341 335/344/335 340/349/340 
f 331/340/331 335/344/335 341/350/341 
f 331/340/331 341/350/341 342/351/342 
f 342/351/342 330/339/330 331/340/331 
f 343/352/343 330/339/330 342/351/342 
f 336/345/336 330/339/330 343/352/343 
f 341/350/341 344/353/344 342/351/342 
f 340/349/340 345/354/345 341/350/341 
f 346/355/346 341/350/341 345/354/345 
f 341/350/341 346/355/346 344/353/344 
f 345/354/345 347/356/347 346/355/346 
f 343/352/343 342/351/342 344/353/344 
f 344/353/344 188/357/188 343/352/343 
f 188/357/188 348/358/348 343/352/343 
f 348/358/348 188/357/188 187/359/187 
f 348/358/348 187/359/187 349/360/349 
f 186/361/186 349/360/349 187/359/187 
f 349/360/349 186/361/186 185/362/185 
f 185/362/185 350/363/350 349/360/349 
f 350/363/350 185/362/185 184/193/184 
f 184/193/184 197/192/197 350/363/350 
f 343/352/343 348/358/348 336/345/336 
f 336/345/336 348/358/348 337/346/337 
f 349/360/349 337/346/337 348/358/348 
f 337/346/337 349/360/349 350/363/350 
f 193/188/193 196/191/196 194/189/194 
f 196/191/196 193/188/193 200/198/200 
f 174/169/174 200/198/200 193/188/193 
f 198/195/198 200/198/200 174/169/174 
f 174/169/174 197/192/197 198/195/198 
f 350/363/350 197/192/197 174/169/174 
f 174/169/174 173/168/173 350/363/350 
f 350/363/350 173/168/173 337/346/337 
f 172/167/172 337/346/337 173/168/173 
f 337/346/337 172/167/172 329/338/329 
f 329/338/329 172/167/172 171/166/171 
f 171/166/171 328/337/328 329/338/329 
f 328/337/328 171/166/171 175/170/175 
f 328/337/328 175/170/175 322/331/322 
f 175/170/175 181/176/181 322/331/322 
f 181/176/181 351/364/351 322/331/322 
f 181/176/181 182/177/182 351/364/351 
f 182/177/182 352/365/352 351/364/351 
f 352/365/352 182/177/182 188/183/188 
f 352/365/352 188/183/188 344/366/344 
f 324/333/324 323/332/323 334/343/334 
f 334/343/334 323/332/323 353/367/353 
f 323/332/323 322/331/322 353/367/353 
f 351/364/351 353/367/353 322/331/322 
f 354/368/354 353/367/353 351/364/351 
f 351/364/351 352/365/352 354/368/354 
f 354/368/354 355/369/355 356/370/356 
f 356/370/356 353/367/353 354/368/354 
f 353/367/353 356/370/356 334/343/334 
f 344/366/344 354/368/354 352/365/352 
f 354/368/354 344/366/344 346/371/346 
f 346/371/346 355/369/355 354/368/354 
f 357/372/357 355/369/355 346/371/346 
f 356/370/356 355/369/355 357/372/357 
f 357/372/357 358/373/358 356/370/356 
f 356/370/356 358/373/358 359/374/359 
f 359/374/359 334/343/334 356/370/356 
f 334/343/334 359/374/359 338/347/338 
f 338/347/338 333/342/333 334/343/334 
f 346/371/346 347/375/347 357/372/357 
f 204/376/204 360/377/360 361/378/361 
f 67/379/67 204/376/204 361/378/361 
f 362/380/362 67/379/67 361/378/361 
f 58/381/58 67/379/67 362/380/362 
f 363/382/363 58/381/58 362/380/362 
f 364/383/364 58/381/58 363/382/363 
f 364/383/364 56/384/56 58/381/58 
f 60/385/60 56/384/56 364/383/364 
f 364/383/364 365/386/365 60/385/60 
f 61/387/61 60/385/60 365/386/365 
f 61/387/61 365/386/365 366/388/366 
f 63/389/63 61/387/61 366/390/366 
f 367/391/367 368/392/368 369/393/369 
f 367/391/367 369/393/369 370/394/370 
f 369/393/369 371/395/371 370/394/370 
f 370/394/370 372/396/372 367/391/367 
f 373/397/373 374/398/374 375/399/375 
f 376/400/376 375/399/375 374/398/374 
f 377/401/377 375/399/375 376/400/376 
f 377/401/377 376/400/376 378/402/378 
f 371/395/371 377/401/377 378/402/378 
f 371/395/371 379/403/379 377/401/377 
f 369/393/369 379/403/379 371/395/371 
f 369/393/369 380/404/380 379/403/379 
f 368/392/368 380/404/380 369/393/369 
f 368/392/368 381/405/381 380/404/380 
f 379/403/379 382/406/382 377/401/377 
f 380/404/380 383/407/383 379/403/379 
f 379/403/379 383/407/383 382/406/382 
f 383/407/383 384/408/384 382/406/382 
f 384/408/384 373/397/373 382/406/382 
f 382/406/382 373/397/373 375/399/375 
f 382/406/382 375/399/375 377/401/377 
f 381/405/381 383/407/383 380/404/380 
f 383/407/383 381/405/381 385/409/385 
f 383/407/383 385/409/385 384/408/384 
f 385/409/385 119/410/119 384/408/384 
f 119/410/119 159/411/159 384/408/384 
f 159/411/159 373/397/373 384/408/384 
f 159/411/159 125/412/125 373/397/373 
f 386/413/386 387/414/387 388/415/388 
f 389/416/389 387/414/387 386/413/386 
f 390/417/390 389/416/389 386/413/386 
f 123/418/123 389/416/389 390/417/390 
f 391/419/391 123/418/123 390/417/390 
f 124/420/124 123/418/123 391/419/391 
f 125/412/125 124/420/124 391/419/391 
f 125/412/125 391/419/391 392/421/392 
f 125/412/125 392/421/392 373/397/373 
f 373/397/373 392/421/392 374/398/374 
f 387/414/387 121/422/121 393/423/393 
f 389/416/389 121/422/121 387/414/387 
f 122/424/122 121/422/121 389/416/389 
f 123/418/123 122/424/122 389/416/389 
f 393/423/393 394/425/394 395/426/395 
f 394/425/394 396/427/396 395/426/395 
f 121/422/121 120/428/120 393/423/393 
f 393/423/393 120/428/120 394/425/394 
f 120/428/120 119/429/119 394/425/394 
f 119/429/119 385/430/385 394/425/394 
f 385/430/385 396/427/396 394/425/394 
f 381/431/381 396/427/396 385/430/385 
f 368/432/368 367/433/367 397/434/397 
f 398/435/398 368/432/368 397/434/397 
f 381/431/381 368/432/368 398/435/398 
f 396/427/396 381/431/381 398/435/398 
f 396/427/396 398/435/398 399/436/399 
f 396/427/396 399/436/399 395/426/395 
f 395/426/395 399/436/399 400/437/400 
f 401/438/401 395/426/395 400/437/400 
f 393/423/393 395/426/395 401/438/401 
f 387/414/387 393/423/393 401/438/401 
f 398/435/398 397/434/397 399/436/399 
f 367/433/367 372/439/372 402/440/402 
f 397/434/397 367/433/367 402/440/402 
f 403/441/403 397/434/397 402/440/402 
f 399/436/399 397/434/397 403/441/403 
f 399/436/399 403/441/403 404/442/404 
f 404/442/404 400/437/400 399/436/399 
f 405/443/405 400/437/400 404/442/404 
f 401/438/401 400/437/400 405/443/405 
f 388/415/388 401/438/401 405/443/405 
f 401/438/401 388/415/388 387/414/387 
f 405/443/405 406/444/406 388/415/388 
f 407/445/407 388/415/388 406/444/406 
f 386/413/386 388/415/388 407/445/407 
f 386/413/386 407/445/407 408/446/408 
f 409/447/409 386/413/386 408/446/408 
f 410/448/410 409/447/409 408/446/408 
f 390/417/390 409/447/409 410/448/410 
f 391/419/391 390/417/390 410/448/410 
f 392/421/392 391/419/391 410/448/410 
f 392/421/392 410/448/410 374/398/374 
f 411/449/411 374/398/374 410/448/410 
f 374/398/374 411/449/411 376/400/376 
f 409/447/409 390/417/390 386/413/386 
f 412/450/412 411/449/411 413/451/413 
f 410/448/410 413/451/413 411/449/411 
f 413/451/413 410/448/410 408/446/408 
f 414/452/414 415/453/415 416/454/416 
f 417/455/417 418/456/418 414/452/414 
f 418/456/418 419/457/419 414/452/414 
f 419/457/419 415/453/415 414/452/414 
f 419/457/419 420/458/420 415/453/415 
f 420/458/420 421/459/421 415/453/415 
f 415/453/415 421/459/421 422/460/422 
f 264/273/264 275/284/275 267/276/267 
f 264/273/264 422/460/422 275/284/275 
f 263/272/263 422/460/422 264/273/264 
f 415/453/415 422/460/422 263/272/263 
f 415/453/415 263/272/263 262/271/262 
f 416/454/416 415/453/415 262/271/262 
f 416/454/416 262/271/262 258/267/258 
f 414/452/414 416/454/416 258/267/258 
f 257/266/257 414/452/414 258/267/258 
f 417/455/417 414/452/414 257/266/257 
f 300/309/300 423/461/423 301/310/301 
f 300/309/300 424/462/424 423/461/423 
f 425/463/425 424/462/424 300/309/300 
f 425/463/425 426/464/426 424/462/424 
f 427/465/427 426/464/426 425/463/425 
f 427/465/427 428/466/428 426/464/426 
f 429/467/429 428/466/428 427/465/427 
f 430/468/430 428/466/428 429/467/429 
f 430/468/430 429/467/429 275/284/275 
f 422/460/422 430/468/430 275/284/275 
f 431/469/431 432/470/432 433/471/433 
f 434/472/434 431/469/431 433/471/433 
f 434/472/434 433/471/433 430/468/430 
f 430/468/430 433/471/433 435/473/435 
f 430/468/430 435/473/435 428/466/428 
f 435/473/435 436/474/436 428/466/428 
f 428/466/428 436/474/436 426/464/426 
f 426/464/426 436/474/436 437/475/437 
f 426/464/426 437/475/437 424/462/424 
f 424/462/424 437/475/437 438/476/438 
f 439/477/439 440/478/440 441/479/441 
f 433/471/433 440/478/440 439/477/439 
f 433/471/433 439/477/439 436/474/436 
f 435/473/435 433/471/433 436/474/436 
f 436/474/436 439/477/439 441/479/441 
f 436/474/436 441/479/441 437/475/437 
f 437/475/437 441/479/441 438/476/438 
f 441/479/441 442/480/442 438/476/438 
f 438/476/438 442/480/442 443/481/443 
f 444/482/444 443/481/443 442/480/442 
f 442/480/442 445/483/445 444/482/444 
f 444/482/444 445/483/445 446/484/446 
f 441/479/441 447/485/447 442/480/442 
f 442/480/442 447/485/447 445/483/445 
f 424/462/424 438/476/438 423/461/423 
f 423/461/423 438/476/438 443/481/443 
f 423/461/423 443/481/443 448/486/448 
f 448/486/448 443/481/443 449/487/449 
f 443/481/443 444/482/444 449/487/449 
f 449/487/449 444/482/444 450/488/450 
f 444/482/444 446/484/446 450/488/450 
f 451/489/451 450/488/450 446/484/446 
f 451/489/451 446/484/446 452/490/452 
f 446/484/446 453/491/453 452/490/452 
f 451/489/451 452/490/452 454/492/454 
f 312/321/312 451/489/451 454/492/454 
f 451/489/451 312/321/312 450/488/450 
f 310/319/310 450/488/450 312/321/312 
f 449/487/449 450/488/450 310/319/310 
f 308/317/308 449/487/449 310/319/310 
f 448/486/448 449/487/449 308/317/308 
f 302/311/302 448/486/448 308/317/308 
f 448/486/448 302/311/302 301/310/301 
f 301/310/301 423/461/423 448/486/448 
f 455/493/455 456/494/456 457/495/457 
f 452/490/452 455/493/455 457/495/457 
f 458/496/458 459/497/459 460/498/460 
f 461/499/461 458/496/458 460/498/460 
f 461/499/461 460/498/460 462/500/462 
f 463/501/463 461/499/461 462/500/462 
f 456/494/456 461/499/461 463/501/463 
f 464/502/464 456/494/456 463/501/463 
f 457/495/457 456/494/456 464/502/464 
f 457/495/457 464/502/464 465/503/465 
f 452/490/452 457/495/457 465/503/465 
f 454/492/454 452/490/452 465/503/465 
f 465/503/465 464/502/464 466/504/466 
f 466/504/466 464/502/464 467/505/467 
f 464/502/464 463/501/463 467/505/467 
f 467/505/467 463/501/463 468/506/468 
f 463/501/463 462/500/462 468/506/468 
f 311/320/311 312/321/312 469/507/469 
f 454/492/454 469/507/469 312/321/312 
f 469/507/469 454/492/454 470/508/470 
f 454/492/454 465/503/465 470/508/470 
f 470/508/470 465/503/465 471/509/471 
f 465/503/465 466/504/466 471/509/471 
f 471/509/471 466/504/466 472/510/472 
f 472/510/472 466/504/466 467/505/467 
f 472/510/472 467/505/467 473/511/473 
f 473/511/473 467/505/467 468/506/468 
f 474/512/474 475/513/475 476/514/476 
f 475/513/475 477/515/477 476/514/476 
f 475/513/475 470/508/470 477/515/477 
f 470/508/470 471/509/471 477/515/477 
f 477/515/477 471/509/471 478/516/478 
f 477/515/477 478/516/478 476/514/476 
f 479/517/479 480/518/480 473/511/473 
f 480/518/480 472/510/472 473/511/473 
f 471/509/471 472/510/472 480/518/480 
f 478/516/478 471/509/471 480/518/480 
f 481/519/481 478/516/478 480/518/480 
f 481/519/481 482/520/482 478/516/478 
f 478/516/478 482/520/482 476/514/476 
f 482/520/482 483/521/483 476/514/476 
f 483/521/483 474/512/474 476/514/476 
f 483/521/483 484/522/289 474/512/474 
f 485/523/484 486/524/485 487/525/486 
f 485/523/484 487/525/486 488/526/487 
f 221/225/221 485/523/484 488/526/487 
f 221/225/221 488/526/487 484/522/289 
f 211/215/211 221/225/221 484/522/289 
f 211/215/211 484/522/289 483/521/483 
f 212/216/212 211/215/211 483/521/483 
f 212/216/212 483/521/483 482/520/482 
f 481/519/481 212/216/212 482/520/482 
f 214/218/214 212/216/212 481/519/481 
f 484/522/289 475/513/475 474/512/474 
f 484/522/289 488/526/487 475/513/475 
f 488/526/487 470/508/470 475/513/475 
f 488/526/487 487/525/486 470/508/470 
f 487/525/486 469/507/469 470/508/470 
f 486/524/485 469/507/469 487/525/486 
f 486/524/485 489/527/488 469/507/469 
f 485/523/484 489/527/488 486/524/485 
f 490/528/489 489/527/488 485/523/484 
f 490/528/489 485/523/484 221/225/221 
f 490/528/489 314/323/314 489/527/488 
f 314/323/314 309/318/309 489/527/488 
f 489/527/488 309/318/309 311/320/311 
f 311/320/311 469/507/469 489/527/488 
f 490/528/489 221/225/221 491/529/490 
f 220/224/220 491/529/490 221/225/221 
f 220/224/220 226/230/226 491/529/490 
f 226/230/226 228/232/228 491/529/490 
f 228/232/228 490/528/489 491/529/490 
f 228/232/228 492/530/491 490/528/489 
f 492/530/491 314/323/314 490/528/489 
f 492/530/491 493/531/492 314/323/314 
f 493/531/492 307/316/307 314/323/314 
f 493/531/492 315/324/315 307/316/307 
f 316/325/316 315/324/315 493/531/492 
f 494/532/493 316/325/316 493/531/492 
f 234/238/234 316/325/316 494/532/493 
f 234/238/234 494/532/493 495/533/494 
f 233/237/233 234/238/234 495/533/494 
f 233/237/233 495/533/494 228/232/228 
f 495/533/494 492/530/491 228/232/228 
f 495/533/494 493/531/492 492/530/491 
f 495/533/494 494/532/493 493/531/492 
f 407/534/407 496/535/495 408/536/408 
f 496/535/495 413/537/413 408/536/408 
f 496/535/495 412/538/412 413/537/413 
f 406/539/406 412/538/412 496/535/495 
f 406/539/406 411/540/411 412/538/412 
f 411/540/411 406/539/406 376/541/376 
f 376/541/376 406/539/406 405/542/405 
f 376/541/376 405/542/405 378/543/378 
f 405/542/405 404/544/404 378/543/378 
f 404/544/404 403/545/403 378/543/378 
f 403/545/403 371/546/371 378/543/378 
f 403/545/403 372/547/372 371/546/371 
f 372/547/372 370/548/370 371/546/371 
f 402/549/402 372/547/372 403/545/403 
f 497/550/496 498/551/497 499/552/498 
f 498/551/497 500/553/499 499/552/498 
f 499/552/498 500/553/499 501/554/500 
f 500/553/499 502/555/501 501/554/500 
f 498/551/497 503/556/502 500/553/499 
f 503/556/502 504/557/503 500/553/499 
f 500/553/499 504/557/503 502/555/501 
f 504/557/503 505/558/504 502/555/501 
f 505/558/504 506/559/505 502/555/501 
f 502/555/501 506/559/505 507/560/506 
f 502/555/501 507/560/506 501/554/500 
f 501/554/500 507/560/506 508/561/507 
f 473/511/473 468/506/468 508/561/507 
f 479/517/479 473/511/473 508/561/507 
f 507/560/506 479/517/479 508/561/507 
f 480/518/480 479/517/479 507/560/506 
f 506/559/505 480/518/480 507/560/506 
f 506/559/505 481/519/481 480/518/480 
f 505/558/504 481/519/481 506/559/505 
f 505/558/504 214/218/214 481/519/481 
f 504/557/503 214/218/214 505/558/504 
f 504/557/503 509/562/508 214/218/214 
f 510/563/509 215/219/215 509/562/508 
f 509/562/508 215/219/215 214/218/214 
f 503/556/502 509/562/508 504/557/503 
f 503/556/502 510/563/509 509/562/508 
f 9/564/9 510/563/509 503/556/502 
f 9/564/9 10/565/10 510/563/509 
f 510/563/509 10/565/10 215/219/215 
f 10/565/10 11/259/11 215/219/215 
f 11/259/11 216/220/216 215/219/215 
f 253/260/253 216/220/216 11/259/11 
f 217/221/217 216/220/216 253/260/253 
f 253/260/253 222/226/222 217/221/217 
f 511/566/510 512/567/511 497/550/496 
f 512/567/511 498/551/497 497/550/496 
f 512/567/511 513/568/512 498/551/497 
f 513/568/512 503/556/502 498/551/497 
f 503/556/502 513/568/512 514/569/513 
f 514/569/513 9/564/9 503/556/502 
f 514/569/513 8/570/8 9/564/9 
f 16/571/16 8/570/8 514/569/513 
f 255/263/255 16/571/16 514/569/513 
f 24/262/24 16/571/16 255/263/255 
f 515/572/514 516/573/515 517/574/516 
f 517/574/516 516/573/515 518/575/517 
f 517/574/516 518/575/517 519/576/518 
f 519/576/518 518/575/517 511/566/510 
f 511/566/510 518/575/517 512/567/511 
f 518/575/517 513/568/512 512/567/511 
f 520/577/519 513/568/512 518/575/517 
f 520/577/519 514/569/513 513/568/512 
f 255/263/255 514/569/513 520/577/519 
f 255/263/255 520/577/519 516/573/515 
f 516/573/515 520/577/519 518/575/517 
f 521/578/520 522/579/521 523/580/522 
f 521/578/520 523/580/522 524/581/523 
f 524/581/523 523/580/522 525/582/524 
f 523/580/522 517/574/516 525/582/524 
f 525/582/524 517/574/516 526/583/525 
f 526/583/525 517/574/516 519/576/518 
f 526/583/525 519/576/518 527/584/526 
f 527/584/526 519/576/518 511/566/510 
f 528/585/527 527/584/526 511/566/510 
f 511/566/510 497/550/496 528/585/527 
f 516/573/515 515/572/514 255/263/255 
f 529/586/528 255/263/255 515/572/514 
f 515/572/514 530/587/529 529/586/528 
f 531/588/530 529/586/528 530/587/529 
f 522/579/521 531/588/530 530/587/529 
f 522/579/521 530/587/529 523/580/522 
f 530/587/529 515/572/514 523/580/522 
f 523/580/522 515/572/514 517/574/516 
f 256/265/256 532/589/531 257/266/257 
f 533/590/532 532/589/531 256/265/256 
f 533/590/532 256/265/256 534/591/533 
f 531/588/530 533/590/532 534/591/533 
f 531/588/530 534/591/533 529/586/528 
f 534/591/533 254/261/254 529/586/528 
f 529/586/528 254/261/254 255/263/255 
f 534/591/533 256/265/256 254/261/254 
f 532/589/531 417/455/417 257/266/257 
f 532/589/531 418/456/418 417/455/417 
f 535/592/534 418/456/418 532/589/531 
f 535/592/534 532/589/531 533/590/532 
f 536/593/535 535/592/534 533/590/532 
f 536/593/535 533/590/532 531/588/530 
f 537/594/536 536/593/535 531/588/530 
f 537/594/536 531/588/530 522/579/521 
f 538/595/537 537/594/536 522/579/521 
f 538/595/537 522/579/521 521/578/520 
f 539/596/538 536/593/535 537/594/536 
f 540/597/539 539/596/538 537/594/536 
f 540/597/539 537/594/536 538/595/537 
f 541/598/540 205/599/205 137/125/137 
f 137/125/137 131/117/131 541/598/540 
f 542/600/541 541/598/540 131/117/131 
f 131/117/131 138/126/138 542/600/541 
f 542/600/541 138/126/138 139/127/139 
f 139/127/139 543/601/542 542/600/541 
f 80/66/80 71/57/71 64/50/64 
f 80/66/80 64/50/64 63/49/63 
f 63/49/63 544/602/543 80/66/80 
f 77/63/77 80/66/80 544/602/543 
f 544/602/543 545/603/544 77/63/77 
f 94/80/94 77/63/77 545/603/544 
f 545/603/544 546/604/545 94/80/94 
f 94/80/94 546/604/545 543/601/542 
f 543/601/542 93/79/93 94/80/94 
f 543/601/542 139/127/139 93/79/93 
f 360/377/360 204/376/204 547/377/546 
f 548/605/547 549/606/548 550/607/549 
f 548/605/547 550/607/549 551/608/550 
f 551/608/550 550/607/549 552/609/551 
f 550/607/549 553/610/552 552/609/551 
f 549/606/548 554/611/553 550/607/549 
f 550/607/549 554/611/553 555/612/554 
f 550/607/549 555/612/554 553/610/552 
f 553/610/552 555/612/554 556/613/555 
f 557/614/556 552/609/551 558/615/557 
f 557/614/556 551/608/550 552/609/551 
f 559/616/558 551/608/550 557/614/556 
f 559/616/558 548/605/547 551/608/550 
f 560/617/559 548/605/547 559/616/558 
f 560/617/559 561/618/560 548/605/547 
f 549/606/548 548/605/547 561/618/560 
f 561/618/560 562/619/561 549/606/548 
f 549/606/548 562/619/561 563/620/562 
f 554/611/553 549/606/548 563/620/562 
f 561/618/560 564/621/563 562/619/561 
f 557/614/556 558/615/557 565/622/564 
f 565/622/564 558/615/557 566/623/565 
f 558/615/557 567/624/566 566/623/565 
f 558/615/557 568/625/567 567/624/566 
f 569/626/568 565/622/564 566/623/565 
f 569/626/568 566/623/565 570/627/569 
f 566/623/565 567/624/566 570/627/569 
f 567/624/566 571/628/570 570/627/569 
f 567/624/566 572/629/571 571/628/570 
f 568/625/567 572/629/571 567/624/566 
f 568/625/567 556/613/555 572/629/571 
f 553/610/552 556/613/555 568/625/567 
f 553/610/552 568/625/567 558/615/557 
f 552/609/551 553/610/552 558/615/557 
f 573/630/572 574/631/573 575/632/574 
f 573/630/572 575/632/574 576/633/575 
f 576/633/575 575/632/574 577/634/576 
f 576/633/575 577/634/576 578/635/577 
f 578/635/577 577/634/576 579/636/578 
f 572/637/571 578/635/577 571/638/570 
f 571/638/570 578/635/577 579/636/578 
f 571/638/570 579/636/578 570/639/569 
f 579/636/578 569/640/568 570/639/569 
f 579/636/578 577/634/576 569/640/568 
f 577/634/576 565/641/564 569/640/568 
f 577/634/576 575/632/574 565/641/564 
f 575/632/574 557/642/556 565/641/564 
f 575/632/574 559/643/558 557/642/556 
f 574/631/573 559/643/558 575/632/574 
f 574/631/573 580/644/579 559/643/558 
f 581/645/580 580/644/579 574/631/573 
f 582/646/581 580/644/579 581/645/580 
f 583/647/582 582/646/581 581/645/580 
f 582/646/581 583/647/582 584/648/583 
f 584/648/583 583/647/582 585/649/584 
f 583/647/582 581/645/580 586/650/585 
f 587/651/586 588/652/587 589/653/588 
f 587/651/586 590/654/589 588/652/587 
f 591/655/590 590/654/589 587/651/586 
f 592/656/591 591/655/590 587/651/586 
f 592/656/591 585/649/584 591/655/590 
f 593/657/592 585/649/584 592/656/591 
f 593/657/592 594/658/593 585/649/584 
f 594/658/593 584/648/583 585/649/584 
f 584/648/583 594/658/593 595/659/594 
f 582/646/581 584/648/583 595/659/594 
f 583/647/582 596/660/595 597/661/596 
f 583/647/582 597/661/596 585/649/584 
f 585/649/584 597/661/596 598/662/597 
f 585/649/584 598/662/597 591/655/590 
f 591/655/590 598/662/597 599/663/598 
f 591/655/590 599/663/598 590/654/589 
f 590/654/589 599/663/598 600/664/599 
f 590/654/589 600/664/599 588/652/587 
f 588/652/587 600/664/599 601/665/600 
f 588/652/587 601/665/600 589/653/588 
f 596/660/595 602/666/601 597/661/596 
f 597/661/596 602/666/601 603/667/602 
f 597/661/596 603/667/602 598/662/597 
f 598/662/597 603/667/602 604/668/603 
f 599/663/598 598/662/597 604/668/603 
f 599/663/598 604/668/603 600/664/599 
f 600/664/599 604/668/603 601/665/600 
f 544/387/543 63/389/63 366/388/366 
f 605/386/604 544/387/543 366/388/366 
f 545/385/544 544/387/543 605/386/604 
f 605/386/604 606/383/605 545/385/544 
f 546/384/545 545/385/544 606/383/605 
f 543/381/542 546/384/545 606/383/605 
f 543/381/542 606/383/605 607/382/606 
f 543/381/542 607/382/606 608/380/607 
f 542/379/541 543/381/542 608/380/607 
f 542/379/541 608/380/607 609/378/608 
f 541/376/540 542/379/541 609/378/608 
f 610/377/609 541/376/540 609/378/608 
f 541/376/540 610/377/609 611/377/610 
f 612/669/611 613/670/612 614/671/613 
f 612/669/611 614/671/613 615/672/614 
f 615/672/614 614/671/613 616/673/615 
f 616/673/615 614/671/613 617/674/616 
f 618/675/617 616/673/615 617/674/616 
f 619/676/618 612/669/611 615/672/614 
f 620/677/619 621/678/620 622/679/621 
f 620/677/619 623/680/622 621/678/620 
f 623/680/622 618/675/617 621/678/620 
f 624/681/623 618/675/617 623/680/622 
f 616/673/615 618/675/617 624/681/623 
f 625/682/624 616/673/615 624/681/623 
f 615/672/614 616/673/615 625/682/624 
f 626/683/625 615/672/614 625/682/624 
f 619/676/618 615/672/614 626/683/625 
f 627/684/626 619/676/618 626/683/625 
f 625/682/624 624/681/623 628/685/627 
f 629/686/628 627/684/626 626/683/625 
f 630/687/629 629/686/628 626/683/625 
f 630/687/629 626/683/625 631/688/630 
f 626/683/625 625/682/624 631/688/630 
f 625/682/624 632/689/631 631/688/630 
f 625/682/624 628/685/627 632/689/631 
f 628/685/627 633/690/632 632/689/631 
f 633/690/632 628/685/627 634/691/633 
f 635/692/634 633/690/632 634/691/633 
f 635/692/634 634/691/633 636/693/635 
f 632/689/631 633/690/632 637/694/636 
f 631/688/630 638/695/637 639/696/638 
f 631/688/630 632/689/631 638/695/637 
f 632/689/631 640/697/639 638/695/637 
f 632/689/631 637/694/636 640/697/639 
f 640/697/639 637/694/636 641/698/640 
f 640/697/639 641/698/640 642/699/641 
f 642/699/641 641/698/640 643/700/642 
f 642/699/641 643/700/642 644/701/643 
f 644/701/643 643/700/642 645/702/644 
f 644/701/643 645/702/644 646/703/645 
f 638/695/637 640/697/639 642/699/641 
f 638/695/637 642/699/641 647/704/646 
f 647/704/646 642/699/641 644/701/643 
f 647/704/646 644/701/643 646/703/645 
f 646/703/645 645/702/644 648/705/647 
f 649/706/648 646/703/645 648/705/647 
f 647/704/646 646/703/645 649/706/648 
f 650/707/649 647/704/646 649/706/648 
f 638/695/637 647/704/646 650/707/649 
f 639/696/638 638/695/637 650/707/649 
f 406/444/406 496/708/495 407/445/407 
f 651/709/650 652/710/651 653/711/652 
f 654/712/653 651/709/650 653/711/652 
f 655/713/654 651/709/650 654/712/653 
f 655/713/654 654/712/653 656/714/655 
f 656/714/655 654/712/653 657/715/656 
f 654/712/653 653/711/652 657/715/656 
f 657/715/656 653/711/652 658/716/657 
f 659/717/658 657/715/656 658/716/657 
f 656/714/655 657/715/656 659/717/658 
f 660/718/659 656/714/655 659/717/658 
f 660/718/659 655/713/654 656/714/655 
f 661/719/660 655/713/654 660/718/659 
f 661/719/660 651/709/650 655/713/654 
f 661/719/660 662/720/661 651/709/650 
f 662/720/661 652/710/651 651/709/650 
f 663/721/662 662/720/661 661/719/660 
f 662/720/661 664/722/663 652/710/651 
f 665/723/664 664/722/663 662/720/661 
f 666/724/665 665/723/664 662/720/661 
f 667/725/666 666/724/665 662/720/661 
f 663/721/662 667/725/666 662/720/661 
f 668/726/667 667/725/666 663/721/662 
f 669/727/668 668/726/667 663/721/662 
f 669/727/668 663/721/662 670/728/669 
f 670/728/669 663/721/662 661/719/660 
f 670/728/669 661/719/660 660/718/659 
f 667/725/666 668/726/667 671/729/670 
f 671/729/670 668/726/667 672/730/671 
f 668/726/667 673/731/672 672/730/671 
f 672/730/671 673/731/672 674/732/673 
f 672/730/671 674/732/673 675/733/674 
f 676/734/675 672/730/671 675/733/674 
f 671/729/670 672/730/671 676/734/675 
f 634/691/633 671/729/670 676/734/675 
f 628/685/627 671/729/670 634/691/633 
f 628/685/627 667/725/666 671/729/670 
f 624/681/623 667/725/666 628/685/627 
f 667/725/666 624/681/623 666/724/665 
f 666/724/665 624/681/623 677/735/676 
f 665/723/664 666/724/665 677/735/676 
f 676/734/675 675/733/674 678/736/677 
f 678/736/677 675/733/674 679/737/678 
f 636/693/635 634/691/633 676/734/675 
f 636/693/635 676/734/675 680/738/679 
f 680/738/679 676/734/675 678/736/677 
f 680/738/679 678/736/677 681/739/680 
f 681/739/680 678/736/677 679/737/678 
f 681/739/680 679/737/678 682/740/681 
f 679/737/678 683/741/682 682/740/681 
f 679/737/678 684/742/683 683/741/682 
f 674/732/673 684/742/683 679/737/678 
f 675/733/674 674/732/673 679/737/678 
f 680/738/679 681/739/680 685/743/684 
f 685/743/684 681/739/680 682/740/681 
f 686/744/685 687/745/686 688/746/687 
f 689/747/688 688/746/687 690/748/689 
f 689/747/688 686/744/685 688/746/687 
f 689/747/688 691/749/690 686/744/685 
f 692/750/691 686/744/685 691/749/690 
f 693/751/692 692/750/691 691/749/690 
f 564/621/563 692/750/691 693/751/692 
f 564/621/563 693/751/692 694/752/693 
f 564/621/563 694/752/693 562/619/561 
f 562/619/561 694/752/693 695/753/694 
f 562/619/561 695/753/694 563/620/562 
f 696/754/695 697/755/696 698/756/697 
f 699/757/698 697/755/696 696/754/695 
f 699/757/698 700/758/699 697/755/696 
f 699/757/698 691/749/690 700/758/699 
f 700/758/699 691/749/690 701/759/700 
f 691/749/690 689/747/688 701/759/700 
f 701/759/700 689/747/688 690/748/689 
f 701/759/700 690/748/689 702/760/701 
f 702/760/701 690/748/689 703/761/702 
f 702/760/701 703/761/702 704/762/703 
f 705/763/704 706/764/705 707/765/706 
f 708/766/707 706/764/705 705/763/704 
f 708/766/707 709/767/708 706/764/705 
f 697/755/696 709/767/708 708/766/707 
f 697/755/696 700/758/699 709/767/708 
f 700/758/699 701/759/700 709/767/708 
f 709/767/708 701/759/700 702/760/701 
f 709/767/708 702/760/701 706/764/705 
f 706/764/705 702/760/701 704/762/703 
f 706/764/705 704/762/703 710/768/709 
f 707/765/706 706/764/705 710/768/709 
f 707/765/706 710/768/709 711/769/710 
f 712/770/711 707/765/706 711/769/710 
f 704/762/703 703/761/702 713/771/712 
f 704/762/703 713/771/712 710/768/709 
f 710/768/709 713/771/712 714/772/713 
f 710/768/709 714/772/713 711/769/710 
f 711/769/710 714/772/713 715/773/714 
f 716/774/715 711/769/710 715/773/714 
f 716/774/715 712/770/711 711/769/710 
f 717/775/716 712/770/711 716/774/715 
f 717/775/716 707/765/706 712/770/711 
f 705/763/704 707/765/706 717/775/716 
f 718/776/717 719/777/718 716/778/715 
f 718/776/717 716/778/715 715/779/714 
f 714/772/713 718/776/717 715/779/714 
f 720/780/719 718/776/717 714/772/713 
f 713/771/712 720/780/719 714/772/713 
f 721/781/720 720/780/719 713/771/712 
f 703/761/702 721/781/720 713/771/712 
f 703/761/702 722/782/721 721/781/720 
f 690/748/689 722/782/721 703/761/702 
f 690/748/689 688/746/687 722/782/721 
f 582/646/581 595/659/594 723/783/722 
f 724/784/723 582/646/581 723/783/722 
f 724/784/723 723/783/722 725/785/724 
f 724/784/723 725/785/724 722/782/721 
f 722/782/721 725/785/724 726/786/725 
f 722/782/721 726/786/725 721/781/720 
f 721/781/720 726/786/725 727/787/726 
f 721/781/720 727/787/726 720/780/719 
f 720/780/719 727/787/726 719/777/718 
f 720/780/719 719/777/718 718/776/717 
f 726/786/725 705/788/704 727/787/726 
f 727/787/726 705/788/704 717/789/716 
f 727/787/726 717/789/716 719/777/718 
f 719/777/718 717/789/716 716/778/715 
f 728/790/727 729/791/728 730/792/729 
f 731/793/730 728/790/727 730/792/729 
f 732/794/731 728/790/727 731/793/730 
f 698/795/697 732/794/731 731/793/730 
f 698/795/697 697/796/696 732/794/731 
f 697/796/696 723/783/722 732/794/731 
f 723/783/722 697/796/696 725/785/724 
f 725/785/724 697/796/696 726/786/725 
f 697/796/696 708/797/707 726/786/725 
f 726/786/725 708/797/707 705/788/704 
f 723/783/722 595/659/594 733/798/732 
f 723/783/722 733/798/732 732/794/731 
f 732/794/731 733/798/732 728/790/727 
f 733/798/732 734/799/733 728/790/727 
f 728/790/727 734/799/733 735/800/734 
f 728/790/727 735/800/734 729/791/728 
f 595/659/594 594/658/593 733/798/732 
f 594/658/593 736/801/735 733/798/732 
f 733/798/732 736/801/735 737/802/736 
f 734/799/733 733/798/732 737/802/736 
f 734/799/733 737/802/736 738/803/737 
f 735/800/734 734/799/733 738/803/737 
f 735/800/734 738/803/737 739/804/738 
f 740/805/739 735/800/734 739/804/738 
f 729/791/728 735/800/734 740/805/739 
f 730/792/729 729/791/728 740/805/739 
f 741/806/740 742/807/741 743/808/742 
f 742/807/741 629/809/628 630/810/629 
f 743/808/742 742/807/741 630/810/629 
f 743/808/742 630/810/629 744/811/743 
f 744/811/743 745/812/744 743/808/742 
f 744/811/743 630/810/629 631/813/630 
f 745/812/744 633/814/632 635/815/634 
f 633/814/632 745/812/744 746/816/745 
f 745/812/744 744/811/743 746/816/745 
f 746/816/745 744/811/743 747/817/746 
f 744/811/743 631/813/630 747/817/746 
f 747/817/746 631/813/630 639/818/638 
f 747/817/746 639/818/638 748/819/747 
f 748/819/747 639/818/638 749/820/748 
f 750/821/749 748/819/747 749/820/748 
f 751/822/750 750/821/749 749/820/748 
f 746/816/745 747/817/746 748/819/747 
f 750/821/749 746/816/745 748/819/747 
f 637/823/636 746/816/745 750/821/749 
f 633/814/632 746/816/745 637/823/636 
f 637/823/636 750/821/749 641/824/640 
f 751/822/750 749/820/748 752/825/751 
f 752/825/751 749/820/748 753/826/752 
f 641/824/640 750/821/749 751/822/750 
f 641/824/640 751/822/750 643/827/642 
f 643/827/642 751/822/750 752/825/751 
f 643/827/642 752/825/751 645/828/644 
f 645/828/644 752/825/751 648/829/647 
f 752/825/751 753/826/752 648/829/647 
f 753/826/752 649/830/648 648/829/647 
f 650/831/649 649/830/648 753/826/752 
f 749/820/748 650/831/649 753/826/752 
f 749/820/748 639/818/638 650/831/649 
f 754/832/753 755/833/754 756/834/755 
f 757/835/756 754/832/753 756/834/755 
f 757/835/756 756/834/755 758/836/757 
f 758/836/757 756/834/755 759/837/758 
f 665/723/664 677/735/676 754/832/753 
f 760/838/759 665/723/664 754/832/753 
f 760/838/759 754/832/753 761/839/760 
f 754/832/753 757/835/756 761/839/760 
f 761/839/760 757/835/756 762/840/761 
f 757/835/756 758/836/757 762/840/761 
f 762/840/761 758/836/757 763/841/762 
f 758/836/757 764/842/763 763/841/762 
f 758/836/757 759/837/758 764/842/763 
f 759/837/758 765/843/764 764/842/763 
f 759/837/758 756/834/755 765/843/764 
f 756/834/755 766/844/765 765/843/764 
f 756/834/755 755/833/754 766/844/765 
f 755/833/754 767/845/766 766/844/765 
f 620/677/619 767/845/766 755/833/754 
f 623/680/622 620/677/619 755/833/754 
f 754/832/753 623/680/622 755/833/754 
f 677/735/676 623/680/622 754/832/753 
f 677/735/676 624/681/623 623/680/622 
f 768/846/767 620/677/619 622/679/621 
f 768/846/767 622/679/621 769/847/768 
f 769/847/768 622/679/621 770/848/769 
f 769/847/768 770/848/769 771/849/770 
f 771/849/770 770/848/769 772/850/771 
f 771/849/770 772/850/771 773/851/772 
f 772/850/771 774/852/773 773/851/772 
f 773/851/772 774/852/773 775/853/774 
f 774/852/773 776/854/775 775/853/774 
f 774/852/773 777/855/776 776/854/775 
f 772/850/771 777/855/776 774/852/773 
f 770/848/769 777/855/776 772/850/771 
f 770/848/769 778/856/777 777/855/776 
f 622/679/621 778/856/777 770/848/769 
f 622/679/621 779/857/778 778/856/777 
f 621/678/620 779/857/778 622/679/621 
f 621/678/620 618/675/617 779/857/778 
f 618/675/617 617/674/616 779/857/778 
f 617/674/616 780/858/779 779/857/778 
f 614/671/613 780/858/779 617/674/616 
f 777/855/776 781/859/780 776/854/775 
f 777/855/776 778/856/777 781/859/780 
f 778/856/777 782/860/781 781/859/780 
f 779/857/778 782/860/781 778/856/777 
f 779/857/778 783/861/782 782/860/781 
f 780/858/779 783/861/782 779/857/778 
f 780/858/779 784/862/783 783/861/782 
f 785/863/784 784/862/783 780/858/779 
f 786/864/785 784/862/783 785/863/784 
f 785/863/784 787/865/786 786/864/785 
f 786/864/785 788/866/787 789/867/788 
f 784/862/783 786/864/785 789/867/788 
f 784/862/783 789/867/788 783/861/782 
f 783/861/782 789/867/788 790/868/789 
f 783/861/782 790/868/789 782/860/781 
f 782/860/781 790/868/789 791/869/790 
f 782/860/781 791/869/790 781/859/780 
f 781/859/780 791/869/790 792/870/791 
f 781/859/780 792/870/791 776/854/775 
f 776/854/775 792/870/791 793/871/792 
f 788/866/787 620/872/619 794/873/793 
f 789/867/788 788/866/787 794/873/793 
f 789/867/788 794/873/793 790/868/789 
f 790/868/789 794/873/793 795/874/794 
f 790/868/789 795/874/794 791/869/790 
f 791/869/790 795/874/794 792/870/791 
f 795/874/794 796/875/795 792/870/791 
f 792/870/791 796/875/795 793/871/792 
f 796/875/795 797/876/796 793/871/792 
f 776/854/775 793/871/792 775/877/774 
f 793/871/792 773/878/772 775/877/774 
f 797/876/796 773/878/772 793/871/792 
f 797/876/796 771/879/770 773/878/772 
f 796/875/795 771/879/770 797/876/796 
f 796/875/795 769/880/768 771/879/770 
f 795/874/794 769/880/768 796/875/795 
f 795/874/794 768/881/767 769/880/768 
f 794/873/793 768/881/767 795/874/794 
f 794/873/793 620/872/619 768/881/767 
f 765/882/764 798/883/797 764/884/763 
f 765/882/764 799/885/798 798/883/797 
f 766/886/765 799/885/798 765/882/764 
f 800/887/799 799/885/798 766/886/765 
f 767/888/766 800/887/799 766/886/765 
f 767/888/766 801/889/800 800/887/799 
f 620/872/619 801/889/800 767/888/766 
f 620/872/619 802/890/801 801/889/800 
f 788/866/787 802/890/801 620/872/619 
f 786/864/785 802/890/801 788/866/787 
f 786/864/785 803/891/802 802/890/801 
f 803/891/802 804/892/803 802/890/801 
f 802/890/801 804/892/803 801/889/800 
f 804/892/803 805/893/804 801/889/800 
f 801/889/800 805/893/804 806/894/805 
f 801/889/800 806/894/805 800/887/799 
f 800/887/799 806/894/805 799/885/798 
f 799/885/798 806/894/805 807/895/806 
f 799/885/798 807/895/806 798/883/797 
f 798/883/797 807/895/806 808/896/807 
f 804/892/803 665/897/664 805/893/804 
f 805/893/804 665/897/664 760/898/759 
f 805/893/804 760/898/759 806/894/805 
f 806/894/805 760/898/759 761/899/760 
f 806/894/805 761/899/760 807/895/806 
f 807/895/806 761/899/760 762/900/761 
f 807/895/806 762/900/761 808/896/807 
f 808/896/807 762/900/761 763/901/762 
f 798/883/797 808/896/807 763/901/762 
f 764/884/763 798/883/797 763/901/762 
f 665/897/664 809/902/808 664/903/663 
f 665/897/664 810/904/809 809/902/808 
f 810/904/809 811/905/810 809/902/808 
f 811/905/810 812/906/811 809/902/808 
f 811/905/810 668/907/667 812/906/811 
f 812/906/811 668/907/667 669/908/668 
f 813/909/812 812/906/811 669/908/668 
f 813/909/812 669/908/668 670/910/669 
f 813/909/812 670/910/669 814/911/813 
f 814/911/813 670/910/669 660/912/659 
f 673/913/672 815/914/814 674/915/673 
f 816/916/815 815/914/814 673/913/672 
f 668/907/667 816/916/815 673/913/672 
f 668/907/667 817/917/816 816/916/815 
f 811/905/810 817/917/816 668/907/667 
f 818/918/817 817/917/816 811/905/810 
f 803/891/802 818/918/817 811/905/810 
f 810/904/809 803/891/802 811/905/810 
f 803/891/802 810/904/809 804/892/803 
f 804/892/803 810/904/809 665/897/664 
f 817/917/816 818/918/817 819/919/818 
f 817/917/816 819/919/818 820/920/819 
f 816/916/815 817/917/816 820/920/819 
f 816/916/815 820/920/819 815/914/814 
f 815/914/814 820/920/819 821/921/820 
f 815/914/814 821/921/820 822/922/821 
f 822/922/821 821/921/820 823/923/822 
f 822/922/821 823/923/822 824/924/823 
f 824/924/823 823/923/822 825/925/824 
f 823/923/822 821/921/820 680/926/679 
f 823/923/822 680/926/679 685/927/684 
f 823/923/822 685/927/684 825/925/824 
f 825/925/824 685/927/684 682/928/681 
f 683/929/682 825/925/824 682/928/681 
f 824/924/823 825/925/824 683/929/682 
f 684/930/683 824/924/823 683/929/682 
f 684/930/683 822/922/821 824/924/823 
f 674/915/673 822/922/821 684/930/683 
f 815/914/814 822/922/821 674/915/673 
f 787/865/786 803/891/802 786/864/785 
f 787/865/786 826/931/825 803/891/802 
f 803/891/802 826/931/825 818/918/817 
f 818/918/817 826/931/825 827/932/826 
f 818/918/817 827/932/826 819/919/818 
f 819/919/818 827/932/826 635/815/634 
f 819/919/818 635/815/634 820/920/819 
f 820/920/819 635/815/634 636/933/635 
f 821/921/820 820/920/819 636/933/635 
f 821/921/820 636/933/635 680/926/679 
f 614/671/613 785/863/784 780/858/779 
f 613/670/612 785/863/784 614/671/613 
f 613/670/612 787/865/786 785/863/784 
f 613/670/612 828/934/827 787/865/786 
f 828/934/827 741/806/740 787/865/786 
f 741/806/740 826/931/825 787/865/786 
f 826/931/825 741/806/740 743/808/742 
f 826/931/825 743/808/742 827/932/826 
f 827/932/826 743/808/742 745/812/744 
f 827/932/826 745/812/744 635/815/634 
f 829/935/828 830/936/829 831/937/830 
f 832/938/831 833/939/832 834/940/833 
f 834/940/833 833/939/832 831/937/830 
f 834/940/833 831/937/830 835/941/834 
f 835/941/834 831/937/830 830/936/829 
f 836/942/835 835/941/834 830/936/829 
f 836/942/835 830/936/829 837/943/836 
f 836/942/835 837/943/836 838/944/837 
f 839/945/838 836/942/835 838/944/837 
f 839/945/838 840/946/839 836/942/835 
f 841/947/840 840/946/839 839/945/838 
f 842/948/841 832/938/831 840/946/839 
f 840/946/839 832/938/831 834/940/833 
f 840/946/839 834/940/833 836/942/835 
f 834/940/833 835/941/834 836/942/835 
f 843/949/842 839/945/838 838/944/837 
f 844/950/843 841/947/840 845/951/844 
f 845/951/844 841/947/840 839/945/838 
f 845/951/844 839/945/838 843/949/842 
f 846/952/845 845/951/844 843/949/842 
f 841/947/840 842/948/841 840/946/839 
f 844/950/843 842/948/841 841/947/840 
f 844/950/843 847/953/846 842/948/841 
f 340/954/340 847/953/846 844/950/843 
f 345/955/345 340/954/340 844/950/843 
f 848/956/847 345/955/345 844/950/843 
f 347/957/347 345/955/345 848/956/847 
f 357/958/357 347/957/347 848/956/847 
f 357/958/357 848/956/847 849/959/848 
f 358/960/358 357/958/357 849/959/848 
f 359/961/359 358/960/358 850/962/849 
f 851/963/850 849/959/848 852/964/851 
f 849/959/848 853/965/852 852/964/851 
f 851/963/850 358/960/358 849/959/848 
f 358/960/358 851/963/850 850/962/849 
f 850/962/849 851/963/850 852/964/851 
f 854/966/853 850/962/849 852/964/851 
f 854/966/853 852/964/851 855/967/854 
f 856/968/855 854/966/853 855/967/854 
f 856/968/855 855/967/854 857/969/856 
f 858/970/857 856/968/855 857/969/856 
f 859/971/858 858/970/857 857/969/856 
f 858/970/857 859/971/858 860/972/859 
f 856/968/855 850/962/849 854/966/853 
f 855/967/854 852/964/851 861/973/860 
f 852/964/851 862/974/861 861/973/860 
f 846/952/845 862/974/861 863/975/862 
f 862/974/861 846/952/845 864/976/863 
f 861/973/860 862/974/861 864/976/863 
f 861/973/860 864/976/863 865/977/864 
f 866/978/865 861/973/860 865/977/864 
f 855/967/854 861/973/860 866/978/865 
f 859/971/858 855/967/854 866/978/865 
f 855/967/854 859/971/858 857/969/856 
f 862/974/861 867/979/866 863/975/862 
f 852/964/851 853/965/852 862/974/861 
f 853/965/852 867/979/866 862/974/861 
f 849/959/848 867/979/866 853/965/852 
f 849/959/848 868/980/867 867/979/866 
f 849/959/848 848/956/847 868/980/867 
f 844/950/843 868/980/867 848/956/847 
f 868/980/867 844/950/843 867/979/866 
f 867/979/866 844/950/843 845/951/844 
f 867/979/866 845/951/844 863/975/862 
f 845/951/844 846/952/845 863/975/862 
f 869/981/868 858/970/857 870/982/869 
f 871/983/870 869/981/868 870/982/869 
f 871/983/870 870/982/869 872/984/871 
f 873/985/872 871/983/870 872/984/871 
f 874/986/873 873/985/872 872/984/871 
f 870/982/869 858/970/857 860/972/859 
f 870/982/869 860/972/859 875/987/874 
f 872/984/871 870/982/869 875/987/874 
f 876/988/875 872/984/871 875/987/874 
f 877/989/876 872/984/871 876/988/875 
f 874/986/873 872/984/871 877/989/876 
f 831/990/830 874/986/873 877/989/876 
f 831/990/830 873/985/872 874/986/873 
f 833/991/832 873/985/872 831/990/830 
f 833/991/832 832/992/831 873/985/872 
f 829/993/828 831/990/830 877/989/876 
f 832/992/831 871/983/870 873/985/872 
f 832/992/831 842/994/841 871/983/870 
f 842/994/841 869/981/868 871/983/870 
f 842/994/841 878/995/877 869/981/868 
f 869/981/868 878/995/877 858/970/857 
f 878/995/877 856/968/855 858/970/857 
f 878/995/877 879/996/878 856/968/855 
f 879/996/878 850/962/849 856/968/855 
f 850/962/849 879/996/878 880/997/879 
f 880/997/879 359/961/359 850/962/849 
f 878/995/877 880/997/879 879/996/878 
f 338/998/338 359/961/359 880/997/879 
f 339/999/339 338/998/338 880/997/879 
f 339/999/339 880/997/879 878/995/877 
f 847/1000/846 339/999/339 878/995/877 
f 847/1000/846 878/995/877 842/994/841 
f 340/1001/340 339/999/339 847/1000/846 
f 829/1002/828 877/1003/876 876/1004/875 
f 859/1005/858 866/1006/865 865/1007/864 
f 864/1008/863 859/1005/858 865/1007/864 
f 846/1009/845 859/1005/858 864/1008/863 
f 859/1005/858 846/1009/845 843/1010/842 
f 859/1005/858 843/1010/842 860/1011/859 
f 860/1011/859 843/1010/842 838/1012/837 
f 875/1013/874 860/1011/859 838/1012/837 
f 876/1004/875 875/1013/874 838/1012/837 
f 837/1014/836 876/1004/875 838/1012/837 
f 829/1002/828 876/1004/875 837/1014/836 
f 830/1015/829 829/1002/828 837/1014/836 
f 881/1016/880 882/1017/881 883/1018/882 
f 884/1019/883 883/1018/882 882/1017/881 
f 884/1019/883 882/1017/881 885/1020/884 
f 886/1021/885 884/1019/883 885/1020/884 
f 886/1021/885 887/1022/886 884/1019/883 
f 887/1022/886 888/1023/887 884/1019/883 
f 887/1022/886 687/1024/686 888/1023/887 
f 687/1024/686 889/1025/888 888/1023/887 
f 687/1024/686 686/1026/685 889/1025/888 
f 888/1023/887 883/1018/882 884/1019/883 
f 890/1027/889 891/1028/890 892/1029/891 
f 892/1029/891 891/1028/890 881/1016/880 
f 892/1029/891 881/1016/880 893/1030/892 
f 881/1016/880 883/1018/882 893/1030/892 
f 893/1030/892 883/1018/882 894/1031/893 
f 888/1023/887 894/1031/893 883/1018/882 
f 895/1032/894 894/1031/893 888/1023/887 
f 895/1032/894 888/1023/887 889/1025/888 
f 895/1032/894 889/1025/888 896/1033/895 
f 686/1026/685 896/1033/895 889/1025/888 
f 897/1034/896 898/1035/897 899/1036/898 
f 898/1035/897 895/1032/894 899/1036/898 
f 898/1035/897 894/1031/893 895/1032/894 
f 893/1030/892 894/1031/893 898/1035/897 
f 900/1037/899 893/1030/892 898/1035/897 
f 900/1037/899 892/1029/891 893/1030/892 
f 897/1034/896 900/1037/899 898/1035/897 
f 892/1029/891 900/1037/899 901/1038/900 
f 900/1037/899 902/1039/901 901/1038/900 
f 900/1037/899 897/1034/896 902/1039/901 
f 902/1039/901 897/1034/896 903/1040/902 
f 903/1040/902 897/1034/896 899/1036/898 
f 903/1040/902 899/1036/898 904/1041/903 
f 895/1032/894 904/1041/903 899/1036/898 
f 895/1032/894 905/1042/904 904/1041/903 
f 895/1032/894 896/1033/895 905/1042/904 
f 906/1043/905 905/1042/904 896/1033/895 
f 892/1029/891 901/1038/900 907/1044/906 
f 908/1045/907 907/1044/906 901/1038/900 
f 908/1045/907 901/1038/900 902/1039/901 
f 908/1045/907 902/1039/901 909/1046/908 
f 910/1047/909 909/1046/908 902/1039/901 
f 910/1047/909 911/1048/910 909/1046/908 
f 912/1049/911 908/1045/907 909/1046/908 
f 913/1050/912 908/1045/907 912/1049/911 
f 908/1045/907 913/1050/912 907/1044/906 
f 913/1050/912 912/1049/911 914/1051/913 
f 915/1052/914 914/1051/913 912/1049/911 
f 910/1047/909 916/1053/915 911/1048/910 
f 917/1054/916 911/1048/910 916/1053/915 
f 909/1046/908 911/1048/910 917/1054/916 
f 909/1046/908 917/1054/916 918/1055/917 
f 912/1049/911 909/1046/908 918/1055/917 
f 919/1056/918 912/1049/911 918/1055/917 
f 919/1056/918 915/1052/914 912/1049/911 
f 920/1057/919 915/1052/914 919/1056/918 
f 920/1057/919 921/1058/920 915/1052/914 
f 922/1059/921 921/1058/920 920/1057/919 
f 917/1054/916 919/1056/918 918/1055/917 
f 920/1057/919 923/1060/922 924/1061/923 
f 922/1059/921 920/1057/919 924/1061/923 
f 925/1062/924 926/1063/925 927/1064/926 
f 925/1062/924 927/1064/926 916/1053/915 
f 916/1053/915 927/1064/926 928/1065/927 
f 916/1053/915 928/1065/927 929/1066/928 
f 917/1054/916 916/1053/915 929/1066/928 
f 930/1067/929 929/1066/928 928/1065/927 
f 930/1067/929 931/1068/930 929/1066/928 
f 917/1054/916 929/1066/928 931/1068/930 
f 917/1054/916 931/1068/930 932/1069/931 
f 917/1054/916 932/1069/931 919/1056/918 
f 932/1069/931 920/1057/919 919/1056/918 
f 932/1069/931 933/1070/932 920/1057/919 
f 920/1057/919 933/1070/932 923/1060/922 
f 933/1070/932 934/1071/933 923/1060/922 
f 933/1070/932 935/1072/934 934/1071/933 
f 931/1068/930 933/1070/932 932/1069/931 
f 931/1068/930 935/1072/934 933/1070/932 
f 935/1072/934 931/1068/930 930/1067/929 
f 934/1071/933 936/1073/935 937/1074/936 
f 934/1071/933 935/1072/934 936/1073/935 
f 935/1072/934 930/1067/929 936/1073/935 
f 936/1073/935 930/1067/929 938/1075/937 
f 928/1065/927 938/1075/937 930/1067/929 
f 928/1065/927 939/1076/938 938/1075/937 
f 927/1064/926 939/1076/938 928/1065/927 
f 927/1064/926 940/1077/939 939/1076/938 
f 926/1063/925 940/1077/939 927/1064/926 
f 926/1063/925 941/1078/940 940/1077/939 
f 941/1078/940 942/1079/941 940/1077/939 
f 941/1078/940 890/1080/889 942/1079/941 
f 941/1078/940 891/1081/890 890/1080/889 
f 943/1082/942 882/1083/881 881/1084/880 
f 891/1081/890 943/1082/942 881/1084/880 
f 891/1081/890 944/1085/943 943/1082/942 
f 941/1078/940 944/1085/943 891/1081/890 
f 945/1086/944 944/1085/943 941/1078/940 
f 945/1086/944 941/1078/940 926/1063/925 
f 946/1087/945 945/1086/944 926/1063/925 
f 946/1087/945 926/1063/925 925/1062/924 
f 910/1047/909 946/1087/945 925/1062/924 
f 910/1047/909 925/1062/924 916/1053/915 
f 945/1086/944 946/1087/945 947/1088/946 
f 945/1086/944 947/1088/946 948/1089/947 
f 944/1085/943 945/1086/944 948/1089/947 
f 944/1085/943 948/1089/947 943/1082/942 
f 902/1039/901 903/1040/902 910/1047/909 
f 910/1047/909 903/1040/902 946/1087/945 
f 946/1087/945 903/1040/902 904/1041/903 
f 946/1087/945 904/1041/903 947/1088/946 
f 905/1042/904 947/1088/946 904/1041/903 
f 905/1042/904 906/1043/905 947/1088/946 
f 948/1089/947 947/1088/946 906/1043/905 
f 948/1089/947 906/1043/905 949/1090/948 
f 949/1090/948 943/1082/942 948/1089/947 
f 949/1090/948 950/1091/949 943/1082/942 
f 951/1092/950 950/1091/949 949/1090/948 
f 906/1043/905 896/1033/895 952/1093/951 
f 949/1090/948 906/1043/905 952/1093/951 
f 949/1090/948 952/1093/951 953/1094/952 
f 951/1092/950 949/1090/948 953/1094/952 
f 953/1094/952 560/1095/559 951/1092/950 
f 951/1092/950 560/1095/559 886/1096/885 
f 951/1092/950 886/1096/885 885/1097/884 
f 950/1091/949 951/1092/950 885/1097/884 
f 950/1091/949 885/1097/884 882/1083/881 
f 943/1082/942 950/1091/949 882/1083/881 
f 686/1026/685 692/1098/691 896/1033/895 
f 692/1098/691 952/1093/951 896/1033/895 
f 692/1098/691 564/1099/563 952/1093/951 
f 952/1093/951 564/1099/563 561/1100/560 
f 952/1093/951 561/1100/560 953/1094/952 
f 953/1094/952 561/1100/560 560/1095/559 
f 205/1101/205 547/1102/546 204/1103/204 
f 954/1104/953 955/1105/954 956/1106/955 
f 957/1107/956 955/1105/954 954/1104/953 
f 957/1107/956 958/1108/957 955/1105/954 
f 547/1102/546 958/1108/957 957/1107/956 
f 547/1102/546 959/1109/958 958/1108/957 
f 205/1101/205 959/1109/958 547/1102/546 
f 959/1109/958 205/1101/205 541/1110/540 
f 959/1109/958 541/1110/540 611/1111/610 
f 959/1109/958 611/1111/610 960/1112/959 
f 959/1109/958 960/1112/959 958/1108/957 
f 958/1108/957 960/1112/959 961/1113/960 
f 958/1108/957 961/1113/960 955/1105/954 
f 955/1105/954 961/1113/960 962/1114/961 
f 955/1105/954 962/1114/961 956/1106/955 
f 956/1106/955 962/1114/961 963/1115/962 
f 956/1106/955 963/1115/962 964/1116/963 
f 964/1116/963 963/1115/962 965/1117/964 
f 964/1116/963 965/1117/964 966/1118/965 
f 2/2/2 966/1118/965 965/1117/964 
f 966/1118/965 2/2/2 967/1119/966 
f 968/1120/967 969/1121/968 970/1122/969 
f 969/1121/968 971/1123/970 970/1122/969 
f 970/1122/969 971/1123/970 966/1118/965 
f 972/1124/971 966/1118/965 971/1123/970 
f 966/1118/965 972/1124/971 973/1125/972 
f 974/1126/973 966/1118/965 973/1125/972 
f 974/1126/973 964/1116/963 966/1118/965 
f 975/1127/974 964/1116/963 974/1126/973 
f 975/1127/974 956/1106/955 964/1116/963 
f 954/1104/953 956/1106/955 975/1127/974 
f 468/1128/468 968/1120/967 508/1129/507 
f 508/1129/507 968/1120/967 970/1122/969 
f 501/1130/500 508/1129/507 970/1122/969 
f 967/1119/966 976/1131/975 977/1132/976 
f 967/1119/966 977/1132/976 966/1118/965 
f 977/1132/976 970/1122/969 966/1118/965 
f 978/1133/977 970/1122/969 977/1132/976 
f 978/1133/977 501/1130/500 970/1122/969 
f 979/1134/978 501/1130/500 978/1133/977 
f 979/1134/978 978/1133/977 976/1131/975 
f 976/1131/975 978/1133/977 977/1132/976 
f 980/1135/979 967/1119/966 2/2/2 
f 976/1131/975 967/1119/966 980/1135/979 
f 981/1136/980 976/1131/975 980/1135/979 
f 979/1134/978 976/1131/975 981/1136/980 
f 982/1137/981 979/1134/978 981/1136/980 
f 982/1137/981 501/1130/500 979/1134/978 
f 499/1138/498 501/1130/500 982/1137/981 
f 983/1139/982 499/1138/498 982/1137/981 
f 497/1140/496 499/1138/498 983/1139/982 
f 984/1141/983 497/1140/496 983/1139/982 
f 985/1142/984 984/1141/983 986/1143/985 
f 984/1141/983 983/1139/982 986/1143/985 
f 986/1143/985 983/1139/982 1/1/1 
f 983/1139/982 982/1137/981 1/1/1 
f 1/1/1 982/1137/981 987/1144/986 
f 982/1137/981 981/1136/980 987/1144/986 
f 987/1144/986 981/1136/980 980/1135/979 
f 987/1144/986 980/1135/979 2/2/2 
f 1/1/1 987/1144/986 2/2/2 
f 528/1145/527 497/1140/496 984/1141/983 
f 988/1146/987 528/1145/527 984/1141/983 
f 988/1146/987 984/1141/983 985/1142/984 
f 989/1147/988 988/1146/987 985/1142/984 
f 988/1146/987 989/1147/988 990/1148/989 
f 991/1149/990 988/1146/987 990/1148/989 
f 528/1145/527 988/1146/987 991/1149/990 
f 460/1150/460 528/1145/527 991/1149/990 
f 460/1150/460 991/1149/990 992/1151/991 
f 462/1152/462 460/1150/460 992/1151/991 
f 462/1152/462 992/1151/991 993/1153/992 
f 468/1128/468 462/1152/462 993/1153/992 
f 468/1128/468 993/1153/992 994/1154/993 
f 468/1128/468 994/1154/993 968/1120/967 
f 968/1120/967 994/1154/993 969/1121/968 
f 969/1121/968 994/1154/993 995/1155/994 
f 994/1154/993 993/1153/992 995/1155/994 
f 991/1149/990 990/1148/989 996/1156/995 
f 991/1149/990 996/1156/995 997/1157/996 
f 991/1149/990 997/1157/996 992/1151/991 
f 992/1151/991 997/1157/996 998/1158/997 
f 993/1153/992 992/1151/991 998/1158/997 
f 993/1153/992 998/1158/997 999/1159/998 
f 995/1155/994 993/1153/992 999/1159/998 
f 995/1155/994 999/1159/998 1000/1160/999 
f 969/1121/968 995/1155/994 1000/1160/999 
f 971/1123/970 969/1121/968 1000/1160/999 
f 971/1123/970 1000/1160/999 972/1124/971 
f 1000/1160/999 999/1159/998 972/1124/971 
f 999/1159/998 998/1158/997 972/1124/971 
f 936/1073/935 938/1075/937 1001/1161/1000 
f 937/1074/936 936/1073/935 1001/1161/1000 
f 937/1074/936 1001/1161/1000 1002/1162/1001 
f 1003/1163/1002 1002/1162/1001 1001/1161/1000 
f 1004/1164/1003 1003/1163/1002 1001/1161/1000 
f 1004/1164/1003 1001/1161/1000 938/1075/937 
f 938/1075/937 1005/1165/1004 1004/1164/1003 
f 938/1075/937 939/1076/938 1005/1165/1004 
f 940/1077/939 1005/1165/1004 939/1076/938 
f 940/1077/939 942/1079/941 1005/1165/1004 
f 1006/1166/1005 1007/1167/1006 1008/1168/1007 
f 1006/1166/1005 1008/1168/1007 1009/1169/1008 
f 1009/1169/1008 1008/1168/1007 1010/1170/1009 
f 1009/1169/1008 1010/1170/1009 1011/1171/1010 
f 1011/1171/1010 1010/1170/1009 1012/1172/1011 
f 1011/1171/1010 1012/1172/1011 1013/1173/1012 
f 1014/1174/1013 1013/1173/1012 1012/1172/1011 
f 1015/1175/1014 1013/1173/1012 1014/1174/1013 
f 1014/1174/1013 1012/1172/1011 1016/1176/1015 
f 1017/1177/1016 1011/1171/1010 1013/1173/1012 
f 1015/1175/1014 1017/1177/1016 1013/1173/1012 
f 1018/1178/1017 1017/1177/1016 1015/1175/1014 
f 1018/1178/1017 1015/1175/1014 1019/1179/1018 
f 989/1180/988 1019/1179/1018 1015/1175/1014 
f 1014/1174/1013 989/1180/988 1015/1175/1014 
f 1014/1174/1013 990/1181/989 989/1180/988 
f 1014/1174/1013 996/1182/995 990/1181/989 
f 1014/1174/1013 1016/1176/1015 996/1182/995 
f 1016/1176/1015 997/1183/996 996/1182/995 
f 989/1180/988 985/1184/984 1019/1179/1018 
f 986/1185/985 1019/1179/1018 985/1184/984 
f 1020/1186/1019 1009/1169/1008 1011/1171/1010 
f 1020/1186/1019 1011/1171/1010 1021/1187/1020 
f 1017/1177/1016 1021/1187/1020 1011/1171/1010 
f 1022/1188/1021 1021/1187/1020 1017/1177/1016 
f 1022/1188/1021 1017/1177/1016 1018/1178/1017 
f 1023/1189/1022 1022/1188/1021 1018/1178/1017 
f 1023/1189/1022 1018/1178/1017 1019/1179/1018 
f 1023/1189/1022 1019/1179/1018 1024/1190/1023 
f 986/1185/985 1024/1190/1023 1019/1179/1018 
f 1/1191/1 1024/1190/1023 986/1185/985 
f 1025/1192/1024 1026/1193/1025 1027/1194/1026 
f 1025/1192/1024 1027/1194/1026 1028/1195/1027 
f 1029/1196/1028 1025/1192/1024 1028/1195/1027 
f 1029/1196/1028 1028/1195/1027 1022/1188/1021 
f 1023/1189/1022 1029/1196/1028 1022/1188/1021 
f 1023/1189/1022 1024/1190/1023 1/1191/1 
f 1023/1189/1022 1/1191/1 1030/1197/1029 
f 1029/1196/1028 1023/1189/1022 1030/1197/1029 
f 1029/1196/1028 1030/1197/1029 1031/1198/1030 
f 1031/1198/1030 1025/1192/1024 1029/1196/1028 
f 1031/1198/1030 1032/1199/1031 1025/1192/1024 
f 1025/1192/1024 1032/1199/1031 1033/1200/1032 
f 1025/1192/1024 1033/1200/1032 1026/1193/1025 
f 1033/1200/1032 1034/1201/1033 1026/1193/1025 
f 1027/1194/1026 1026/1193/1025 1034/1201/1033 
f 1035/1202/1034 1036/1203/1035 1037/1204/1036 
f 1038/1205/1037 1036/1203/1035 1035/1202/1034 
f 1038/1205/1037 1035/1202/1034 1034/1201/1033 
f 1034/1201/1033 1039/1206/1038 1038/1205/1037 
f 1033/1200/1032 1039/1206/1038 1034/1201/1033 
f 1035/1202/1034 1027/1194/1026 1034/1201/1033 
f 1035/1202/1034 1040/1207/1039 1027/1194/1026 
f 1040/1207/1039 1035/1202/1034 1037/1204/1036 
f 1040/1207/1039 1037/1204/1036 1041/1208/1040 
f 1042/1209/1041 1041/1208/1040 1037/1204/1036 
f 1042/1209/1041 1043/1210/1042 1041/1208/1040 
f 1044/1211/1043 1043/1210/1042 1042/1209/1041 
f 1044/1211/1043 1045/1212/1044 1043/1210/1042 
f 1044/1211/1043 1046/1213/1045 1045/1212/1044 
f 1045/1212/1044 1046/1213/1045 1047/1214/1046 
f 1045/1212/1044 1048/1215/1047 1043/1210/1042 
f 1049/1216/1048 1050/1217/1049 1051/1218/1050 
f 1049/1216/1048 1052/1219/1051 1050/1217/1049 
f 1053/1220/1052 1052/1219/1051 1049/1216/1048 
f 1053/1220/1052 1054/1221/1053 1052/1219/1051 
f 1048/1215/1047 1054/1221/1053 1053/1220/1052 
f 1048/1215/1047 1055/1222/1054 1054/1221/1053 
f 1045/1212/1044 1055/1222/1054 1048/1215/1047 
f 1045/1212/1044 1047/1214/1046 1055/1222/1054 
f 1047/1214/1046 1054/1221/1053 1055/1222/1054 
f 1047/1214/1046 1056/1223/1055 1054/1221/1053 
f 1056/1223/1055 1052/1219/1051 1054/1221/1053 
f 1056/1223/1055 1057/1224/1056 1052/1219/1051 
f 1057/1224/1056 1050/1217/1049 1052/1219/1051 
f 1057/1224/1056 1058/1225/1057 1050/1217/1049 
f 1059/1226/1058 1050/1217/1049 1058/1225/1057 
f 1059/1226/1058 1060/1227/1059 1050/1217/1049 
f 1061/1228/1060 1050/1217/1049 1060/1227/1059 
f 1060/1227/1059 1062/1229/1061 1061/1228/1060 
f 1061/1228/1060 1062/1229/1061 1063/1230/1062 
f 1062/1229/1061 1064/1231/1063 1063/1230/1062 
f 1065/1232/1064 1059/1226/1058 362/1233/362 
f 1065/1232/1064 1060/1227/1059 1059/1226/1058 
f 1065/1232/1064 1066/1234/1065 1060/1227/1059 
f 1060/1227/1059 1066/1234/1065 1062/1229/1061 
f 1066/1234/1065 1067/1235/1066 1062/1229/1061 
f 1062/1229/1061 1067/1235/1066 1064/1231/1063 
f 1067/1235/1066 974/1236/973 1064/1231/1063 
f 974/1236/973 1068/1237/1067 1064/1231/1063 
f 974/1236/973 973/1238/972 1068/1237/1067 
f 972/1239/971 1068/1237/1067 973/1238/972 
f 1067/1235/1066 975/1240/974 974/1236/973 
f 975/1240/974 1067/1235/1066 1069/1241/1068 
f 1066/1234/1065 1069/1241/1068 1067/1235/1066 
f 1069/1241/1068 1066/1234/1065 1065/1232/1064 
f 1069/1241/1068 1065/1232/1064 1070/1242/1069 
f 954/1243/953 1069/1241/1068 1070/1242/1069 
f 954/1243/953 1070/1242/1069 957/1244/956 
f 547/1245/546 957/1244/956 1070/1242/1069 
f 547/1245/546 1070/1242/1069 360/1246/360 
f 1070/1242/1069 361/1247/361 360/1246/360 
f 1070/1242/1069 1065/1232/1064 361/1247/361 
f 1065/1232/1064 362/1233/362 361/1247/361 
f 975/1240/974 1069/1241/1068 954/1243/953 
f 1047/1214/1046 1046/1213/1045 605/1248/604 
f 1047/1214/1046 605/1248/604 366/1249/366 
f 365/1250/365 1047/1214/1046 366/1249/366 
f 365/1250/365 1056/1223/1055 1047/1214/1046 
f 364/1251/364 1056/1223/1055 365/1250/365 
f 364/1251/364 1057/1224/1056 1056/1223/1055 
f 1057/1224/1056 364/1251/364 363/1252/363 
f 1057/1224/1056 363/1252/363 1058/1225/1057 
f 362/1233/362 1058/1225/1057 363/1252/363 
f 362/1233/362 1059/1226/1058 1058/1225/1057 
f 1046/1213/1045 606/1253/605 605/1248/604 
f 1046/1213/1045 1071/1254/1070 606/1253/605 
f 607/1255/606 606/1253/605 1071/1254/1070 
f 607/1255/606 1071/1254/1070 1072/1256/1071 
f 1072/1256/1071 608/1257/607 607/1255/606 
f 1072/1256/1071 1073/1258/1072 608/1257/607 
f 1074/1259/1073 1073/1258/1072 1072/1256/1071 
f 1074/1259/1073 1075/1260/1074 1073/1258/1072 
f 1074/1259/1073 1076/1261/1075 1075/1260/1074 
f 1077/1262/1076 1075/1260/1074 1076/1261/1075 
f 1074/1259/1073 1072/1256/1071 1071/1254/1070 
f 1044/1211/1043 1071/1254/1070 1046/1213/1045 
f 1074/1259/1073 1071/1254/1070 1044/1211/1043 
f 1074/1259/1073 1044/1211/1043 1042/1209/1041 
f 1074/1259/1073 1042/1209/1041 1078/1263/1077 
f 1074/1259/1073 1078/1263/1077 1076/1261/1075 
f 1079/1264/1078 1076/1261/1075 1078/1263/1077 
f 1080/1265/1079 1076/1261/1075 1079/1264/1078 
f 1080/1265/1079 1079/1264/1078 1081/1266/1080 
f 1080/1265/1079 1081/1266/1080 1082/1267/1081 
f 1083/1268/1082 1082/1267/1081 1081/1266/1080 
f 1079/1264/1078 1078/1263/1077 1084/1269/1083 
f 1085/1270/1084 1084/1269/1083 1078/1263/1077 
f 1085/1270/1084 1078/1263/1077 1042/1209/1041 
f 1037/1204/1036 1085/1270/1084 1042/1209/1041 
f 1086/1271/1085 1087/1272/1086 1088/1273/1087 
f 1086/1271/1085 1089/1274/1088 1087/1272/1086 
f 1089/1274/1088 1086/1271/1085 1082/1267/1081 
f 1089/1274/1088 1082/1267/1081 1090/1275/1089 
f 1083/1268/1082 1090/1275/1089 1082/1267/1081 
f 1039/1276/1038 1090/1275/1089 1083/1268/1082 
f 1038/1277/1037 1039/1276/1038 1083/1268/1082 
f 1086/1271/1085 1088/1273/1087 1091/1278/1090 
f 1033/1279/1032 1032/1280/1031 1087/1272/1086 
f 1033/1279/1032 1087/1272/1086 1089/1274/1088 
f 1089/1274/1088 1039/1276/1038 1033/1279/1032 
f 1089/1274/1088 1090/1275/1089 1039/1276/1038 
f 1092/1281/1091 1093/1282/1092 961/1283/960 
f 1093/1282/1092 962/1284/961 961/1283/960 
f 1093/1282/1092 1094/1285/1093 962/1284/961 
f 963/1286/962 962/1284/961 1094/1285/1093 
f 963/1286/962 1094/1285/1093 1095/1287/1094 
f 1096/1288/1095 963/1286/962 1095/1287/1094 
f 1091/1278/1090 1096/1288/1095 1095/1287/1094 
f 1097/1289/1096 1096/1288/1095 1091/1278/1090 
f 1097/1289/1096 1091/1278/1090 1088/1273/1087 
f 1087/1272/1086 1097/1289/1096 1088/1273/1087 
f 1087/1272/1086 1098/1290/1097 1097/1289/1096 
f 1098/1290/1097 1099/1291/1098 1097/1289/1096 
f 1096/1288/1095 965/1292/964 963/1286/962 
f 1096/1288/1095 2/1293/2 965/1292/964 
f 1096/1288/1095 1097/1289/1096 2/1293/2 
f 1097/1289/1096 3/1294/3 2/1293/2 
f 1097/1289/1096 1099/1291/1098 3/1294/3 
f 3/1294/3 1099/1291/1098 1030/1295/1029 
f 1098/1290/1097 1030/1295/1029 1099/1291/1098 
f 1098/1290/1097 1031/1296/1030 1030/1295/1029 
f 1098/1290/1097 1032/1280/1031 1031/1296/1030 
f 1098/1290/1097 1087/1272/1086 1032/1280/1031 
f 3/1294/3 1030/1295/1029 1/1297/1 
f 1100/1298/1099 1101/1299/1100 1102/1300/1101 
f 1103/1301/1102 1100/1298/1099 1102/1300/1101 
f 1103/1301/1102 1104/1302/1103 1100/1298/1099 
f 627/1303/626 1104/1302/1103 1103/1301/1102 
f 627/1303/626 629/1304/628 1104/1302/1103 
f 1105/1305/1104 1106/1306/1105 1107/1307/1106 
f 1101/1299/1100 1107/1307/1106 1106/1306/1105 
f 1101/1299/1100 1108/1308/1107 1107/1307/1106 
f 1100/1298/1099 1108/1308/1107 1101/1299/1100 
f 1109/1309/1108 1108/1308/1107 1100/1298/1099 
f 1109/1309/1108 1100/1298/1099 1104/1302/1103 
f 1109/1309/1108 1104/1302/1103 1110/1310/1109 
f 629/1304/628 1110/1310/1109 1104/1302/1103 
f 629/1304/628 742/1311/741 1110/1310/1109 
f 742/1311/741 1111/1312/1110 1110/1310/1109 
f 1111/1312/1110 1109/1309/1108 1110/1310/1109 
f 1107/1307/1106 1108/1308/1107 1112/1313/1111 
f 1109/1309/1108 1112/1313/1111 1108/1308/1107 
f 1113/1314/1112 1112/1313/1111 1109/1309/1108 
f 1111/1312/1110 1113/1314/1112 1109/1309/1108 
f 1114/1315/1113 1113/1314/1112 1111/1312/1110 
f 1115/1316/1114 1105/1305/1104 1116/1317/1115 
f 1105/1305/1104 1107/1307/1106 1116/1317/1115 
f 1116/1317/1115 1107/1307/1106 1117/1318/1116 
f 1107/1307/1106 1112/1313/1111 1117/1318/1116 
f 1117/1318/1116 1112/1313/1111 1118/1319/1117 
f 1113/1314/1112 1118/1319/1117 1112/1313/1111 
f 1119/1320/1118 1118/1319/1117 1113/1314/1112 
f 1114/1315/1113 1119/1320/1118 1113/1314/1112 
f 1114/1315/1113 1120/1321/1119 1119/1320/1118 
f 1114/1315/1113 1121/1322/1120 1120/1321/1119 
f 1122/1323/1121 1120/1321/1119 1121/1322/1120 
f 1122/1323/1121 1123/1324/1122 1120/1321/1119 
f 1123/1324/1122 1124/1325/1123 1120/1321/1119 
f 1120/1321/1119 1124/1325/1123 1125/1326/1124 
f 1120/1321/1119 1125/1326/1124 1119/1320/1118 
f 1119/1320/1118 1125/1326/1124 1118/1319/1117 
f 1126/1327/1125 1117/1318/1116 1127/1328/1126 
f 1117/1318/1116 1118/1319/1117 1127/1328/1126 
f 1118/1319/1117 1128/1329/1127 1127/1328/1126 
f 1118/1319/1117 1125/1326/1124 1128/1329/1127 
f 1125/1326/1124 1129/1330/1128 1128/1329/1127 
f 1125/1326/1124 1124/1325/1123 1129/1330/1128 
f 1129/1330/1128 1124/1325/1123 1130/1331/1129 
f 1123/1324/1122 1130/1331/1129 1124/1325/1123 
f 1131/1332/1130 1130/1331/1129 1123/1324/1122 
f 1131/1332/1130 1123/1324/1122 1122/1323/1121 
f 1131/1332/1130 1122/1323/1121 1132/1333/1131 
f 1132/1333/1131 627/1334/626 1103/1335/1102 
f 1102/1336/1101 1132/1333/1131 1103/1335/1102 
f 1102/1336/1101 1131/1332/1130 1132/1333/1131 
f 1102/1336/1101 1133/1337/1132 1131/1332/1130 
f 1131/1332/1130 1133/1337/1132 1130/1331/1129 
f 1134/1338/1133 1130/1331/1129 1133/1337/1132 
f 1129/1330/1128 1130/1331/1129 1134/1338/1133 
f 1129/1330/1128 1134/1338/1133 1135/1339/1134 
f 1129/1330/1128 1135/1339/1134 1136/1340/1135 
f 1136/1340/1135 1135/1339/1134 1137/1341/1136 
f 1102/1336/1101 1101/1342/1100 1133/1337/1132 
f 1133/1337/1132 1101/1342/1100 1106/1343/1105 
f 1138/1344/1137 1106/1343/1105 1105/1345/1104 
f 1138/1344/1137 1139/1346/1138 1106/1343/1105 
f 1133/1337/1132 1106/1343/1105 1139/1346/1138 
f 1134/1338/1133 1133/1337/1132 1139/1346/1138 
f 1139/1346/1138 1135/1339/1134 1134/1338/1133 
f 1139/1346/1138 1138/1344/1137 1135/1339/1134 
f 1137/1341/1136 1135/1339/1134 1138/1344/1137 
f 1140/1347/1139 1136/1340/1135 1141/1348/1140 
f 1136/1340/1135 1137/1341/1136 1141/1348/1140 
f 1137/1341/1136 1142/1349/1141 1141/1348/1140 
f 1142/1349/1141 1140/1347/1139 1141/1348/1140 
f 1142/1349/1141 1143/1350/1142 1140/1347/1139 
f 1144/1351/1143 1140/1347/1139 1143/1350/1142 
f 1145/1352/1144 1144/1351/1143 1143/1350/1142 
f 1145/1352/1144 1146/1353/1145 1144/1351/1143 
f 1083/1354/1082 1146/1353/1145 1145/1352/1144 
f 1147/1355/1146 1146/1353/1145 1083/1354/1082 
f 1147/1355/1146 1083/1354/1082 1081/1356/1080 
f 1083/1354/1082 1145/1352/1144 1038/1357/1037 
f 1038/1357/1037 1145/1352/1144 1148/1358/1147 
f 1148/1358/1147 1145/1352/1144 1143/1350/1142 
f 1148/1358/1147 1143/1350/1142 1142/1349/1141 
f 1149/1359/1148 1148/1358/1147 1142/1349/1141 
f 1137/1341/1136 1149/1359/1148 1142/1349/1141 
f 1150/1360/1149 1149/1359/1148 1137/1341/1136 
f 1137/1341/1136 1138/1344/1137 1150/1360/1149 
f 1138/1344/1137 1115/1361/1114 1150/1360/1149 
f 1138/1344/1137 1105/1345/1104 1115/1361/1114 
f 1149/1359/1148 1151/1362/1150 1085/1363/1084 
f 1149/1359/1148 1085/1363/1084 1152/1364/1151 
f 1149/1359/1148 1152/1364/1151 1148/1358/1147 
f 1148/1358/1147 1152/1364/1151 1037/1365/1036 
f 1148/1358/1147 1037/1365/1036 1036/1366/1035 
f 1038/1357/1037 1148/1358/1147 1036/1366/1035 
f 1152/1364/1151 1085/1363/1084 1037/1365/1036 
f 1150/1360/1149 1151/1362/1150 1149/1359/1148 
f 1151/1362/1150 1150/1360/1149 1115/1361/1114 
f 1151/1362/1150 1115/1361/1114 1153/1367/1152 
f 1153/1367/1152 1085/1363/1084 1151/1362/1150 
f 1153/1367/1152 1084/1368/1083 1085/1363/1084 
f 1154/1369/1153 923/1370/922 934/1371/933 
f 1154/1369/1153 1155/1372/1154 1156/1373/1155 
f 1154/1369/1153 1157/1374/1156 1155/1372/1154 
f 1157/1374/1156 1154/1369/1153 934/1371/933 
f 1158/1375/1157 1157/1374/1156 934/1371/933 
f 1158/1375/1157 934/1371/933 937/1376/936 
f 937/1376/936 1063/1230/1062 1158/1375/1157 
f 937/1376/936 1002/1377/1001 1063/1230/1062 
f 1061/1228/1060 1063/1230/1062 1002/1377/1001 
f 1051/1218/1050 1061/1228/1060 1002/1377/1001 
f 1061/1228/1060 1051/1218/1050 1050/1217/1049 
f 1051/1218/1050 1002/1377/1001 1003/1378/1002 
f 1158/1375/1157 1063/1230/1062 1064/1231/1063 
f 1158/1375/1157 1064/1231/1063 1159/1379/1158 
f 1160/1380/1159 1158/1375/1157 1159/1379/1158 
f 1159/1379/1158 1161/1381/1160 1160/1380/1159 
f 1162/1382/1161 1160/1380/1159 1161/1381/1160 
f 1163/1383/1162 1162/1382/1161 1161/1381/1160 
f 1162/1382/1161 1163/1383/1162 1064/1231/1063 
f 1159/1379/1158 1064/1231/1063 1163/1383/1162 
f 1163/1383/1162 1161/1381/1160 1159/1379/1158 
f 1158/1375/1157 1155/1372/1154 1157/1374/1156 
f 1158/1375/1157 1160/1380/1159 1155/1372/1154 
f 1164/1384/1163 1155/1372/1154 1160/1380/1159 
f 1164/1384/1163 1160/1380/1159 1165/1385/1164 
f 1162/1382/1161 1165/1385/1164 1160/1380/1159 
f 1162/1382/1161 1166/1386/1165 1165/1385/1164 
f 1068/1237/1067 1166/1386/1165 1162/1382/1161 
f 1068/1237/1067 1162/1382/1161 1064/1231/1063 
f 1167/1387/1166 1168/1388/1167 1166/1386/1165 
f 1166/1386/1165 1168/1388/1167 1164/1384/1163 
f 1166/1386/1165 1164/1384/1163 1165/1385/1164 
f 972/1239/971 1166/1386/1165 1068/1237/1067 
f 998/1389/997 1166/1386/1165 972/1239/971 
f 998/1389/997 1167/1387/1166 1166/1386/1165 
f 1169/1390/1168 1167/1387/1166 998/1389/997 
f 1169/1390/1168 1168/1388/1167 1167/1387/1166 
f 1169/1390/1168 1170/1391/1169 1168/1388/1167 
f 1171/1392/1170 1168/1388/1167 1170/1391/1169 
f 1171/1392/1170 1164/1384/1163 1168/1388/1167 
f 1164/1384/1163 1171/1392/1170 1156/1373/1155 
f 1164/1384/1163 1156/1373/1155 1155/1372/1154 
f 1169/1390/1168 998/1389/997 997/1393/996 
f 1172/1394/1171 1173/1395/1172 1174/1396/1173 
f 1174/1396/1173 1175/1397/1174 1172/1394/1171 
f 1175/1397/1174 1128/1329/1127 1176/1398/1175 
f 1175/1397/1174 1127/1328/1126 1128/1329/1127 
f 1126/1327/1125 1127/1328/1126 1175/1397/1174 
f 1174/1396/1173 1126/1327/1125 1175/1397/1174 
f 1177/1399/1176 1126/1327/1125 1174/1396/1173 
f 1178/1400/1177 1177/1399/1176 1174/1396/1173 
f 1178/1400/1177 1174/1396/1173 1173/1395/1172 
f 1178/1400/1177 1173/1395/1172 1147/1355/1146 
f 1173/1395/1172 1146/1353/1145 1147/1355/1146 
f 1173/1395/1172 1144/1351/1143 1146/1353/1145 
f 1178/1400/1177 1147/1355/1146 1179/1401/1178 
f 1179/1401/1178 1147/1355/1146 1081/1356/1080 
f 1179/1401/1178 1081/1356/1080 1079/1402/1078 
f 1079/1402/1078 1084/1403/1083 1179/1401/1178 
f 1179/1401/1178 1084/1403/1083 1153/1404/1152 
f 1179/1401/1178 1153/1404/1152 1178/1400/1177 
f 1115/1316/1114 1178/1400/1177 1153/1404/1152 
f 1115/1316/1114 1177/1399/1176 1178/1400/1177 
f 1115/1316/1114 1116/1317/1115 1177/1399/1176 
f 1177/1399/1176 1116/1317/1115 1126/1327/1125 
f 1116/1317/1115 1117/1318/1116 1126/1327/1125 
f 1005/1405/1004 1180/1406/1179 1004/1407/1003 
f 1181/1408/1180 1004/1407/1003 1180/1406/1179 
f 1181/1408/1180 1003/1409/1002 1004/1407/1003 
f 1181/1408/1180 921/1058/920 922/1059/921 
f 1181/1408/1180 915/1052/914 921/1058/920 
f 1181/1408/1180 1180/1406/1179 915/1052/914 
f 915/1052/914 1180/1406/1179 914/1051/913 
f 1005/1405/1004 914/1051/913 1180/1406/1179 
f 1005/1405/1004 913/1050/912 914/1051/913 
f 1005/1405/1004 942/1410/941 913/1050/912 
f 890/1027/889 913/1050/912 942/1410/941 
f 890/1027/889 907/1044/906 913/1050/912 
f 890/1027/889 892/1029/891 907/1044/906 
f 1182/1411/1181 1183/1412/1182 1184/1413/1183 
f 1022/1188/1021 1020/1186/1019 1021/1187/1020 
f 1022/1188/1021 1028/1195/1027 1020/1186/1019 
f 1028/1195/1027 1185/1414/1184 1020/1186/1019 
f 1028/1195/1027 1027/1194/1026 1185/1414/1184 
f 1027/1194/1026 1183/1412/1182 1185/1414/1184 
f 1027/1194/1026 1040/1207/1039 1183/1412/1182 
f 1183/1412/1182 1040/1207/1039 1041/1208/1040 
f 1183/1412/1182 1041/1208/1040 1184/1413/1183 
f 1184/1413/1183 1041/1208/1040 1043/1210/1042 
f 1184/1413/1183 1043/1210/1042 1048/1215/1047 
f 1053/1220/1052 1184/1413/1183 1048/1215/1047 
f 1053/1220/1052 1182/1411/1181 1184/1413/1183 
f 1182/1411/1181 1053/1220/1052 1049/1216/1048 
f 1051/1218/1050 1003/1378/1002 1181/1415/1180 
f 1051/1218/1050 1181/1415/1180 1049/1216/1048 
f 1181/1415/1180 922/1416/921 1049/1216/1048 
f 1182/1411/1181 1049/1216/1048 922/1416/921 
f 922/1416/921 1186/1417/1185 1182/1411/1181 
f 1182/1411/1181 1186/1417/1185 1183/1412/1182 
f 1183/1412/1182 1186/1417/1185 1006/1166/1005 
f 1183/1412/1182 1006/1166/1005 1185/1414/1184 
f 1185/1414/1184 1006/1166/1005 1009/1169/1008 
f 1185/1414/1184 1009/1169/1008 1020/1186/1019 
f 1006/1166/1005 1187/1418/1186 1188/1419/1187 
f 1006/1166/1005 1186/1417/1185 1187/1418/1186 
f 922/1416/921 1187/1418/1186 1186/1417/1185 
f 924/1420/923 1187/1418/1186 922/1416/921 
f 1187/1418/1186 924/1420/923 923/1421/922 
f 1187/1418/1186 923/1421/922 1188/1419/1187 
f 1154/1422/1153 1188/1419/1187 923/1421/922 
f 1188/1419/1187 1154/1422/1153 1156/1423/1155 
f 997/1183/996 1016/1176/1015 1012/1172/1011 
f 997/1183/996 1012/1172/1011 1169/1424/1168 
f 1169/1424/1168 1012/1172/1011 1010/1170/1009 
f 1169/1424/1168 1010/1170/1009 1170/1425/1169 
f 1008/1168/1007 1170/1425/1169 1010/1170/1009 
f 1008/1168/1007 1171/1426/1170 1170/1425/1169 
f 1156/1423/1155 1171/1426/1170 1008/1168/1007 
f 1156/1423/1155 1008/1168/1007 1007/1167/1006 
f 1188/1419/1187 1156/1423/1155 1007/1167/1006 
f 1007/1167/1006 1006/1166/1005 1188/1419/1187 
f 1080/1265/1079 1077/1262/1076 1076/1261/1075 
f 1095/1287/1094 1077/1262/1076 1080/1265/1079 
f 1095/1287/1094 1080/1265/1079 1082/1267/1081 
f 1095/1287/1094 1082/1267/1081 1189/1427/1188 
f 1082/1267/1081 1086/1271/1085 1189/1427/1188 
f 1190/1428/1189 1189/1427/1188 1086/1271/1085 
f 1086/1271/1085 1091/1278/1090 1190/1428/1189 
f 1190/1428/1189 1091/1278/1090 1191/1429/1190 
f 1191/1429/1190 1091/1278/1090 1095/1287/1094 
f 1095/1287/1094 1189/1427/1188 1191/1429/1190 
f 1190/1428/1189 1191/1429/1190 1189/1427/1188 
f 1192/1430/1191 1093/1282/1092 1092/1281/1091 
f 1192/1430/1191 1193/1431/1192 1093/1282/1092 
f 1094/1285/1093 1093/1282/1092 1193/1431/1192 
f 1094/1285/1093 1193/1431/1192 1077/1262/1076 
f 1095/1287/1094 1094/1285/1093 1077/1262/1076 
f 1077/1262/1076 1193/1431/1192 1075/1260/1074 
f 1075/1260/1074 1193/1431/1192 1192/1430/1191 
f 1075/1260/1074 1192/1430/1191 1073/1258/1072 
f 608/1257/607 1073/1258/1072 1192/1430/1191 
f 608/1257/607 1192/1430/1191 609/1432/608 
f 609/1432/608 1192/1430/1191 1092/1281/1091 
f 609/1432/608 1092/1281/1091 610/1433/609 
f 1092/1281/1091 611/1434/610 610/1433/609 
f 1092/1281/1091 960/1435/959 611/1434/610 
f 1092/1281/1091 961/1283/960 960/1435/959 
f 1194/1436/1193 526/1437/525 527/1438/526 
f 1194/1436/1193 527/1438/526 459/497/459 
f 527/1438/526 528/1439/527 459/497/459 
f 460/498/460 459/497/459 528/1439/527 
f 1195/1440/1194 1196/1441/1195 1197/1442/1196 
f 1197/1442/1196 1198/1443/1197 1195/1440/1194 
f 1198/1443/1197 1197/1442/1196 524/1444/523 
f 1198/1443/1197 524/1444/523 1199/1445/1198 
f 1199/1445/1198 524/1444/523 525/1446/524 
f 1199/1445/1198 525/1446/524 526/1437/525 
f 1199/1445/1198 526/1437/525 1194/1436/1193 
f 1200/1447/1199 1199/1445/1198 1194/1436/1193 
f 1200/1447/1199 1194/1436/1193 459/497/459 
f 1200/1447/1199 459/497/459 458/496/458 
f 456/494/456 1201/1448/1200 461/499/461 
f 1201/1448/1200 458/496/458 461/499/461 
f 1201/1448/1200 1200/1447/1199 458/496/458 
f 453/491/453 455/493/455 452/490/452 
f 453/491/453 1202/1449/1201 455/493/455 
f 455/493/455 1202/1449/1201 456/494/456 
f 1202/1449/1201 1203/1450/1202 456/494/456 
f 1201/1448/1200 456/494/456 1203/1450/1202 
f 1203/1450/1202 1204/1451/1203 1201/1448/1200 
f 1201/1448/1200 1204/1451/1203 1200/1447/1199 
f 1204/1451/1203 1205/1452/1204 1200/1447/1199 
f 1205/1452/1204 1199/1445/1198 1200/1447/1199 
f 1205/1452/1204 1198/1443/1197 1199/1445/1198 
f 1206/1453/1205 1203/1450/1202 1202/1449/1201 
f 1206/1453/1205 1207/1454/1206 1203/1450/1202 
f 1207/1454/1206 1208/1455/1207 1203/1450/1202 
f 1203/1450/1202 1208/1455/1207 1204/1451/1203 
f 1204/1451/1203 1208/1455/1207 1205/1452/1204 
f 1209/1456/1208 1210/1457/1209 1211/1458/1210 
f 1211/1458/1210 1210/1457/1209 1208/1455/1207 
f 1207/1454/1206 1211/1458/1210 1208/1455/1207 
f 1198/1443/1197 1205/1452/1204 1208/1455/1207 
f 1208/1455/1207 1195/1440/1194 1198/1443/1197 
f 1210/1457/1209 1195/1440/1194 1208/1455/1207 
f 1210/1457/1209 1212/1459/1211 1195/1440/1194 
f 1213/1460/1212 1212/1459/1211 1210/1457/1209 
f 1210/1457/1209 1209/1456/1208 1213/1460/1212 
f 447/485/447 1213/1460/1212 1209/1456/1208 
f 1213/1460/1212 447/485/447 1214/1461/1213 
f 441/479/441 1214/1461/1213 447/485/447 
f 440/478/440 1214/1461/1213 441/479/441 
f 433/471/433 432/470/432 440/478/440 
f 432/470/432 1215/1462/1214 440/478/440 
f 1215/1462/1214 1216/1463/1215 440/478/440 
f 440/478/440 1216/1463/1215 1214/1461/1213 
f 1216/1463/1215 1217/1464/1216 1214/1461/1213 
f 1217/1464/1216 1213/1460/1212 1214/1461/1213 
f 1217/1464/1216 1218/1465/1217 1213/1460/1212 
f 1213/1460/1212 1218/1465/1217 1212/1459/1211 
f 1218/1465/1217 1196/1441/1195 1212/1459/1211 
f 1212/1459/1211 1196/1441/1195 1195/1440/1194 
f 1197/1442/1196 521/1466/520 524/1444/523 
f 1196/1441/1195 521/1466/520 1197/1442/1196 
f 1196/1441/1195 538/1467/537 521/1466/520 
f 1219/1468/1218 538/1467/537 1196/1441/1195 
f 1218/1465/1217 1219/1468/1218 1196/1441/1195 
f 1220/1469/1219 1219/1468/1218 1218/1465/1217 
f 1217/1464/1216 1220/1469/1219 1218/1465/1217 
f 1215/1462/1214 1220/1469/1219 1217/1464/1216 
f 1215/1462/1214 1217/1464/1216 1216/1463/1215 
f 1219/1468/1218 540/1470/539 538/1467/537 
f 1221/1471/1220 1222/1472/1221 1223/1473/1222 
f 1221/1471/1220 1223/1473/1222 1224/1474/1223 
f 1225/1475/1224 1221/1471/1220 1224/1474/1223 
f 1226/1476/1225 1221/1471/1220 1225/1475/1224 
f 1226/1476/1225 1222/1472/1221 1221/1471/1220 
f 1227/1477/1226 1222/1472/1221 1226/1476/1225 
f 296/305/296 1224/1474/1223 297/306/297 
f 1224/1474/1223 300/309/300 297/306/297 
f 1224/1474/1223 1223/1473/1222 300/309/300 
f 1223/1473/1222 425/463/425 300/309/300 
f 1222/1472/1221 425/463/425 1223/1473/1222 
f 1222/1472/1221 427/465/427 425/463/425 
f 1227/1477/1226 427/465/427 1222/1472/1221 
f 429/467/429 427/465/427 1227/1477/1226 
f 429/467/429 1227/1477/1226 276/285/276 
f 275/284/275 429/467/429 276/285/276 
f 276/285/276 1227/1477/1226 1226/1476/1225 
f 276/285/276 1226/1476/1225 290/299/290 
f 290/299/290 1226/1476/1225 292/301/292 
f 1226/1476/1225 1225/1475/1224 292/301/292 
f 292/301/292 1225/1475/1224 298/307/298 
f 298/307/298 1225/1475/1224 1228/1478/1227 
f 298/307/298 1228/1478/1227 294/303/294 
f 1228/1478/1227 296/305/296 294/303/294 
f 1228/1478/1227 1224/1474/1223 296/305/296 
f 1225/1475/1224 1224/1474/1223 1228/1478/1227 
f 1229/1479/1228 1230/1480/1229 1231/1481/1230 
f 1231/1481/1230 1230/1480/1229 1209/1482/1208 
f 1231/1481/1230 1209/1482/1208 1211/1483/1210 
f 1206/1484/1205 1202/1485/1201 1232/1486/1231 
f 1233/1487/1232 1206/1484/1205 1232/1486/1231 
f 1234/1488/1233 1206/1484/1205 1233/1487/1232 
f 1234/1488/1233 1207/1489/1206 1206/1484/1205 
f 1211/1483/1210 1207/1489/1206 1234/1488/1233 
f 1235/1490/1234 1211/1483/1210 1234/1488/1233 
f 1235/1490/1234 1231/1481/1230 1211/1483/1210 
f 1236/1491/1235 1231/1481/1230 1235/1490/1234 
f 1229/1479/1228 1231/1481/1230 1236/1491/1235 
f 1237/1492/1236 1229/1479/1228 1236/1491/1235 
f 1236/1491/1235 1238/1493/1237 1239/1494/1238 
f 1238/1493/1237 1236/1491/1235 1235/1490/1234 
f 1238/1493/1237 1235/1490/1234 1240/1495/1239 
f 1240/1495/1239 1235/1490/1234 1234/1488/1233 
f 1240/1495/1239 1234/1488/1233 1241/1496/1240 
f 1241/1496/1240 1234/1488/1233 1233/1487/1232 
f 1241/1496/1240 1233/1487/1232 1242/1497/1241 
f 1242/1497/1241 1233/1487/1232 1232/1486/1231 
f 453/1498/453 1242/1497/1241 1232/1486/1231 
f 1202/1485/1201 453/1498/453 1232/1486/1231 
f 1239/1494/1238 1238/1493/1237 1240/1495/1239 
f 1239/1494/1238 1240/1495/1239 1241/1496/1240 
f 1230/1480/1229 1229/1479/1228 1237/1492/1236 
f 1243/1499/1242 1230/1480/1229 1237/1492/1236 
f 1230/1480/1229 1243/1499/1242 1209/1482/1208 
f 447/1500/447 1209/1482/1208 1243/1499/1242 
f 1243/1499/1242 1237/1492/1236 447/1500/447 
f 447/1500/447 1237/1492/1236 445/1501/445 
f 1237/1492/1236 1236/1491/1235 445/1501/445 
f 445/1501/445 1236/1491/1235 1239/1494/1238 
f 445/1501/445 1239/1494/1238 446/1502/446 
f 1239/1494/1238 1241/1496/1240 446/1502/446 
f 446/1502/446 1241/1496/1240 1242/1497/1241 
f 453/1498/453 446/1502/446 1242/1497/1241 
f 693/751/692 691/749/690 699/757/698 
f 1244/1503/1243 693/751/692 699/757/698 
f 1244/1503/1243 699/757/698 696/754/695 
f 1245/1504/1244 1244/1503/1243 696/754/695 
f 1245/1504/1244 696/754/695 1246/1505/1245 
f 1246/1505/1245 696/754/695 1247/1506/1246 
f 1246/1505/1245 1247/1506/1246 1248/1507/1247 
f 1246/1505/1245 1248/1507/1247 1249/1508/1248 
f 1249/1508/1248 1248/1507/1247 1250/1509/1249 
f 1249/1508/1248 1250/1509/1249 1251/1510/1250 
f 738/1511/737 1249/1508/1248 1251/1510/1250 
f 738/1511/737 1251/1510/1250 739/1512/738 
f 1251/1510/1250 1250/1509/1249 739/1512/738 
f 1250/1509/1249 740/1513/739 739/1512/738 
f 1250/1509/1249 730/1514/729 740/1513/739 
f 1248/1507/1247 730/1514/729 1250/1509/1249 
f 1248/1507/1247 731/1515/730 730/1514/729 
f 1248/1507/1247 1247/1506/1246 731/1515/730 
f 1247/1506/1246 698/756/697 731/1515/730 
f 696/754/695 698/756/697 1247/1506/1246 
f 694/752/693 693/751/692 1252/1516/1251 
f 693/751/692 1253/1517/1252 1252/1516/1251 
f 1253/1517/1252 693/751/692 1244/1503/1243 
f 1253/1517/1252 1244/1503/1243 594/1518/593 
f 594/1518/593 1244/1503/1243 1245/1504/1244 
f 594/1518/593 1245/1504/1244 736/1519/735 
f 736/1519/735 1245/1504/1244 1246/1505/1245 
f 736/1519/735 1246/1505/1245 737/1520/736 
f 737/1520/736 1246/1505/1245 1249/1508/1248 
f 737/1520/736 1249/1508/1248 738/1511/737 
f 596/1521/595 1254/1522/1253 602/1523/601 
f 596/1521/595 1252/1516/1251 1254/1522/1253 
f 1254/1522/1253 1252/1516/1251 1255/1524/1254 
f 1252/1516/1251 1253/1517/1252 1255/1524/1254 
f 1253/1517/1252 594/1518/593 1255/1524/1254 
f 1255/1524/1254 594/1518/593 593/1525/592 
f 1256/1526/1255 1255/1524/1254 593/1525/592 
f 1256/1526/1255 593/1525/592 592/1527/591 
f 1256/1526/1255 592/1527/591 1257/1528/1256 
f 1257/1528/1256 592/1527/591 587/1529/586 
f 1258/1530/1257 1259/1531/1258 1257/1528/1256 
f 1259/1531/1258 1256/1526/1255 1257/1528/1256 
f 1257/1528/1256 587/1529/586 589/1532/588 
f 601/1533/600 1257/1528/1256 589/1532/588 
f 1258/1530/1257 1257/1528/1256 601/1533/600 
f 604/1534/603 1258/1530/1257 601/1533/600 
f 603/1535/602 1258/1530/1257 604/1534/603 
f 603/1535/602 1259/1531/1258 1258/1530/1257 
f 602/1523/601 1259/1531/1258 603/1535/602 
f 1254/1522/1253 1259/1531/1258 602/1523/601 
f 1259/1531/1258 1254/1522/1253 1256/1526/1255 
f 1254/1522/1253 1255/1524/1254 1256/1526/1255 
f 554/1536/553 563/1537/562 1260/1538/1259 
f 1260/1538/1259 563/1537/562 1261/1539/1260 
f 1260/1538/1259 1261/1539/1260 1262/1540/1261 
f 1262/1540/1261 1261/1539/1260 1263/1541/1262 
f 1262/1540/1261 1263/1541/1262 1264/1542/1263 
f 1264/1542/1263 1263/1541/1262 1265/1543/1264 
f 1265/1543/1264 1263/1541/1262 1266/1544/1265 
f 1265/1543/1264 1266/1544/1265 1267/1545/1266 
f 1268/1546/1267 1265/1543/1264 1267/1545/1266 
f 1264/1542/1263 1265/1543/1264 1268/1546/1267 
f 1269/1547/1268 1264/1542/1263 1268/1546/1267 
f 1269/1547/1268 1262/1540/1261 1264/1542/1263 
f 1270/1548/1269 1262/1540/1261 1269/1547/1268 
f 1270/1548/1269 586/650/585 1262/1540/1261 
f 596/660/595 586/650/585 1270/1548/1269 
f 596/660/595 583/647/582 586/650/585 
f 1271/1549/1270 596/660/595 1270/1548/1269 
f 1271/1549/1270 1270/1548/1269 1272/1550/1271 
f 1272/1550/1271 1270/1548/1269 1269/1547/1268 
f 1272/1550/1271 1269/1547/1268 1268/1546/1267 
f 1273/1551/1272 1272/1550/1271 1268/1546/1267 
f 1273/1551/1272 1268/1546/1267 1274/1552/1273 
f 1274/1552/1273 1268/1546/1267 1267/1545/1266 
f 586/650/585 1260/1538/1259 1262/1540/1261 
f 586/650/585 581/645/580 1260/1538/1259 
f 581/645/580 554/1536/553 1260/1538/1259 
f 554/1536/553 581/645/580 574/631/573 
f 554/1536/553 574/631/573 555/1553/554 
f 555/1553/554 574/631/573 573/630/572 
f 555/1553/554 573/630/572 556/1554/555 
f 556/1554/555 573/630/572 576/633/575 
f 556/1554/555 576/633/575 572/637/571 
f 572/637/571 576/633/575 578/635/577 
f 886/1555/885 560/1556/559 559/643/558 
f 580/644/579 886/1555/885 559/643/558 
f 887/1557/886 886/1555/885 580/644/579 
f 1275/1558/1274 887/1557/886 580/644/579 
f 687/745/686 887/1557/886 1275/1558/1274 
f 687/745/686 1275/1558/1274 1276/1559/1275 
f 688/746/687 687/745/686 1276/1559/1275 
f 688/746/687 1276/1559/1275 722/782/721 
f 1276/1559/1275 724/784/723 722/782/721 
f 1275/1558/1274 724/784/723 1276/1559/1275 
f 724/784/723 1275/1558/1274 582/646/581 
f 1275/1558/1274 580/644/579 582/646/581 
f 694/752/693 1277/1560/1276 695/753/694 
f 695/753/694 1277/1560/1276 1278/1561/1277 
f 1277/1560/1276 1279/1562/1278 1278/1561/1277 
f 1278/1561/1277 1279/1562/1278 1280/1563/1279 
f 1278/1561/1277 1280/1563/1279 1281/1564/1280 
f 1281/1564/1280 1280/1563/1279 1282/1565/1281 
f 1281/1564/1280 1282/1565/1281 1283/1566/1282 
f 1283/1566/1282 1282/1565/1281 1284/1567/1283 
f 1283/1566/1282 1284/1567/1283 1285/1568/1284 
f 563/620/562 695/753/694 1278/1561/1277 
f 563/620/562 1278/1561/1277 1261/1569/1260 
f 1278/1561/1277 1281/1564/1280 1261/1569/1260 
f 1261/1569/1260 1281/1564/1280 1263/1570/1262 
f 1281/1564/1280 1283/1566/1282 1263/1570/1262 
f 1263/1570/1262 1283/1566/1282 1266/1571/1265 
f 1266/1571/1265 1283/1566/1282 1285/1568/1284 
f 1266/1571/1265 1285/1568/1284 1267/1572/1266 
f 1285/1568/1284 1274/1573/1273 1267/1572/1266 
f 1285/1568/1284 1284/1567/1283 1274/1573/1273 
f 1284/1567/1283 1273/1574/1272 1274/1573/1273 
f 1282/1565/1281 1273/1574/1272 1284/1567/1283 
f 1282/1565/1281 1272/1575/1271 1273/1574/1272 
f 1282/1565/1281 1280/1563/1279 1272/1575/1271 
f 1280/1563/1279 1271/1576/1270 1272/1575/1271 
f 1280/1563/1279 1279/1562/1278 1271/1576/1270 
f 1279/1562/1278 596/1521/595 1271/1576/1270 
f 1277/1560/1276 596/1521/595 1279/1562/1278 
f 1277/1560/1276 1252/1516/1251 596/1521/595 
f 1277/1560/1276 694/752/693 1252/1516/1251 
f 434/472/434 430/468/430 422/460/422 
f 421/459/421 434/472/434 422/460/422 
f 431/469/431 434/472/434 421/459/421 
f 420/458/420 431/469/431 421/459/421 
f 1286/1577/1285 431/469/431 420/458/420 
f 1286/1577/1285 420/458/420 419/1578/419 
f 418/1579/418 1286/1577/1285 419/1578/419 
f 1287/1580/1286 1286/1577/1285 418/1579/418 
f 535/1581/534 1287/1580/1286 418/1579/418 
f 1287/1580/1286 535/1581/534 536/1582/535 
f 539/1583/538 1287/1580/1286 536/1582/535 
f 1288/1584/1287 1287/1580/1286 539/1583/538 
f 1288/1584/1287 539/1583/538 540/1585/539 
f 1288/1584/1287 540/1585/539 1219/1586/1218 
f 1220/1587/1219 1288/1584/1287 1219/1586/1218 
f 1288/1584/1287 1220/1587/1219 1215/1588/1214 
f 1289/1589/1288 1288/1584/1287 1215/1588/1214 
f 1289/1589/1288 1215/1588/1214 432/1590/432 
f 431/469/431 1289/1589/1288 432/1590/432 
f 1286/1577/1285 1289/1589/1288 431/469/431 
f 1287/1580/1286 1289/1589/1288 1286/1577/1285 
f 1287/1580/1286 1288/1584/1287 1289/1589/1288 
f 742/1311/741 741/1591/740 1111/1312/1110 
f 1111/1312/1110 741/1591/740 828/1592/827 
f 1111/1312/1110 828/1592/827 1114/1315/1113 
f 1114/1315/1113 828/1592/827 613/1593/612 
f 1114/1315/1113 613/1593/612 1121/1322/1120 
f 1121/1322/1120 613/1593/612 612/1594/611 
f 1121/1322/1120 612/1594/611 1122/1323/1121 
f 1122/1323/1121 612/1594/611 619/1595/618 
f 1122/1323/1121 619/1595/618 1132/1333/1131 
f 1132/1333/1131 619/1595/618 627/1334/626 
f 1172/1394/1171 1144/1351/1143 1173/1395/1172 
f 1144/1351/1143 1172/1394/1171 1140/1347/1139 
f 1175/1397/1174 1140/1347/1139 1172/1394/1171 
f 1175/1397/1174 1176/1398/1175 1140/1347/1139 
f 1140/1347/1139 1176/1398/1175 1136/1340/1135 
f 1136/1340/1135 1176/1398/1175 1128/1329/1127 
f 1136/1340/1135 1128/1329/1127 1129/1330/1128 
f 814/911/813 660/912/659 659/1596/658 
f 1290/1597/1289 814/911/813 659/1596/658 
f 1290/1597/1289 659/1596/658 658/1598/657 
f 653/1599/652 1290/1597/1289 658/1598/657 
f 652/1600/651 1290/1597/1289 653/1599/652 
f 652/1600/651 1291/1601/1290 1290/1597/1289 
f 664/903/663 1291/1601/1290 652/1600/651 
f 809/902/808 1291/1601/1290 664/903/663 
f 809/902/808 812/906/811 1291/1601/1290 
f 812/906/811 813/909/812 1291/1601/1290 
f 1291/1601/1290 813/909/812 1290/1597/1289 
f 813/909/812 814/911/813 1290/1597/1289 
# 0 polygons - 2552 triangles

