# 3ds Max Wavefront OBJ Exporter v0.97b - (c)2007 guruware
# File Created: 19.07.2021 14:26:50

mtllib Corpse_Pose_C.mtl

#
# object Corpse_Pose_C
#

v  -5.9977 7.9312 -51.5203
v  -5.6928 5.4003 -45.6936
v  -5.8845 6.3989 -48.4955
v  3.2082 3.1824 -59.3287
v  3.5351 2.5623 -59.2786
v  3.1708 2.9281 -58.1114
v  3.3093 3.2619 -57.8816
v  3.6804 3.8523 -59.1385
v  3.6496 3.6335 -57.8842
v  4.0577 3.0190 -57.4231
v  4.5184 2.7437 -57.3726
v  4.8185 2.7028 -59.7100
v  6.1917 1.5473 -59.9212
v  4.9194 1.7188 -62.6295
v  6.1327 0.9804 -61.6571
v  4.1817 3.8836 -60.6849
v  3.2471 3.2687 -60.9487
v  6.0270 1.6768 -62.4507
v  6.4864 1.3198 -61.6668
v  5.6920 1.2787 -62.3748
v  5.1872 2.1302 -62.7715
v  5.6030 2.5294 -62.0666
v  6.7255 1.3968 -60.6919
v  4.7891 3.0948 -61.7684
v  3.9334 2.6257 -62.5202
v  4.0164 2.1554 -62.1313
v  3.5073 2.7452 -60.8115
v  16.8450 6.3662 -64.6657
v  17.9405 4.7830 -62.3194
v  16.0998 4.3814 -66.5607
v  17.1953 2.7981 -64.2145
v  17.0471 2.5336 -62.4383
v  14.7114 0.2681 -62.4821
v  13.3884 -1.3525 -65.0266
v  12.2929 0.2307 -67.3729
v  14.2166 6.2256 -68.5718
v  14.9618 8.2104 -66.6767
v  12.8011 10.1790 -67.3620
v  11.4530 8.3643 -68.5736
v  10.4097 2.0750 -69.3839
v  7.6084 4.2243 -69.3430
v  17.6047 8.3860 -63.4495
v  18.6058 6.6039 -61.2060
v  17.6497 6.7098 -65.7461
v  18.6508 4.9277 -63.5026
v  18.2640 4.2959 -61.8600
v  16.5279 1.6890 -62.7435
v  16.0484 0.3838 -65.7297
v  15.0472 2.1659 -67.9732
v  15.7773 8.5306 -67.7884
v  15.7323 10.2068 -65.4918
v  13.3400 11.8347 -66.2921
v  13.3850 10.1584 -68.5886
v  13.1748 3.9867 -70.0155
v  10.7825 5.6145 -70.8158
v  -17.0670 9.1834 2.9213
v  -15.9697 9.1706 1.8004
v  -17.0573 13.5020 4.4022
v  -17.7692 14.2042 5.7660
v  -13.5624 19.8381 5.7395
v  -14.3575 20.6187 7.2324
v  -12.6316 6.7083 -5.7517
v  -12.6855 5.2732 -0.9208
v  -16.9198 10.7663 -5.1244
v  -18.2898 15.9845 -4.1699
v  -15.9872 21.7386 -4.1574
v  -13.7226 25.0266 -4.2928
v  -7.3347 5.3073 -5.3597
v  -11.4390 24.7016 7.0529
v  -10.6334 23.9102 5.5356
v  -12.1093 18.6496 7.0008
v  -15.7540 11.9083 5.9747
v  -2.1651 8.4343 14.3633
v  -0.7872 4.2340 11.2195
v  12.3574 5.5068 25.4399
v  -8.3879 28.6059 6.2357
v  -9.0011 22.8083 6.4818
v  -7.4745 20.1079 7.1588
v  5.1350 16.5445 12.7285
v  -0.5182 14.9873 15.7997
v  12.3072 11.5417 25.6831
v  16.3105 5.5369 28.6941
v  16.5827 13.3904 22.5590
v  12.5336 10.5019 32.6358
v  15.1570 5.2143 31.3112
v  11.4178 5.8322 42.6128
v  16.5186 10.6677 29.7976
v  19.9142 12.3910 26.4659
v  20.2124 12.1823 19.5127
v  9.1288 14.0201 8.4208
v  -1.6162 16.7792 7.4821
v  17.5285 13.1696 33.0470
v  23.3513 13.6066 32.4464
v  22.7469 11.7657 22.4520
v  15.3937 3.0915 67.0725
v  15.7741 2.9546 69.7243
v  10.5532 1.6476 69.8346
v  10.3644 1.2263 67.0137
v  14.9246 3.5806 43.2118
v  6.7378 6.2342 67.0895
v  8.9042 10.5439 44.6408
v  19.2179 3.6680 44.3282
v  18.0506 5.4834 67.3918
v  19.2703 4.8294 70.0608
v  22.6516 5.9371 45.3171
v  27.2931 3.4150 28.5302
v  23.7237 2.0834 29.3975
v  19.4367 2.4123 31.2571
v  14.5605 1.9431 23.4405
v  17.9083 1.9190 26.7374
v  21.9982 1.3442 24.4410
v  25.6518 2.5196 22.3554
v  27.1246 7.8774 28.2933
v  2.9633 2.6506 7.3340
v  17.6941 0.8629 20.5240
v  6.5456 4.2529 4.7628
v  21.4293 1.9845 17.0909
v  25.5323 7.3980 22.7230
v  21.9418 7.2531 17.5416
v  9.9806 8.7955 5.1289
v  2.3614 10.3099 1.8540
v  -1.9274 6.3530 -1.8017
v  -7.5056 3.8671 -2.0476
v  2.0997 13.6201 5.3004
v  4.2096 12.3705 1.6839
v  3.6839 12.2205 -2.3898
v  -2.1374 7.2527 -4.5838
v  2.9201 12.6159 -4.9110
v  2.5148 14.1211 5.5619
v  21.3256 10.1067 46.2785
v  18.4046 13.3296 46.2686
v  13.4764 12.0044 67.1180
v  18.0705 8.6307 67.4057
v  18.4874 8.1905 70.2262
v  13.5901 11.8072 69.8526
v  13.6120 10.2723 68.4012
v  15.8107 7.6920 68.6210
v  15.8348 5.1715 68.5931
v  13.4510 3.9824 68.6858
v  10.1915 4.8725 68.3835
v  6.1479 6.4765 69.8834
v  4.9546 10.7708 66.5782
v  13.4880 13.2187 44.6440
v  4.8524 11.2070 69.9417
v  9.5250 13.1677 69.9715
v  9.5007 14.1610 67.3508
v  7.6512 7.5609 68.1987
v  7.8292 10.1971 68.1392
v  9.4777 11.2838 68.1866
v  6.4029 2.6493 -49.7701
v  7.6707 2.7377 -48.8528
v  7.1784 2.7875 -48.6739
v  8.4494 2.9673 -48.4063
v  7.8094 2.9097 -47.7273
v  5.9079 3.2815 -48.7537
v  4.9282 2.6894 -51.8577
v  3.9050 3.5846 -51.8027
v  3.4772 3.1610 -54.3717
v  5.0970 2.4989 -54.9968
v  6.4664 2.1401 -52.4990
v  7.4628 2.0926 -51.1502
v  8.8711 2.1757 -49.9710
v  9.8910 2.5191 -49.0901
v  9.0690 3.6966 -47.9104
v  7.5143 1.6848 -52.8988
v  9.0058 1.7935 -51.2092
v  10.3407 1.8182 -50.5991
v  11.2924 2.1218 -50.5604
v  11.7473 2.4192 -50.2158
v  12.0149 2.3504 -50.2564
v  11.9785 2.7632 -50.0974
v  12.1630 2.5707 -50.1806
v  12.5218 2.4739 -50.0809
v  12.5600 2.1950 -50.3670
v  12.3164 1.9022 -50.9335
v  12.3491 2.7508 -50.2764
v  12.8741 2.7319 -50.6481
v  13.0174 2.1762 -51.2061
v  11.5693 1.3479 -51.4998
v  11.2876 1.4055 -50.9721
v  11.4180 1.5641 -51.8882
v  10.9521 1.6768 -51.5076
v  10.0658 1.2616 -51.8901
v  10.9411 1.8021 -51.0016
v  11.3238 1.7161 -50.7833
v  12.6003 1.5606 -51.7582
v  13.3988 2.0926 -51.7084
v  11.8928 1.2936 -53.1198
v  10.6744 0.3331 -53.2952
v  9.1071 0.6615 -52.9799
v  9.5498 -0.1758 -54.5444
v  8.3887 0.4433 -54.3297
v  8.8387 -0.0610 -56.1279
v  6.8064 1.0762 -57.5183
v  8.2548 0.5086 -59.3324
v  6.5274 1.7575 -55.0220
v  4.7265 4.0841 -63.7038
v  2.6747 5.8553 -61.6660
v  7.2293 2.6125 -65.1800
v  8.8116 0.8365 -63.1099
v  10.0117 -0.2769 -60.8217
v  9.8217 -0.1515 -57.4792
v  10.5647 -0.2605 -56.1359
v  10.6683 -0.5042 -58.2663
v  13.1439 -1.1302 -59.5210
v  14.9833 -0.8149 -58.7644
v  14.3513 -0.6511 -57.1912
v  12.4679 -1.0605 -57.1217
v  11.2547 -0.6745 -56.7587
v  13.9544 -0.7555 -56.1598
v  12.2980 -0.8926 -56.4230
v  11.3831 -0.2957 -55.3871
v  10.9997 -0.0641 -54.7666
v  11.5902 0.6919 -54.8596
v  11.3322 0.4054 -54.1162
v  12.0094 1.2162 -54.0082
v  14.7284 0.4556 -55.1012
v  15.5008 0.4916 -56.1817
v  15.6149 1.5378 -54.4260
v  13.5953 -0.5097 -55.5115
v  12.2858 -0.3666 -55.5934
v  12.0058 0.6014 -55.4147
v  12.1003 1.4185 -54.6276
v  12.5557 1.3743 -55.1584
v  12.6700 1.7511 -54.3336
v  12.9639 0.0193 -55.3383
v  13.2853 0.8047 -55.0198
v  13.0643 1.6445 -54.7400
v  13.5758 1.7314 -54.4507
v  14.2411 0.5062 -54.7587
v  14.7193 1.2012 -54.2163
v  15.2186 1.6459 -53.9660
v  15.4613 2.3048 -53.8366
v  14.8153 2.1759 -53.5822
v  14.5910 3.2416 -53.9311
v  13.9827 3.1536 -52.3139
v  14.1552 3.9604 -53.5734
v  14.2370 4.5298 -52.8681
v  14.2848 4.6680 -53.5096
v  14.7588 5.4053 -53.2379
v  14.5335 3.8300 -53.9880
v  14.6756 5.3788 -52.4050
v  15.6719 6.0840 -53.1921
v  15.1281 6.0770 -52.6537
v  14.2166 5.6020 -51.4824
v  13.8596 4.2191 -52.1132
v  14.4185 2.1722 -52.5962
v  13.5301 2.9437 -51.2824
v  13.0637 4.0120 -51.0460
v  12.7493 5.2533 -50.5167
v  13.1773 6.7159 -50.8968
v  11.6435 5.7170 -49.8593
v  11.6012 7.7642 -50.8071
v  10.7151 6.9305 -49.4857
v  10.6489 8.3616 -50.3584
v  13.5062 3.2616 -50.5072
v  12.0091 4.2999 -49.7452
v  12.6572 4.2133 -50.6349
v  13.1656 3.3751 -50.1214
v  14.0250 1.5867 -52.7977
v  14.3169 1.7952 -52.6379
v  14.7054 1.8707 -53.6167
v  14.4806 1.6781 -53.7535
v  12.9165 1.5676 -52.8595
v  -4.3037 33.4390 0.8465
v  -7.5928 27.8253 4.7428
v  -5.8929 26.9670 5.9628
v  -0.6712 32.0889 3.4563
v  15.5633 16.6443 9.4424
v  -6.6776 21.1742 7.0257
v  -3.4611 33.3482 3.3770
v  1.1733 33.5887 -0.1243
v  16.6597 23.8417 0.2948
v  5.7029 29.8767 -3.9911
v  1.3712 32.3724 -1.0950
v  3.9460 29.0288 -7.5612
v  -1.1261 32.0314 -6.8483
v  -6.4268 31.9571 -5.4648
v  -11.2389 28.1318 -4.6757
v  15.7327 12.3990 -6.1902
v  15.4839 9.7070 -0.5734
v  2.8390 14.6094 5.1770
v  5.6500 14.7100 1.3049
v  15.6465 17.9656 -7.4450
v  7.6963 19.2293 -3.4086
v  8.4083 25.1597 -4.7047
v  6.8584 24.4174 -6.9089
v  -0.9808 17.6292 7.3761
v  6.5813 18.9919 -5.5355
v  35.5538 4.6884 -4.0304
v  33.7977 2.7418 1.0209
v  30.1342 3.9858 0.5042
v  31.6868 5.9719 -4.4776
v  33.3567 9.9420 -7.5879
v  16.3952 21.8832 -4.9744
v  41.0957 2.3153 0.1350
v  37.1706 8.3017 -7.0204
v  34.4582 13.7185 -4.1938
v  34.5393 15.4914 -0.1512
v  38.0900 11.6976 -3.7611
v  38.7182 13.4279 0.4470
v  46.7121 3.9055 10.1199
v  43.0185 1.8684 11.9952
v  43.9084 5.2972 -1.2375
v  43.6328 8.9728 0.6077
v  43.1193 11.3925 4.9467
v  37.7871 12.2539 4.5974
v  33.3513 14.7922 4.2817
v  16.4709 22.2208 5.4679
v  43.4588 11.7115 11.2303
v  30.9078 10.6744 7.9634
v  36.9119 8.4199 8.1886
v  33.0162 10.2891 10.4322
v  34.5835 4.8463 8.4484
v  -5.8807 22.2404 6.8926
v  15.5308 11.2286 5.6365
v  30.0007 6.0375 4.9411
v  35.0428 4.7190 5.3875
v  37.4637 0.8844 5.2134
v  38.1790 1.2026 13.4735
v  34.3469 5.4583 14.1819
v  38.7474 0.8317 22.9132
v  35.6007 5.0914 23.7539
v  39.3099 1.3718 26.6123
v  36.0920 6.3029 27.9715
v  40.1556 1.6274 30.9040
v  36.2065 5.4721 32.3048
v  40.9002 2.1521 32.6822
v  38.7536 4.4081 33.3642
v  36.0349 9.2765 36.6447
v  41.7981 3.4158 30.0644
v  40.0923 4.3304 30.8074
v  39.8725 6.6109 31.5995
v  41.5277 8.5814 31.3477
v  41.0599 10.1774 34.6950
v  43.5631 8.5537 31.0266
v  46.6069 9.6640 32.7116
v  45.0621 6.9788 29.8383
v  47.8598 6.3880 30.7625
v  45.1594 4.8938 29.4815
v  49.9914 2.7872 29.0536
v  49.9720 2.7282 26.4845
v  48.6059 3.3506 24.7948
v  47.3148 9.5757 26.8235
v  47.6170 7.3975 28.3733
v  45.4913 11.0085 30.4417
v  45.3289 9.0938 21.8728
v  44.6133 11.5964 26.6057
v  43.7271 11.6126 21.0783
v  45.8953 8.4791 10.6716
v  48.1365 3.2354 21.1056
v  45.7635 2.1896 30.5687
v  44.7153 1.9238 27.5977
v  42.6703 1.7798 25.7789
v  43.1775 2.1688 22.0829
v  43.9274 3.6631 29.4714
v  7.3935 15.9238 0.0979
v  9.2028 21.9257 -3.5429
v  7.9211 27.8119 -4.0959
v  3.8357 32.6148 -4.1818
v  -3.7720 34.9509 -3.5794
v  -8.8818 32.4598 -3.2777
v  -14.7634 26.0089 -2.6693
v  18.6771 3.9740 85.9329
v  18.4292 4.0239 84.4360
v  18.8300 6.5967 85.2781
v  17.7252 6.5835 86.3814
v  14.9891 9.3282 83.2600
v  17.4486 4.4256 86.8986
v  12.2346 10.0358 73.9917
v  8.5970 11.8915 72.9986
v  10.6814 10.9134 75.3555
v  8.6719 11.5467 76.5483
v  13.0927 10.8364 79.0256
v  11.9425 10.9336 80.3080
v  15.9337 9.2152 82.1086
v  18.5110 6.0064 83.9539
v  15.5160 5.2458 81.3102
v  13.9386 9.7957 77.8314
v  16.5172 8.2217 81.3287
v  14.5196 8.4295 76.6397
v  13.7886 5.7031 76.3744
v  2.0573 7.7710 70.0747
v  6.7387 4.7794 71.2763
v  5.6347 5.4701 72.8309
v  3.6867 6.7954 68.0938
v  3.8535 10.1312 67.0869
v  5.8176 12.3109 67.9080
v  9.8113 11.7249 71.3527
v  9.8295 4.3351 74.0221
v  12.5103 3.6323 76.6796
v  10.9345 2.3937 78.0912
v  14.1460 2.2027 81.5924
v  16.5143 1.8078 85.0680
v  16.6350 2.3386 83.7113
v  13.0611 1.7626 82.3651
v  9.7504 2.2851 79.2830
v  8.0662 4.4302 75.4858
v  15.6985 2.5141 86.1559
v  12.1846 2.3590 83.4054
v  8.7236 2.6985 80.5557
v  6.1867 5.3567 76.6821
v  4.7691 6.0649 74.2279
v  0.5376 8.6850 71.9777
v  0.9199 11.4102 71.3508
v  2.4255 10.8046 69.3299
v  4.2310 12.8529 70.0713
v  7.4417 12.2263 74.2534
v  6.4152 12.5176 75.3565
v  2.6710 13.4642 72.0456
v  12.4861 -0.0547 -63.2115
v  15.2462 -0.4821 -60.7577
v  13.0450 -0.8391 -61.0374
v  11.3327 1.0749 -64.9312
v  13.1910 1.9366 -65.8557
v  14.5317 0.5794 -63.4951
v  16.5529 1.8052 -62.9623
v  17.0612 0.9635 -60.2179
v  16.5773 0.3722 -57.9801
v  15.5151 7.1033 -53.6023
v  16.3459 6.8987 -54.1531
v  16.8764 5.9179 -54.0798
v  17.2982 6.1245 -54.6496
v  17.3845 4.3468 -54.4043
v  17.7674 4.4304 -55.4428
v  16.9795 2.6911 -55.4250
v  18.0684 2.5902 -57.2170
v  18.2988 4.4022 -62.0688
v  18.6475 6.7016 -61.3886
v  19.0531 5.1808 -58.8093
v  18.4266 2.9947 -59.5191
v  18.6393 4.6235 -56.8932
v  18.3515 6.6162 -56.8558
v  16.3953 8.0148 -55.3353
v  15.5021 8.2982 -54.5720
v  18.5071 7.2857 -58.2420
v  18.2386 8.5023 -60.2673
v  16.6748 9.6345 -57.4115
v  14.8179 10.2713 -55.9734
v  14.6094 8.5229 -53.1745
v  13.1828 10.5611 -54.2549
v  13.2264 12.0115 -56.3208
v  10.7411 12.0001 -54.1879
v  13.8089 11.9334 -57.0667
v  14.5430 7.2516 -51.9889
v  13.4569 7.9823 -51.7358
v  11.7457 9.5197 -52.3513
v  10.4964 10.5305 -52.2334
v  9.0579 11.4623 -51.5155
v  10.3248 12.3413 -54.2156
v  9.3369 9.2473 -49.6013
v  8.7141 12.7010 -53.2070
v  7.8748 12.3288 -53.4425
v  8.0245 12.1009 -51.5513
v  3.1337 13.7474 -55.9146
v  1.6140 13.4096 -56.8561
v  2.4249 13.4154 -55.6297
v  4.8781 13.0479 -54.3310
v  4.5406 11.2112 -53.5611
v  5.6450 11.6754 -52.8395
v  7.1046 11.5909 -51.6451
v  8.1200 9.8544 -49.6455
v  6.8288 10.1331 -50.3753
v  5.7731 10.1903 -51.6080
v  4.5294 8.3253 -51.5785
v  9.3821 7.0808 -48.2453
v  8.3312 6.8863 -47.5134
v  6.7259 8.0789 -49.0233
v  5.9173 8.8913 -49.6824
v  3.7843 7.0054 -51.4401
v  7.7216 4.1902 -46.7123
v  8.2691 5.1492 -46.6865
v  6.7957 5.0216 -47.3195
v  7.5846 6.0550 -47.2661
v  5.5327 6.5010 -49.1517
v  2.4206 6.1552 -50.9148
v  4.7407 7.2109 -49.6674
v  4.6502 4.9914 -50.0856
v  6.2299 4.0399 -47.9595
v  7.1252 3.4477 -47.2719
v  8.5870 3.7264 -47.0553
v  9.5766 4.6440 -47.8294
v  9.5742 5.5692 -47.8786
v  9.2699 5.8987 -47.6034
v  9.1542 4.9102 -47.0391
v  10.8943 5.1852 -48.9356
v  10.7736 3.8320 -48.6384
v  10.3767 3.1089 -48.7574
v  12.1416 3.3851 -50.1258
v  12.3963 3.9666 -50.2569
v  12.5680 3.5669 -50.1466
v  12.3651 3.2789 -50.2182
v  3.8507 6.6393 75.3205
v  -3.5757 10.9116 -54.9672
v  -1.0018 6.7659 -54.7250
v  -4.2425 8.8582 -53.0651
v  0.1669 5.8228 -53.2066
v  -2.5832 6.4198 -51.1768
v  1.4549 5.5768 -51.8973
v  2.8009 4.7813 -56.0393
v  2.5763 4.8550 -53.9627
v  3.3334 4.9336 -52.1642
v  3.8057 5.7502 -50.7631
v  0.7883 5.7553 -51.1093
v  0.3666 6.2870 -46.9208
v  2.5024 3.8868 -54.3775
v  2.7690 3.8577 -56.2496
v  -1.1600 10.4459 -57.0420
v  -1.5437 8.7503 -56.2280
v  1.9496 6.3375 -57.0818
v  3.1901 4.9423 -58.9862
v  2.1791 8.0982 -62.0822
v  1.9045 7.9878 -59.6640
v  2.1401 10.0372 -59.6389
v  1.2311 8.2041 -58.2851
v  1.4787 10.0341 -58.4985
v  2.4453 6.3019 -59.4267
v  6.3935 13.0075 -64.5083
v  4.8511 10.7131 -65.2978
v  2.9570 10.8474 -61.9874
v  4.4995 13.1418 -61.1980
v  2.9499 11.7413 -59.3357
v  2.2627 11.8480 -58.3032
v  0.0201 12.1940 -57.4421
v  -1.1466 13.3177 -56.1018
v  4.0593 5.8282 -64.7939
v  4.0689 8.2463 -65.3350
v  6.4991 7.4361 -67.7288
v  9.6165 2.8486 -66.7332
v  8.2776 4.2508 -67.5020
v  6.0523 4.7898 -66.6194
v  11.3889 3.9336 -67.7936
v  9.1868 5.8716 -68.4330
v  7.5288 9.8170 -67.9255
v  9.0713 12.1114 -67.1361
v  10.3895 7.9867 -68.8858
v  12.1354 10.5837 -67.9923
v  6.7967 15.8642 0.1202
v  20.1048 6.1609 -70.1822
v  20.3171 7.0528 -71.4696
v  18.1437 5.5930 -72.7604
v  17.9182 5.1220 -72.0194
v  17.4249 4.5830 -72.5728
v  17.6989 5.0014 -73.3180
v  19.6831 6.3619 -72.7648
v  18.5186 5.0038 -73.5260
v  17.3257 3.7136 -74.4726
v  17.9473 4.1876 -72.1254
v  16.5803 3.4560 -73.4930
v  20.4399 4.8183 -70.5494
v  25.9878 5.0673 -68.4031
v  25.1598 6.2537 -68.4118
v  21.0431 8.2243 -72.6538
v  19.7515 8.0146 -75.3377
v  25.5740 7.8033 -68.7093
v  16.8786 2.9241 -73.2009
v  15.8155 2.5704 -74.3704
v  16.0366 2.9214 -74.8445
v  16.7851 3.8646 -74.1391
v  16.1138 2.3096 -73.9164
v  16.0509 2.2760 -74.4910
v  16.2860 2.5958 -74.9424
v  16.5341 2.9567 -75.0660
v  18.7626 4.2083 -73.3726
v  20.3337 5.3555 -72.4985
v  18.4792 3.7734 -72.4367
v  17.5130 3.0090 -74.2849
v  17.2625 2.5907 -73.5262
v  16.6626 2.5202 -74.7997
v  16.4362 2.1574 -74.2821
v  24.8163 5.7884 -71.0487
v  21.8128 6.6889 -74.2076
v  24.0767 6.5382 -75.0705
v  22.0634 7.2979 -76.9586
v  23.1741 7.1077 -77.3517
v  21.4209 6.1336 -80.7064
v  21.0994 7.1652 -76.2924
v  19.6552 2.3607 -83.4554
v  19.3155 1.8149 -83.1865
v  19.1404 2.1114 -83.8782
v  19.5683 2.2285 -82.7276
v  20.1715 3.9166 -82.2035
v  20.3910 4.4199 -82.9138
v  21.7647 6.6593 -81.2090
v  23.5619 7.7530 -77.9122
v  23.8384 6.7003 -77.4846
v  21.4278 8.1087 -77.0320
v  20.6344 6.4150 -80.3961
v  19.4890 4.1496 -81.8856
v  18.8813 2.4603 -82.4524
v  18.6328 1.9983 -82.9166
v  18.4764 2.2998 -83.5800
v  20.2107 7.1218 -80.6626
v  19.1193 4.7060 -82.2517
v  18.4277 2.6004 -82.9296
v  -19.2427 18.5095 -2.1467
v  -20.1488 12.9007 -1.7918
v  -15.7470 6.2480 -2.0443
v  -9.9690 3.7242 -2.1432
v  -3.8990 4.3130 -0.6896
v  1.5339 8.0344 0.7375
v  1.4183 8.6225 0.7072
v  -35.4140 8.8686 -27.6816
v  -35.9156 7.4321 -27.4734
v  -35.0810 10.4018 -20.9490
v  -33.7476 10.5446 -21.7290
v  -33.1467 10.3958 -18.1021
v  -33.5678 10.8287 -14.9721
v  -32.9891 9.6677 -14.9056
v  -33.7945 9.7547 -27.7056
v  -33.4815 8.8248 -12.0905
v  -33.1378 9.5278 -12.5222
v  -32.2677 10.6133 -10.0134
v  -32.6301 8.9940 -12.4264
v  -31.5601 8.4363 -14.7625
v  -31.1386 9.5527 -18.7451
v  -31.9073 9.8120 -22.4219
v  -31.8270 9.4388 -27.8288
v  -29.3907 7.4531 -15.2312
v  -30.7852 8.5244 -27.5885
v  -30.8952 8.8545 -22.6615
v  -26.7119 8.7742 -18.3689
v  -27.2093 8.1704 -16.5017
v  -27.0480 6.9822 -16.2384
v  -28.2875 6.2578 -13.6867
v  -28.2446 5.3959 -13.9129
v  -27.2305 4.9211 -10.0538
v  -25.6417 7.7580 -15.1428
v  -24.9282 8.9147 -16.0674
v  -24.5374 8.3383 -16.3252
v  -25.5358 8.5908 -15.2482
v  -24.2722 8.4537 -13.8682
v  -24.1419 9.1821 -14.0073
v  -23.3934 8.8251 -13.0674
v  -23.2938 9.2863 -13.3025
v  -23.0094 9.0663 -13.1059
v  -22.8491 9.5513 -13.7301
v  -23.6061 9.4972 -14.6607
v  -22.5863 9.2859 -13.4718
v  -22.5397 9.2992 -14.0488
v  -23.3166 9.0530 -14.9490
v  -28.4882 9.0972 -6.8172
v  -29.0178 8.6934 -6.2151
v  -27.6947 10.2886 -5.3320
v  -27.4197 10.4021 -6.0148
v  -26.8279 9.9327 -6.1904
v  -26.5247 10.2465 -5.6424
v  -27.1296 10.6698 -5.4765
v  -27.2209 10.3048 -4.8017
v  -26.6292 9.8851 -4.9990
v  -26.5655 9.6119 -5.6600
v  -27.8923 8.6298 -7.0355
v  -30.1423 7.5881 -8.7417
v  -29.4716 7.0357 -8.9399
v  -30.7508 7.2188 -8.3669
v  -32.1197 7.0191 -12.0250
v  -31.4150 7.4836 -12.4357
v  -30.4001 6.8930 -12.6487
v  -30.1407 5.8976 -12.5555
v  -29.4045 6.2113 -8.6830
v  -27.8382 7.9616 -6.6740
v  -29.3428 6.6662 -13.1191
v  -28.2746 6.0177 -9.8531
v  -28.6813 5.7056 -9.5899
v  -27.5660 6.0575 -7.2193
v  -27.2384 6.2275 -7.5690
v  -27.4628 5.6685 -10.1250
v  -31.8922 8.1110 -12.3761
v  -26.4668 5.9732 -7.8802
v  -26.1908 7.1776 -6.0968
v  -26.2800 5.5027 -7.8232
v  -25.4752 6.8926 -6.4357
v  -25.3009 6.7567 -5.5859
v  -26.0622 7.0040 -5.3061
v  -26.5756 6.9125 -5.5894
v  -25.2531 6.3852 -6.0939
v  28.9662 9.2497 -69.7338
v  29.6077 8.0030 -69.4642
v  27.7986 5.4044 -75.5396
v  27.8238 6.2289 -75.7344
v  27.1023 5.4161 -77.5112
v  26.9294 7.2269 -75.7321
v  27.3400 9.0839 -69.3817
v  24.9238 8.5292 -75.0151
v  22.5313 8.8564 -73.6437
v  20.1252 8.8487 -75.6253
v  23.8892 6.3796 -81.2811
v  25.5043 6.6022 -78.0606
v  23.9623 5.4684 -81.1092
v  25.4495 7.6228 -77.8697
v  26.2651 6.8927 -77.9742
v  27.0886 6.2618 -77.8902
v  25.8204 4.8961 -80.6095
v  25.8554 3.9558 -80.2896
v  25.3794 4.2409 -81.0919
v  23.7780 3.2413 -80.9997
v  24.7099 4.6212 -81.0313
v  23.9066 3.1862 -81.5433
v  24.6056 4.9039 -80.3333
v  25.0986 5.3033 -80.5185
v  24.6115 2.8387 -81.5915
v  23.6483 1.1476 -82.1823
v  22.9966 1.5020 -82.1378
v  24.8727 2.4583 -81.0197
v  24.0353 1.1014 -81.6605
v  23.5485 0.8294 -81.7866
v  22.9795 1.1609 -81.7040
v  23.0171 1.7477 -81.5103
v  23.7784 1.0458 -81.1786
v  23.1627 1.3957 -81.1715
v  24.5145 2.3733 -80.5905
v  25.4013 3.8299 -79.7821
v  26.3245 5.1118 -77.4146
v  24.8565 6.1664 -77.5538
v  25.8717 5.9503 -75.1765
v  25.5393 5.8737 -77.5441
v  24.7353 4.2748 -79.7862
v  23.9464 2.7760 -80.5538
v  22.4682 2.9670 -81.5911
v  21.9591 1.1711 -81.9152
v  22.0925 1.1853 -82.5670
v  22.7957 3.1356 -82.1840
v  23.5878 5.1416 -80.4895
v  22.8283 5.3920 -80.2117
v  21.8376 3.1833 -81.4816
v  21.2672 1.3280 -81.6646
v  22.5541 6.0328 -80.5568
v  21.4695 3.5148 -81.8041
v  20.8613 1.5765 -82.0425
v  20.9623 0.8838 -82.3150
v  21.6257 0.7570 -82.5333
v  -32.7758 5.7383 -27.2360
v  -31.2988 6.7005 -27.3006
v  -31.4058 7.5229 -22.4174
v  -26.8335 7.4200 -18.8172
v  -27.6177 6.6351 -17.6916
v  -25.3664 7.0966 -15.8916
v  -24.8372 7.4694 -16.5262
v  -24.3016 7.7566 -15.8401
v  -23.3032 8.4373 -14.6696
v  -24.8561 7.4509 -15.2040
v  -23.7713 8.1174 -14.1175
v  -22.8848 8.6732 -13.1940
v  -22.4582 8.9278 -13.5813
v  -31.0415 8.8323 -9.3887
v  -31.6926 9.3467 -9.2210
v  -30.0921 10.8807 -7.7107
v  -29.5791 10.4416 -7.7323
v  -28.4092 11.9251 -7.2511
v  -29.0283 12.3283 -7.1085
v  -31.1012 8.1238 -9.0735
v  -29.4340 9.9826 -7.3891
v  -28.2102 11.5262 -6.8381
v  -28.0991 12.1942 -6.5131
v  -28.6971 12.5597 -6.4005
v  -29.2861 12.3440 -6.4953
v  -30.5713 10.8311 -7.2055
v  -32.2787 9.1686 -8.7151
v  -32.4948 9.9644 -9.5243
v  -31.2613 11.1542 -8.5466
v  -31.1506 11.6635 -8.9613
v  -30.1195 12.2193 -7.7514
v  -30.0520 12.6118 -8.0697
v  -29.9063 12.7390 -7.4911
v  -30.4811 13.1718 -8.1311
v  -30.3152 13.2614 -7.4725
v  -30.8319 13.2031 -7.7101
v  -31.5230 12.2528 -8.9798
v  -32.7048 11.2807 -10.0841
v  -33.5397 10.5378 -12.7018
v  -34.6051 10.9024 -14.8245
v  -31.9659 12.2980 -8.6311
v  -33.2656 11.3224 -9.6799
v  -34.3771 10.5543 -12.7753
v  -34.9740 10.1454 -14.7284
v  -35.6951 9.2201 -20.4341
v  -34.5345 8.8801 -14.6849
v  -34.7315 7.9152 -20.8395
v  -34.2613 8.8538 -12.3387
v  -34.7558 9.7563 -12.4946
v  -33.6483 10.4311 -9.4637
v  -33.1025 10.8479 -8.8433
v  -31.9862 11.8265 -8.0678
v  -30.6040 12.9929 -7.1374
v  -33.1275 9.7801 -9.4722
v  -32.6252 10.2409 -8.8282
v  -31.4671 11.2357 -8.0308
v  -30.1364 12.4161 -7.1068
v  -28.8156 12.1896 -5.9543
v  -30.5039 10.1936 -6.6950
v  -32.0996 8.7025 -7.8630
v  -32.5861 8.2945 -8.6340
v  -33.7728 7.8695 -12.3795
v  -33.0569 6.9301 -15.1816
v  -33.0753 6.9707 -12.2554
v  -31.8304 7.5919 -8.7933
v  -31.3809 7.9887 -8.1176
v  -29.8321 9.7422 -6.7827
v  -28.2539 11.8378 -6.0738
v  -31.0940 6.2285 -8.6597
v  -32.3797 6.2141 -12.3503
v  -31.1709 5.4398 -12.6131
v  -30.2336 5.5911 -8.8747
v  -29.8569 5.8937 -7.9801
v  -28.1678 7.7496 -5.9665
v  -28.5757 4.6835 -8.9455
v  -28.8995 4.6197 -9.8039
v  -30.1812 5.0180 -13.0597
v  -30.7339 5.7522 -16.1450
v  -28.9515 4.7614 -13.7875
v  -28.0578 4.2749 -10.1055
v  -27.7443 4.3803 -9.2630
v  -27.4460 5.3226 -6.9532
v  -26.6949 5.0921 -7.2974
v  -26.1660 6.5363 -5.0045
v  -25.4751 6.2947 -5.2673
v  -32.8416 7.0626 -21.7945
v  -28.9504 5.7946 -16.7867
v  -34.8527 6.0059 -27.1257
v  63.7882 8.4645 50.8427
v  64.2392 5.7020 50.9855
v  63.4473 8.5322 50.1977
v  59.0791 7.7559 48.1674
v  62.8851 8.3513 49.6389
v  62.9950 5.7492 49.6592
v  63.6234 5.4744 50.2768
v  59.9091 3.4806 49.7870
v  59.8710 3.8855 51.2209
v  54.5443 3.4397 51.3102
v  54.7020 2.9034 49.1687
v  59.2442 5.2976 48.7672
v  52.7058 4.0268 47.5209
v  53.4966 6.5882 46.0675
v  50.1694 4.0480 50.6723
v  48.5441 3.7467 43.2417
v  49.1208 3.2407 47.7845
v  47.4485 3.5212 51.9463
v  48.8349 5.4157 42.9067
v  46.4076 2.3330 41.8877
v  43.9229 3.1470 43.9813
v  43.2900 5.9526 43.7121
v  43.0727 4.1888 43.8041
v  42.1867 4.4778 46.8381
v  43.6831 2.7585 47.0875
v  43.0492 6.8670 46.8640
v  42.4910 7.8759 49.1241
v  45.2881 8.1781 45.8589
v  45.1560 9.3146 48.7840
v  47.9378 9.4457 48.2050
v  45.9961 8.9122 51.6108
v  49.3763 9.4942 50.9382
v  41.1885 4.2906 49.6433
v  43.6684 2.2165 49.3462
v  47.0206 2.2767 49.0104
v  44.0613 3.3687 51.8959
v  42.8991 4.9096 51.8496
v  42.7725 7.1198 51.7111
v  46.5823 2.5136 46.4873
v  46.7742 1.8803 43.9991
v  51.2287 8.6376 47.1413
v  52.7368 10.4245 49.3808
v  57.8148 10.3364 48.9208
v  57.9231 11.5959 49.5723
v  60.8739 10.3406 49.5230
v  61.2426 10.8840 50.2234
v  52.7975 10.2800 51.1955
v  58.0317 11.2101 51.0465
v  61.7326 10.9487 50.8264
v  47.7374 6.9925 43.0986
v  44.8763 8.5483 43.1813
v  45.1816 7.3316 41.1463
v  29.5972 3.4141 -59.0169
v  28.9162 2.9522 -64.9427
v  32.0458 4.8836 -65.1478
v  29.1636 3.4301 -71.6816
v  25.9002 2.2812 -70.1338
v  27.3476 5.4255 -68.5486
v  28.9818 6.6753 -68.9618
v  30.2656 6.4263 -72.9623
v  28.8481 9.1813 -73.3509
v  30.0211 3.8795 -46.5665
v  28.7512 3.7854 -52.1024
v  32.5013 4.7738 -52.3789
v  32.8320 5.3403 -59.2382
v  33.0882 8.5665 -65.1582
v  30.4810 11.5253 -64.9716
v  25.6111 10.2937 -72.6965
v  32.8121 11.8824 -52.0712
v  34.4295 9.1139 -58.8924
v  31.2991 11.9806 -58.5833
v  35.1883 7.7478 -52.3890
v  35.8885 8.2914 -48.0012
v  33.3515 10.9625 -48.7967
v  28.6172 12.6090 -51.8548
v  27.2418 11.7188 -58.0376
v  26.4702 11.2087 -64.4979
v  23.5648 9.1110 -64.2982
v  33.4098 5.4043 -47.0160
v  34.5644 10.7173 -44.5817
v  32.2204 10.4319 -47.5103
v  29.4641 10.8014 -48.6631
v  28.9907 8.3424 -47.9978
v  29.1158 15.8407 -43.0066
v  33.1838 8.0222 -42.2632
v  28.0470 13.4591 -39.6008
v  21.7019 22.9830 -43.0328
v  26.4137 5.6129 -46.5160
v  23.2137 11.2550 -48.1143
v  26.6366 14.6077 -47.0049
v  21.3778 17.9931 -46.0872
v  17.9995 19.7812 -45.7302
v  19.2956 23.5817 -42.9276
v  15.4658 25.9182 -42.7128
v  13.8415 16.4380 -48.6678
v  15.0460 21.3499 -46.2798
v  26.1816 8.8885 -48.0181
v  25.0460 6.0690 -47.0499
v  25.7081 3.6771 -43.9173
v  20.3969 5.9154 -42.4552
v  20.7811 7.9177 -46.0381
v  15.9703 10.7358 -38.1421
v  16.6825 10.8197 -43.6738
v  19.0366 13.8814 -46.5398
v  16.5795 15.3851 -47.9490
v  13.6471 13.6760 -45.6172
v  14.5115 12.7791 -44.3557
v  13.9310 12.4047 -37.2519
v  12.9724 13.4474 -36.7925
v  16.9083 15.0833 -33.6577
v  22.3662 7.0334 -39.3600
v  27.3914 3.7137 -41.9944
v  26.6336 4.2688 -46.7764
v  30.4935 5.4488 -41.1789
v  26.2275 3.5726 -58.2505
v  25.2309 5.1317 -51.8920
v  23.5846 7.9090 -51.6424
v  25.0201 11.1070 -51.5773
v  24.2550 9.5019 -57.8219
v  23.8064 5.7555 -57.7660
v  23.0827 5.4273 -64.3376
v  25.6828 3.1482 -64.6299
v  23.0662 3.4657 -69.6108
v  22.4874 9.6074 -71.2757
v  21.2623 6.5577 -70.0795
v  5.3522 12.0092 -15.4798
v  2.6132 9.2003 -16.5733
v  5.1595 8.8066 -24.1284
v  6.1034 14.8293 -11.5157
v  3.7774 11.4813 -11.4750
v  4.1424 12.2031 0.2376
v  1.2618 8.3105 -10.9872
v  -0.4624 6.5950 -17.1575
v  2.1987 6.2166 -24.7227
v  -4.0951 4.5989 -32.4576
v  0.6615 4.9908 -32.6334
v  -5.3752 4.1435 -41.7133
v  0.5228 5.4854 -41.2022
v  -3.9636 6.3870 -47.8529
v  2.8836 4.9327 -49.1284
v  3.3800 4.8541 -49.0105
v  0.3496 6.4534 -46.2811
v  4.4998 7.5278 -47.9241
v  6.4640 7.0390 -45.7958
v  6.5563 5.7518 -41.8136
v  6.5761 6.4568 -32.9274
v  7.8841 11.5104 -23.0823
v  -2.1940 4.1027 -48.9637
v  0.2840 6.1555 -46.1197
v  -1.7381 4.3097 -49.0895
v  -2.2642 3.9552 -49.3262
v  -3.5792 5.2611 -46.9462
v  -2.6916 3.9857 -48.8549
v  -4.0123 6.5218 -51.2119
v  -4.6273 8.9397 -53.1303
v  -3.8766 11.2002 -55.0400
v  -4.1220 13.1914 -55.4558
v  -6.0257 10.7071 -53.6792
v  -4.0175 4.9593 -47.0236
v  -1.3605 13.7935 -56.2419
v  -0.8084 14.4340 -56.0522
v  2.7254 14.1144 -55.5134
v  2.4149 13.8253 -55.7346
v  4.8242 11.4717 -53.6640
v  4.4556 7.6633 -51.2832
v  3.4808 4.7296 -49.3745
v  3.8541 4.8122 -48.7878
v  4.8077 12.2734 -53.6424
v  5.6973 10.8665 -51.8884
v  5.9689 8.2966 -48.9749
v  4.7393 6.2571 -47.1919
v  4.4423 6.3424 -47.0136
v  15.6964 15.2986 -32.5832
v  15.0999 15.9189 -31.3667
v  18.9597 18.3082 -35.0580
v  20.5966 17.4061 -35.4951
v  25.6520 10.1689 -38.1102
v  3.8568 16.9308 -53.7009
v  8.4280 15.0626 -52.7689
v  8.3156 14.8114 -53.2901
v  3.9778 16.8254 -54.2763
v  6.9910 13.0729 -53.6512
v  3.5525 15.2370 -55.1157
v  5.8928 12.3212 -54.3913
v  3.1823 14.2708 -56.1253
v  2.9438 14.0890 -55.8980
v  -0.8233 14.5192 -56.4575
v  5.3648 12.1430 -54.1578
v  -0.8631 14.8046 -56.6237
v  -4.6140 13.2199 -56.0597
v  -4.3323 13.1082 -55.8368
v  -1.1312 16.9286 -54.4529
v  -0.9550 15.5555 -55.5134
v  -5.2102 14.0558 -55.0420
v  -6.6827 10.6261 -54.2855
v  -6.1225 10.5945 -54.0612
v  -9.1865 12.4173 -53.4325
v  -9.3764 12.6518 -52.9384
v  -5.9286 15.6117 -53.6186
v  -6.0269 15.4768 -54.1922
v  -7.9283 11.0618 -53.5257
v  -6.4985 7.9305 -51.8363
v  -8.4774 8.3651 -50.9463
v  -10.3478 9.3569 -51.4249
v  -10.4904 9.7753 -51.0698
v  -12.2241 13.1410 -53.0561
v  -14.2272 18.5502 -49.1258
v  -17.2178 16.6561 -48.6377
v  -17.1442 20.7702 -43.4033
v  -15.3700 11.0069 -50.1097
v  -13.1111 9.3725 -49.8541
v  -9.0142 20.7802 -48.4998
v  -9.9317 24.7876 -41.2286
v  -16.4060 14.2125 -32.0903
v  -14.0567 20.0306 -31.7063
v  -19.0083 14.7262 -23.8610
v  -16.6364 20.3733 -23.3982
v  -18.4441 18.3026 -10.4303
v  -14.4306 25.0547 -10.8563
v  -9.0689 25.9237 -30.0543
v  2.9036 32.1921 -26.5191
v  5.9872 29.0562 -15.8719
v  9.1584 28.7016 -24.0605
v  0.0446 32.4668 -18.3639
v  -2.8256 30.4882 -28.4659
v  -5.5452 30.7006 -20.1982
v  -11.5935 26.1545 -22.0489
v  -9.1329 30.8396 -11.4467
v  -3.7940 33.7004 -11.7906
v  3.1791 31.6518 -12.0111
v  7.1493 26.9748 -12.0460
v  8.6464 23.3988 -14.8421
v  11.9657 22.5905 -22.4600
v  11.5445 17.0630 -22.3629
v  13.2750 12.0091 -31.5630
v  9.7703 7.4589 -35.1710
v  8.0373 21.1502 -11.7678
v  8.5129 17.4804 -14.7461
v  8.3933 11.4435 -22.8913
v  6.9923 5.3854 -41.7447
v  5.8661 11.9413 -15.3022
v  6.6578 14.8689 -11.4835
v  9.2445 22.0098 -2.1242
v  -19.6390 12.3662 -10.0611
v  -15.6671 6.2767 -9.9540
v  -10.0520 3.8144 -10.1684
v  -16.6406 7.9870 -22.4004
v  -11.6110 4.5367 -20.6867
v  -8.6699 3.3763 -28.4137
v  -3.4097 3.1388 -26.6774
v  -13.9600 7.1755 -30.7306
v  -15.7143 7.2070 -33.8846
v  -10.9141 5.2192 -32.4284
v  -14.9844 5.7352 -40.7280
v  -12.4398 4.6825 -40.6429
v  -14.6676 7.2716 -47.0167
v  -17.0014 9.6365 -36.9210
v  -19.0626 14.8857 -39.5655
v  -11.6678 4.7019 -41.7276
v  -10.2077 5.4218 -47.4380
v  -11.3962 4.2493 -41.9159
v  -10.5375 5.7983 -47.1282
v  -12.6655 6.7545 -46.2542
v  -6.8596 3.7139 -41.7197
v  1.3885 7.7740 -10.9084
v  -0.4633 6.0479 -17.1284
v  2.1930 5.6703 -24.6802
v  -4.2798 4.1652 -32.3269
v  -5.6974 3.6749 -41.6380
v  -6.1032 4.4860 -45.6200
v  -8.0952 5.7099 -48.1612
v  -6.3957 5.6376 -48.6525
v  -28.8853 8.7707 -30.5165
v  -30.5980 10.6494 -38.1502
v  -31.3086 11.5007 -31.0276
v  -30.7478 12.1265 -25.1611
v  -28.7487 9.5400 -24.8207
v  -34.0383 7.8745 -40.0351
v  -32.2334 9.0988 -40.8344
v  -29.9796 5.9885 -40.0483
v  -28.2009 7.7838 -37.6107
v  -28.8602 5.3236 -30.1202
v  -28.9823 5.8706 -24.0184
v  -32.0556 3.8685 -23.5127
v  -28.1063 4.5524 -37.4251
v  -31.9254 3.2243 -30.1347
v  -35.5969 5.0206 -23.2350
v  -29.2007 10.3165 -38.1437
v  -31.9482 4.4387 -38.9985
v  -29.5297 3.0593 -40.3573
v  -30.8921 2.4357 -37.6509
v  -35.4128 3.9748 -30.5313
v  -38.3219 6.7580 -30.9803
v  -38.0265 7.7628 -23.5878
v  -37.6644 10.9416 -24.2128
v  -37.8299 10.6398 -31.5059
v  -38.0381 5.5091 -38.6751
v  -34.7578 2.8637 -38.0319
v  -30.8581 1.5911 -39.8461
v  -31.6187 1.1588 -41.2220
v  -34.8512 1.8728 -42.4133
v  -37.7631 4.7776 -43.2978
v  -38.1065 10.2777 -38.9893
v  -34.8181 12.5244 -31.4764
v  -34.6970 12.9434 -24.8435
v  -34.3440 11.5975 -38.5818
v  -38.4387 9.4089 -43.2258
v  -36.8414 9.5406 -45.8807
v  -35.4401 5.2147 -46.9616
v  -30.5565 12.5648 -45.9698
v  -35.9116 9.6508 -42.6176
v  -35.3488 10.3056 -42.0236
v  -26.0938 4.6940 -46.2640
v  -28.3874 8.6972 -47.9673
v  -24.3646 11.4644 -48.2564
v  -22.6000 7.0384 -47.8319
v  -21.2665 4.1547 -44.4313
v  -19.0227 9.2568 -49.0116
v  -17.6893 5.6465 -46.0222
v  -17.3272 5.1051 -41.1021
v  -19.5280 15.9155 -49.4134
v  -25.4738 14.8874 -45.1870
v  -30.4160 12.5053 -41.6814
v  -24.5873 13.4178 -41.0306
v  -19.6925 18.4439 -45.2244
v  -23.1355 10.1207 -38.7616
v  12.7945 14.3169 -47.2940
v  11.0060 8.7023 -47.3094
v  10.1108 12.4017 -50.7797
v  13.1557 11.7232 -44.2239
v  13.0949 10.3569 -38.6871
v  11.3567 7.7201 -38.9015
v  11.5402 7.8949 -41.9587
v  10.8108 7.1841 -40.6044
v  9.2773 6.3108 -40.9468
v  10.2570 6.9334 -38.3048
v  10.7826 8.2512 -47.6145
v  9.7785 6.9855 -44.0955
v  7.1030 6.2661 -45.7310
v  7.0299 7.4473 -48.7655
v  8.6575 7.9681 -48.3022
v  6.4694 9.6785 -51.9454
v  8.2770 10.6235 -51.0872
v  10.0809 11.9736 -51.1553
v  -24.8837 2.8078 -42.2213
v  -20.9663 4.1164 -40.0620
v  -25.2881 3.2966 -38.1481
v  -31.4615 0.4428 -42.5937
v  -33.2708 1.8469 -45.4839
v  -26.9655 6.4282 -36.7032
v  -21.9804 7.2005 -38.5011
v  -17.1760 8.1012 -38.4925
v  22.6164 20.2616 -38.8033
v  20.5246 21.9149 -38.7089
v  5.4917 26.8667 -41.3583
v  -1.7741 22.0706 -48.4875
v  -2.2727 26.2469 -40.8303
v  -1.1217 16.8950 -53.8681
v  5.5480 22.7431 -48.6223
v  12.3255 22.4001 -47.9674
v  11.7028 17.2171 -51.1031
v  -10.9217 4.4809 -40.1675
v  -7.3844 4.2036 -41.7432
v  -10.4775 3.8910 -40.0563
v  -4.2187 4.6484 -10.4300
v  -5.9846 3.9814 -18.9288
v  3.5407 13.1012 -57.4432
v  10.0915 14.8012 -61.7066
v  10.6148 13.5584 -65.6224
v  8.1846 14.3685 -63.2285
v  6.5512 14.6017 -59.8446
v  4.1546 13.0338 -58.6079
v  4.9396 13.7205 -56.3871
v  6.4882 13.0887 -54.7589
v  9.7613 12.7246 -54.7563
v  8.7702 13.2428 -56.1303
v  7.4198 13.7016 -56.8808
v  5.8168 13.8074 -57.6617
v  9.9565 13.1880 -55.9264
v  10.5980 13.4279 -57.4011
v  8.5593 14.6086 -58.6544
v  12.7678 13.1870 -58.3998
v  11.5469 14.2295 -60.2132
v  11.8503 13.5985 -58.1545
v  12.3642 14.1788 -63.3890
v  14.3040 13.1361 -61.5592
v  15.8863 11.3601 -59.4891
v  17.6119 8.5126 -63.5931
v  17.2887 9.9344 -61.8830
v  15.5725 11.7082 -63.6850
v  14.0302 12.8077 -64.5578
v  13.3025 11.9938 -66.3266
v  15.7081 10.3584 -65.5831
v  16.0587 4.6229 -53.7544
v  16.8306 4.3030 -53.8557
v  16.1765 5.4209 -53.6022
v  15.1763 5.3175 -53.7921
v  15.4288 3.9933 -53.9227
v  16.0131 3.1421 -53.8518
v  16.3642 2.8889 -54.2641
v  14.6723 4.5228 -54.0752
v  13.9672 13.5881 -58.1396
v  13.7908 13.2255 -58.4772
v  13.1408 13.9611 -58.7009
v  9.9343 13.1165 -54.4910
v  10.3857 13.8590 -55.6552
v  10.8056 14.5119 -57.0803
v  12.1103 14.7889 -58.3353
v  13.3375 14.2408 -58.3212
v  14.1982 12.9778 -57.5292
v  12.4337 14.6761 -57.8234
v  11.5920 12.7785 -56.2433
v  11.3238 14.3723 -56.8111
v  11.0406 13.7269 -55.4373
v  10.2290 13.4271 -54.4991
v  14.0605 12.5864 -57.7903
v  24.4489 8.1783 -77.8814
v  22.9608 6.7636 -80.9969
v  22.5897 6.1567 -81.5536
v  23.4723 5.7382 -81.9232
v  22.4000 3.6423 -82.6923
v  21.6322 3.8182 -82.4863
v  21.5128 1.0934 -83.0068
v  20.8887 1.2218 -82.7886
v  22.1944 8.9202 -77.1996
v  23.5430 8.6273 -77.6742
v  20.7556 8.0229 -80.6640
v  21.7440 7.7318 -81.0261
v  21.3271 7.2233 -81.7593
v  20.0091 4.7513 -83.3157
v  19.2134 4.9465 -83.0181
v  20.3761 7.5058 -81.4530
v  20.0840 7.2113 -75.5378
v  17.9805 7.6526 -78.9264
v  18.4919 7.0578 -78.8777
v  16.9573 6.5187 -80.8973
v  17.3181 6.1607 -80.8630
v  16.5243 4.7863 -82.0445
v  16.0679 5.1339 -82.3518
v  16.1666 4.7537 -82.8458
v  17.2239 4.7526 -82.5109
v  18.0614 6.1793 -81.3147
v  19.3151 7.0081 -79.2958
v  19.5174 7.4183 -79.6464
v  18.2319 6.4195 -81.7290
v  17.3822 5.0846 -83.0945
v  16.9033 4.7783 -83.2649
v  26.8498 5.6877 -72.0545
v  26.8559 5.1026 -75.1880
v  21.2122 8.9898 -76.5772
v  18.4894 8.5616 -79.0654
v  19.3329 8.5238 -79.5187
v  18.9153 8.2506 -80.2912
v  18.1000 8.2556 -79.8230
v  17.7933 7.0231 -81.9908
v  17.0834 6.9939 -81.5101
v  16.7646 5.2150 -83.5973
v  16.0908 5.2095 -83.2088
v  34.6027 10.4346 29.8467
v  34.7129 9.9389 34.5667
v  39.5700 11.4395 31.2860
v  39.9892 13.2214 27.1335
v  33.1160 11.0726 16.3155
v  33.6273 11.1323 23.8035
v  39.3689 13.0399 21.6196
v  38.2145 13.2104 12.7551
v  38.2314 12.4336 7.4250
v  -28.8762 8.2264 -5.7918
v  -30.6753 6.5108 -7.8142
v  15.3285 3.5452 -65.6270
v  13.1067 5.8959 -68.1182
v  14.8525 8.4929 -67.2247
v  17.0743 6.1421 -64.7335
# 1292 vertices

vn 0.3995 -0.7223 -0.5645
vn 0.7570 -0.6203 -0.2051
vn 0.9053 -0.3545 -0.2341
vn -0.9966 0.0751 -0.0334
vn -0.4384 -0.8983 -0.0289
vn -0.8538 -0.4147 0.3147
vn -0.7829 0.2692 0.5609
vn -0.9801 0.1577 -0.1207
vn -0.9826 0.0838 0.1656
vn -0.6159 -0.7053 0.3511
vn -0.4256 -0.8969 0.1205
vn -0.3472 -0.9356 0.0640
vn -0.4952 -0.8665 0.0632
vn -0.3801 -0.7187 -0.5823
vn 0.0546 -0.9916 -0.1171
vn -0.9166 0.1694 -0.3621
vn -0.8871 0.3017 -0.3494
vn 0.6860 0.0224 -0.7273
vn 0.9106 -0.1761 -0.3739
vn -0.0023 -0.8071 -0.5904
vn 0.1787 0.2358 -0.9552
vn -0.0232 -0.1312 -0.9911
vn 0.0612 -0.9981 -0.0044
vn -0.6442 0.1466 -0.7507
vn -0.5838 0.2537 -0.7713
vn -0.6505 -0.7509 -0.1139
vn -0.6659 -0.7460 0.0064
vn 0.8746 0.1201 -0.4697
vn 0.9579 -0.1040 -0.2677
vn 0.7641 -0.1345 -0.6310
vn 0.8657 -0.3918 -0.3116
vn 0.8210 -0.5707 -0.0165
vn 0.7243 -0.6888 0.0325
vn 0.7083 -0.5674 -0.4199
vn 0.5848 -0.3981 -0.7068
vn 0.5111 0.0933 -0.8544
vn 0.7130 0.3253 -0.6211
vn 0.4311 0.4016 -0.8080
vn 0.1869 0.2444 -0.9515
vn 0.3076 -0.1009 -0.9461
vn 0.0740 0.1153 -0.9906
vn 0.8935 0.3708 -0.2531
vn 0.9885 0.1308 -0.0761
vn 0.8710 0.1369 -0.4718
vn 0.9709 -0.1547 -0.1829
vn 0.9171 -0.3934 0.0647
vn 0.8419 -0.5347 0.0733
vn 0.8769 -0.3318 -0.3477
vn 0.7699 -0.1353 -0.6237
vn 0.6856 0.3231 -0.6524
vn 0.7189 0.5681 -0.4005
vn 0.5991 0.6523 -0.4643
vn 0.5437 0.4513 -0.7076
vn 0.5751 0.0701 -0.8151
vn 0.4253 0.1901 -0.8848
vn -0.3100 -0.7006 0.6427
vn -0.0402 -0.8257 0.5627
vn 0.1847 -0.2976 0.9367
vn -0.4569 -0.2670 0.8485
vn 0.1349 -0.1652 0.9770
vn -0.2497 0.0676 0.9660
vn -0.2371 -0.2804 0.9302
vn -0.5450 -0.8383 0.0172
vn -0.4317 0.2753 0.8590
vn -0.3035 0.0002 0.9528
vn -0.1925 0.1331 0.9722
vn 0.3035 -0.1478 0.9413
vn -0.5252 -0.3839 0.7594
vn -0.1264 0.2152 0.9684
vn 0.2469 -0.0638 0.9669
vn -0.4442 0.2968 0.8453
vn -0.7007 -0.2821 0.6553
vn -0.5892 -0.3527 0.7269
vn -0.4234 -0.8234 0.3777
vn -0.5995 -0.3702 0.7096
vn -0.0223 0.3691 0.9291
vn -0.1960 0.2643 0.9443
vn -0.0862 0.3777 0.9219
vn 0.1577 0.9864 0.0454
vn -0.3807 0.5508 0.7427
vn -0.4620 0.5311 0.7103
vn -0.8399 -0.5003 0.2103
vn 0.1076 0.9785 0.1762
vn -0.8240 0.3400 -0.4532
vn -0.7326 -0.6113 -0.2995
vn -0.7530 -0.6332 -0.1788
vn -0.7061 0.6890 -0.1632
vn -0.0749 0.9970 -0.0205
vn 0.5326 0.7780 -0.3332
vn 0.4241 0.7661 -0.4829
vn 0.5707 0.7886 0.2289
vn -0.2906 0.9377 -0.1902
vn 0.4607 0.8874 0.0182
vn 0.4956 0.8267 -0.2662
vn 0.4736 -0.8806 -0.0160
vn 0.2947 -0.5442 0.7855
vn -0.1770 -0.5969 0.7825
vn -0.3197 -0.9475 0.0007
vn -0.2913 -0.9557 -0.0432
vn -0.8462 -0.5153 -0.1358
vn -0.9290 0.3013 -0.2151
vn 0.2593 -0.9601 0.1050
vn 0.9061 -0.4137 -0.0887
vn 0.7386 -0.4071 0.5374
vn 0.9031 -0.3549 0.2418
vn 0.8648 -0.4988 0.0578
vn 0.2170 -0.9670 0.1336
vn -0.3024 -0.9513 0.0591
vn -0.3646 -0.8552 0.3684
vn -0.3695 -0.8813 0.2947
vn 0.1323 -0.9907 0.0312
vn 0.7607 -0.5610 -0.3266
vn 0.9538 0.2981 -0.0368
vn -0.0440 -0.9946 -0.0940
vn -0.0091 -0.9999 0.0075
vn 0.3793 -0.6295 -0.6782
vn 0.5603 -0.6444 -0.5204
vn 0.8701 0.2663 -0.4147
vn 0.7510 0.2290 -0.6193
vn 0.5589 0.1300 -0.8190
vn 0.8445 -0.2635 -0.4663
vn 0.5258 -0.6907 -0.4965
vn -0.0470 -0.9716 -0.2320
vn 0.9896 0.1407 -0.0284
vn 0.7903 -0.5595 0.2497
vn 0.7751 -0.5983 -0.2032
vn -0.6868 0.6302 0.3621
vn 0.7381 -0.5534 -0.3860
vn 0.5355 -0.3197 0.7817
vn 0.8515 0.4720 0.2284
vn 0.3778 0.9146 0.1442
vn 0.5244 0.8485 0.0713
vn 0.8714 0.4851 0.0733
vn 0.5665 0.3094 0.7638
vn 0.2995 0.3632 0.8823
vn -0.0669 -0.2594 0.9635
vn 0.3853 0.1670 0.9076
vn 0.6632 -0.3688 0.6512
vn 0.0337 -0.5156 0.8562
vn 0.1841 -0.6768 0.7128
vn -0.4884 -0.2708 0.8295
vn -0.9531 0.2657 -0.1449
vn -0.2703 0.9607 -0.0631
vn -0.6438 0.2586 0.7202
vn -0.0105 0.3815 0.9243
vn -0.0790 0.9931 0.0869
vn 0.8725 0.3638 -0.3261
vn 0.8299 -0.5209 -0.1998
vn 0.0047 -0.9923 -0.1235
vn -0.3071 -0.9108 0.2759
vn -0.0321 -0.9376 0.3462
vn -0.1737 -0.9473 0.2693
vn 0.1937 -0.8620 0.4685
vn 0.0703 -0.8947 0.4410
vn -0.6522 -0.5855 0.4816
vn -0.4653 -0.8626 0.1985
vn -0.7714 -0.4976 0.3966
vn -0.5201 -0.8518 0.0624
vn -0.4087 -0.9119 0.0369
vn -0.3263 -0.9353 0.1371
vn -0.2186 -0.9506 0.2203
vn -0.1042 -0.9323 0.3464
vn 0.1443 -0.7947 0.5896
vn 0.5076 -0.5650 0.6505
vn -0.4166 -0.8682 0.2694
vn -0.1935 -0.9135 0.3579
vn 0.0888 -0.9092 0.4068
vn 0.1100 -0.7752 0.6220
vn 0.1647 -0.6616 0.7315
vn -0.0513 -0.6252 0.7788
vn 0.4389 -0.2796 0.8539
vn 0.0225 -0.0359 0.9991
vn 0.3705 -0.0523 0.9274
vn 0.4246 -0.7139 0.5569
vn 0.3071 -0.8544 0.4190
vn 0.4125 0.2254 0.8826
vn 0.5488 -0.4007 0.7337
vn 0.5907 -0.6417 0.4891
vn -0.0491 -0.9953 -0.0840
vn -0.2310 -0.8584 0.4580
vn 0.0341 -0.9909 0.1300
vn -0.0441 -0.9764 0.2115
vn 0.0241 -0.8655 0.5004
vn -0.1573 -0.8670 0.4727
vn -0.1411 -0.4955 0.8571
vn 0.2527 -0.9021 0.3498
vn 0.5506 -0.5775 0.6028
vn 0.3902 -0.8930 0.2243
vn 0.2275 -0.8694 0.4385
vn -0.2840 -0.8420 0.4586
vn -0.1677 -0.9606 0.2216
vn -0.5094 -0.8246 0.2461
vn -0.3433 -0.9392 0.0122
vn -0.5311 -0.8469 0.0278
vn -0.4195 -0.9059 -0.0579
vn -0.5333 -0.8338 0.1424
vn -0.7042 -0.6100 -0.3632
vn -0.8828 -0.4279 -0.1938
vn -0.4601 -0.7485 -0.4776
vn -0.3734 -0.8605 -0.3466
vn -0.3210 -0.9344 -0.1544
vn -0.3005 -0.9537 -0.0136
vn -0.2059 -0.9702 0.1280
vn -0.3206 -0.9472 -0.0001
vn -0.0021 -0.9977 -0.0677
vn 0.3789 -0.9233 0.0632
vn 0.3780 -0.9112 0.1641
vn -0.0660 -0.9942 0.0848
vn -0.3195 -0.9364 0.1455
vn 0.3421 -0.8995 0.2719
vn -0.1173 -0.9400 0.3203
vn 0.0907 -0.8182 0.5678
vn 0.3626 -0.8809 0.3042
vn 0.7403 -0.5852 0.3307
vn 0.6556 -0.7260 0.2077
vn 0.6580 -0.7528 -0.0175
vn 0.4765 -0.7139 0.5131
vn 0.6122 -0.7014 0.3651
vn 0.6174 -0.5929 0.5170
vn 0.0864 -0.7556 0.6493
vn -0.0325 -0.5977 0.8011
vn 0.2757 -0.3997 0.8742
vn 0.6258 -0.7562 0.1914
vn 0.0622 -0.6057 0.7932
vn 0.2722 -0.9611 0.0475
vn -0.1996 -0.3530 0.9141
vn -0.3390 -0.3012 0.8913
vn -0.1701 -0.7669 0.6188
vn -0.2357 -0.8598 0.4530
vn 0.0241 -0.5924 0.8053
vn 0.0677 -0.7055 0.7054
vn 0.4427 -0.5431 0.7135
vn 0.4250 -0.1741 0.8883
vn 0.7072 -0.0135 0.7069
vn 0.5027 0.2386 0.8309
vn 0.9142 0.1568 0.3738
vn 0.9244 0.0091 0.3813
vn 0.9290 -0.3497 0.1212
vn 0.8566 -0.4128 0.3095
vn 0.7179 -0.6187 0.3192
vn 0.4021 0.0843 0.9117
vn 0.8387 -0.4537 0.3013
vn 0.5718 -0.1026 0.8140
vn 0.8185 -0.2027 0.5375
vn 0.7118 -0.1491 0.6864
vn 0.8641 -0.1881 0.4668
vn 0.8625 -0.0535 0.5032
vn 0.9021 -0.1281 0.4121
vn 0.8134 0.1765 0.5543
vn 0.6039 -0.0031 0.7971
vn 0.4653 0.2726 0.8421
vn 0.5946 0.2588 0.7612
vn 0.4872 0.4762 0.7320
vn 0.6563 0.3507 0.6680
vn 0.6219 0.4752 0.6224
vn 0.9010 -0.0113 0.4337
vn 0.6963 -0.0055 0.7177
vn 0.7535 0.1740 0.6340
vn 0.4342 -0.0287 0.9004
vn 0.2636 -0.9444 0.1967
vn 0.6476 -0.5979 0.4724
vn 0.5720 -0.5830 0.5770
vn 0.1035 -0.9116 0.3979
vn 0.1436 -0.9894 -0.0206
vn 0.5751 -0.3815 0.7237
vn 0.3217 0.0825 0.9432
vn -0.1422 0.3989 0.9059
vn 0.1273 0.7815 0.6108
vn -0.0377 -0.0261 0.9989
vn -0.0415 0.1542 0.9872
vn 0.4745 0.3582 -0.8041
vn 0.4285 0.5499 0.7169
vn 0.4455 0.8944 -0.0388
vn 0.5295 0.7772 -0.3400
vn 0.7699 0.4098 0.4892
vn 0.2518 0.4748 0.8433
vn -0.3721 0.4429 0.8157
vn -0.0083 0.3985 0.9171
vn -0.1090 0.2467 0.9629
vn -0.3870 -0.5274 -0.7564
vn -0.3943 -0.8977 -0.1966
vn 0.5763 -0.2651 0.7730
vn 0.2509 -0.9238 -0.2891
vn -0.1520 0.1022 -0.9831
vn 0.2645 -0.5193 -0.8126
vn 0.5200 0.3207 -0.7917
vn 0.5228 0.3231 0.7889
vn 0.2462 0.0293 0.9688
vn -0.4450 0.7560 0.4800
vn -0.0346 -0.7839 -0.6199
vn -0.3665 -0.9292 0.0470
vn -0.3176 -0.9480 -0.0186
vn -0.2071 -0.7468 -0.6319
vn 0.1158 0.0111 -0.9932
vn 0.3029 0.7196 -0.6248
vn 0.2978 -0.8650 -0.4038
vn 0.3568 -0.0886 -0.9300
vn 0.3996 0.7193 -0.5682
vn 0.4472 0.8916 -0.0717
vn 0.5615 0.6179 -0.5504
vn 0.5054 0.8568 -0.1018
vn 0.8995 -0.4188 -0.1242
vn 0.3348 -0.9420 -0.0232
vn 0.7856 -0.2489 -0.5665
vn 0.8144 0.4504 -0.3660
vn 0.6729 0.7334 -0.0968
vn 0.1298 0.9477 0.2916
vn 0.3791 0.7510 0.5405
vn 0.3488 0.7265 0.5921
vn 0.5699 0.8199 -0.0534
vn 0.0608 0.0287 0.9977
vn -0.9953 0.0026 -0.0965
vn -0.8865 0.3303 -0.3240
vn -0.9545 -0.2353 -0.1830
vn 0.0266 0.1826 0.9828
vn -0.2997 -0.7627 0.5731
vn -0.2388 -0.7369 0.6324
vn -0.7262 -0.5496 0.4131
vn -0.3989 -0.9168 0.0186
vn -0.3491 -0.9370 0.0153
vn -0.8873 -0.4592 0.0439
vn -0.3002 -0.9480 0.1056
vn -0.8635 -0.4803 0.1540
vn -0.3580 -0.9232 0.1395
vn -0.8593 -0.4967 0.1218
vn -0.3207 -0.9258 0.2002
vn -0.7740 -0.5963 0.2128
vn 0.2052 -0.3938 0.8960
vn 0.2553 -0.3449 0.9032
vn -0.2439 0.1314 0.9609
vn 0.3372 0.4874 0.8054
vn 0.0041 -0.2955 0.9553
vn -0.2509 -0.0553 0.9664
vn -0.1268 0.1476 0.9809
vn 0.3310 0.1598 0.9300
vn 0.5729 0.0961 0.8139
vn 0.6606 0.1416 0.7372
vn 0.6672 -0.0509 0.7432
vn 0.5687 -0.0243 0.8222
vn 0.8982 -0.3302 0.2902
vn 0.8117 -0.3794 0.4441
vn 0.8371 -0.4619 -0.2931
vn 0.7827 -0.4485 -0.4315
vn 0.8349 0.5453 -0.0741
vn 0.8987 0.3891 0.2026
vn 0.5317 0.8228 0.2006
vn 0.8633 0.4812 -0.1525
vn 0.4980 0.8642 -0.0718
vn 0.6113 0.7899 -0.0488
vn 0.9162 0.3931 -0.0781
vn 0.8835 -0.4494 -0.1321
vn 0.2719 -0.4767 0.8359
vn 0.1409 -0.9883 -0.0584
vn 0.1391 -0.9886 -0.0574
vn 0.2422 -0.9698 -0.0284
vn 0.5323 -0.3330 0.7783
vn -0.2566 0.4992 0.8277
vn -0.8163 0.2103 0.5380
vn 0.3530 0.1256 0.9272
vn 0.3387 0.3008 0.8915
vn -0.0033 0.4437 0.8962
vn -0.1708 0.3859 0.9066
vn 0.5108 -0.3478 0.7862
vn 0.8344 -0.3851 0.3942
vn 0.8375 -0.3750 -0.3974
vn 0.8796 0.4299 0.2036
vn -0.0011 0.4740 0.8805
vn -0.1395 0.7437 0.6538
vn 0.1673 -0.1046 0.9803
vn 0.5253 0.8509 0.0078
vn 0.3069 0.9500 0.0579
vn 0.3739 0.9245 -0.0740
vn -0.3090 0.8610 0.4041
vn 0.4060 0.9110 -0.0721
vn -0.2748 0.7983 0.5359
vn 0.6027 0.7979 0.0118
vn 0.8770 0.0536 -0.4776
vn 0.7796 -0.3271 -0.5340
vn 0.6577 0.7028 -0.2712
vn 0.8859 0.2761 -0.3727
vn 0.9376 0.2920 -0.1888
vn 0.9186 -0.3929 -0.0425
vn -0.7762 -0.5257 -0.3480
vn -0.3094 -0.9446 -0.1095
vn -0.5013 -0.8648 0.0296
vn -0.4549 -0.5806 -0.6753
vn -0.3532 0.1275 -0.9268
vn 0.0255 0.7320 -0.6809
vn 0.3225 0.9457 0.0417
vn -0.1471 -0.9760 -0.1605
vn 0.4978 -0.8226 -0.2748
vn 0.0313 -0.9389 -0.3427
vn 0.4819 -0.7824 -0.3945
vn 0.3194 -0.9256 0.2033
vn 0.5617 -0.6791 -0.4727
vn -0.0444 -0.9985 0.0307
vn -0.3081 -0.9407 -0.1423
vn -0.3749 -0.9143 -0.1531
vn -0.3419 -0.3534 0.8708
vn -0.5766 -0.4307 0.6943
vn -0.7492 -0.4470 0.4888
vn -0.8482 -0.3841 0.3646
vn -0.4628 -0.5477 0.6970
vn -0.9523 -0.1627 0.2583
vn -0.9109 0.4040 0.0836
vn -0.7247 0.3380 -0.6005
vn -0.1502 0.9237 -0.3525
vn 0.1231 0.7025 0.7009
vn 0.2580 0.6611 0.7046
vn -0.5111 0.8185 0.2624
vn -0.0054 -0.9006 -0.4346
vn 0.4417 -0.8611 -0.2520
vn 0.0088 -0.9627 -0.2704
vn -0.1086 -0.8163 -0.5674
vn 0.2621 -0.6572 -0.7067
vn 0.4209 -0.7174 -0.5551
vn 0.6963 -0.5391 -0.4739
vn 0.7599 -0.6279 -0.1680
vn 0.6740 -0.7139 0.1902
vn 0.7055 0.3857 0.5945
vn 0.6233 0.4660 0.6280
vn 0.6607 0.2173 0.7185
vn 0.7983 0.2914 0.5271
vn 0.8352 -0.1660 0.5243
vn 0.8922 -0.1462 0.4273
vn 0.7528 -0.4922 0.4371
vn 0.8412 -0.4651 0.2758
vn 0.8967 -0.2410 -0.3713
vn 0.9564 0.0791 -0.2810
vn 0.9989 -0.0321 0.0332
vn 0.9096 -0.4052 -0.0913
vn 0.9327 -0.0994 0.3466
vn 0.8733 0.3045 0.3803
vn 0.6750 0.5337 0.5094
vn 0.6931 0.5242 0.4949
vn 0.9077 0.3744 0.1896
vn 0.8969 0.4415 0.0272
vn 0.7093 0.5982 0.3729
vn 0.6147 0.6324 0.4713
vn 0.6548 0.5456 0.5230
vn 0.4915 0.6742 0.5512
vn 0.5131 0.6334 0.5792
vn 0.5518 0.5570 0.6207
vn 0.8819 0.2226 0.4156
vn 0.6860 0.3093 0.6586
vn 0.4173 0.5539 0.7204
vn 0.4456 0.6224 0.6434
vn 0.5965 0.5833 0.5513
vn 0.4902 0.6511 0.5795
vn 0.2391 0.5664 0.7887
vn 0.4827 0.5474 0.6836
vn 0.0032 0.9817 0.1902
vn -0.1776 0.9466 0.2691
vn -0.0793 0.8460 0.5272
vn -0.1165 0.9798 0.1627
vn -0.1335 0.8805 -0.4548
vn 0.1306 0.7704 -0.6240
vn -0.1640 0.7607 0.6280
vn -0.9186 -0.2832 -0.2758
vn -0.4213 0.6315 0.6509
vn -0.4305 0.7361 0.5222
vn -0.0182 0.6229 0.7821
vn -0.3996 0.6322 0.6638
vn -0.6360 0.5275 0.5633
vn -0.7860 0.2948 0.5433
vn 0.5682 0.3913 0.7239
vn 0.0827 0.5076 0.8576
vn -0.3807 0.4440 0.8111
vn -0.4877 0.5301 0.6936
vn 0.0559 0.4022 0.9138
vn -0.1871 -0.2048 0.9608
vn 0.0665 0.1858 0.9803
vn -0.6160 0.1479 0.7737
vn -0.3863 0.4063 0.8281
vn -0.6167 0.1486 0.7730
vn 0.9276 0.3011 -0.2213
vn -0.6424 0.2815 0.7128
vn -0.7807 -0.1510 0.6064
vn -0.7558 -0.1433 0.6390
vn -0.4196 -0.5374 0.7315
vn 0.6822 -0.1353 0.7185
vn 0.6872 0.1323 0.7143
vn 0.6580 0.2899 0.6950
vn 0.6660 -0.0086 0.7459
vn 0.6520 0.1925 0.7334
vn 0.5680 -0.1645 0.8064
vn 0.3817 -0.5196 0.7644
vn 0.5679 -0.0951 0.8176
vn 0.5918 0.1179 0.7974
vn -0.1202 -0.0309 0.9923
vn 0.3216 -0.1478 0.9353
vn -0.3089 -0.6354 0.7077
vn -0.4730 -0.3471 -0.8098
vn -0.6007 -0.7195 -0.3485
vn -0.3216 -0.6457 -0.6926
vn -0.4002 -0.9137 -0.0712
vn -0.1002 -0.8172 -0.5675
vn -0.1941 -0.9638 0.1828
vn -0.8777 -0.3984 -0.2664
vn -0.7461 -0.6406 0.1816
vn -0.6490 -0.6042 0.4624
vn -0.4681 -0.5264 0.7097
vn -0.0798 -0.9854 0.1503
vn -0.1279 -0.9749 0.1824
vn -0.9133 -0.3946 0.1004
vn -0.8952 -0.3547 -0.2696
vn -0.5981 0.0097 -0.8014
vn -0.6783 -0.4192 -0.6035
vn -0.7161 -0.5862 -0.3789
vn -0.8628 -0.4898 -0.1252
vn -0.9483 0.0043 -0.3174
vn -0.9595 -0.1134 -0.2578
vn -0.9000 0.2834 -0.3313
vn -0.7691 -0.2812 -0.5740
vn -0.6665 0.1541 -0.7294
vn -0.8967 -0.4280 -0.1129
vn -0.4758 0.7280 -0.4936
vn -0.6783 0.4278 -0.5974
vn -0.8329 0.4377 -0.3387
vn -0.6430 0.7246 -0.2479
vn -0.7195 0.6222 -0.3084
vn -0.4794 0.5579 -0.6775
vn -0.3663 0.4356 -0.8223
vn -0.3083 0.3191 -0.8962
vn -0.7924 -0.3283 -0.5142
vn -0.7848 0.0727 -0.6154
vn -0.5211 -0.0345 -0.8528
vn -0.1847 -0.7095 -0.6801
vn -0.3147 -0.5032 -0.8048
vn -0.5893 -0.4403 -0.6774
vn 0.0868 -0.4935 -0.8654
vn -0.1047 -0.2406 -0.9650
vn -0.3836 0.3120 -0.8692
vn -0.1681 0.6308 -0.7575
vn 0.0063 0.0559 -0.9984
vn 0.1810 0.4622 -0.8681
vn -0.3457 0.0958 0.9334
vn -0.5095 0.3161 0.8003
vn -0.5149 0.7562 0.4038
vn -0.5907 0.7826 -0.1967
vn -0.7432 0.3372 0.5779
vn -0.8527 0.2938 0.4319
vn -0.5546 0.7390 -0.3826
vn -0.6102 0.1813 -0.7712
vn 0.1778 0.4185 -0.8906
vn 0.2447 0.4045 -0.8812
vn -0.4085 -0.4268 0.8068
vn -0.8459 0.2958 0.4438
vn -0.0831 -0.8868 0.4546
vn -0.3360 -0.8586 -0.3872
vn -0.0912 0.9902 -0.1056
vn -0.4266 0.8193 0.3831
vn -0.9643 0.0520 0.2595
vn -0.3266 0.5578 -0.7630
vn -0.4281 -0.4002 0.8103
vn -0.9980 -0.0616 0.0148
vn -0.7641 0.3194 -0.5604
vn -0.6010 0.7322 -0.3205
vn -0.5764 -0.5682 0.5873
vn -0.4906 -0.7950 -0.3568
vn -0.2493 -0.4962 -0.8317
vn 0.0931 0.1538 -0.9837
vn 0.7198 -0.4134 -0.5576
vn 0.3175 -0.7126 -0.6256
vn 0.3512 -0.8730 0.3385
vn 0.7209 -0.4597 -0.5187
vn 0.4001 -0.8659 0.3002
vn 0.4301 -0.6521 -0.6243
vn 0.1515 -0.9847 -0.0857
vn 0.0980 -0.9710 -0.2182
vn -0.0614 -0.9434 -0.3261
vn -0.2437 -0.9655 -0.0915
vn -0.3576 -0.9321 -0.0568
vn -0.1193 -0.9682 -0.2197
vn 0.5087 -0.8189 0.2657
vn 0.0344 -0.9596 -0.2793
vn 0.8251 -0.3021 -0.4775
vn 0.2875 -0.9575 0.0218
vn 0.0384 -0.4602 -0.8870
vn 0.5943 -0.6034 0.5317
vn 0.6917 -0.5333 0.4870
vn 0.8923 -0.2405 -0.3820
vn 0.8849 -0.2968 -0.3590
vn -0.0701 -0.2700 -0.9603
vn -0.6597 -0.7435 0.1093
vn -0.3415 -0.1393 -0.9295
vn -0.5135 -0.5717 0.6398
vn -0.3270 -0.3025 0.8953
vn -0.3125 -0.3691 0.8753
vn -0.5516 -0.7648 0.3331
vn -0.7785 -0.2646 -0.5691
vn -0.9311 0.1155 0.3460
vn -0.9090 0.1763 0.3776
vn -0.9811 0.0707 0.1800
vn -0.3437 0.1436 0.9280
vn -0.3436 -0.0259 0.9387
vn -0.1061 -0.3082 0.9454
vn -0.0420 -0.2342 0.9713
vn -0.1293 -0.2651 0.9555
vn 0.2143 -0.2530 0.9434
vn -0.1075 0.2885 0.9514
vn -0.1965 0.3388 0.9201
vn -0.2105 0.1400 0.9675
vn -0.5607 0.8262 -0.0553
vn 0.0683 0.9939 -0.0870
vn 0.3504 0.9362 0.0276
vn 0.5261 0.8499 0.0301
vn 0.7806 0.6177 0.0955
vn 0.0331 0.4557 0.8895
vn 0.0732 0.2100 0.9750
vn 0.9432 0.3188 0.0935
vn 0.8752 -0.1057 -0.4721
vn 0.5347 0.8334 0.1399
vn 0.5614 0.7927 0.2375
vn 0.2957 0.9415 0.1616
vn 0.4285 0.8953 -0.1219
vn -0.1922 -0.1736 0.9659
vn 0.3406 0.8345 0.4330
vn 0.7735 0.2843 0.5665
vn 0.8880 0.2316 -0.3973
vn 0.5401 0.7626 -0.3559
vn -0.1490 0.7577 0.6353
vn 0.3296 -0.4295 0.8408
vn 0.7901 0.5784 0.2031
vn 0.9068 -0.4113 -0.0925
vn 0.9081 -0.3059 -0.2859
vn -0.4967 -0.3480 0.7951
vn 0.0749 0.9521 -0.2966
vn 0.6919 0.2637 -0.6721
vn -0.6110 0.6397 0.4663
vn -0.5502 -0.3089 0.7758
vn -0.5870 0.6841 0.4330
vn -0.3403 -0.1400 0.9298
vn -0.2733 0.7455 0.6079
vn 0.2424 0.3322 0.9115
vn 0.2117 0.9632 0.1655
vn 0.0203 0.9631 -0.2684
vn 0.6681 0.5310 0.5213
vn 0.8522 0.3216 -0.4127
vn 0.7004 0.2317 -0.6751
vn -0.3299 0.7756 -0.5382
vn -0.7962 0.5530 0.2456
vn -0.7316 0.5805 0.3574
vn -0.2066 0.8042 -0.5574
vn 0.5973 0.2499 -0.7621
vn 0.8515 0.5035 -0.1467
vn 0.1001 0.9944 0.0337
vn -0.0428 0.4082 0.9119
vn 0.6887 -0.0765 0.7210
vn 0.8990 -0.4378 -0.0138
vn 0.5897 0.1836 -0.7865
vn -0.1026 0.9605 -0.2586
vn 0.8072 0.3509 -0.4746
vn -0.7639 0.6028 0.2304
vn -0.0301 0.1884 0.9816
vn 0.4238 0.8388 0.3417
vn 0.6592 0.7191 0.2197
vn 0.1733 -0.0357 0.9842
vn 0.8705 -0.4540 -0.1899
vn 0.8343 -0.5005 -0.2313
vn 0.2693 0.8881 0.3725
vn -0.0937 0.9922 0.0827
vn -0.7798 0.5280 0.3363
vn -0.8028 0.5327 0.2677
vn -0.1915 0.9595 -0.2066
vn 0.7217 0.6579 -0.2153
vn 0.8963 0.4344 0.0887
vn 0.5492 0.6400 -0.5373
vn -0.0954 0.9883 -0.1191
vn 0.8871 -0.3058 -0.3458
vn 0.6380 0.6492 -0.4141
vn 0.8024 0.4926 0.3369
vn 0.0521 0.8223 0.5667
vn -0.7086 0.5756 0.4081
vn 0.9560 -0.2666 -0.1222
vn -0.2349 -0.0466 -0.9709
vn -0.1122 -0.4558 -0.8830
vn 0.7662 -0.6367 -0.0868
vn 0.9226 0.2355 -0.3056
vn 0.7990 -0.5663 -0.2020
vn 0.5784 0.7593 -0.2982
vn -0.3354 0.1273 -0.9334
vn 0.2894 0.9522 -0.0976
vn -0.0204 0.9864 0.1631
vn -0.4903 0.8424 0.2235
vn 0.5785 0.4836 -0.6569
vn -0.1542 -0.3275 -0.9322
vn 0.8896 -0.3999 -0.2206
vn 0.5701 0.6864 -0.4515
vn 0.4139 0.7112 -0.5682
vn 0.8280 0.3570 -0.4324
vn 0.6593 0.3336 -0.6738
vn 0.8666 -0.4738 -0.1568
vn 0.5247 0.1202 -0.8427
vn -0.9039 0.4028 0.1438
vn -0.3449 0.5698 -0.7459
vn -0.4577 0.5016 -0.7341
vn -0.8976 0.4392 0.0377
vn -0.1818 0.7801 -0.5986
vn 0.5099 0.0247 -0.8599
vn 0.1927 -0.4037 -0.8944
vn -0.6771 0.0153 -0.7358
vn 0.8573 -0.5104 -0.0671
vn 0.7590 -0.6269 -0.1756
vn -0.0701 -0.9861 -0.1505
vn -0.8149 -0.5788 0.0310
vn -0.9447 0.2699 0.1862
vn 0.1719 -0.7583 0.6288
vn -0.6439 -0.3111 0.6990
vn 0.2812 -0.5617 0.7781
vn 0.1697 -0.7612 0.6259
vn -0.1674 -0.9458 0.2783
vn -0.1869 -0.9824 0.0001
vn -0.4853 -0.8702 0.0857
vn -0.7476 -0.6549 0.1102
vn -0.7519 -0.1764 0.6352
vn -0.5728 -0.0795 0.8159
vn 0.5360 -0.4519 0.7131
vn 0.5533 -0.5978 0.5800
vn 0.8290 -0.4619 -0.3153
vn 0.9130 -0.3506 -0.2088
vn 0.4568 -0.7970 0.3951
vn -0.5611 -0.4407 0.7007
vn -0.3553 -0.1585 0.9212
vn -0.2812 -0.3940 0.8750
vn -0.9333 0.2055 0.2944
vn -0.9033 0.1951 0.3820
vn -0.9413 0.0511 0.3338
vn -0.5889 -0.7854 0.1906
vn 0.2067 -0.9740 -0.0930
vn 0.0387 -0.1190 0.9921
vn 0.2729 -0.0425 0.9611
vn 0.5838 -0.7834 -0.2131
vn 0.6418 -0.4430 -0.6259
vn 0.3739 -0.8847 -0.2782
vn 0.2043 -0.9563 0.2093
vn 0.6647 -0.5778 -0.4737
vn 0.7506 -0.5851 -0.3071
vn 0.7460 -0.5839 -0.3201
vn 0.1503 -0.9086 0.3897
vn 0.2074 -0.9181 0.3377
vn 0.4602 -0.6090 0.6460
vn 0.9301 -0.3281 0.1653
vn 0.8139 0.2138 -0.5403
vn -0.0376 0.9248 -0.3786
vn -0.1735 0.6483 -0.7414
vn 0.5670 0.0409 -0.8227
vn 0.5781 0.2850 -0.7646
vn -0.1618 0.7849 -0.5982
vn 0.8286 -0.5397 -0.1488
vn 0.8231 -0.5154 -0.2387
vn 0.9012 -0.3990 -0.1692
vn 0.8642 0.5031 0.0015
vn 0.1562 0.9744 0.1618
vn -0.6430 0.7349 0.2155
vn -0.7389 0.6684 0.0845
vn -0.7018 0.7045 0.1055
vn 0.6575 -0.7502 0.0706
vn 0.6982 -0.7153 -0.0281
vn 0.7133 -0.1196 -0.6905
vn 0.7931 -0.6071 -0.0480
vn 0.8404 0.0624 -0.5384
vn 0.9598 0.2199 0.1742
vn 0.2533 0.7872 -0.5623
vn 0.3999 0.8767 0.2674
vn -0.4900 0.8649 0.1089
vn 0.1114 0.6533 -0.7488
vn 0.2558 0.7889 -0.5587
vn 0.5597 0.8168 -0.1398
vn -0.4794 0.8742 0.0767
vn -0.6005 0.7992 -0.0270
vn -0.6405 0.7660 0.0551
vn -0.5541 0.8236 0.1212
vn -0.9871 0.1092 0.1172
vn -0.9949 -0.0691 0.0734
vn -0.8750 -0.4758 0.0891
vn -0.6208 -0.7739 0.1255
vn -0.7544 -0.5155 0.4065
vn -0.9703 -0.0243 0.2406
vn -0.8575 -0.0763 0.5087
vn -0.6904 0.0626 0.7207
vn -0.6449 0.1443 0.7505
vn -0.2052 0.4155 0.8862
vn -0.2464 -0.8101 0.5320
vn -0.0502 -0.6843 0.7275
vn 0.0798 -0.6646 0.7429
vn 0.4591 -0.3011 0.8358
vn -0.0800 0.3651 0.9275
vn -0.4956 -0.0382 0.8677
vn -0.6719 -0.1324 0.7287
vn -0.8367 -0.2452 0.4897
vn -0.8630 -0.4283 0.2679
vn -0.6461 -0.7631 -0.0107
vn -0.6411 -0.7168 0.2742
vn -0.0079 -0.9264 0.3764
vn 0.1834 -0.8199 0.5423
vn 0.3287 -0.6490 0.6861
vn 0.6511 -0.1210 0.7492
vn -0.8313 -0.3864 0.3995
vn -0.7011 -0.6623 0.2642
vn -0.2734 -0.9553 0.1122
vn 0.0177 -0.9828 0.1841
vn 0.1229 -0.8892 0.4406
vn 0.3241 -0.7209 0.6125
vn -0.7282 -0.5254 0.4400
vn -0.7711 -0.5582 0.3062
vn -0.4354 -0.8894 0.1390
vn -0.2840 -0.9428 -0.1745
vn 0.1760 -0.9581 -0.2260
vn 0.1476 -0.9878 -0.0505
vn 0.2223 -0.9669 0.1253
vn -0.5707 -0.5551 0.6051
vn 0.3256 -0.9140 0.2421
vn -0.1986 -0.0950 0.9755
vn 0.5652 -0.4177 0.7114
vn -0.1067 -0.9940 0.0244
vn 0.1974 -0.9364 -0.2900
vn 0.0225 -0.0643 0.9977
vn 0.9006 0.4177 0.1200
vn 0.8234 -0.2787 0.4943
vn 0.7501 0.3292 -0.5736
vn 0.3012 0.0953 -0.9488
vn 0.5223 0.2255 -0.8224
vn 0.4949 -0.2555 -0.8306
vn 0.6705 -0.5076 -0.5411
vn 0.2835 -0.8850 -0.3693
vn 0.1695 -0.5693 0.8045
vn -0.0536 -0.6157 0.7862
vn 0.0964 -0.9582 -0.2695
vn 0.2599 -0.3514 -0.8994
vn 0.3017 -0.7088 -0.6376
vn 0.4032 0.0536 -0.9135
vn 0.0709 -0.6108 0.7886
vn 0.7034 -0.6362 -0.3168
vn 0.2453 -0.9692 -0.0201
vn 0.2714 -0.5136 0.8140
vn 0.7928 0.1364 -0.5940
vn 0.1824 -0.9705 -0.1576
vn -0.5447 -0.8381 -0.0299
vn -0.8890 0.4577 -0.0132
vn -0.9421 -0.3339 -0.0301
vn -0.9410 -0.2080 -0.2670
vn -0.4669 -0.8654 -0.1818
vn -0.7706 0.5392 -0.3397
vn -0.7505 0.6582 -0.0587
vn -0.3043 0.9149 -0.2653
vn -0.2902 0.9546 -0.0669
vn -0.0698 0.9719 -0.2250
vn -0.0781 0.6443 0.7607
vn -0.1065 0.6570 0.7463
vn -0.9544 -0.2771 0.1110
vn -0.3455 -0.9324 0.1062
vn 0.2490 -0.9593 0.1331
vn -0.1814 -0.4466 0.8762
vn -0.4001 -0.1089 0.9100
vn -0.4565 0.3513 0.8174
vn 0.1314 -0.9896 -0.0585
vn 0.2213 -0.9746 0.0331
vn 0.1169 0.7660 -0.6321
vn -0.1468 0.9493 -0.2780
vn 0.1090 0.4585 -0.8820
vn 0.0118 0.9135 -0.4066
vn 0.3420 0.4839 -0.8055
vn 0.4088 0.7423 -0.5308
vn -0.1654 0.6558 0.7366
vn -0.0017 0.6229 0.7823
vn 0.4962 0.7044 0.5075
vn 0.4490 0.8102 -0.3767
vn -0.2849 0.9416 -0.1793
vn -0.0962 0.9927 -0.0732
vn 0.2298 -0.9726 0.0338
vn 0.2317 -0.9718 0.0437
vn 0.7989 -0.5890 -0.1220
vn 0.0612 -0.5136 -0.8558
vn -0.2053 -0.6651 -0.7180
vn -0.1386 0.1738 -0.9750
vn -0.2032 -0.3676 -0.9075
vn 0.1299 -0.0367 -0.9908
vn 0.0335 0.0277 -0.9991
vn 0.1732 -0.9677 0.1832
vn -0.0063 -0.9991 0.0413
vn 0.5334 -0.8458 -0.0054
vn 0.7569 -0.6474 -0.0892
vn 0.9325 0.2187 -0.2875
vn 0.3701 0.9034 -0.2165
vn -0.3026 0.1844 -0.9351
vn 0.5424 0.8385 0.0528
vn 0.9579 0.2282 -0.1741
vn 0.3264 0.9383 -0.1147
vn 0.9912 -0.1139 -0.0670
vn 0.9954 -0.0347 0.0888
vn 0.4224 0.9006 0.1027
vn -0.1336 0.9696 0.2052
vn -0.3402 0.9374 -0.0749
vn -0.3510 0.9351 -0.0478
vn -0.8477 0.5249 0.0776
vn 0.6390 -0.7330 0.2333
vn 0.8592 0.4376 0.2652
vn 0.0614 0.9906 -0.1220
vn -0.1726 0.6876 0.7053
vn 0.6994 0.7024 -0.1323
vn 0.6799 0.7311 0.0564
vn 0.7686 -0.2068 0.6054
vn 0.5702 0.3122 0.7599
vn 0.4704 0.8333 -0.2903
vn 0.7243 -0.4992 -0.4756
vn -0.1981 -0.0405 -0.9793
vn 0.2713 0.5442 -0.7939
vn 0.1521 0.3881 -0.9090
vn 0.2721 0.4040 -0.8734
vn 0.3617 0.8519 -0.3787
vn 0.4057 0.8188 -0.4061
vn 0.5065 -0.3549 -0.7858
vn 0.4921 0.4096 -0.7681
vn -0.3921 0.5611 0.7290
vn -0.9425 -0.1290 0.3084
vn 0.0137 -0.9501 -0.3117
vn -0.5788 -0.8155 0.0012
vn -0.5324 -0.5009 -0.6824
vn -0.4426 -0.8175 0.3685
vn -0.5789 -0.7089 -0.4029
vn -0.1228 -0.1949 -0.9731
vn 0.2410 -0.2445 -0.9392
vn 0.3283 -0.7682 -0.5497
vn -0.5096 -0.7857 -0.3507
vn -0.5500 -0.7759 0.3092
vn 0.4379 -0.8357 0.3316
vn 0.3458 -0.5539 0.7573
vn -0.1572 -0.6912 0.7054
vn 0.1371 -0.9312 0.3377
vn -0.4459 -0.8933 0.0560
vn 0.4415 -0.6584 0.6096
vn -0.3650 -0.9263 0.0937
vn -0.6609 -0.7424 0.1099
vn -0.9826 -0.0020 0.1855
vn -0.6524 0.7158 0.2489
vn -0.8628 0.5053 -0.0192
vn -0.9233 -0.3767 0.0746
vn -0.9204 -0.3393 0.1941
vn -0.3492 -0.9248 0.1513
vn -0.5166 -0.5788 -0.6310
vn -0.5343 0.4044 -0.7423
vn -0.8207 -0.0830 -0.5652
vn 0.2134 -0.9103 0.3547
vn 0.6319 -0.7394 0.2326
vn 0.6550 -0.7516 0.0782
vn 0.4695 -0.8481 0.2456
vn 0.7953 -0.6054 0.0333
vn 0.2008 0.0412 0.9788
vn 0.9673 -0.2317 -0.1033
vn 0.9063 -0.4092 0.1054
vn 0.8985 -0.4104 -0.1559
vn 0.5554 -0.8216 -0.1283
vn 0.1842 -0.9681 0.1700
vn 0.5398 -0.8198 -0.1912
vn 0.1544 -0.9799 -0.1264
vn 0.5402 -0.5814 0.6084
vn -0.5600 -0.7562 -0.3384
vn -0.1940 -0.8532 0.4842
vn 0.5268 -0.8475 -0.0646
vn -0.3850 -0.6981 0.6037
vn -0.3493 -0.9137 -0.2076
vn -0.3198 -0.9394 -0.1239
vn 0.3163 -0.9174 0.2413
vn 0.2020 -0.9389 0.2786
vn 0.3222 -0.8194 0.4742
vn 0.6698 -0.7356 -0.1010
vn 0.7257 -0.6367 -0.2608
vn 0.1623 -0.9112 -0.3786
vn 0.6797 0.0195 0.7332
vn -0.2525 -0.9575 0.1395
vn -0.3194 -0.7254 -0.6098
vn -0.2370 -0.6148 -0.7522
vn -0.3098 -0.3634 -0.8786
vn 0.1399 -0.6999 -0.7003
vn 0.3839 -0.6181 -0.6860
vn -0.1102 -0.9551 0.2750
vn -0.1390 0.1147 -0.9836
vn 0.1317 -0.5271 -0.8395
vn 0.1526 -0.6533 -0.7416
vn 0.3111 0.1112 -0.9439
vn 0.7549 0.0125 -0.6557
vn 0.1478 -0.5429 -0.8267
vn 0.0469 -0.8796 -0.4734
vn 0.3919 -0.8857 0.2489
vn -0.2098 -0.8249 -0.5249
vn -0.3681 -0.7138 -0.5958
vn 0.0948 -0.8720 -0.4802
vn 0.4769 -0.8601 0.1812
vn -0.5851 -0.2307 0.7774
vn 0.3525 -0.7153 0.6034
vn 0.6824 -0.4898 0.5426
vn 0.5888 0.2906 0.7542
vn 0.5308 0.2396 0.8129
vn 0.3460 -0.1821 0.9204
vn 0.1551 0.8448 -0.5121
vn 0.6043 0.3170 -0.7310
vn 0.6165 0.2675 -0.7405
vn 0.2901 0.7634 -0.5771
vn 0.5564 -0.1796 -0.8113
vn 0.3690 0.4675 -0.8033
vn 0.3574 -0.4266 -0.8308
vn 0.2843 -0.0295 -0.9583
vn -0.1676 -0.8700 -0.4636
vn 0.0976 -0.7637 -0.6381
vn -0.2000 -0.8361 -0.5108
vn -0.0466 0.2860 -0.9571
vn -0.2822 -0.1058 -0.9535
vn 0.3831 -0.8019 -0.4585
vn -0.1242 0.8950 -0.4284
vn -0.1021 0.7143 -0.6924
vn -0.4928 0.3513 -0.7961
vn -0.2677 -0.4630 -0.8450
vn 0.5845 -0.6367 -0.5030
vn -0.6196 0.0766 -0.7812
vn -0.4726 -0.0393 -0.8804
vn -0.3513 0.7711 -0.5311
vn -0.5073 0.6560 -0.5589
vn -0.5080 -0.3388 -0.7919
vn 0.0012 -0.7433 -0.6690
vn -0.3214 -0.6384 -0.6994
vn -0.6650 -0.4083 -0.6254
vn -0.6730 -0.4180 -0.6101
vn -0.3806 -0.0549 -0.9231
vn -0.3858 0.6045 -0.6970
vn -0.1687 0.5290 -0.8317
vn -0.6138 0.7895 -0.0018
vn -0.3364 -0.3796 -0.8618
vn -0.2966 -0.6379 -0.7107
vn -0.1978 0.7620 -0.6166
vn -0.3467 0.9368 -0.0474
vn -0.9971 0.0765 0.0007
vn -0.8034 0.5488 -0.2310
vn -0.9807 0.0276 -0.1936
vn -0.8314 0.5270 -0.1765
vn -0.9323 0.3566 -0.0610
vn -0.7845 0.6100 -0.1114
vn -0.6130 0.7363 -0.2865
vn 0.1296 0.9860 -0.1052
vn 0.6908 0.7147 0.1095
vn 0.6884 0.7047 0.1720
vn 0.1133 0.9934 -0.0191
vn -0.3478 0.9036 -0.2500
vn -0.4336 0.8885 -0.1500
vn -0.6470 0.7458 -0.1583
vn -0.6095 0.7632 -0.2144
vn -0.1418 0.9609 -0.2380
vn 0.4746 0.8526 -0.2186
vn 0.9041 0.4269 -0.0214
vn 0.9406 0.2026 0.2724
vn 0.9433 0.2202 0.2484
vn 0.9085 -0.2644 0.3235
vn 0.7796 -0.5625 0.2754
vn 0.5571 -0.7982 0.2290
vn 0.9965 -0.0413 0.0728
vn 0.8536 -0.2809 0.4388
vn 0.4595 -0.8318 0.3114
vn -0.1366 -0.9883 -0.0679
vn 0.2880 -0.8612 0.4188
vn 0.7104 -0.6904 0.1367
vn 0.9919 -0.0868 -0.0923
vn -0.9791 -0.1999 -0.0373
vn -0.6363 -0.7708 -0.0327
vn -0.1371 -0.9896 -0.0437
vn -0.7786 -0.6161 -0.1194
vn -0.3682 -0.9296 0.0124
vn -0.1772 -0.9668 -0.1838
vn 0.2064 -0.9775 -0.0445
vn -0.8008 -0.5867 0.1205
vn -0.8354 -0.4733 0.2794
vn -0.2474 -0.9645 -0.0927
vn -0.2000 -0.9748 0.0989
vn -0.2814 -0.9580 -0.0556
vn 0.0348 -0.8245 -0.5647
vn -0.7188 -0.0827 0.6903
vn -0.6976 0.4567 0.5520
vn -0.3910 -0.9185 -0.0592
vn -0.4683 -0.7581 -0.4539
vn -0.5128 -0.8055 0.2970
vn -0.6923 -0.6064 -0.3912
vn -0.3037 -0.8601 -0.4099
vn -0.0992 -0.9914 -0.0854
vn 0.9301 -0.3557 -0.0916
vn 0.7624 -0.6415 0.0849
vn 0.8658 -0.4938 -0.0807
vn 0.3869 -0.8974 -0.2120
vn 0.4247 -0.8979 -0.1159
vn 0.4642 -0.8394 -0.2828
vn -0.1433 -0.8368 -0.5285
vn 0.3583 -0.8091 -0.4658
vn 0.9354 0.3530 -0.0191
vn 0.5393 0.7611 -0.3603
vn 0.5319 0.8426 -0.0848
vn 0.3451 0.5207 0.7809
vn 0.4709 0.2910 0.8328
vn -0.9197 -0.3558 0.1661
vn 0.3923 0.1917 -0.8996
vn 0.3773 0.0325 -0.9255
vn 0.8996 0.3089 -0.3087
vn 0.8798 -0.4666 0.0910
vn 0.4786 -0.1134 0.8707
vn 0.0494 -0.3902 0.9194
vn 0.9246 -0.3638 -0.1126
vn 0.1678 -0.9788 0.1179
vn -0.1101 -0.2167 0.9700
vn -0.2319 0.4672 0.8532
vn -0.9085 -0.3854 0.1612
vn 0.4074 -0.4549 -0.7919
vn 0.2771 -0.9433 0.1826
vn -0.4732 -0.8762 0.0915
vn -0.9451 -0.3251 0.0330
vn -0.4036 -0.0524 0.9134
vn -0.4113 0.3705 0.8328
vn -0.8485 0.5290 -0.0148
vn -0.9061 -0.4214 0.0365
vn -0.4090 -0.9003 0.1490
vn -0.6669 -0.5218 0.5320
vn -0.2840 -0.8583 0.4273
vn -0.5499 -0.8351 -0.0124
vn -0.8586 -0.4550 -0.2360
vn -0.8170 0.5721 -0.0725
vn -0.1270 0.9894 -0.0704
vn 0.0012 0.6263 0.7796
vn 0.0513 0.9600 -0.2753
vn -0.8588 0.4571 -0.2315
vn -0.5817 0.5061 -0.6368
vn -0.4546 -0.2788 -0.8460
vn -0.3946 0.7501 -0.5307
vn 0.5994 0.6886 -0.4081
vn 0.2599 0.7810 -0.5679
vn 0.1169 -0.6290 -0.7686
vn -0.0890 -0.0307 -0.9956
vn -0.2476 0.1420 -0.9584
vn -0.0284 -0.4647 -0.8850
vn 0.2381 -0.9006 -0.3635
vn -0.1051 -0.3789 -0.9194
vn 0.2041 -0.8501 -0.4855
vn 0.2561 -0.9160 0.3087
vn -0.2261 0.4570 -0.8602
vn -0.4276 0.8840 -0.1888
vn -0.3796 0.8576 0.3470
vn -0.2180 0.7716 0.5976
vn -0.5684 0.8181 -0.0875
vn -0.0607 0.2637 0.9627
vn 0.7173 -0.4629 -0.5207
vn 0.9072 -0.3034 -0.2915
vn 0.8974 -0.0634 -0.4367
vn 0.9098 -0.3763 -0.1750
vn 0.9386 -0.3398 0.0597
vn 0.7396 -0.6593 0.1354
vn 0.7682 -0.6314 -0.1058
vn 0.5854 -0.8097 -0.0407
vn 0.4138 -0.9103 -0.0061
vn 0.4173 -0.8934 0.1668
vn 0.6608 -0.6157 -0.4292
vn 0.4569 -0.8770 -0.1485
vn -0.2155 -0.9425 -0.2555
vn -0.0703 -0.8835 -0.4632
vn 0.3569 -0.7646 -0.5367
vn -0.0778 -0.6984 -0.7115
vn 0.4997 -0.5142 -0.6971
vn 0.7779 -0.2091 -0.5926
vn 0.2744 -0.9513 -0.1408
vn 0.3993 -0.7734 0.4924
vn 0.2447 -0.6874 0.6838
vn -0.0101 -0.9985 -0.0541
vn -0.2328 -0.7425 -0.6281
vn 0.0003 -0.0011 1.0000
vn 0.2131 -0.1145 0.9703
vn -0.4228 -0.6678 0.6125
vn 0.6566 0.5464 0.5199
vn 0.6255 0.6731 0.3947
vn -0.0325 0.9113 -0.4104
vn -0.1109 0.7846 -0.6099
vn -0.2121 0.9157 -0.3414
vn -0.1277 0.9250 -0.3579
vn 0.0035 0.7659 -0.6429
vn 0.3629 0.5756 -0.7328
vn 0.5963 0.0975 -0.7968
vn -0.2952 -0.9550 -0.0294
vn -0.5413 -0.7695 0.3390
vn -0.5885 -0.8008 -0.1114
vn 0.2920 -0.9564 -0.0101
vn 0.0684 -0.9927 0.0995
vn -0.2380 0.8638 -0.4440
vn 0.0963 0.9936 -0.0594
vn 0.0596 0.8293 -0.5556
vn -0.2140 0.9218 -0.3233
vn -0.3126 0.9499 0.0079
vn -0.5270 0.8382 -0.1404
vn -0.0396 0.9979 0.0515
vn 0.1027 0.9263 0.3624
vn -0.5376 0.7458 0.3934
vn 0.0901 0.9276 0.3625
vn 0.0192 0.9344 0.3558
vn -0.2342 0.9656 0.1134
vn -0.5154 0.8489 0.1172
vn -0.4274 0.8971 -0.1117
vn 0.0489 0.9579 0.2830
vn 0.3944 0.4900 -0.7774
vn 0.3304 0.9291 0.1663
vn -0.1778 0.8404 -0.5120
vn 0.3265 0.9219 -0.2087
vn 0.5863 0.8080 0.0579
vn 0.6804 0.7070 0.1927
vn 0.8821 0.2651 -0.3893
vn 0.8200 0.5650 -0.0922
vn 0.7295 0.6503 -0.2122
vn 0.5344 0.7598 -0.3703
vn 0.4458 0.5783 -0.6832
vn 0.7143 0.4400 -0.5443
vn -0.0518 -0.1331 0.9898
vn 0.4924 -0.1517 0.8571
vn 0.2620 -0.1597 0.9518
vn 0.2017 -0.5097 0.8363
vn -0.1486 -0.0179 0.9887
vn 0.2802 -0.2114 0.9364
vn 0.6623 -0.4375 0.6082
vn 0.3113 -0.2351 0.9208
vn 0.8640 0.4816 -0.1471
vn 0.4862 -0.2748 -0.8295
vn 0.1554 0.2011 -0.9672
vn -0.7280 0.3509 0.5890
vn -0.4774 0.8474 0.2323
vn -0.5319 0.8301 -0.1676
vn -0.2377 0.7684 -0.5942
vn 0.6256 0.7772 -0.0676
vn 0.9067 0.2758 0.3190
vn 0.4004 0.8123 0.4240
vn 0.6349 0.5253 0.5666
vn 0.3542 0.7715 0.5285
vn 0.5916 0.6338 0.4983
vn -0.1000 0.7066 0.7005
vn 0.6474 -0.5676 -0.5086
vn 0.2565 0.8692 -0.4228
vn -0.4159 0.8157 -0.4022
vn -0.5768 0.6282 -0.5222
vn 0.4313 0.2922 -0.8536
vn 0.2839 0.1246 -0.9507
vn -0.6674 0.4008 -0.6276
vn 0.0527 -0.4083 -0.9113
vn -0.7665 -0.2127 -0.6060
vn -0.1407 0.9700 -0.1982
vn 0.3336 0.8424 -0.4233
vn -0.4275 0.8791 -0.2107
vn 0.5347 0.6216 -0.5724
vn 0.4341 0.4642 -0.7720
vn 0.2618 0.2583 -0.9299
vn -0.6782 0.4769 -0.5591
vn -0.5311 0.7257 -0.4373
vn -0.5277 -0.8492 -0.0191
vn -0.8913 -0.0245 0.4527
vn -0.3624 -0.8513 0.3794
vn -0.8618 -0.0102 0.5071
vn -0.1573 -0.7354 0.6591
vn -0.2556 -0.7904 0.5568
vn -0.9479 -0.0964 0.3035
vn -0.5952 -0.7894 -0.1505
vn 0.4887 -0.8624 0.1316
vn 0.5799 -0.7906 0.1968
vn 0.4536 -0.8888 -0.0655
vn 0.8521 -0.2335 -0.4684
vn 0.8867 -0.2217 -0.4057
vn 0.7935 -0.3117 -0.5227
vn 0.1721 -0.8394 -0.5156
vn 0.1884 -0.9781 0.0886
vn -0.1208 -0.9823 0.1429
vn 0.0269 0.9666 -0.2549
vn -0.5064 0.8611 0.0450
vn 0.4300 0.7679 -0.4748
vn 0.3806 0.7070 -0.5961
vn -0.5965 0.7949 -0.1113
vn 0.1978 0.6577 -0.7268
vn -0.6899 0.6949 -0.2029
vn -0.0259 0.0547 -0.9982
vn -0.7967 0.0969 -0.5966
vn -0.9087 0.3990 0.1222
vn -0.8209 0.4124 0.3950
vn 0.0343 0.9280 0.3710
vn -0.0045 0.9908 0.1350
vn -0.8806 0.4727 0.0333
vn -0.8820 0.4570 0.1150
vn -0.0092 0.9999 -0.0072
vn -0.1020 0.9931 -0.0577
vn -0.1206 0.9886 -0.0906
vn -0.5212 -0.1693 0.8365
vn -0.7220 -0.2870 0.6296
vn 0.6034 -0.3922 -0.6943
vn 0.3809 -0.1953 -0.9038
vn 0.5951 0.1234 -0.7941
vn 0.7965 -0.1051 -0.5955
# 1291 vertex normals

vt 0.4933 0.4677 0.4677
vt 0.4926 0.4389 0.4389
vt 0.4929 0.4526 0.4526
vt 0.9226 0.0350 0.0350
vt 0.9266 0.0442 0.0442
vt 0.9126 0.0520 0.0520
vt 0.9087 0.0513 0.0513
vt 0.9154 0.0266 0.0266
vt 0.9043 0.0512 0.0512
vt 0.9114 0.0675 0.0675
vt 0.9156 0.0755 0.0755
vt 0.9413 0.0537 0.0537
vt 0.9593 0.0716 0.0716
vt 0.9748 0.0313 0.0313
vt 0.9757 0.0562 0.0562
vt 0.9374 0.0063 0.0063
vt 0.9391 0.0187 0.0187
vt 0.9848 0.0425 0.0425
vt 0.9788 0.0573 0.0573
vt 0.9802 0.0434 0.0434
vt 0.9776 0.0282 0.0282
vt 0.9972 0.0410 0.0410
vt 0.9748 0.0697 0.0697
vt 0.9730 0.0077 0.0077
vt 0.9646 0.0167 0.0167
vt 0.9613 0.0245 0.0245
vt 0.9413 0.0274 0.0274
vt 0.9224 0.3734 0.3734
vt 0.9219 0.4133 0.4133
vt 0.8971 0.3734 0.3734
vt 0.8966 0.4133 0.4133
vt 0.8967 0.4358 0.4358
vt 0.8511 0.4411 0.4411
vt 0.8333 0.4133 0.4133
vt 0.8338 0.3734 0.3734
vt 0.8946 0.3261 0.3261
vt 0.9199 0.3261 0.3261
vt 0.9190 0.2836 0.2836
vt 0.8937 0.2836 0.2836
vt 0.8313 0.3261 0.3261
vt 0.8304 0.2836 0.2836
vt 0.6680 0.9592 0.9592
vt 0.6680 0.9532 0.9532
vt 0.6951 0.9448 0.9448
vt 0.6951 0.9508 0.9508
vt 0.7310 0.9378 0.9378
vt 0.7310 0.9438 0.9438
vt 0.6366 0.9966 0.9966
vt 0.6366 0.9609 0.9609
vt 0.6724 0.9937 0.9937
vt 0.7032 0.9911 0.9911
vt 0.7368 0.9878 0.9878
vt 0.7592 0.9882 0.9882
vt 0.5996 0.9936 0.9936
vt 0.7592 0.9409 0.9409
vt 0.7592 0.9349 0.9349
vt 0.7299 0.9204 0.9204
vt 0.6880 0.9291 0.9291
vt 0.6684 0.8519 0.8519
vt 0.6366 0.8550 0.8550
vt 0.6661 0.7536 0.7536
vt 0.7873 0.9438 0.9438
vt 0.7592 0.9204 0.9204
vt 0.7474 0.9102 0.9102
vt 0.7316 0.8213 0.8213
vt 0.7041 0.8397 0.8397
vt 0.6967 0.7546 0.7546
vt 0.6657 0.7207 0.7207
vt 0.7269 0.7439 0.7439
vt 0.6906 0.6853 0.6853
vt 0.6634 0.6894 0.6894
vt 0.6597 0.6121 0.6121
vt 0.6904 0.7170 0.7170
vt 0.7230 0.7116 0.7116
vt 0.7590 0.7354 0.7354
vt 0.7590 0.8152 0.8152
vt 0.7557 0.8836 0.8836
vt 0.7225 0.6776 0.6776
vt 0.7590 0.6831 0.6831
vt 0.7590 0.7111 0.7111
vt 0.6105 0.5009 0.5009
vt 0.6106 0.4839 0.4839
vt 0.6366 0.4819 0.4819
vt 0.6366 0.4995 0.4995
vt 0.6366 0.6096 0.6096
vt 0.6671 0.4977 0.4977
vt 0.6868 0.6035 0.6035
vt 0.6093 0.6035 0.6035
vt 0.5870 0.4992 0.4992
vt 0.5883 0.4824 0.4824
vt 0.5802 0.5977 0.5977
vt 0.5812 0.6814 0.6814
vt 0.6071 0.6881 0.6881
vt 0.6366 0.6915 0.6915
vt 0.6366 0.7483 0.7483
vt 0.6366 0.7184 0.7184
vt 0.6079 0.7153 0.7153
vt 0.5802 0.7086 0.7086
vt 0.5561 0.6816 0.6816
vt 0.6030 0.8488 0.8488
vt 0.6097 0.7420 0.7420
vt 0.5785 0.8397 0.8397
vt 0.5793 0.7351 0.7351
vt 0.5551 0.7065 0.7065
vt 0.5520 0.7321 0.7321
vt 0.5479 0.8213 0.8213
vt 0.5425 0.9182 0.9182
vt 0.5685 0.9462 0.9462
vt 0.6015 0.9568 0.9568
vt 0.5289 0.8968 0.8968
vt 0.5204 0.9186 0.9186
vt 0.5204 0.9429 0.9429
vt 0.5615 0.9869 0.9869
vt 0.5204 0.9860 0.9860
vt 0.5217 0.8821 0.8821
vt 0.5234 0.8152 0.8152
vt 0.5204 0.8960 0.8960
vt 0.5539 0.5902 0.5902
vt 0.5234 0.5889 0.5889
vt 0.5234 0.4985 0.4985
vt 0.5234 0.6831 0.6831
vt 0.5234 0.7111 0.7111
vt 0.5234 0.7354 0.7354
vt 0.5574 0.4986 0.4986
vt 0.5596 0.4806 0.4806
vt 0.5234 0.4810 0.4810
vt 0.5234 0.4606 0.4606
vt 0.5592 0.4603 0.4603
vt 0.5878 0.4609 0.4609
vt 0.6096 0.4598 0.4598
vt 0.6366 0.4606 0.4606
vt 0.6671 0.4795 0.4795
vt 0.6936 0.4966 0.4966
vt 0.7224 0.5981 0.5981
vt 0.6958 0.4779 0.4779
vt 0.7278 0.4788 0.4788
vt 0.7277 0.4955 0.4955
vt 0.6674 0.4575 0.4575
vt 0.6965 0.4575 0.4575
vt 0.7278 0.4575 0.4575
vt 0.7590 0.4810 0.4810
vt 0.7590 0.4985 0.4985
vt 0.7590 0.5889 0.5889
vt 0.7590 0.4575 0.4575
vt 0.7681 0.1194 0.1194
vt 0.7569 0.1206 0.1206
vt 0.7586 0.1164 0.1164
vt 0.7503 0.1219 0.1219
vt 0.7518 0.1136 0.1136
vt 0.7635 0.1042 0.1042
vt 0.7878 0.1236 0.1236
vt 0.7955 0.1106 0.1106
vt 0.8187 0.1342 0.1342
vt 0.8111 0.1473 0.1473
vt 0.7836 0.1391 0.1391
vt 0.7702 0.1360 0.1360
vt 0.7573 0.1363 0.1363
vt 0.7482 0.1359 0.1359
vt 0.7420 0.1210 0.1210
vt 0.7800 0.1489 0.1489
vt 0.7628 0.1462 0.1462
vt 0.7539 0.1500 0.1500
vt 0.7479 0.1549 0.1549
vt 0.7436 0.1548 0.1548
vt 0.7430 0.1567 0.1567
vt 0.7404 0.1548 0.1548
vt 0.7410 0.1567 0.1567
vt 0.7400 0.1584 0.1584
vt 0.7420 0.1610 0.1610
vt 0.7457 0.1639 0.1639
vt 0.7394 0.1582 0.1582
vt 0.7383 0.1639 0.1639
vt 0.7420 0.1695 0.1695
vt 0.7528 0.1642 0.1642
vt 0.7528 0.1588 0.1588
vt 0.7538 0.1656 0.1656
vt 0.7543 0.1600 0.1600
vt 0.7621 0.1580 0.1580
vt 0.7523 0.1563 0.1563
vt 0.7505 0.1573 0.1573
vt 0.7483 0.1717 0.1717
vt 0.7420 0.1753 0.1753
vt 0.7566 0.1772 0.1772
vt 0.7682 0.1727 0.1727
vt 0.7743 0.1607 0.1607
vt 0.7815 0.1753 0.1753
vt 0.7858 0.1659 0.1659
vt 0.7934 0.1816 0.1816
vt 0.8155 0.1770 0.1770
vt 0.8167 0.1989 0.1989
vt 0.8400 0.1974 0.1974
vt 0.8388 0.1888 0.1888
vt 0.8362 0.1595 0.1595
vt 0.7999 0.1572 0.1572
vt 0.8908 0.2014 0.2014
vt 0.8704 0.1903 0.1903
vt 0.9041 0.1723 0.1723
vt 0.8637 0.1981 0.1981
vt 0.8762 0.2288 0.2288
vt 0.8405 0.2272 0.2272
vt 0.8133 0.2208 0.2208
vt 0.7943 0.1968 0.1968
vt 0.7829 0.1923 0.1923
vt 0.7936 0.2078 0.2078
vt 0.7855 0.2321 0.2321
vt 0.7701 0.2374 0.2374
vt 0.7670 0.2227 0.2227
vt 0.7786 0.2117 0.2117
vt 0.7829 0.2013 0.2013
vt 0.7659 0.2135 0.2135
vt 0.7761 0.2057 0.2057
vt 0.7749 0.1922 0.1922
vt 0.7736 0.1853 0.1853
vt 0.7673 0.1882 0.1882
vt 0.7673 0.1821 0.1821
vt 0.7593 0.1840 0.1840
vt 0.7533 0.2090 0.2090
vt 0.7525 0.2208 0.2208
vt 0.7420 0.2079 0.2079
vt 0.7645 0.2066 0.2066
vt 0.7709 0.1991 0.1991
vt 0.7675 0.1946 0.1946
vt 0.7598 0.1884 0.1884
vt 0.7594 0.1948 0.1948
vt 0.7538 0.1893 0.1893
vt 0.7647 0.2008 0.2008
vt 0.7581 0.1992 0.1992
vt 0.7537 0.1946 0.1946
vt 0.7504 0.1955 0.1955
vt 0.7543 0.2036 0.2036
vt 0.7471 0.2017 0.2017
vt 0.7420 0.2022 0.2022
vt 0.7369 0.2017 0.2017
vt 0.7399 0.1963 0.1963
vt 0.7336 0.1955 0.1955
vt 0.7344 0.1811 0.1811
vt 0.7302 0.1893 0.1893
vt 0.7247 0.1840 0.1840
vt 0.7242 0.1884 0.1884
vt 0.7166 0.1882 0.1882
vt 0.7303 0.1946 0.1946
vt 0.7167 0.1821 0.1821
vt 0.7091 0.1922 0.1922
vt 0.7103 0.1853 0.1853
vt 0.7158 0.1727 0.1727
vt 0.7274 0.1772 0.1772
vt 0.7394 0.1873 0.1873
vt 0.7357 0.1717 0.1717
vt 0.7301 0.1656 0.1656
vt 0.7218 0.1580 0.1580
vt 0.7096 0.1607 0.1607
vt 0.7212 0.1462 0.1462
vt 0.7040 0.1489 0.1489
vt 0.7138 0.1360 0.1360
vt 0.7004 0.1391 0.1391
vt 0.7327 0.1658 0.1658
vt 0.7301 0.1500 0.1500
vt 0.7296 0.1600 0.1600
vt 0.7326 0.1610 0.1610
vt 0.7446 0.1873 0.1873
vt 0.7420 0.1876 0.1876
vt 0.7420 0.1964 0.1964
vt 0.7441 0.1963 0.1963
vt 0.7495 0.1811 0.1811
vt 0.8233 0.9448 0.9448
vt 0.7873 0.9378 0.9378
vt 0.7885 0.9204 0.9204
vt 0.8303 0.9291 0.9291
vt 0.8143 0.8397 0.8397
vt 0.7592 0.9102 0.9102
vt 0.8233 0.9508 0.9508
vt 0.8503 0.9592 0.9592
vt 0.8813 0.8550 0.8550
vt 0.8813 0.9609 0.9609
vt 0.8503 0.9532 0.9532
vt 0.8813 0.9966 0.9966
vt 0.8460 0.9937 0.9937
vt 0.8152 0.9911 0.9911
vt 0.7816 0.9878 0.9878
vt 0.9670 0.8213 0.8213
vt 0.9915 0.8125 0.8125
vt 0.9860 0.8968 0.8968
vt 0.9724 0.9182 0.9182
vt 0.9364 0.8397 0.8397
vt 0.9464 0.9462 0.9462
vt 0.9121 0.9568 0.9568
vt 0.9165 0.9936 0.9936
vt 0.9958 0.8821 0.8821
vt 0.9945 0.8960 0.8960
vt 0.9936 0.8821 0.8821
vt 0.9945 0.9186 0.9186
vt 0.9945 0.9429 0.9429
vt 0.9534 0.9869 0.9869
vt 0.9915 0.8152 0.8152
vt 0.9945 0.9860 0.9860
vt 0.9598 0.7065 0.7065
vt 0.9915 0.7111 0.7111
vt 0.9915 0.7354 0.7354
vt 0.9629 0.7321 0.7321
vt 0.9356 0.7351 0.7351
vt 0.9119 0.8488 0.8488
vt 0.9588 0.6816 0.6816
vt 0.9347 0.7086 0.7086
vt 0.9034 0.7420 0.7420
vt 0.8813 0.7483 0.7483
vt 0.9051 0.7153 0.7153
vt 0.8813 0.7184 0.7184
vt 0.9307 0.6067 0.6067
vt 0.9582 0.6001 0.6001
vt 0.9337 0.6814 0.6814
vt 0.9060 0.6881 0.6881
vt 0.8813 0.6915 0.6915
vt 0.8526 0.7207 0.7207
vt 0.8522 0.7536 0.7536
vt 0.8500 0.8519 0.8519
vt 0.8813 0.6213 0.6213
vt 0.8217 0.7546 0.7546
vt 0.8287 0.7170 0.7170
vt 0.8266 0.6853 0.6853
vt 0.7955 0.6776 0.6776
vt 0.7626 0.8836 0.8836
vt 0.7711 0.9102 0.9102
vt 0.7856 0.8213 0.8213
vt 0.7926 0.7439 0.7439
vt 0.7945 0.7116 0.7116
vt 0.7651 0.6831 0.6831
vt 0.7651 0.6006 0.6006
vt 0.7651 0.8152 0.8152
vt 0.7651 0.7354 0.7354
vt 0.7651 0.7111 0.7111
vt 0.7942 0.6124 0.6124
vt 0.7651 0.5416 0.5416
vt 0.7906 0.5492 0.5492
vt 0.7651 0.5193 0.5193
vt 0.7980 0.5250 0.5250
vt 0.7651 0.4926 0.4926
vt 0.7965 0.4975 0.4975
vt 0.7651 0.4818 0.4818
vt 0.7878 0.4818 0.4818
vt 0.8229 0.4818 0.4818
vt 0.7651 0.4597 0.4597
vt 0.7873 0.4597 0.4597
vt 0.8197 0.4597 0.4597
vt 0.8467 0.4597 0.4597
vt 0.8473 0.4818 0.4818
vt 0.8665 0.4597 0.4597
vt 0.8813 0.4818 0.4818
vt 0.8813 0.4597 0.4597
vt 0.9039 0.4818 0.4818
vt 0.9225 0.4597 0.4597
vt 0.9251 0.4818 0.4818
vt 0.9272 0.4996 0.4996
vt 0.9289 0.5169 0.5169
vt 0.8992 0.5172 0.5172
vt 0.9047 0.5002 0.5002
vt 0.8813 0.5012 0.5012
vt 0.8987 0.5496 0.5496
vt 0.8813 0.5267 0.5267
vt 0.8813 0.5613 0.5613
vt 0.9044 0.6135 0.6135
vt 0.9302 0.5396 0.5396
vt 0.9549 0.4818 0.4818
vt 0.9566 0.5010 0.5010
vt 0.9654 0.5190 0.5190
vt 0.9586 0.5409 0.5409
vt 0.9915 0.4926 0.4926
vt 0.9915 0.5193 0.5193
vt 0.9915 0.5416 0.5416
vt 0.9915 0.6006 0.6006
vt 0.9915 0.6831 0.6831
vt 0.9503 0.4597 0.4597
vt 0.9915 0.4818 0.4818
vt 0.9915 0.4597 0.4597
vt 0.0182 0.5929 0.5929
vt 0.0066 0.5514 0.5514
vt 0.0364 0.5442 0.5442
vt 0.0542 0.6067 0.6067
vt 0.0742 0.5663 0.5663
vt 0.1010 0.6129 0.6129
vt 0.1195 0.5653 0.5653
vt 0.1733 0.5584 0.5584
vt 0.1544 0.6031 0.6031
vt 0.1929 0.5868 0.5868
vt 0.2036 0.5584 0.5584
vt 0.2269 0.5812 0.5812
vt 0.2484 0.5577 0.5577
vt 0.2484 0.5796 0.5796
vt 0.2484 0.5547 0.5547
vt 0.6395 0.0146 0.0146
vt 0.6339 0.0217 0.0217
vt 0.6265 0.0140 0.0140
vt 0.6257 0.0043 0.0043
vt 0.5974 0.0043 0.0043
vt 0.6384 0.0043 0.0043
vt 0.5450 0.0376 0.0376
vt 0.5218 0.0252 0.0252
vt 0.5425 0.0235 0.0235
vt 0.5371 0.0088 0.0088
vt 0.5695 0.0151 0.0151
vt 0.5692 0.0042 0.0042
vt 0.5974 0.0138 0.0138
vt 0.6217 0.0202 0.0202
vt 0.5973 0.0343 0.0343
vt 0.5695 0.0259 0.0259
vt 0.5977 0.0215 0.0215
vt 0.5683 0.0363 0.0363
vt 0.5680 0.0509 0.0509
vt 0.5481 0.0657 0.0657
vt 0.5404 0.0571 0.0571
vt 0.5178 0.0575 0.0575
vt 0.4538 0.0209 0.0209
vt 0.4251 0.0382 0.0382
vt 0.4232 0.0252 0.0252
vt 0.4533 0.0385 0.0385
vt 0.4722 0.0391 0.0391
vt 0.4717 0.0575 0.0575
vt 0.4868 0.0385 0.0385
vt 0.4842 0.0575 0.0575
vt 0.5196 0.0382 0.0382
vt 0.4246 0.0575 0.0575
vt 0.3970 0.0376 0.0376
vt 0.4530 0.0575 0.0575
vt 0.3723 0.0381 0.0381
vt 0.3733 0.0253 0.0253
vt 0.3429 0.0211 0.0211
vt 0.3997 0.0566 0.0566
vt 0.3868 0.0633 0.0633
vt 0.3676 0.0478 0.0478
vt 0.3389 0.0337 0.0337
vt 0.3114 0.0227 0.0227
vt 0.3040 0.0146 0.0146
vt 0.3166 0.0140 0.0140
vt 0.3220 0.0202 0.0202
vt 0.3447 0.0138 0.0138
vt 0.3741 0.0151 0.0151
vt 0.3996 0.0235 0.0235
vt 0.3063 0.0043 0.0043
vt 0.3166 0.0043 0.0043
vt 0.3451 0.0043 0.0043
vt 0.3741 0.0042 0.0042
vt 0.4045 0.0088 0.0088
vt 0.4221 0.0141 0.0141
vt 0.4540 0.0042 0.0042
vt 0.4734 0.0042 0.0042
vt 0.4728 0.0209 0.0209
vt 0.4876 0.0209 0.0209
vt 0.5211 0.0141 0.0141
vt 0.5204 0.0042 0.0042
vt 0.4877 0.0042 0.0042
vt 0.8101 0.2513 0.2513
vt 0.7755 0.2545 0.2545
vt 0.7932 0.2413 0.2413
vt 0.8357 0.2542 0.2542
vt 0.8286 0.2753 0.2753
vt 0.7929 0.2675 0.2675
vt 0.7585 0.2810 0.2810
vt 0.7540 0.2593 0.2593
vt 0.7531 0.2396 0.2396
vt 0.7011 0.1923 0.1923
vt 0.7011 0.2013 0.2013
vt 0.7078 0.2057 0.2057
vt 0.7054 0.2117 0.2117
vt 0.7181 0.2135 0.2135
vt 0.7170 0.2227 0.2227
vt 0.7315 0.2208 0.2208
vt 0.7309 0.2396 0.2396
vt 0.7286 0.2810 0.2810
vt 0.6911 0.2675 0.2675
vt 0.7085 0.2545 0.2545
vt 0.7300 0.2593 0.2593
vt 0.7139 0.2374 0.2374
vt 0.6985 0.2321 0.2321
vt 0.6904 0.2078 0.2078
vt 0.6897 0.1968 0.1968
vt 0.6908 0.2413 0.2413
vt 0.6738 0.2513 0.2513
vt 0.6707 0.2208 0.2208
vt 0.6673 0.1989 0.1989
vt 0.6905 0.1816 0.1816
vt 0.6684 0.1770 0.1770
vt 0.6452 0.1888 0.1888
vt 0.6478 0.1595 0.1595
vt 0.6439 0.1974 0.1974
vt 0.7024 0.1753 0.1753
vt 0.6982 0.1659 0.1659
vt 0.6841 0.1572 0.1572
vt 0.6729 0.1473 0.1473
vt 0.6653 0.1342 0.1342
vt 0.6424 0.1566 0.1566
vt 0.6961 0.1236 0.1236
vt 0.6376 0.1430 0.1430
vt 0.6278 0.1368 0.1368
vt 0.6548 0.1252 0.1252
vt 0.5623 0.1174 0.1174
vt 0.5343 0.1210 0.1210
vt 0.5521 0.1052 0.1052
vt 0.6012 0.1118 0.1118
vt 0.5971 0.0917 0.0917
vt 0.6365 0.0968 0.0968
vt 0.6540 0.1117 0.1117
vt 0.6885 0.1106 0.1106
vt 0.6831 0.0926 0.0926
vt 0.6701 0.0768 0.0768
vt 0.6555 0.0646 0.0646
vt 0.7159 0.1194 0.1194
vt 0.7204 0.1042 0.1042
vt 0.7153 0.0793 0.0793
vt 0.7119 0.0671 0.0671
vt 0.7103 0.0462 0.0462
vt 0.7420 0.1040 0.1040
vt 0.7332 0.1055 0.1055
vt 0.7420 0.0942 0.0942
vt 0.7301 0.0968 0.0968
vt 0.7420 0.0757 0.0757
vt 0.7420 0.0439 0.0439
vt 0.7420 0.0628 0.0628
vt 0.7687 0.0793 0.0793
vt 0.7539 0.0968 0.0968
vt 0.7507 0.1055 0.1055
vt 0.7420 0.1123 0.1123
vt 0.7336 0.1219 0.1219
vt 0.7271 0.1206 0.1206
vt 0.7254 0.1164 0.1164
vt 0.7321 0.1136 0.1136
vt 0.7268 0.1363 0.1363
vt 0.7358 0.1359 0.1359
vt 0.7420 0.1355 0.1355
vt 0.7361 0.1549 0.1549
vt 0.7317 0.1563 0.1563
vt 0.7335 0.1573 0.1573
vt 0.7361 0.1570 0.1570
vt 0.4368 0.5916 0.5916
vt 0.4040 0.5961 0.5961
vt 0.4425 0.5743 0.5743
vt 0.4352 0.5578 0.5578
vt 0.4026 0.5548 0.5548
vt 0.3948 0.5972 0.5972
vt 0.3935 0.5539 0.5539
vt 0.3770 0.5552 0.5552
vt 0.3767 0.5983 0.5983
vt 0.3451 0.5513 0.5513
vt 0.3441 0.6084 0.6084
vt 0.3158 0.6023 0.6023
vt 0.3160 0.5538 0.5538
vt 0.2807 0.5776 0.5776
vt 0.2855 0.5639 0.5639
vt 0.2884 0.5932 0.5932
vt 0.9319 0.1052 0.1052
vt 0.8827 0.1118 0.1118
vt 0.8869 0.0917 0.0917
vt 0.8474 0.0968 0.0968
vt 0.8284 0.0646 0.0646
vt 0.8139 0.0768 0.0768
vt 0.8562 0.1368 0.1368
vt 0.8300 0.1117 0.1117
vt 0.8009 0.0926 0.0926
vt 0.7720 0.0671 0.0671
vt 0.7736 0.0462 0.0462
vt 0.7420 0.0020 0.0020
vt 0.8291 0.1252 0.1252
vt 0.8464 0.1430 0.1430
vt 0.8521 0.1563 0.1563
vt 0.8416 0.1566 0.1566
vt 0.9497 0.1210 0.1210
vt 0.9217 0.1174 0.1174
vt 0.8836 0.1361 0.1361
vt 0.8755 0.1588 0.1588
vt 0.8638 0.1646 0.1646
vt 0.8726 0.1780 0.1780
vt 0.9309 0.1684 0.1684
vt 0.9233 0.1506 0.1506
vt 0.9533 0.1483 0.1483
vt 0.9215 0.1368 0.1368
vt 0.9506 0.1367 0.1367
vt 0.8982 0.1550 0.1550
vt 0.9960 0.2017 0.2017
vt 0.9665 0.2017 0.2017
vt 0.9644 0.1678 0.1678
vt 0.9960 0.1678 0.1678
vt 0.9814 0.1483 0.1483
vt 0.9814 0.1370 0.1370
vt 0.9814 0.1238 0.1238
vt 0.9814 0.1083 0.1083
vt 0.9138 0.2018 0.2018
vt 0.9397 0.2015 0.2015
vt 0.9381 0.2335 0.2335
vt 0.8763 0.2532 0.2532
vt 0.9014 0.2480 0.2480
vt 0.9076 0.2278 0.2278
vt 0.8873 0.2743 0.2743
vt 0.9240 0.2570 0.2570
vt 0.9658 0.2370 0.2370
vt 0.9960 0.2370 0.2370
vt 0.9572 0.2637 0.2637
vt 0.9960 0.2637 0.2637
vt 0.5256 0.4313 0.4313
vt 0.5334 0.4259 0.4259
vt 0.5437 0.4384 0.4384
vt 0.5395 0.4423 0.4423
vt 0.5436 0.4446 0.4446
vt 0.5478 0.4409 0.4409
vt 0.5423 0.4298 0.4298
vt 0.5494 0.4356 0.4356
vt 0.5577 0.4432 0.4432
vt 0.5398 0.4469 0.4469
vt 0.5524 0.4504 0.4504
vt 0.5231 0.4394 0.4394
vt 0.4980 0.4179 0.4179
vt 0.5010 0.4070 0.4070
vt 0.5397 0.4181 0.4181
vt 0.5586 0.4255 0.4255
vt 0.5050 0.3982 0.3982
vt 0.5499 0.4535 0.4535
vt 0.5587 0.4540 0.4540
vt 0.5622 0.4502 0.4502
vt 0.5567 0.4473 0.4473
vt 0.5555 0.4567 0.4567
vt 0.5607 0.4550 0.4550
vt 0.5644 0.4511 0.4511
vt 0.5626 0.4469 0.4469
vt 0.5409 0.3013 0.3013
vt 0.5407 0.3148 0.3148
vt 0.5349 0.2991 0.2991
vt 0.5439 0.2910 0.2910
vt 0.5391 0.2895 0.2895
vt 0.5454 0.2852 0.2852
vt 0.5415 0.2844 0.2844
vt 0.5483 0.2843 0.2843
vt 0.5463 0.2827 0.2827
vt 0.5429 0.2818 0.2818
vt 0.5391 0.2821 0.2821
vt 0.5354 0.2882 0.2882
vt 0.5322 0.2976 0.2976
vt 0.5283 0.3126 0.3126
vt 0.5234 0.3381 0.3381
vt 0.5488 0.3249 0.3249
vt 0.5498 0.3403 0.3403
vt 0.5655 0.3307 0.3307
vt 0.5658 0.3374 0.3374
vt 0.5894 0.3358 0.3358
vt 0.5632 0.3214 0.3214
vt 0.6171 0.3376 0.3376
vt 0.6190 0.3350 0.3350
vt 0.6237 0.3345 0.3345
vt 0.6146 0.3347 0.3347
vt 0.6052 0.3346 0.3346
vt 0.6057 0.3378 0.3378
vt 0.5899 0.3392 0.3392
vt 0.5687 0.3407 0.3407
vt 0.5652 0.3441 0.3441
vt 0.5674 0.3258 0.3258
vt 0.5891 0.3301 0.3301
vt 0.6046 0.3296 0.3296
vt 0.6143 0.3297 0.3297
vt 0.6187 0.3298 0.3298
vt 0.6231 0.3297 0.3297
vt 0.5896 0.3257 0.3257
vt 0.6041 0.3260 0.3260
vt 0.6166 0.3264 0.3264
vt 0.2163 0.1355 0.1355
vt 0.2193 0.1251 0.1251
vt 0.2800 0.1348 0.1348
vt 0.2769 0.1466 0.1466
vt 0.3002 0.1467 0.1467
vt 0.3193 0.1397 0.1397
vt 0.3214 0.1470 0.1470
vt 0.2133 0.1473 0.1473
vt 0.3404 0.1459 0.1459
vt 0.3366 0.1443 0.1443
vt 0.3572 0.1424 0.1424
vt 0.3380 0.1488 0.1488
vt 0.3243 0.1588 0.1588
vt 0.2979 0.1609 0.1609
vt 0.2740 0.1596 0.1596
vt 0.2102 0.1594 0.1594
vt 0.3233 0.1742 0.1742
vt 0.2110 0.1681 0.1681
vt 0.2740 0.1687 0.1687
vt 0.3028 0.1864 0.1864
vt 0.3152 0.1842 0.1842
vt 0.3208 0.1879 0.1879
vt 0.3349 0.1840 0.1840
vt 0.3346 0.1894 0.1894
vt 0.3606 0.1895 0.1895
vt 0.3211 0.1974 0.1974
vt 0.3094 0.2000 0.2000
vt 0.3067 0.2015 0.2015
vt 0.3154 0.1977 0.1977
vt 0.3225 0.2085 0.2085
vt 0.3184 0.2080 0.2080
vt 0.3228 0.2148 0.2148
vt 0.3199 0.2139 0.2139
vt 0.3208 0.2163 0.2163
vt 0.3160 0.2147 0.2147
vt 0.3136 0.2095 0.2095
vt 0.3173 0.2173 0.2173
vt 0.3136 0.2169 0.2169
vt 0.3099 0.2109 0.2109
vt 0.4225 0.0042 0.0042
vt 0.3797 0.1644 0.1644
vt 0.3802 0.1613 0.1613
vt 0.3916 0.1614 0.1614
vt 0.3891 0.1644 0.1644
vt 0.3887 0.1694 0.1694
vt 0.3932 0.1692 0.1692
vt 0.3935 0.1640 0.1640
vt 0.3982 0.1645 0.1645
vt 0.3976 0.1694 0.1694
vt 0.3911 0.1726 0.1726
vt 0.3791 0.1694 0.1694
vt 0.3639 0.1632 0.1632
vt 0.3636 0.1690 0.1690
vt 0.3644 0.1598 0.1598
vt 0.3432 0.1583 0.1583
vt 0.3402 0.1616 0.1616
vt 0.3400 0.1684 0.1684
vt 0.3419 0.1733 0.1733
vt 0.3641 0.1733 0.1733
vt 0.3786 0.1730 0.1730
vt 0.3377 0.1767 0.1767
vt 0.3595 0.1798 0.1798
vt 0.3599 0.1771 0.1771
vt 0.3751 0.1795 0.1795
vt 0.3740 0.1822 0.1822
vt 0.3603 0.1856 0.1856
vt 0.3397 0.1552 0.1552
vt 0.3736 0.1875 0.1875
vt 0.3850 0.1833 0.1833
vt 0.3737 0.1901 0.1901
vt 0.3847 0.1884 0.1884
vt 0.3891 0.1890 0.1890
vt 0.3903 0.1838 0.1838
vt 0.3866 0.1811 0.1811
vt 0.3863 0.1911 0.1911
vt 0.5100 0.3740 0.3740
vt 0.5070 0.3621 0.3621
vt 0.5453 0.3651 0.3651
vt 0.5452 0.3686 0.3686
vt 0.5588 0.3647 0.3647
vt 0.5472 0.3755 0.3755
vt 0.5094 0.3842 0.3842
vt 0.5470 0.3909 0.3909
vt 0.5431 0.4083 0.4083
vt 0.5599 0.4201 0.4201
vt 0.5869 0.3820 0.3820
vt 0.5668 0.3780 0.3780
vt 0.5897 0.3784 0.3784
vt 0.5633 0.3809 0.3809
vt 0.5625 0.3741 0.3741
vt 0.5602 0.3683 0.3683
vt 0.5780 0.3686 0.3686
vt 0.5815 0.3648 0.3648
vt 0.5850 0.3687 0.3687
vt 0.5954 0.3762 0.3762
vt 0.5860 0.3734 0.3734
vt 0.5960 0.3731 0.3731
vt 0.5817 0.3764 0.3764
vt 0.5789 0.3737 0.3737
vt 0.5949 0.3683 0.3683
vt 0.6053 0.3684 0.3684
vt 0.6058 0.3730 0.3730
vt 0.5913 0.3654 0.3654
vt 0.6032 0.3655 0.3655
vt 0.6088 0.3684 0.3684
vt 0.6094 0.3724 0.3724
vt 0.6044 0.3760 0.3760
vt 0.6007 0.3632 0.3632
vt 0.6019 0.3589 0.3589
vt 0.6055 0.3592 0.3592
vt 0.6048 0.3633 0.3633
vt 0.5912 0.3623 0.3623
vt 0.5813 0.3613 0.3613
vt 0.5596 0.3604 0.3604
vt 0.5635 0.3502 0.3502
vt 0.5469 0.3521 0.3521
vt 0.5621 0.3547 0.3547
vt 0.5824 0.3572 0.3572
vt 0.5922 0.3582 0.3582
vt 0.5929 0.3558 0.3558
vt 0.6044 0.3563 0.3563
vt 0.5993 0.3487 0.3487
vt 0.6099 0.3490 0.3490
vt 0.6112 0.3526 0.3526
vt 0.5999 0.3533 0.3533
vt 0.5849 0.3499 0.3499
vt 0.5851 0.3540 0.3540
vt 0.5659 0.3532 0.3532
vt 0.5829 0.3547 0.3547
vt 0.5847 0.3444 0.3444
vt 0.5999 0.3443 0.3443
vt 0.6097 0.3442 0.3442
vt 0.5845 0.3406 0.3406
vt 0.5996 0.3404 0.3404
vt 0.6108 0.3409 0.3409
vt 0.6142 0.3443 0.3443
vt 0.6142 0.3489 0.3489
vt 0.2179 0.1021 0.1021
vt 0.2149 0.0926 0.0926
vt 0.2755 0.0920 0.0920
vt 0.2110 0.0802 0.0802
vt 0.2725 0.0811 0.0811
vt 0.3000 0.0677 0.0677
vt 0.3078 0.0731 0.0731
vt 0.2976 0.0597 0.0597
vt 0.3168 0.0692 0.0692
vt 0.3331 0.0735 0.0735
vt 0.3182 0.0606 0.0606
vt 0.3139 0.0567 0.0567
vt 0.3142 0.0521 0.0521
vt 0.3181 0.0545 0.0545
vt 0.3269 0.0487 0.0487
vt 0.3223 0.0581 0.0581
vt 0.3312 0.0517 0.0517
vt 0.3239 0.0634 0.0634
vt 0.3322 0.0558 0.0558
vt 0.3367 0.0488 0.0488
vt 0.3331 0.0450 0.0450
vt 0.3371 0.0522 0.0522
vt 0.3388 0.0479 0.0479
vt 0.3352 0.0440 0.0440
vt 0.3300 0.0423 0.0423
vt 0.3243 0.0455 0.0455
vt 0.3592 0.1546 0.1546
vt 0.3594 0.1492 0.1492
vt 0.3738 0.1504 0.1504
vt 0.3743 0.1547 0.1547
vt 0.3842 0.1549 0.1549
vt 0.3844 0.1500 0.1500
vt 0.3590 0.1584 0.1584
vt 0.3741 0.1586 0.1586
vt 0.3853 0.1582 0.1582
vt 0.3887 0.1547 0.1547
vt 0.3887 0.1502 0.1502
vt 0.3857 0.1465 0.1465
vt 0.3744 0.1457 0.1457
vt 0.3596 0.1450 0.1450
vt 0.3577 0.1449 0.1449
vt 0.3674 0.1433 0.1433
vt 0.3666 0.1409 0.1409
vt 0.3789 0.1427 0.1427
vt 0.3764 0.1401 0.1401
vt 0.3799 0.1398 0.1398
vt 0.3752 0.1359 0.1359
vt 0.3793 0.1357 0.1357
vt 0.3777 0.1335 0.1335
vt 0.3657 0.1368 0.1368
vt 0.3558 0.1377 0.1377
vt 0.3340 0.1387 0.1387
vt 0.3198 0.1339 0.1339
vt 0.3658 0.1336 0.1336
vt 0.3560 0.1343 0.1343
vt 0.3336 0.1341 0.1341
vt 0.3197 0.1304 0.1304
vt 0.2845 0.1250 0.1250
vt 0.3217 0.1235 0.1235
vt 0.2839 0.1148 0.1148
vt 0.3369 0.1250 0.1250
vt 0.3347 0.1307 0.1307
vt 0.3525 0.1304 0.1304
vt 0.3595 0.1304 0.1304
vt 0.3694 0.1307 0.1307
vt 0.3798 0.1306 0.1306
vt 0.3413 0.1210 0.1210
vt 0.3534 0.1253 0.1253
vt 0.3605 0.1257 0.1257
vt 0.3705 0.1259 0.1259
vt 0.3803 0.1261 0.1261
vt 0.3833 0.1306 0.1306
vt 0.3839 0.1266 0.1266
vt 0.3789 0.1231 0.1231
vt 0.3699 0.1228 0.1228
vt 0.3561 0.1227 0.1227
vt 0.3934 0.1177 0.1177
vt 0.3932 0.1152 0.1152
vt 0.3951 0.1155 0.1155
vt 0.3787 0.1160 0.1160
vt 0.3796 0.1200 0.1200
vt 0.3659 0.1170 0.1170
vt 0.3641 0.1206 0.1206
vt 0.3614 0.1170 0.1170
vt 0.3378 0.1182 0.1182
vt 0.3214 0.1082 0.1082
vt 0.3399 0.1113 0.1113
vt 0.3615 0.1103 0.1103
vt 0.3654 0.1104 0.1104
vt 0.3790 0.1107 0.1107
vt 0.3931 0.1109 0.1109
vt 0.3441 0.1068 0.1068
vt 0.3630 0.1066 0.1066
vt 0.3799 0.1071 0.1071
vt 0.3926 0.1087 0.1087
vt 0.3951 0.1109 0.1109
vt 0.3643 0.1019 0.1019
vt 0.3650 0.1053 0.1053
vt 0.3405 0.1048 0.1048
vt 0.3402 0.0954 0.0954
vt 0.3640 0.0949 0.0949
vt 0.3428 0.0918 0.0918
vt 0.3666 0.0918 0.0918
vt 0.3694 0.0949 0.0949
vt 0.3871 0.0914 0.0914
vt 0.3872 0.0949 0.0949
vt 0.4027 0.0919 0.0919
vt 0.3620 0.0874 0.0874
vt 0.3652 0.0816 0.0816
vt 0.3785 0.0837 0.0837
vt 0.3598 0.0828 0.0828
vt 0.3382 0.0871 0.0871
vt 0.3176 0.0908 0.0908
vt 0.3344 0.0790 0.0790
vt 0.3586 0.0768 0.0768
vt 0.3639 0.0758 0.0758
vt 0.3775 0.0794 0.0794
vt 0.3758 0.0737 0.0737
vt 0.3918 0.0767 0.0767
vt 0.3907 0.0720 0.0720
vt 0.3758 0.0701 0.0701
vt 0.3885 0.0682 0.0682
vt 0.3949 0.0712 0.0712
vt 0.3961 0.0764 0.0764
vt 0.3912 0.0815 0.0815
vt 0.2795 0.1009 0.1009
vt 0.3141 0.0810 0.0810
vt 0.3602 0.0722 0.0722
vt 0.2212 0.1147 0.1147
vt 0.0020 0.0153 0.0153
vt 0.0184 0.0038 0.0038
vt 0.0088 0.0220 0.0220
vt 0.0429 0.0326 0.0326
vt 0.0127 0.0259 0.0259
vt 0.0233 0.0161 0.0161
vt 0.0213 0.0110 0.0110
vt 0.0474 0.0117 0.0117
vt 0.0479 0.0032 0.0032
vt 0.0793 0.0043 0.0043
vt 0.0778 0.0170 0.0170
vt 0.0494 0.0227 0.0227
vt 0.0882 0.0284 0.0284
vt 0.0831 0.0418 0.0418
vt 0.1046 0.0090 0.0090
vt 0.1198 0.0530 0.0530
vt 0.1101 0.0265 0.0265
vt 0.1210 0.0025 0.0025
vt 0.1081 0.0576 0.0576
vt 0.1095 0.1240 0.1240
vt 0.1182 0.1242 0.1242
vt 0.1323 0.0621 0.0621
vt 0.1294 0.1241 0.1241
vt 0.1396 0.1242 0.1242
vt 0.1472 0.0502 0.0502
vt 0.1531 0.1236 0.1236
vt 0.1671 0.1252 0.1252
vt 0.1668 0.0509 0.0509
vt 0.1564 0.0511 0.0511
vt 0.1569 0.0334 0.0334
vt 0.1419 0.0322 0.0322
vt 0.1692 0.0321 0.0321
vt 0.1711 0.0187 0.0187
vt 0.1829 0.0369 0.0369
vt 0.1855 0.0194 0.0194
vt 0.1981 0.0220 0.0220
vt 0.1856 0.0028 0.0028
vt 0.2057 0.0055 0.0055
vt 0.1546 0.0174 0.0174
vt 0.1405 0.0192 0.0192
vt 0.1230 0.0202 0.0202
vt 0.1409 0.0037 0.0037
vt 0.1534 0.0037 0.0037
vt 0.1662 0.0037 0.0037
vt 0.1264 0.0350 0.0350
vt 0.1292 0.0498 0.0498
vt 0.2175 0.0276 0.0276
vt 0.2261 0.0134 0.0134
vt 0.2560 0.0164 0.0164
vt 0.2567 0.0104 0.0104
vt 0.2774 0.0144 0.0144
vt 0.2797 0.0113 0.0113
vt 0.2259 0.0028 0.0028
vt 0.2585 0.0019 0.0019
vt 0.2802 0.0034 0.0034
vt 0.2924 0.0203 0.0203
vt 0.2891 0.0225 0.0225
vt 0.2613 0.0281 0.0281
vt 0.2947 0.0123 0.0123
vt 0.2284 0.0379 0.0379
vt 0.1933 0.0528 0.0528
vt 0.1791 0.0526 0.0526
vt 0.1790 0.0648 0.0648
vt 0.1779 0.1236 0.1236
vt 0.1916 0.1253 0.1253
vt 0.2050 0.0565 0.0565
vt 0.2034 0.1240 0.1240
vt 0.9754 0.2957 0.2957
vt 0.9920 0.3082 0.3082
vt 0.9947 0.3321 0.3321
vt 0.9831 0.4104 0.4104
vt 0.9724 0.4317 0.4317
vt 0.9581 0.4315 0.4315
vt 0.9479 0.4244 0.4244
vt 0.9479 0.4026 0.4026
vt 0.9510 0.3845 0.3845
vt 0.9861 0.3883 0.3883
vt 0.9456 0.3567 0.3567
vt 0.9901 0.3661 0.3661
vt 0.9469 0.3222 0.3222
vt 0.9575 0.2935 0.2935
vt 0.2074 0.2892 0.2892
vt 0.2074 0.2262 0.2262
vt 0.1867 0.2262 0.2262
vt 0.1864 0.1559 0.1559
vt 0.2074 0.1560 0.1560
vt 0.2074 0.1283 0.1283
vt 0.1874 0.1283 0.1283
vt 0.1660 0.1559 0.1559
vt 0.1675 0.1283 0.1283
vt 0.1416 0.1558 0.1558
vt 0.1432 0.1283 0.1283
vt 0.2074 0.3608 0.3608
vt 0.2074 0.3382 0.3382
vt 0.1863 0.3382 0.3382
vt 0.1866 0.2892 0.2892
vt 0.1652 0.2262 0.2262
vt 0.1405 0.2262 0.2262
vt 0.1182 0.1558 0.1558
vt 0.1406 0.3382 0.3382
vt 0.1659 0.2892 0.2892
vt 0.1397 0.2892 0.2892
vt 0.1673 0.3382 0.3382
vt 0.1663 0.3608 0.3608
vt 0.1404 0.3608 0.3608
vt 0.1175 0.3382 0.3382
vt 0.1161 0.2892 0.2892
vt 0.1162 0.2262 0.2262
vt 0.0941 0.2262 0.2262
vt 0.1862 0.3608 0.3608
vt 0.1663 0.3854 0.3854
vt 0.1405 0.3853 0.3853
vt 0.1178 0.3608 0.3608
vt 0.1175 0.3852 0.3852
vt 0.1658 0.4302 0.4302
vt 0.1862 0.3854 0.3854
vt 0.1862 0.4300 0.4300
vt 0.1643 0.4830 0.4830
vt 0.0940 0.3852 0.3852
vt 0.1181 0.4289 0.4289
vt 0.1415 0.4293 0.4293
vt 0.1419 0.4811 0.4811
vt 0.1425 0.5046 0.5046
vt 0.1674 0.5053 0.5053
vt 0.1673 0.5152 0.5152
vt 0.1204 0.5160 0.5160
vt 0.1444 0.5147 0.5147
vt 0.0938 0.3608 0.3608
vt 0.0723 0.3608 0.3608
vt 0.0728 0.3853 0.3853
vt 0.0734 0.4299 0.4299
vt 0.0947 0.4294 0.4294
vt 0.0714 0.4881 0.4881
vt 0.0956 0.4868 0.4868
vt 0.1197 0.4830 0.4830
vt 0.1206 0.5071 0.5071
vt 0.0960 0.5186 0.5186
vt 0.0958 0.5070 0.5070
vt 0.0698 0.5070 0.5070
vt 0.0681 0.5214 0.5214
vt 0.0464 0.4870 0.4870
vt 0.0465 0.4303 0.4303
vt 0.0450 0.3855 0.3855
vt 0.0449 0.3608 0.3608
vt 0.0167 0.3854 0.3854
vt 0.0167 0.3608 0.3608
vt 0.0167 0.3382 0.3382
vt 0.0453 0.2892 0.2892
vt 0.0167 0.2262 0.2262
vt 0.0167 0.2892 0.2892
vt 0.0447 0.3382 0.3382
vt 0.0724 0.3382 0.3382
vt 0.0940 0.3382 0.3382
vt 0.0940 0.2892 0.2892
vt 0.0726 0.2892 0.2892
vt 0.0712 0.2262 0.2262
vt 0.0455 0.2262 0.2262
vt 0.0450 0.1559 0.1559
vt 0.0946 0.1558 0.1558
vt 0.0719 0.1558 0.1558
vt 0.0447 0.1283 0.1283
vt 0.0167 0.1283 0.1283
vt 0.0167 0.1560 0.1560
vt 0.1202 0.1283 0.1283
vt 0.0952 0.1283 0.1283
vt 0.0691 0.1283 0.1283
vt 0.4530 0.1304 0.1304
vt 0.4251 0.1419 0.1419
vt 0.4118 0.1313 0.1313
vt 0.4268 0.2414 0.2414
vt 0.4530 0.2434 0.2434
vt 0.4530 0.2948 0.2948
vt 0.4267 0.1894 0.1894
vt 0.4530 0.1908 0.1908
vt 0.4530 0.1431 0.1431
vt 0.4941 0.1313 0.1313
vt 0.4808 0.1419 0.1419
vt 0.4792 0.1894 0.1894
vt 0.4792 0.2414 0.2414
vt 0.4786 0.2932 0.2932
vt 0.4837 0.3534 0.3534
vt 0.4530 0.3548 0.3548
vt 0.4918 0.4178 0.4178
vt 0.4530 0.4131 0.4131
vt 0.4805 0.4501 0.4501
vt 0.4355 0.4629 0.4629
vt 0.4324 0.4625 0.4625
vt 0.4530 0.4416 0.4416
vt 0.4254 0.4501 0.4501
vt 0.4136 0.4433 0.4433
vt 0.4141 0.4178 0.4178
vt 0.4222 0.3534 0.3534
vt 0.4273 0.2932 0.2932
vt 0.4285 0.4752 0.4752
vt 0.4530 0.4458 0.4458
vt 0.4775 0.4752 0.4752
vt 0.4748 0.4625 0.4625
vt 0.4536 0.4413 0.4413
vt 0.4717 0.4629 0.4629
vt 0.4753 0.4650 0.4650
vt 0.4827 0.4540 0.4540
vt 0.4781 0.4619 0.4619
vt 0.4805 0.4750 0.4750
vt 0.4832 0.4911 0.4911
vt 0.4855 0.4913 0.4913
vt 0.4749 0.5049 0.5049
vt 0.4760 0.5075 0.5075
vt 0.4845 0.5205 0.5205
vt 0.4984 0.4911 0.4911
vt 0.4861 0.4551 0.4551
vt 0.4530 0.5108 0.5108
vt 0.4530 0.5134 0.5134
vt 0.4530 0.5283 0.5283
vt 0.4214 0.5205 0.5205
vt 0.4300 0.5075 0.5075
vt 0.4310 0.5049 0.5049
vt 0.4204 0.4913 0.4913
vt 0.4227 0.4911 0.4911
vt 0.4254 0.4750 0.4750
vt 0.4318 0.4650 0.4650
vt 0.4294 0.4613 0.4613
vt 0.4137 0.5042 0.5042
vt 0.4075 0.4911 0.4911
vt 0.4126 0.4677 0.4677
vt 0.4210 0.4554 0.4554
vt 0.4231 0.4540 0.4540
vt 0.0453 0.5071 0.5071
vt 0.0439 0.5217 0.5217
vt 0.0167 0.5095 0.5095
vt 0.0167 0.4893 0.4893
vt 0.0167 0.4305 0.4305
vt 0.2878 0.9419 0.9419
vt 0.3197 0.9573 0.9573
vt 0.3159 0.9610 0.9610
vt 0.2886 0.9480 0.9480
vt 0.3046 0.9713 0.9713
vt 0.2845 0.9578 0.9578
vt 0.2969 0.9765 0.9765
vt 0.2814 0.9648 0.9648
vt 0.2797 0.9687 0.9687
vt 0.2560 0.9701 0.9701
vt 0.2934 0.9809 0.9809
vt 0.2560 0.9656 0.9656
vt 0.2306 0.9648 0.9648
vt 0.2323 0.9687 0.9687
vt 0.2560 0.9740 0.9740
vt 0.2783 0.9723 0.9723
vt 0.2909 0.9839 0.9839
vt 0.2950 0.9943 0.9943
vt 0.2337 0.9723 0.9723
vt 0.2211 0.9839 0.9839
vt 0.2560 0.9476 0.9476
vt 0.2560 0.9584 0.9584
vt 0.2274 0.9578 0.9578
vt 0.2150 0.9765 0.9765
vt 0.2186 0.9809 0.9809
vt 0.2169 0.9943 0.9943
vt 0.1961 0.9610 0.9610
vt 0.1923 0.9573 0.9573
vt 0.2241 0.9419 0.9419
vt 0.2234 0.9480 0.9480
vt 0.2074 0.9713 0.9713
vt 0.2137 0.9930 0.9930
vt 0.2014 0.9898 0.9898
vt 0.1896 0.9854 0.9854
vt 0.1856 0.9803 0.9803
vt 0.1697 0.9406 0.9406
vt 0.1713 0.9061 0.9061
vt 0.1448 0.9100 0.9100
vt 0.1649 0.8513 0.8513
vt 0.1374 0.9434 0.9434
vt 0.1674 0.9636 0.9636
vt 0.2086 0.9009 0.9009
vt 0.2093 0.8399 0.8399
vt 0.1689 0.7691 0.7691
vt 0.2054 0.7685 0.7685
vt 0.1701 0.7135 0.7135
vt 0.2060 0.7125 0.7125
vt 0.2055 0.6664 0.6664
vt 0.2560 0.6658 0.6658
vt 0.2560 0.7664 0.7664
vt 0.3430 0.7691 0.7691
vt 0.3837 0.7147 0.7147
vt 0.3837 0.7713 0.7713
vt 0.3418 0.7135 0.7135
vt 0.3066 0.7685 0.7685
vt 0.3060 0.7125 0.7125
vt 0.2560 0.7125 0.7125
vt 0.3065 0.6664 0.6664
vt 0.3419 0.6665 0.6665
vt 0.3837 0.6674 0.6674
vt 0.4265 0.6686 0.6686
vt 0.4267 0.7185 0.7185
vt 0.4279 0.7724 0.7724
vt 0.4647 0.7745 0.7745
vt 0.4582 0.8308 0.8308
vt 0.4997 0.8342 0.8342
vt 0.4656 0.6689 0.6689
vt 0.4274 0.6236 0.6236
vt 0.4667 0.7215 0.7215
vt 0.5041 0.7739 0.7739
vt 0.5062 0.8341 0.8341
vt 0.4907 0.8990 0.8990
vt 0.4956 0.8985 0.8985
vt 0.4941 0.9199 0.9199
vt 0.5114 0.7739 0.7739
vt 0.5035 0.7223 0.7223
vt 0.5035 0.6697 0.6697
vt 0.5108 0.7221 0.7221
vt 0.5107 0.6701 0.6701
vt 0.5092 0.6226 0.6226
vt 0.5017 0.6227 0.6227
vt 0.4641 0.6221 0.6221
vt 0.2067 0.6198 0.6198
vt 0.2560 0.6194 0.6194
vt 0.3053 0.6198 0.6198
vt 0.3382 0.6198 0.6198
vt 0.3837 0.6231 0.6231
vt 0.1738 0.6198 0.6198
vt 0.1700 0.6665 0.6665
vt 0.1282 0.6231 0.6231
vt 0.1282 0.6674 0.6674
vt 0.0845 0.6236 0.6236
vt 0.0853 0.6686 0.6686
vt 0.1282 0.7147 0.7147
vt 0.0851 0.7185 0.7185
vt 0.0839 0.7724 0.7724
vt 0.0472 0.7745 0.7745
vt 0.1282 0.7713 0.7713
vt 0.0868 0.8339 0.8339
vt 0.0536 0.8308 0.8308
vt 0.0933 0.8795 0.8795
vt 0.0634 0.8890 0.8890
vt 0.0971 0.9207 0.9207
vt 0.1282 0.8165 0.8165
vt 0.1486 0.8202 0.8202
vt 0.0592 0.8957 0.8957
vt 0.0481 0.9289 0.9289
vt 0.0552 0.8995 0.8995
vt 0.0520 0.9286 0.9286
vt 0.0678 0.9235 0.9235
vt 0.0683 0.9576 0.9576
vt 0.0983 0.9576 0.9576
vt 0.0285 0.8991 0.8991
vt 0.0488 0.9576 0.9576
vt 0.0462 0.9576 0.9576
vt 0.0083 0.6697 0.6697
vt 0.0083 0.7223 0.7223
vt 0.0059 0.7221 0.7221
vt 0.0053 0.7739 0.7739
vt 0.0077 0.7739 0.7739
vt 0.0105 0.8341 0.8341
vt 0.0121 0.8342 0.8342
vt 0.0211 0.8990 0.8990
vt 0.0228 0.9211 0.9211
vt 0.0343 0.9356 0.9356
vt 0.0235 0.9380 0.9380
vt 0.0162 0.8985 0.8985
vt 0.0177 0.9199 0.9199
vt 0.0177 0.9361 0.9361
vt 0.0220 0.9576 0.9576
vt 0.0343 0.9576 0.9576
vt 0.0164 0.9576 0.9576
vt 0.2405 0.2892 0.2892
vt 0.2118 0.3382 0.3382
vt 0.2118 0.2892 0.2892
vt 0.2118 0.2422 0.2422
vt 0.2402 0.2421 0.2421
vt 0.2118 0.2195 0.2195
vt 0.2399 0.2195 0.2195
vt 0.2118 0.3854 0.3854
vt 0.2118 0.3608 0.3608
vt 0.2401 0.3608 0.3608
vt 0.2398 0.3382 0.3382
vt 0.2664 0.2892 0.2892
vt 0.2670 0.2421 0.2421
vt 0.2661 0.2195 0.2195
vt 0.2898 0.2421 0.2421
vt 0.2676 0.3382 0.3382
vt 0.2892 0.2892 0.2892
vt 0.3133 0.2421 0.2421
vt 0.2118 0.4305 0.4305
vt 0.2401 0.3855 0.3855
vt 0.2675 0.3608 0.3608
vt 0.2892 0.3382 0.3382
vt 0.3113 0.2892 0.2892
vt 0.3349 0.2892 0.2892
vt 0.3368 0.2421 0.2421
vt 0.3611 0.2421 0.2421
vt 0.3611 0.2892 0.2892
vt 0.3358 0.3382 0.3382
vt 0.3126 0.3382 0.3382
vt 0.2680 0.3853 0.3853
vt 0.2890 0.3608 0.3608
vt 0.3129 0.3608 0.3608
vt 0.3356 0.3608 0.3608
vt 0.3607 0.3382 0.3382
vt 0.3818 0.2892 0.2892
vt 0.3815 0.2422 0.2422
vt 0.4026 0.2195 0.2195
vt 0.4026 0.2422 0.2422
vt 0.4026 0.2892 0.2892
vt 0.3815 0.3382 0.3382
vt 0.3596 0.3608 0.3608
vt 0.3596 0.3854 0.3854
vt 0.3357 0.3853 0.3853
vt 0.3585 0.4302 0.4302
vt 0.4026 0.3382 0.3382
vt 0.4026 0.3608 0.3608
vt 0.3813 0.3854 0.3854
vt 0.4026 0.3854 0.3854
vt 0.3813 0.3608 0.3608
vt 0.3132 0.4289 0.4289
vt 0.3366 0.4293 0.4293
vt 0.3370 0.4811 0.4811
vt 0.3148 0.4830 0.4830
vt 0.2907 0.4868 0.4868
vt 0.3158 0.5071 0.5071
vt 0.2909 0.5070 0.5070
vt 0.2912 0.5186 0.5186
vt 0.2650 0.5070 0.5070
vt 0.2633 0.5214 0.5214
vt 0.3155 0.5160 0.5160
vt 0.3376 0.5046 0.5046
vt 0.3594 0.4812 0.4812
vt 0.3814 0.4300 0.4300
vt 0.4026 0.4305 0.4305
vt 0.3844 0.4868 0.4868
vt 0.3851 0.5099 0.5099
vt 0.3626 0.5041 0.5041
vt 0.3625 0.5134 0.5134
vt 0.3395 0.5147 0.5147
vt 0.4026 0.4893 0.4893
vt 0.4026 0.5095 0.5095
vt 0.4435 0.9576 0.9576
vt 0.4135 0.9576 0.9576
vt 0.4148 0.9207 0.9207
vt 0.4598 0.9286 0.9286
vt 0.4631 0.9576 0.9576
vt 0.4441 0.9235 0.9235
vt 0.4484 0.8890 0.8890
vt 0.4185 0.8795 0.8795
vt 0.4250 0.8339 0.8339
vt 0.3837 0.8165 0.8165
vt 0.4579 0.8879 0.8879
vt 0.4526 0.8957 0.8957
vt 0.4761 0.8972 0.8972
vt 0.4833 0.8991 0.8991
vt 0.4627 0.8871 0.8871
vt 0.4637 0.9289 0.9289
vt 0.4566 0.8992 0.8992
vt 0.4891 0.9211 0.9211
vt 0.4883 0.9380 0.9380
vt 0.4775 0.9356 0.9356
vt 0.4941 0.9361 0.9361
vt 0.4898 0.9576 0.9576
vt 0.4775 0.9576 0.9576
vt 0.4656 0.9576 0.9576
vt 0.4954 0.9576 0.9576
vt 0.2898 0.4294 0.4294
vt 0.2666 0.4881 0.4881
vt 0.2686 0.4299 0.4299
vt 0.2892 0.3852 0.3852
vt 0.3126 0.3852 0.3852
vt 0.2417 0.4303 0.4303
vt 0.2416 0.4870 0.4870
vt 0.2405 0.5071 0.5071
vt 0.2391 0.5217 0.5217
vt 0.2118 0.5095 0.5095
vt 0.2118 0.4893 0.4893
vt 0.2074 0.4305 0.4305
vt 0.1893 0.4868 0.4868
vt 0.2074 0.4893 0.4893
vt 0.1899 0.5099 0.5099
vt 0.2074 0.5095 0.5095
vt 0.2074 0.3854 0.3854
vt 0.3027 0.8399 0.8399
vt 0.2560 0.8998 0.8998
vt 0.2560 0.8362 0.8362
vt 0.2560 0.9417 0.9417
vt 0.3633 0.8202 0.8202
vt 0.3470 0.8513 0.8513
vt 0.3034 0.9009 0.9009
vt 0.3407 0.9061 0.9061
vt 0.3422 0.9406 0.9406
vt 0.3671 0.9100 0.9100
vt 0.3745 0.9434 0.9434
vt 0.3445 0.9636 0.9636
vt 0.3263 0.9803 0.9803
vt 0.2982 0.9930 0.9930
vt 0.3105 0.9898 0.9898
vt 0.3224 0.9854 0.9854
vt 0.0539 0.8879 0.8879
vt 0.0323 0.8981 0.8981
vt 0.0497 0.8871 0.8871
vt 0.0463 0.6689 0.6689
vt 0.0451 0.7215 0.7215
vt 0.0478 0.6221 0.6221
vt 0.0101 0.6227 0.6227
vt 0.0076 0.6226 0.6226
vt 0.0060 0.6701 0.6701
vt 0.5333 0.1367 0.1367
vt 0.5026 0.1370 0.1370
vt 0.5026 0.1238 0.1238
vt 0.5026 0.1083 0.1083
vt 0.5702 0.2018 0.2018
vt 0.5459 0.2335 0.2335
vt 0.5443 0.2015 0.2015
vt 0.5531 0.1684 0.1684
vt 0.5172 0.1678 0.1678
vt 0.5307 0.1483 0.1483
vt 0.5026 0.1483 0.1483
vt 0.5625 0.1368 0.1368
vt 0.6004 0.1361 0.1361
vt 0.6319 0.1563 0.1563
vt 0.6084 0.1588 0.1588
vt 0.5858 0.1550 0.1550
vt 0.5607 0.1506 0.1506
vt 0.6202 0.1646 0.1646
vt 0.6114 0.1780 0.1780
vt 0.5799 0.1723 0.1723
vt 0.6203 0.1981 0.1981
vt 0.5932 0.2014 0.2014
vt 0.6136 0.1903 0.1903
vt 0.5764 0.2278 0.2278
vt 0.6078 0.2288 0.2288
vt 0.6434 0.2272 0.2272
vt 0.6553 0.2753 0.2753
vt 0.6483 0.2542 0.2542
vt 0.6076 0.2532 0.2532
vt 0.5825 0.2480 0.2480
vt 0.5171 0.2017 0.2017
vt 0.5172 0.2370 0.2370
vt 0.5599 0.2570 0.2570
vt 0.5967 0.2743 0.2743
vt 0.5172 0.2637 0.2637
vt 0.7193 0.2008 0.2008
vt 0.7195 0.2066 0.2066
vt 0.7130 0.1991 0.1991
vt 0.7164 0.1946 0.1946
vt 0.7259 0.1992 0.1992
vt 0.7297 0.2036 0.2036
vt 0.7307 0.2090 0.2090
vt 0.7246 0.1948 0.1948
vt 0.8902 0.0336 0.0336
vt 0.8948 0.0345 0.0345
vt 0.8876 0.0488 0.0488
vt 0.9072 0.0360 0.0360
vt 0.8830 0.0694 0.0694
vt 0.8254 0.0504 0.0504
vt 0.8143 0.0258 0.0258
vt 0.8187 0.0257 0.0257
vt 0.8326 0.0420 0.0420
vt 0.8491 0.0583 0.0583
vt 0.8474 0.0707 0.0707
vt 0.8746 0.0603 0.0603
vt 0.8848 0.0457 0.0457
vt 0.8857 0.0208 0.0208
vt 0.8713 0.0525 0.0525
vt 0.8513 0.0234 0.0234
vt 0.8513 0.0497 0.0497
vt 0.8366 0.0328 0.0328
vt 0.8226 0.0250 0.0250
vt 0.8214 0.0095 0.0095
vt 0.8888 0.0198 0.0198
vt 0.8848 0.0073 0.0073
vt 0.8693 0.0054 0.0054
vt 0.8256 0.0015 0.0015
vt 0.5654 0.3877 0.3877
vt 0.5870 0.3887 0.3887
vt 0.5909 0.3886 0.3886
vt 0.5914 0.3820 0.3820
vt 0.6043 0.3831 0.3831
vt 0.6045 0.3883 0.3883
vt 0.6187 0.3838 0.3838
vt 0.6186 0.3881 0.3881
vt 0.6181 0.3903 0.3903
vt 0.6206 0.3881 0.3881
vt 0.6207 0.3835 0.3835
vt 0.6189 0.3813 0.3813
vt 0.6051 0.3791 0.3791
vt 0.5657 0.4036 0.4036
vt 0.5660 0.3942 0.3942
vt 0.5696 0.3923 0.3923
vt 0.5885 0.3924 0.3924
vt 0.6054 0.3920 0.3920
vt 0.5683 0.4072 0.4072
vt 0.5895 0.4042 0.4042
vt 0.5921 0.4072 0.4072
vt 0.5898 0.3971 0.3971
vt 0.5905 0.3938 0.3938
vt 0.5949 0.3974 0.3974
vt 0.6130 0.3952 0.3952
vt 0.6130 0.3985 0.3985
vt 0.6284 0.3960 0.3960
vt 0.6127 0.4041 0.4041
vt 0.5949 0.4041 0.4041
vt 0.6301 0.3991 0.3991
vt 0.6296 0.4039 0.4039
vt 0.6282 0.4072 0.4072
vt 0.6127 0.4076 0.4076
vt 0.5463 0.3111 0.3111
vt 0.5601 0.3096 0.3096
vt 0.5605 0.3151 0.3151
vt 0.5861 0.3095 0.3095
vt 0.5858 0.3134 0.3134
vt 0.5992 0.3089 0.3089
vt 0.5991 0.3116 0.3116
vt 0.6102 0.3106 0.3106
vt 0.6118 0.3079 0.3079
vt 0.6146 0.3101 0.3101
vt 0.6105 0.3157 0.3157
vt 0.5996 0.3168 0.3168
vt 0.5850 0.3192 0.3192
vt 0.5854 0.3219 0.3219
vt 0.6006 0.3195 0.3195
vt 0.6121 0.3179 0.3179
vt 0.6158 0.3152 0.3152
vt 0.5467 0.3017 0.3017
vt 0.5480 0.2905 0.2905
vt 0.4995 0.3394 0.3394
vt 0.4996 0.3304 0.3304
vt 0.5024 0.3524 0.3524
vt 0.5257 0.3524 0.3524
vt 0.5448 0.3593 0.3593
vt 0.5638 0.4120 0.4120
vt 0.5841 0.4222 0.4222
vt 0.5853 0.4162 0.4162
vt 0.5908 0.4174 0.4174
vt 0.5894 0.4232 0.4232
vt 0.6030 0.4196 0.4196
vt 0.6013 0.4253 0.4253
vt 0.6173 0.4223 0.4223
vt 0.6162 0.4271 0.4271
vt 0.5858 0.4268 0.4268
vt 0.6013 0.4289 0.4289
vt 0.6140 0.4309 0.4309
vt 0.6204 0.4278 0.4278
vt 0.6216 0.4227 0.4227
vt 0.6167 0.4175 0.4175
vt 0.6040 0.4153 0.4153
vt 0.5875 0.4116 0.4116
vt 0.8219 0.5294 0.5294
vt 0.8225 0.5001 0.5001
vt 0.8465 0.5074 0.5074
vt 0.8527 0.5344 0.5344
vt 0.8262 0.6189 0.6189
vt 0.8251 0.5684 0.5684
vt 0.8550 0.5682 0.5682
vt 0.8514 0.6264 0.6264
vt 0.8525 0.6894 0.6894
vt 0.4041 0.0951 0.0951
vt 0.3874 0.1005 0.1005
vt 0.4046 0.0999 0.0999
vt 0.4029 0.1030 0.1030
vt 0.3875 0.1038 0.1038
vt 0.3694 0.1016 0.1016
vt 0.7585 0.3113 0.3113
vt 0.7787 0.2875 0.2875
vt 0.7814 0.3147 0.3147
vt 0.7585 0.3488 0.3488
vt 0.7805 0.3451 0.3451
vt 0.7787 0.3698 0.3698
vt 0.7585 0.3776 0.3776
vt 0.7286 0.3488 0.3488
vt 0.7286 0.3776 0.3776
vt 0.7083 0.3698 0.3698
vt 0.7065 0.3451 0.3451
vt 0.7057 0.3147 0.3147
vt 0.7286 0.3113 0.3113
vt 0.7083 0.2875 0.2875
vt 0.2904 0.2195 0.2195
vt 0.3141 0.2195 0.2195
vt 0.3371 0.2195 0.2195
vt 0.3614 0.2195 0.2195
vt 0.3813 0.2195 0.2195
# 1601 texture coords

o Corpse_Pose_C
g Corpse_Pose_C
usemtl CorpseMaleRimShader
s 1
f 1/1/1 2/2/2 3/3/3 
f 4/4/4 5/5/5 6/6/6 
f 4/4/4 6/6/6 7/7/7 
f 8/8/8 4/4/4 7/7/7 
f 9/9/9 8/8/8 7/7/7 
f 10/10/10 9/9/9 7/7/7 
f 6/6/6 10/10/10 7/7/7 
f 11/11/11 10/10/10 6/6/6 
f 5/5/5 11/11/11 6/6/6 
f 5/5/5 12/12/12 11/11/11 
f 12/12/12 13/13/13 11/11/11 
f 14/14/14 13/13/13 12/12/12 
f 14/14/14 15/15/15 13/13/13 
f 16/16/16 17/17/17 8/8/8 
f 18/18/18 19/19/19 15/15/15 
f 20/20/20 15/15/15 14/14/14 
f 20/20/20 18/18/18 15/15/15 
f 18/18/18 20/20/20 21/21/21 
f 18/18/18 21/21/21 22/22/22 
f 19/19/19 18/18/18 22/22/22 
f 22/22/22 23/23/23 19/19/19 
f 15/15/15 19/19/19 23/23/23 
f 15/15/15 23/23/23 13/13/13 
f 21/21/21 20/20/20 14/14/14 
f 22/22/22 21/21/21 24/24/24 
f 21/21/21 25/25/25 24/24/24 
f 21/21/21 14/14/14 25/25/25 
f 14/14/14 26/26/26 25/25/25 
f 26/26/26 14/14/14 12/12/12 
f 26/26/26 12/12/12 27/27/27 
f 27/27/27 12/12/12 5/5/5 
f 17/17/17 27/27/27 5/5/5 
f 17/17/17 5/5/5 4/4/4 
f 8/8/8 17/17/17 4/4/4 
f 25/25/25 26/26/26 27/27/27 
f 25/25/25 27/27/27 17/17/17 
f 24/24/24 25/25/25 17/17/17 
f 16/16/16 24/24/24 17/17/17 
f 28/28/28 29/29/29 30/30/30 
f 30/30/30 29/29/29 31/31/31 
f 29/29/29 32/32/32 31/31/31 
f 31/31/31 32/32/32 33/33/33 
f 31/31/31 33/33/33 34/34/34 
f 35/35/35 31/31/31 34/34/34 
f 30/30/30 31/31/31 35/35/35 
f 36/36/36 30/30/30 35/35/35 
f 37/37/37 30/30/30 36/36/36 
f 38/38/38 37/37/37 36/36/36 
f 38/38/38 36/36/36 39/39/39 
f 39/39/39 36/36/36 40/40/40 
f 39/39/39 40/40/40 41/41/41 
f 36/36/36 35/35/35 40/40/40 
f 37/37/37 28/28/28 30/30/30 
f 42/28/42 43/29/43 44/30/44 
f 44/30/44 43/29/43 45/31/45 
f 43/29/43 46/32/46 45/31/45 
f 45/31/45 46/32/46 47/33/47 
f 45/31/45 47/33/47 48/34/48 
f 49/35/49 45/31/45 48/34/48 
f 44/30/44 45/31/45 49/35/49 
f 50/36/50 44/30/44 49/35/49 
f 51/37/51 44/30/44 50/36/50 
f 52/38/52 51/37/51 50/36/50 
f 52/38/52 50/36/50 53/39/53 
f 53/39/53 50/36/50 54/40/54 
f 53/39/53 54/40/54 55/41/55 
f 50/36/50 49/35/49 54/40/54 
f 51/37/51 42/28/42 44/30/44 
f 56/42/56 57/43/57 58/44/58 
f 56/42/56 58/44/58 59/45/59 
f 59/45/59 58/44/58 60/46/60 
f 59/45/59 60/46/60 61/47/61 
f 62/48/62 63/49/63 57/43/57 
f 62/48/62 57/43/57 56/42/56 
f 56/42/56 64/50/64 62/48/62 
f 65/51/65 64/50/64 56/42/56 
f 56/42/56 59/45/59 65/51/65 
f 66/52/66 65/51/65 59/45/59 
f 59/45/59 61/47/61 66/52/66 
f 67/53/67 66/52/66 61/47/61 
f 63/49/63 62/48/62 68/54/68 
f 61/47/61 69/55/69 67/53/67 
f 61/47/61 70/56/70 69/55/69 
f 61/47/61 60/46/60 70/56/70 
f 70/56/70 60/46/60 71/57/71 
f 71/57/71 60/46/60 58/44/58 
f 58/44/58 72/58/72 71/57/71 
f 57/43/57 72/58/72 58/44/58 
f 72/58/72 57/43/57 73/59/73 
f 74/60/74 73/59/73 57/43/57 
f 75/61/75 73/59/73 74/60/74 
f 70/56/70 76/62/76 69/55/69 
f 77/63/77 70/56/70 71/57/71 
f 78/64/78 77/63/77 71/57/71 
f 79/65/79 78/64/78 71/57/71 
f 71/57/71 80/66/80 79/65/79 
f 72/58/72 80/66/80 71/57/71 
f 72/58/72 73/59/73 80/66/80 
f 80/66/80 73/59/73 75/61/75 
f 81/67/81 75/61/75 82/68/82 
f 75/61/75 81/67/81 80/66/80 
f 80/66/80 81/67/81 83/69/83 
f 83/69/83 79/65/79 80/66/80 
f 84/70/84 85/71/85 86/72/86 
f 82/68/82 85/71/85 84/70/84 
f 84/70/84 87/73/87 82/68/82 
f 82/68/82 87/73/87 81/67/81 
f 81/67/81 87/73/87 88/74/88 
f 88/74/88 83/69/83 81/67/81 
f 89/75/89 83/69/83 88/74/88 
f 79/65/79 83/69/83 89/75/89 
f 89/75/89 90/76/90 79/65/79 
f 79/65/79 90/76/90 91/77/91 
f 87/73/87 84/70/84 92/78/92 
f 92/78/92 88/74/88 87/73/87 
f 88/74/88 92/78/92 93/79/93 
f 93/79/93 94/80/94 88/74/88 
f 88/74/88 94/80/94 89/75/89 
f 95/81/95 96/82/96 97/83/97 
f 97/83/97 98/84/98 95/81/95 
f 95/81/95 98/84/98 99/85/99 
f 99/85/99 98/84/98 100/86/100 
f 100/86/100 86/72/86 99/85/99 
f 101/87/101 86/72/86 100/86/100 
f 86/72/86 101/87/101 84/70/84 
f 100/86/100 98/84/98 97/83/97 
f 99/85/99 102/88/102 95/81/95 
f 103/89/103 104/90/104 96/82/96 
f 103/89/103 96/82/96 95/81/95 
f 105/91/105 103/89/103 95/81/95 
f 95/81/95 102/88/102 105/91/105 
f 106/92/106 105/91/105 102/88/102 
f 102/88/102 107/93/107 106/92/106 
f 107/93/107 102/88/102 99/85/99 
f 99/85/99 108/94/108 107/93/107 
f 108/94/108 99/85/99 86/72/86 
f 86/72/86 85/71/85 108/94/108 
f 108/94/108 85/71/85 82/68/82 
f 74/60/74 109/95/109 75/61/75 
f 82/68/82 75/61/75 109/95/109 
f 109/95/109 110/96/110 82/68/82 
f 82/68/82 110/96/110 108/94/108 
f 108/94/108 110/96/110 111/97/111 
f 111/97/111 107/93/107 108/94/108 
f 107/93/107 111/97/111 112/98/112 
f 112/98/112 106/92/106 107/93/107 
f 113/99/113 106/92/106 112/98/112 
f 105/91/105 106/92/106 113/99/113 
f 74/60/74 114/100/114 115/101/115 
f 115/101/115 109/95/109 74/60/74 
f 109/95/109 115/101/115 111/97/111 
f 111/97/111 110/96/110 109/95/109 
f 114/100/114 116/102/116 117/103/117 
f 117/103/117 115/101/115 114/100/114 
f 115/101/115 117/103/117 112/98/112 
f 112/98/112 111/97/111 115/101/115 
f 112/98/112 118/104/118 113/99/113 
f 119/105/119 118/104/118 112/98/112 
f 112/98/112 117/103/117 119/105/119 
f 120/106/120 119/105/119 117/103/117 
f 117/103/117 116/102/116 120/106/120 
f 121/107/121 120/106/120 116/102/116 
f 116/102/116 122/108/122 121/107/121 
f 123/109/123 122/108/122 116/102/116 
f 116/102/116 114/100/114 123/109/123 
f 123/109/123 114/100/114 74/60/74 
f 120/106/120 121/107/121 124/110/124 
f 124/110/124 121/107/121 125/111/125 
f 126/112/126 125/111/125 121/107/121 
f 121/107/121 122/108/122 126/112/126 
f 126/112/126 122/108/122 127/113/127 
f 68/54/68 127/113/127 122/108/122 
f 122/108/122 123/109/123 68/54/68 
f 68/54/68 123/109/123 63/49/63 
f 74/60/74 63/49/63 123/109/123 
f 57/43/57 63/49/63 74/60/74 
f 127/113/127 128/114/128 126/112/126 
f 91/115/91 90/116/90 124/110/124 
f 91/115/91 124/110/124 129/117/129 
f 125/111/125 129/117/129 124/110/124 
f 130/118/130 131/119/131 132/120/132 
f 93/121/93 131/119/131 130/118/130 
f 130/118/130 113/99/113 93/121/93 
f 94/122/94 93/121/93 113/99/113 
f 113/99/113 118/104/118 94/122/94 
f 89/123/89 94/122/94 118/104/118 
f 118/104/118 119/105/119 89/123/89 
f 90/116/90 89/123/89 119/105/119 
f 119/105/119 120/106/120 90/116/90 
f 124/110/124 90/116/90 120/106/120 
f 113/99/113 130/118/130 105/91/105 
f 105/91/105 130/118/130 133/124/133 
f 132/120/132 133/124/133 130/118/130 
f 134/125/134 133/124/133 132/120/132 
f 134/125/134 132/120/132 135/126/135 
f 134/125/134 135/126/135 136/127/136 
f 136/127/136 137/128/137 134/125/134 
f 134/125/134 137/128/137 138/129/138 
f 138/129/138 104/90/104 134/125/134 
f 96/82/96 104/90/104 138/129/138 
f 133/124/133 103/89/103 105/91/105 
f 133/124/133 134/125/134 103/89/103 
f 103/89/103 134/125/134 104/90/104 
f 138/129/138 139/130/139 96/82/96 
f 97/83/97 96/82/96 139/130/139 
f 139/130/139 140/131/140 97/83/97 
f 141/132/141 97/83/97 140/131/140 
f 97/83/97 141/132/141 100/86/100 
f 142/133/142 100/86/100 141/132/141 
f 100/86/100 142/133/142 101/87/101 
f 143/134/143 101/87/101 142/133/142 
f 84/70/84 101/87/101 143/134/143 
f 143/134/143 92/78/92 84/70/84 
f 141/132/141 144/135/144 142/133/142 
f 144/135/144 145/136/145 146/137/146 
f 146/137/146 142/133/142 144/135/144 
f 142/133/142 146/137/146 143/134/143 
f 140/131/140 147/138/147 141/132/141 
f 144/135/144 141/132/141 147/138/147 
f 147/138/147 148/139/148 144/135/144 
f 144/135/144 148/139/148 149/140/149 
f 149/140/149 145/136/145 144/135/144 
f 135/141/135 145/136/145 149/140/149 
f 146/137/146 145/136/145 135/141/135 
f 135/141/135 132/142/132 146/137/146 
f 143/134/143 146/137/146 132/142/132 
f 132/142/132 131/143/131 143/134/143 
f 92/78/92 143/134/143 131/143/131 
f 131/143/131 93/79/93 92/78/92 
f 149/140/149 136/144/136 135/141/135 
f 150/145/150 151/146/151 152/147/152 
f 152/147/152 153/148/153 154/149/154 
f 152/147/152 154/149/154 155/150/155 
f 150/145/150 152/147/152 155/150/155 
f 156/151/156 150/145/150 155/150/155 
f 157/152/157 156/151/156 155/150/155 
f 158/153/158 156/151/156 157/152/157 
f 158/153/158 159/154/159 156/151/156 
f 159/154/159 160/155/160 156/151/156 
f 150/145/150 156/151/156 160/155/160 
f 160/155/160 161/156/161 150/145/150 
f 150/145/150 161/156/161 162/157/162 
f 162/157/162 151/146/151 150/145/150 
f 162/157/162 153/148/153 151/146/151 
f 151/146/151 153/148/153 152/147/152 
f 162/157/162 163/158/163 153/148/153 
f 153/148/153 163/158/163 164/159/164 
f 153/148/153 164/159/164 154/149/154 
f 165/160/165 161/156/161 160/155/160 
f 165/160/165 166/161/166 161/156/161 
f 166/161/166 162/157/162 161/156/161 
f 166/161/166 167/162/167 162/157/162 
f 167/162/167 163/158/163 162/157/162 
f 167/162/167 168/163/168 163/158/163 
f 168/163/168 169/164/169 163/158/163 
f 168/163/168 170/165/170 169/164/169 
f 170/165/170 171/166/171 169/164/169 
f 170/165/170 172/167/172 171/166/171 
f 170/165/170 173/168/173 172/167/172 
f 170/165/170 174/169/174 173/168/173 
f 175/170/175 174/169/174 170/165/170 
f 175/170/175 170/165/170 168/163/168 
f 172/167/172 176/171/176 171/166/171 
f 173/168/173 176/171/176 172/167/172 
f 173/168/173 177/172/177 176/171/176 
f 174/169/174 177/172/177 173/168/173 
f 174/169/174 178/173/178 177/172/177 
f 178/173/178 174/169/174 175/170/175 
f 175/170/175 179/174/179 178/173/178 
f 175/170/175 180/175/180 179/174/179 
f 181/176/181 179/174/179 180/175/180 
f 181/176/181 180/175/180 182/177/182 
f 181/176/181 182/177/182 183/178/183 
f 182/177/182 184/179/184 183/178/183 
f 183/178/183 184/179/184 167/162/167 
f 184/179/184 168/163/168 167/162/167 
f 185/180/185 168/163/168 184/179/184 
f 185/180/185 175/170/175 168/163/168 
f 180/175/180 175/170/175 185/180/185 
f 180/175/180 185/180/185 184/179/184 
f 182/177/182 180/175/180 184/179/184 
f 186/181/186 187/182/187 178/173/178 
f 186/181/186 178/173/178 179/174/179 
f 186/181/186 179/174/179 181/176/181 
f 188/183/188 186/181/186 181/176/181 
f 189/184/189 188/183/188 181/176/181 
f 181/176/181 183/178/183 189/184/189 
f 190/185/190 189/184/189 183/178/183 
f 191/186/191 189/184/189 190/185/190 
f 192/187/192 191/186/191 190/185/190 
f 193/188/193 191/186/191 192/187/192 
f 194/189/194 193/188/193 192/187/192 
f 193/188/193 194/189/194 195/190/195 
f 23/191/23 195/190/195 13/192/13 
f 13/192/13 195/190/195 194/189/194 
f 13/192/13 194/189/194 11/193/11 
f 11/193/11 194/189/194 196/194/196 
f 194/189/194 192/187/192 196/194/196 
f 196/194/196 192/187/192 165/160/165 
f 192/187/192 190/185/190 165/160/165 
f 165/160/165 190/185/190 166/161/166 
f 190/185/190 183/178/183 166/161/166 
f 183/178/183 167/162/167 166/161/166 
f 197/195/197 24/196/24 198/197/198 
f 197/195/197 22/198/22 24/196/24 
f 22/198/22 197/195/197 199/199/199 
f 199/199/199 23/191/23 22/198/22 
f 23/191/23 199/199/199 200/200/200 
f 200/200/200 201/201/201 23/191/23 
f 23/191/23 201/201/201 195/190/195 
f 195/190/195 201/201/201 202/202/202 
f 195/190/195 202/202/202 193/188/193 
f 202/202/202 203/203/203 193/188/193 
f 201/201/201 204/204/204 202/202/202 
f 201/201/201 205/205/205 204/204/204 
f 205/205/205 206/206/206 207/207/207 
f 205/205/205 207/207/207 208/208/208 
f 205/205/205 208/208/208 204/204/204 
f 204/204/204 208/208/208 209/209/209 
f 204/204/204 209/209/209 202/202/202 
f 202/202/202 209/209/209 203/203/203 
f 207/207/207 210/210/210 208/208/208 
f 208/208/208 210/210/210 211/211/211 
f 208/208/208 211/211/211 209/209/209 
f 209/209/209 211/211/211 212/212/212 
f 209/209/209 212/212/212 203/203/203 
f 203/203/203 212/212/212 213/213/213 
f 212/212/212 214/214/214 213/213/213 
f 214/214/214 215/215/215 213/213/213 
f 214/214/214 216/216/216 215/215/215 
f 217/217/217 218/218/218 219/219/219 
f 210/210/210 218/218/218 217/217/217 
f 210/210/210 217/217/217 220/220/220 
f 210/210/210 220/220/220 211/211/211 
f 211/211/211 220/220/220 221/221/221 
f 211/211/211 221/221/221 212/212/212 
f 221/221/221 222/222/222 212/212/212 
f 212/212/212 222/222/222 214/214/214 
f 222/222/222 223/223/223 214/214/214 
f 214/214/214 223/223/223 216/216/216 
f 222/222/222 224/224/224 223/223/223 
f 223/223/223 224/224/224 225/225/225 
f 221/221/221 226/226/226 222/222/222 
f 226/226/226 227/227/227 222/222/222 
f 222/222/222 227/227/227 224/224/224 
f 227/227/227 228/228/228 224/224/224 
f 224/224/224 228/228/228 225/225/225 
f 228/228/228 229/229/229 225/225/225 
f 227/227/227 229/229/229 228/228/228 
f 227/227/227 230/230/230 229/229/229 
f 226/226/226 230/230/230 227/227/227 
f 220/220/220 230/230/230 226/226/226 
f 220/220/220 226/226/226 221/221/221 
f 230/230/230 231/231/231 229/229/229 
f 220/220/220 217/217/217 230/230/230 
f 217/217/217 219/219/219 230/230/230 
f 230/230/230 219/219/219 231/231/231 
f 219/219/219 232/232/232 231/231/231 
f 232/232/232 219/219/219 233/233/233 
f 232/232/232 233/233/233 234/234/234 
f 234/234/234 233/233/233 235/235/235 
f 234/234/234 235/235/235 236/236/236 
f 235/235/235 237/237/237 236/236/236 
f 237/237/237 238/238/238 236/236/236 
f 237/237/237 239/239/239 238/238/238 
f 239/239/239 240/240/240 238/238/238 
f 235/235/235 241/241/241 237/237/237 
f 238/238/238 240/240/240 242/242/242 
f 240/240/240 243/243/243 244/244/244 
f 242/242/242 240/240/240 244/244/244 
f 242/242/242 244/244/244 245/245/245 
f 245/245/245 246/246/246 242/242/242 
f 238/238/238 242/242/242 246/246/246 
f 236/236/236 238/238/238 246/246/246 
f 247/247/247 236/236/236 248/248/248 
f 236/236/236 246/246/246 248/248/248 
f 248/248/248 246/246/246 249/249/249 
f 246/246/246 245/245/245 249/249/249 
f 250/250/250 249/249/249 245/245/245 
f 245/245/245 251/251/251 250/250/250 
f 250/250/250 251/251/251 252/252/252 
f 251/251/251 253/253/253 252/252/252 
f 252/252/252 253/253/253 254/254/254 
f 254/254/254 253/253/253 255/255/255 
f 256/256/256 248/248/248 249/249/249 
f 257/257/257 250/250/250 252/252/252 
f 258/258/258 249/249/249 250/250/250 
f 259/259/259 249/249/249 258/258/258 
f 256/256/256 249/249/249 259/259/259 
f 259/259/259 177/172/177 256/256/256 
f 256/256/256 177/172/177 178/173/178 
f 178/173/178 248/248/248 256/256/256 
f 187/182/187 248/248/248 178/173/178 
f 187/182/187 247/247/247 248/248/248 
f 260/260/260 261/261/261 187/182/187 
f 261/261/261 247/247/247 187/182/187 
f 261/261/261 262/262/262 247/247/247 
f 262/262/262 261/261/261 260/260/260 
f 263/263/263 262/262/262 260/260/260 
f 263/263/263 260/260/260 264/264/264 
f 223/223/223 225/225/225 216/216/216 
f 216/216/216 225/225/225 264/264/264 
f 225/225/225 229/229/229 264/264/264 
f 229/229/229 263/263/263 264/264/264 
f 231/231/231 263/263/263 229/229/229 
f 231/231/231 232/232/232 263/263/263 
f 263/263/263 232/232/232 262/262/262 
f 232/232/232 234/234/234 262/262/262 
f 262/262/262 234/234/234 247/247/247 
f 247/247/247 234/234/234 236/236/236 
f 193/188/193 203/203/203 191/186/191 
f 203/203/203 213/213/213 191/186/191 
f 189/184/189 191/186/191 213/213/213 
f 213/213/213 215/215/215 189/184/189 
f 188/183/188 189/184/189 215/215/215 
f 215/215/215 216/216/216 188/183/188 
f 216/216/216 264/264/264 188/183/188 
f 188/183/188 264/264/264 186/181/186 
f 264/264/264 260/260/260 186/181/186 
f 260/260/260 187/182/187 186/181/186 
f 265/265/265 266/266/266 267/267/267 
f 267/267/267 268/268/268 265/265/265 
f 268/268/268 267/267/267 269/269/269 
f 91/77/91 78/64/78 79/65/79 
f 270/270/270 78/64/78 91/77/91 
f 78/64/78 270/270/270 77/63/77 
f 270/270/270 267/267/267 77/63/77 
f 77/63/77 267/267/267 70/56/70 
f 267/267/267 266/266/266 70/56/70 
f 70/56/70 266/266/266 76/62/76 
f 266/266/266 271/271/271 76/62/76 
f 266/266/266 265/265/265 271/271/271 
f 265/265/265 272/272/272 271/271/271 
f 273/273/273 274/274/274 275/275/275 
f 274/274/274 276/276/276 275/275/275 
f 275/275/275 276/276/276 272/272/272 
f 277/277/277 272/272/272 276/276/276 
f 271/271/271 272/272/272 277/277/277 
f 277/277/277 278/278/278 271/271/271 
f 271/271/271 278/278/278 279/279/279 
f 279/279/279 76/62/76 271/271/271 
f 76/62/76 279/279/279 67/53/67 
f 67/53/67 69/55/69 76/62/76 
f 280/280/280 281/281/281 282/282/282 
f 282/282/282 283/283/283 280/280/280 
f 284/284/284 280/280/280 283/283/283 
f 283/283/283 285/285/285 284/284/284 
f 284/284/284 285/285/285 286/286/286 
f 287/287/287 286/286/286 285/285/285 
f 274/274/274 286/286/286 287/287/287 
f 287/287/287 276/276/276 274/274/274 
f 91/288/91 129/289/129 288/290/288 
f 288/290/288 129/289/129 282/282/282 
f 282/282/282 129/289/129 125/291/125 
f 125/291/125 283/283/283 282/282/282 
f 283/283/283 125/291/125 126/292/126 
f 126/292/126 285/285/285 283/283/283 
f 289/293/289 285/285/285 126/292/126 
f 285/285/285 289/293/289 287/287/287 
f 288/290/288 282/282/282 281/294/281 
f 126/292/126 128/295/128 289/293/289 
f 290/296/290 291/297/291 292/298/292 
f 292/298/292 293/299/293 290/296/290 
f 293/299/293 292/298/292 281/294/281 
f 281/294/281 280/280/280 293/299/293 
f 294/300/294 293/299/293 280/280/280 
f 280/280/280 284/284/284 294/300/294 
f 294/300/294 284/284/284 295/301/295 
f 286/286/286 295/301/295 284/284/284 
f 273/273/273 295/301/295 286/286/286 
f 286/286/286 274/274/274 273/273/273 
f 296/302/296 290/296/290 297/303/297 
f 297/303/297 290/296/290 293/299/293 
f 293/299/293 294/300/294 297/303/297 
f 297/303/297 294/300/294 298/304/298 
f 295/301/295 298/304/298 294/300/294 
f 298/304/298 295/301/295 273/273/273 
f 273/273/273 299/305/299 298/304/298 
f 300/306/300 298/304/298 299/305/299 
f 299/305/299 301/307/301 300/306/300 
f 298/304/298 300/306/300 297/303/297 
f 302/308/302 303/309/303 296/302/296 
f 296/302/296 304/310/304 302/308/302 
f 297/303/297 304/310/304 296/302/296 
f 305/311/305 304/310/304 297/303/297 
f 297/303/297 300/306/300 305/311/305 
f 306/312/306 305/311/305 300/306/300 
f 300/306/300 301/307/301 306/312/306 
f 306/312/306 301/307/301 307/313/307 
f 307/313/307 301/307/301 299/305/299 
f 299/305/299 308/314/308 307/313/307 
f 308/314/308 299/305/299 273/273/273 
f 273/273/273 309/315/309 308/314/308 
f 275/275/275 309/315/309 273/273/273 
f 305/311/305 306/312/306 310/316/310 
f 265/265/265 275/275/275 272/272/272 
f 275/275/275 265/265/265 268/268/268 
f 268/268/268 309/315/309 275/275/275 
f 268/268/268 269/269/269 309/315/309 
f 308/314/308 309/315/309 269/269/269 
f 269/269/269 311/317/311 308/314/308 
f 307/313/307 308/314/308 311/317/311 
f 311/317/311 312/318/312 307/313/307 
f 307/313/307 312/318/312 313/319/313 
f 314/320/314 313/319/313 312/318/312 
f 270/270/270 91/77/91 288/321/288 
f 315/322/315 270/270/270 288/321/288 
f 270/270/270 315/322/315 267/267/267 
f 267/267/267 315/322/315 316/323/316 
f 316/323/316 269/269/269 267/267/267 
f 269/269/269 316/323/316 317/324/317 
f 317/324/317 311/317/311 269/269/269 
f 311/317/311 317/324/317 318/325/318 
f 318/325/318 312/318/312 311/317/311 
f 312/318/312 318/325/318 314/320/314 
f 319/326/319 314/320/314 318/325/318 
f 314/320/314 319/326/319 320/327/320 
f 316/323/316 315/322/315 288/321/288 
f 288/321/288 281/328/281 316/323/316 
f 316/323/316 281/328/281 292/329/292 
f 292/329/292 317/324/317 316/323/316 
f 318/325/318 317/324/317 292/329/292 
f 292/329/292 291/330/291 318/325/318 
f 318/325/318 291/330/291 319/326/319 
f 313/319/313 314/320/314 321/331/321 
f 320/327/320 321/331/321 314/320/314 
f 321/331/321 320/327/320 322/332/322 
f 322/332/322 323/333/323 321/331/321 
f 322/332/322 324/334/324 323/333/323 
f 325/335/325 323/333/323 324/334/324 
f 325/335/325 324/334/324 326/336/326 
f 326/336/326 327/337/327 325/335/325 
f 327/337/327 326/336/326 328/338/328 
f 328/338/328 329/339/329 327/337/327 
f 327/337/327 329/339/329 330/340/330 
f 328/338/328 331/341/331 332/342/332 
f 332/342/332 329/339/329 328/338/328 
f 330/340/330 329/339/329 332/342/332 
f 332/342/332 333/343/333 330/340/330 
f 330/340/330 333/343/333 334/344/334 
f 334/344/334 335/345/335 330/340/330 
f 335/345/335 334/344/334 336/346/336 
f 336/346/336 337/347/337 335/345/335 
f 337/347/337 336/346/336 338/348/338 
f 338/348/338 339/349/339 337/347/337 
f 339/349/339 338/348/338 340/350/340 
f 339/349/339 341/351/341 342/352/342 
f 342/352/342 343/353/343 344/354/344 
f 344/354/344 345/355/345 342/352/342 
f 342/352/342 345/355/345 339/349/339 
f 339/349/339 345/355/345 346/356/346 
f 346/356/346 337/347/337 339/349/339 
f 335/345/335 337/347/337 346/356/346 
f 344/354/344 347/357/347 348/358/348 
f 344/354/344 348/358/348 346/356/346 
f 346/356/346 345/355/345 344/354/344 
f 349/359/349 348/358/348 347/357/347 
f 310/316/310 349/359/349 347/357/347 
f 347/357/347 350/360/350 310/316/310 
f 310/316/310 350/360/350 305/311/305 
f 304/310/304 305/311/305 350/360/350 
f 350/360/350 302/308/302 304/310/304 
f 302/308/302 350/360/350 347/357/347 
f 347/357/347 351/361/351 302/308/302 
f 347/357/347 343/353/343 351/361/351 
f 347/357/347 344/354/344 343/353/343 
f 340/350/340 341/351/341 339/349/339 
f 352/362/352 341/351/341 340/350/340 
f 342/352/342 341/351/341 352/362/352 
f 342/352/342 352/362/352 353/363/353 
f 353/363/353 343/353/343 342/352/342 
f 354/364/354 343/353/343 353/363/353 
f 351/361/351 343/353/343 354/364/354 
f 354/364/354 355/365/355 351/361/351 
f 351/361/351 355/365/355 302/308/302 
f 303/309/303 302/308/302 355/365/355 
f 352/362/352 326/366/326 353/363/353 
f 354/364/354 353/363/353 326/366/326 
f 326/366/326 324/367/324 354/364/354 
f 324/367/324 355/365/355 354/364/354 
f 355/365/355 324/367/324 322/368/322 
f 355/365/355 322/368/322 303/309/303 
f 320/369/320 303/309/303 322/368/322 
f 303/309/303 320/369/320 319/370/319 
f 319/370/319 296/302/296 303/309/303 
f 296/302/296 319/370/319 291/297/291 
f 291/297/291 290/296/290 296/302/296 
f 340/350/340 356/371/356 352/362/352 
f 328/372/328 352/362/352 356/371/356 
f 352/362/352 328/372/328 326/366/326 
f 356/371/356 331/373/331 328/372/328 
f 289/374/289 357/375/357 358/376/358 
f 287/377/287 289/374/289 358/376/358 
f 359/378/359 287/377/287 358/376/358 
f 276/379/276 287/377/287 359/378/359 
f 360/380/360 276/379/276 359/378/359 
f 361/381/361 276/379/276 360/380/360 
f 361/381/361 277/382/277 276/379/276 
f 278/383/278 277/382/277 361/381/361 
f 361/381/361 362/384/362 278/383/278 
f 279/385/279 278/383/278 362/384/362 
f 279/385/279 362/384/362 363/386/363 
f 67/387/67 279/385/279 363/388/363 
f 364/389/364 365/390/365 366/391/366 
f 364/389/364 366/391/366 367/392/367 
f 366/391/366 368/393/368 367/392/367 
f 367/392/367 369/394/369 364/389/364 
f 370/395/370 371/396/371 372/397/372 
f 373/398/373 372/397/372 371/396/371 
f 374/399/374 372/397/372 373/398/373 
f 374/399/374 373/398/373 375/400/375 
f 368/393/368 374/399/374 375/400/375 
f 368/393/368 376/401/376 374/399/374 
f 366/391/366 376/401/376 368/393/368 
f 366/391/366 377/402/377 376/401/376 
f 365/390/365 377/402/377 366/391/366 
f 365/390/365 378/403/378 377/402/377 
f 376/401/376 379/404/379 374/399/374 
f 377/402/377 380/405/380 376/401/376 
f 376/401/376 380/405/380 379/404/379 
f 380/405/380 381/406/381 379/404/379 
f 381/406/381 370/395/370 379/404/379 
f 379/404/379 370/395/370 372/397/372 
f 379/404/379 372/397/372 374/399/374 
f 378/403/378 380/405/380 377/402/377 
f 380/405/380 378/403/378 382/407/382 
f 380/405/380 382/407/382 381/406/381 
f 382/407/382 138/408/138 381/406/381 
f 138/408/138 137/409/137 381/406/381 
f 137/409/137 370/395/370 381/406/381 
f 137/409/137 136/410/136 370/395/370 
f 383/411/383 384/412/384 385/413/385 
f 386/414/386 384/412/384 383/411/383 
f 387/415/387 386/414/386 383/411/383 
f 148/416/148 386/414/386 387/415/387 
f 388/417/388 148/416/148 387/415/387 
f 149/418/149 148/416/148 388/417/388 
f 136/410/136 149/418/149 388/417/388 
f 136/410/136 388/417/388 389/419/389 
f 136/410/136 389/419/389 370/395/370 
f 370/395/370 389/419/389 371/396/371 
f 384/412/384 140/420/140 390/421/390 
f 386/414/386 140/420/140 384/412/384 
f 147/422/147 140/420/140 386/414/386 
f 148/416/148 147/422/147 386/414/386 
f 390/421/390 391/423/391 392/424/392 
f 391/423/391 393/425/393 392/424/392 
f 140/420/140 139/426/139 390/421/390 
f 390/421/390 139/426/139 391/423/391 
f 139/426/139 138/427/138 391/423/391 
f 138/427/138 382/428/382 391/423/391 
f 382/428/382 393/425/393 391/423/391 
f 378/429/378 393/425/393 382/428/382 
f 365/430/365 364/431/364 394/432/394 
f 395/433/395 365/430/365 394/432/394 
f 378/429/378 365/430/365 395/433/395 
f 393/425/393 378/429/378 395/433/395 
f 393/425/393 395/433/395 396/434/396 
f 393/425/393 396/434/396 392/424/392 
f 392/424/392 396/434/396 397/435/397 
f 398/436/398 392/424/392 397/435/397 
f 390/421/390 392/424/392 398/436/398 
f 384/412/384 390/421/390 398/436/398 
f 395/433/395 394/432/394 396/434/396 
f 364/431/364 369/437/369 399/438/399 
f 394/432/394 364/431/364 399/438/399 
f 400/439/400 394/432/394 399/438/399 
f 396/434/396 394/432/394 400/439/400 
f 396/434/396 400/439/400 401/440/401 
f 401/440/401 397/435/397 396/434/396 
f 402/441/402 397/435/397 401/440/401 
f 398/436/398 397/435/397 402/441/402 
f 385/413/385 398/436/398 402/441/402 
f 398/436/398 385/413/385 384/412/384 
f 402/441/402 403/442/403 385/413/385 
f 404/443/404 385/413/385 403/442/403 
f 383/411/383 385/413/385 404/443/404 
f 383/411/383 404/443/404 405/444/405 
f 406/445/406 383/411/383 405/444/405 
f 407/446/407 406/445/406 405/444/405 
f 387/415/387 406/445/406 407/446/407 
f 388/417/388 387/415/387 407/446/407 
f 389/419/389 388/417/388 407/446/407 
f 389/419/389 407/446/407 371/396/371 
f 408/447/408 371/396/371 407/446/407 
f 371/396/371 408/447/408 373/398/373 
f 406/445/406 387/415/387 383/411/383 
f 409/448/409 408/447/408 410/449/410 
f 407/446/407 410/449/410 408/447/408 
f 410/449/410 407/446/407 405/444/405 
f 411/450/411 412/451/412 413/452/413 
f 414/453/414 415/454/415 411/450/411 
f 415/454/415 416/455/416 411/450/411 
f 416/455/416 412/451/412 411/450/411 
f 416/455/416 417/456/417 412/451/412 
f 417/456/417 418/457/418 412/451/412 
f 412/451/412 418/457/418 419/458/419 
f 207/207/207 218/218/218 210/210/210 
f 207/207/207 419/458/419 218/218/218 
f 206/206/206 419/458/419 207/207/207 
f 412/451/412 419/458/419 206/206/206 
f 412/451/412 206/206/206 205/205/205 
f 413/452/413 412/451/412 205/205/205 
f 413/452/413 205/205/205 201/201/201 
f 411/450/411 413/452/413 201/201/201 
f 200/200/200 411/450/411 201/201/201 
f 414/453/414 411/450/411 200/200/200 
f 243/243/243 420/459/420 244/244/244 
f 243/243/243 421/460/421 420/459/420 
f 422/461/422 421/460/421 243/243/243 
f 422/461/422 423/462/423 421/460/421 
f 424/463/424 423/462/423 422/461/422 
f 424/463/424 425/464/425 423/462/423 
f 426/465/426 425/464/425 424/463/424 
f 427/466/427 425/464/425 426/465/426 
f 427/466/427 426/465/426 218/218/218 
f 419/458/419 427/466/427 218/218/218 
f 428/467/428 429/468/429 430/469/430 
f 431/470/431 428/467/428 430/469/430 
f 431/470/431 430/469/430 427/466/427 
f 427/466/427 430/469/430 432/471/432 
f 427/466/427 432/471/432 425/464/425 
f 432/471/432 433/472/433 425/464/425 
f 425/464/425 433/472/433 423/462/423 
f 423/462/423 433/472/433 434/473/434 
f 423/462/423 434/473/434 421/460/421 
f 421/460/421 434/473/434 435/474/435 
f 436/475/436 437/476/437 438/477/438 
f 430/469/430 437/476/437 436/475/436 
f 430/469/430 436/475/436 433/472/433 
f 432/471/432 430/469/430 433/472/433 
f 433/472/433 436/475/436 438/477/438 
f 433/472/433 438/477/438 434/473/434 
f 434/473/434 438/477/438 435/474/435 
f 438/477/438 439/478/439 435/474/435 
f 435/474/435 439/478/439 440/479/440 
f 441/480/441 440/479/440 439/478/439 
f 439/478/439 442/481/442 441/480/441 
f 441/480/441 442/481/442 443/482/443 
f 438/477/438 444/483/444 439/478/439 
f 439/478/439 444/483/444 442/481/442 
f 421/460/421 435/474/435 420/459/420 
f 420/459/420 435/474/435 440/479/440 
f 420/459/420 440/479/440 445/484/445 
f 445/484/445 440/479/440 446/485/446 
f 440/479/440 441/480/441 446/485/446 
f 446/485/446 441/480/441 447/486/447 
f 441/480/441 443/482/443 447/486/447 
f 448/487/448 447/486/447 443/482/443 
f 448/487/448 443/482/443 449/488/449 
f 443/482/443 450/489/450 449/488/449 
f 448/487/448 449/488/449 451/490/451 
f 255/255/255 448/487/448 451/490/451 
f 448/487/448 255/255/255 447/486/447 
f 253/253/253 447/486/447 255/255/255 
f 446/485/446 447/486/447 253/253/253 
f 251/251/251 446/485/446 253/253/253 
f 445/484/445 446/485/446 251/251/251 
f 245/245/245 445/484/445 251/251/251 
f 445/484/445 245/245/245 244/244/244 
f 244/244/244 420/459/420 445/484/445 
f 452/491/452 453/492/453 454/493/454 
f 449/488/449 452/491/452 454/493/454 
f 455/494/455 456/495/456 457/496/457 
f 458/497/458 455/494/455 457/496/457 
f 458/497/458 457/496/457 459/498/459 
f 460/499/460 458/497/458 459/498/459 
f 453/492/453 458/497/458 460/499/460 
f 461/500/461 453/492/453 460/499/460 
f 454/493/454 453/492/453 461/500/461 
f 454/493/454 461/500/461 462/501/462 
f 449/488/449 454/493/454 462/501/462 
f 451/490/451 449/488/449 462/501/462 
f 462/501/462 461/500/461 463/502/463 
f 463/502/463 461/500/461 464/503/464 
f 461/500/461 460/499/460 464/503/464 
f 464/503/464 460/499/460 465/504/465 
f 460/499/460 459/498/459 465/504/465 
f 254/254/254 255/255/255 466/505/466 
f 451/490/451 466/505/466 255/255/255 
f 466/505/466 451/490/451 467/506/467 
f 451/490/451 462/501/462 467/506/467 
f 467/506/467 462/501/462 468/507/468 
f 462/501/462 463/502/463 468/507/468 
f 468/507/468 463/502/463 469/508/469 
f 469/508/469 463/502/463 464/503/464 
f 469/508/469 464/503/464 470/509/470 
f 470/509/470 464/503/464 465/504/465 
f 471/510/471 472/511/472 473/512/473 
f 472/511/472 474/513/474 473/512/473 
f 472/511/472 467/506/467 474/513/474 
f 467/506/467 468/507/468 474/513/474 
f 474/513/474 468/507/468 475/514/475 
f 474/513/474 475/514/475 473/512/473 
f 476/515/476 477/516/477 470/509/470 
f 477/516/477 469/508/469 470/509/470 
f 468/507/468 469/508/469 477/516/477 
f 475/514/475 468/507/468 477/516/477 
f 478/517/478 475/514/475 477/516/477 
f 478/517/478 479/518/479 475/514/475 
f 475/514/475 479/518/479 473/512/473 
f 479/518/479 480/519/480 473/512/473 
f 480/519/480 471/510/471 473/512/473 
f 480/519/480 481/520/232 471/510/471 
f 482/521/481 483/522/482 484/523/483 
f 482/521/481 484/523/483 485/524/484 
f 164/159/164 482/521/481 485/524/484 
f 164/159/164 485/524/484 481/520/232 
f 154/149/154 164/159/164 481/520/232 
f 154/149/154 481/520/232 480/519/480 
f 155/150/155 154/149/154 480/519/480 
f 155/150/155 480/519/480 479/518/479 
f 478/517/478 155/150/155 479/518/479 
f 157/152/157 155/150/155 478/517/478 
f 481/520/232 472/511/472 471/510/471 
f 481/520/232 485/524/484 472/511/472 
f 485/524/484 467/506/467 472/511/472 
f 485/524/484 484/523/483 467/506/467 
f 484/523/483 466/505/466 467/506/467 
f 483/522/482 466/505/466 484/523/483 
f 483/522/482 486/525/485 466/505/466 
f 482/521/481 486/525/485 483/522/482 
f 487/526/486 486/525/485 482/521/481 
f 487/526/486 482/521/481 164/159/164 
f 487/526/486 257/257/257 486/525/485 
f 257/257/257 252/252/252 486/525/485 
f 486/525/485 252/252/252 254/254/254 
f 254/254/254 466/505/466 486/525/485 
f 487/526/486 164/159/164 488/527/487 
f 163/158/163 488/527/487 164/159/164 
f 163/158/163 169/164/169 488/527/487 
f 169/164/169 171/166/171 488/527/487 
f 171/166/171 487/526/486 488/527/487 
f 171/166/171 489/528/488 487/526/486 
f 489/528/488 257/257/257 487/526/486 
f 489/528/488 490/529/489 257/257/257 
f 490/529/489 250/250/250 257/257/257 
f 490/529/489 258/258/258 250/250/250 
f 259/259/259 258/258/258 490/529/489 
f 491/530/490 259/259/259 490/529/489 
f 177/172/177 259/259/259 491/530/490 
f 177/172/177 491/530/490 492/531/491 
f 176/171/176 177/172/177 492/531/491 
f 176/171/176 492/531/491 171/166/171 
f 492/531/491 489/528/488 171/166/171 
f 492/531/491 490/529/489 489/528/488 
f 492/531/491 491/530/490 490/529/489 
f 404/532/404 493/533/492 405/534/405 
f 493/533/492 410/535/410 405/534/405 
f 493/533/492 409/536/409 410/535/410 
f 403/537/403 409/536/409 493/533/492 
f 403/537/403 408/538/408 409/536/409 
f 408/538/408 403/537/403 373/539/373 
f 373/539/373 403/537/403 402/540/402 
f 373/539/373 402/540/402 375/541/375 
f 402/540/402 401/542/401 375/541/375 
f 401/542/401 400/543/400 375/541/375 
f 400/543/400 368/544/368 375/541/375 
f 400/543/400 369/545/369 368/544/368 
f 369/545/369 367/546/367 368/544/368 
f 399/547/399 369/545/369 400/543/400 
f 494/548/493 495/549/494 496/550/495 
f 495/549/494 497/551/496 496/550/495 
f 496/550/495 497/551/496 498/552/497 
f 497/551/496 499/553/498 498/552/497 
f 495/549/494 500/554/499 497/551/496 
f 500/554/499 501/555/500 497/551/496 
f 497/551/496 501/555/500 499/553/498 
f 501/555/500 502/556/501 499/553/498 
f 502/556/501 503/557/502 499/553/498 
f 499/553/498 503/557/502 504/558/503 
f 499/553/498 504/558/503 498/552/497 
f 498/552/497 504/558/503 505/559/504 
f 470/509/470 465/504/465 505/559/504 
f 476/515/476 470/509/470 505/559/504 
f 504/558/503 476/515/476 505/559/504 
f 477/516/477 476/515/476 504/558/503 
f 503/557/502 477/516/477 504/558/503 
f 503/557/502 478/517/478 477/516/477 
f 502/556/501 478/517/478 503/557/502 
f 502/556/501 157/152/157 478/517/478 
f 501/555/500 157/152/157 502/556/501 
f 501/555/500 506/560/505 157/152/157 
f 507/561/506 158/153/158 506/560/505 
f 506/560/505 158/153/158 157/152/157 
f 500/554/499 506/560/505 501/555/500 
f 500/554/499 507/561/506 506/560/505 
f 9/562/9 507/561/506 500/554/499 
f 9/562/9 10/563/10 507/561/506 
f 507/561/506 10/563/10 158/153/158 
f 10/563/10 11/193/11 158/153/158 
f 11/193/11 159/154/159 158/153/158 
f 196/194/196 159/154/159 11/193/11 
f 160/155/160 159/154/159 196/194/196 
f 196/194/196 165/160/165 160/155/160 
f 508/564/507 509/565/508 494/548/493 
f 509/565/508 495/549/494 494/548/493 
f 509/565/508 510/566/509 495/549/494 
f 510/566/509 500/554/499 495/549/494 
f 500/554/499 510/566/509 511/567/510 
f 511/567/510 9/562/9 500/554/499 
f 511/567/510 8/568/8 9/562/9 
f 16/569/16 8/568/8 511/567/510 
f 198/197/198 16/569/16 511/567/510 
f 24/196/24 16/569/16 198/197/198 
f 512/570/511 513/571/512 514/572/513 
f 514/572/513 513/571/512 515/573/514 
f 514/572/513 515/573/514 516/574/515 
f 516/574/515 515/573/514 508/564/507 
f 508/564/507 515/573/514 509/565/508 
f 515/573/514 510/566/509 509/565/508 
f 517/575/516 510/566/509 515/573/514 
f 517/575/516 511/567/510 510/566/509 
f 198/197/198 511/567/510 517/575/516 
f 198/197/198 517/575/516 513/571/512 
f 513/571/512 517/575/516 515/573/514 
f 518/576/517 519/577/518 520/578/519 
f 518/576/517 520/578/519 521/579/520 
f 521/579/520 520/578/519 522/580/521 
f 520/578/519 514/572/513 522/580/521 
f 522/580/521 514/572/513 523/581/522 
f 523/581/522 514/572/513 516/574/515 
f 523/581/522 516/574/515 524/582/523 
f 524/582/523 516/574/515 508/564/507 
f 525/583/524 524/582/523 508/564/507 
f 508/564/507 494/548/493 525/583/524 
f 513/571/512 512/570/511 198/197/198 
f 526/584/525 198/197/198 512/570/511 
f 512/570/511 527/585/526 526/584/525 
f 528/586/527 526/584/525 527/585/526 
f 519/577/518 528/586/527 527/585/526 
f 519/577/518 527/585/526 520/578/519 
f 527/585/526 512/570/511 520/578/519 
f 520/578/519 512/570/511 514/572/513 
f 199/199/199 529/587/528 200/200/200 
f 530/588/529 529/587/528 199/199/199 
f 530/588/529 199/199/199 531/589/530 
f 528/586/527 530/588/529 531/589/530 
f 528/586/527 531/589/530 526/584/525 
f 531/589/530 197/195/197 526/584/525 
f 526/584/525 197/195/197 198/197/198 
f 531/589/530 199/199/199 197/195/197 
f 529/587/528 414/453/414 200/200/200 
f 529/587/528 415/454/415 414/453/414 
f 532/590/531 415/454/415 529/587/528 
f 532/590/531 529/587/528 530/588/529 
f 533/591/532 532/590/531 530/588/529 
f 533/591/532 530/588/529 528/586/527 
f 534/592/533 533/591/532 528/586/527 
f 534/592/533 528/586/527 519/577/518 
f 535/593/534 534/592/533 519/577/518 
f 535/593/534 519/577/518 518/576/517 
f 536/594/535 533/591/532 534/592/533 
f 537/595/536 536/594/535 534/592/533 
f 537/595/536 534/592/533 535/593/534 
f 357/375/357 289/374/289 538/375/537 
f 539/596/538 540/597/539 541/598/540 
f 539/596/538 541/598/540 542/599/541 
f 542/599/541 541/598/540 543/600/542 
f 541/598/540 544/601/543 543/600/542 
f 540/597/539 545/602/544 541/598/540 
f 541/598/540 545/602/544 546/603/545 
f 541/598/540 546/603/545 544/601/543 
f 544/601/543 546/603/545 547/604/546 
f 548/605/547 543/600/542 549/606/548 
f 548/605/547 542/599/541 543/600/542 
f 550/607/549 542/599/541 548/605/547 
f 550/607/549 539/596/538 542/599/541 
f 551/608/550 539/596/538 550/607/549 
f 551/608/550 552/609/551 539/596/538 
f 540/597/539 539/596/538 552/609/551 
f 552/609/551 553/610/552 540/597/539 
f 540/597/539 553/610/552 554/611/553 
f 545/602/544 540/597/539 554/611/553 
f 552/609/551 555/612/554 553/610/552 
f 548/605/547 549/606/548 556/613/555 
f 556/613/555 549/606/548 557/614/556 
f 549/606/548 558/615/557 557/614/556 
f 549/606/548 559/616/558 558/615/557 
f 560/617/559 556/613/555 557/614/556 
f 560/617/559 557/614/556 561/618/560 
f 557/614/556 558/615/557 561/618/560 
f 558/615/557 562/619/561 561/618/560 
f 558/615/557 563/620/562 562/619/561 
f 559/616/558 563/620/562 558/615/557 
f 559/616/558 547/604/546 563/620/562 
f 544/601/543 547/604/546 559/616/558 
f 544/601/543 559/616/558 549/606/548 
f 543/600/542 544/601/543 549/606/548 
f 564/621/563 565/622/564 566/623/565 
f 564/621/563 566/623/565 567/624/566 
f 567/624/566 566/623/565 568/625/567 
f 567/624/566 568/625/567 569/626/568 
f 569/626/568 568/625/567 570/627/569 
f 563/628/562 569/626/568 562/629/561 
f 562/629/561 569/626/568 570/627/569 
f 562/629/561 570/627/569 561/630/560 
f 570/627/569 560/631/559 561/630/560 
f 570/627/569 568/625/567 560/631/559 
f 568/625/567 556/632/555 560/631/559 
f 568/625/567 566/623/565 556/632/555 
f 566/623/565 548/633/547 556/632/555 
f 566/623/565 550/634/549 548/633/547 
f 565/622/564 550/634/549 566/623/565 
f 565/622/564 571/635/570 550/634/549 
f 572/636/571 571/635/570 565/622/564 
f 573/637/572 571/635/570 572/636/571 
f 574/638/573 573/637/572 572/636/571 
f 573/637/572 574/638/573 575/639/574 
f 575/639/574 574/638/573 576/640/575 
f 574/638/573 572/636/571 577/641/576 
f 578/642/577 579/643/578 580/644/579 
f 578/642/577 581/645/580 579/643/578 
f 582/646/581 581/645/580 578/642/577 
f 583/647/582 582/646/581 578/642/577 
f 583/647/582 576/640/575 582/646/581 
f 584/648/583 576/640/575 583/647/582 
f 584/648/583 585/649/584 576/640/575 
f 585/649/584 575/639/574 576/640/575 
f 575/639/574 585/649/584 586/650/585 
f 573/637/572 575/639/574 586/650/585 
f 574/638/573 587/651/586 588/652/587 
f 574/638/573 588/652/587 576/640/575 
f 576/640/575 588/652/587 589/653/588 
f 576/640/575 589/653/588 582/646/581 
f 582/646/581 589/653/588 590/654/589 
f 582/646/581 590/654/589 581/645/580 
f 581/645/580 590/654/589 591/655/590 
f 581/645/580 591/655/590 579/643/578 
f 579/643/578 591/655/590 592/656/591 
f 579/643/578 592/656/591 580/644/579 
f 587/651/586 593/657/592 588/652/587 
f 588/652/587 593/657/592 594/658/593 
f 588/652/587 594/658/593 589/653/588 
f 589/653/588 594/658/593 595/659/594 
f 590/654/589 589/653/588 595/659/594 
f 590/654/589 595/659/594 591/655/590 
f 591/655/590 595/659/594 592/656/591 
f 66/385/66 67/387/67 363/386/363 
f 596/384/595 66/385/66 363/386/363 
f 65/383/65 66/385/66 596/384/595 
f 596/384/595 597/381/596 65/383/65 
f 64/382/64 65/383/65 597/381/596 
f 62/379/62 64/382/64 597/381/596 
f 62/379/62 597/381/596 598/380/597 
f 62/379/62 598/380/597 599/378/598 
f 68/377/68 62/379/62 599/378/598 
f 68/377/68 599/378/598 600/376/599 
f 127/374/127 68/377/68 600/376/599 
f 601/375/600 127/374/127 600/376/599 
f 127/374/127 601/375/600 602/375/601 
f 603/660/602 604/661/603 605/662/604 
f 603/660/602 605/662/604 606/663/605 
f 606/663/605 605/662/604 607/664/606 
f 607/664/606 605/662/604 608/665/607 
f 609/666/608 607/664/606 608/665/607 
f 610/667/609 603/660/602 606/663/605 
f 611/668/610 612/669/611 613/670/612 
f 611/668/610 614/671/613 612/669/611 
f 614/671/613 609/666/608 612/669/611 
f 615/672/614 609/666/608 614/671/613 
f 607/664/606 609/666/608 615/672/614 
f 616/673/615 607/664/606 615/672/614 
f 606/663/605 607/664/606 616/673/615 
f 617/674/616 606/663/605 616/673/615 
f 610/667/609 606/663/605 617/674/616 
f 618/675/617 610/667/609 617/674/616 
f 616/673/615 615/672/614 619/676/618 
f 620/677/619 618/675/617 617/674/616 
f 621/678/620 620/677/619 617/674/616 
f 621/678/620 617/674/616 622/679/621 
f 617/674/616 616/673/615 622/679/621 
f 616/673/615 623/680/622 622/679/621 
f 616/673/615 619/676/618 623/680/622 
f 619/676/618 624/681/623 623/680/622 
f 624/681/623 619/676/618 625/682/624 
f 626/683/625 624/681/623 625/682/624 
f 626/683/625 625/682/624 627/684/626 
f 623/680/622 624/681/623 628/685/627 
f 622/679/621 629/686/628 630/687/629 
f 622/679/621 623/680/622 629/686/628 
f 623/680/622 631/688/630 629/686/628 
f 623/680/622 628/685/627 631/688/630 
f 631/688/630 628/685/627 632/689/631 
f 631/688/630 632/689/631 633/690/632 
f 633/690/632 632/689/631 634/691/633 
f 633/690/632 634/691/633 635/692/634 
f 635/692/634 634/691/633 636/693/635 
f 635/692/634 636/693/635 637/694/636 
f 629/686/628 631/688/630 633/690/632 
f 629/686/628 633/690/632 638/695/637 
f 638/695/637 633/690/632 635/692/634 
f 638/695/637 635/692/634 637/694/636 
f 637/694/636 636/693/635 639/696/638 
f 640/697/639 637/694/636 639/696/638 
f 638/695/637 637/694/636 640/697/639 
f 641/698/640 638/695/637 640/697/639 
f 629/686/628 638/695/637 641/698/640 
f 630/687/629 629/686/628 641/698/640 
f 403/442/403 493/699/492 404/443/404 
f 642/700/641 643/701/642 644/702/643 
f 645/703/644 642/700/641 644/702/643 
f 646/704/645 642/700/641 645/703/644 
f 646/704/645 645/703/644 647/705/646 
f 647/705/646 645/703/644 648/706/647 
f 645/703/644 644/702/643 648/706/647 
f 648/706/647 644/702/643 649/707/648 
f 650/708/649 648/706/647 649/707/648 
f 647/705/646 648/706/647 650/708/649 
f 651/709/650 647/705/646 650/708/649 
f 651/709/650 646/704/645 647/705/646 
f 652/710/651 646/704/645 651/709/650 
f 652/710/651 642/700/641 646/704/645 
f 652/710/651 653/711/652 642/700/641 
f 653/711/652 643/701/642 642/700/641 
f 654/712/653 653/711/652 652/710/651 
f 653/711/652 655/713/654 643/701/642 
f 656/714/655 655/713/654 653/711/652 
f 657/715/656 656/714/655 653/711/652 
f 658/716/657 657/715/656 653/711/652 
f 654/712/653 658/716/657 653/711/652 
f 659/717/658 658/716/657 654/712/653 
f 660/718/659 659/717/658 654/712/653 
f 660/718/659 654/712/653 661/719/660 
f 661/719/660 654/712/653 652/710/651 
f 661/719/660 652/710/651 651/709/650 
f 658/716/657 659/717/658 662/720/661 
f 662/720/661 659/717/658 663/721/662 
f 659/717/658 664/722/663 663/721/662 
f 663/721/662 664/722/663 665/723/664 
f 663/721/662 665/723/664 666/724/665 
f 667/725/666 663/721/662 666/724/665 
f 662/720/661 663/721/662 667/725/666 
f 625/682/624 662/720/661 667/725/666 
f 619/676/618 662/720/661 625/682/624 
f 619/676/618 658/716/657 662/720/661 
f 615/672/614 658/716/657 619/676/618 
f 658/716/657 615/672/614 657/715/656 
f 657/715/656 615/672/614 668/726/667 
f 656/714/655 657/715/656 668/726/667 
f 667/725/666 666/724/665 669/727/668 
f 669/727/668 666/724/665 670/728/669 
f 627/684/626 625/682/624 667/725/666 
f 627/684/626 667/725/666 671/729/670 
f 671/729/670 667/725/666 669/727/668 
f 671/729/670 669/727/668 672/730/671 
f 672/730/671 669/727/668 670/728/669 
f 672/730/671 670/728/669 673/731/672 
f 670/728/669 674/732/673 673/731/672 
f 670/728/669 675/733/674 674/732/673 
f 665/723/664 675/733/674 670/728/669 
f 666/724/665 665/723/664 670/728/669 
f 671/729/670 672/730/671 676/734/675 
f 676/734/675 672/730/671 673/731/672 
f 677/735/676 678/736/677 679/737/678 
f 680/738/679 679/737/678 681/739/680 
f 680/738/679 677/735/676 679/737/678 
f 680/738/679 682/740/681 677/735/676 
f 683/741/682 677/735/676 682/740/681 
f 684/742/683 683/741/682 682/740/681 
f 555/612/554 683/741/682 684/742/683 
f 555/612/554 684/742/683 685/743/684 
f 555/612/554 685/743/684 553/610/552 
f 553/610/552 685/743/684 686/744/685 
f 553/610/552 686/744/685 554/611/553 
f 687/745/686 688/746/687 689/747/688 
f 690/748/689 688/746/687 687/745/686 
f 690/748/689 691/749/690 688/746/687 
f 690/748/689 682/740/681 691/749/690 
f 691/749/690 682/740/681 692/750/691 
f 682/740/681 680/738/679 692/750/691 
f 692/750/691 680/738/679 681/739/680 
f 692/750/691 681/739/680 693/751/692 
f 693/751/692 681/739/680 694/752/693 
f 693/751/692 694/752/693 695/753/694 
f 696/754/695 697/755/696 698/756/697 
f 699/757/698 697/755/696 696/754/695 
f 699/757/698 700/758/699 697/755/696 
f 688/746/687 700/758/699 699/757/698 
f 688/746/687 691/749/690 700/758/699 
f 691/749/690 692/750/691 700/758/699 
f 700/758/699 692/750/691 693/751/692 
f 700/758/699 693/751/692 697/755/696 
f 697/755/696 693/751/692 695/753/694 
f 697/755/696 695/753/694 701/759/700 
f 698/756/697 697/755/696 701/759/700 
f 698/756/697 701/759/700 702/760/701 
f 703/761/702 698/756/697 702/760/701 
f 695/753/694 694/752/693 704/762/703 
f 695/753/694 704/762/703 701/759/700 
f 701/759/700 704/762/703 705/763/704 
f 701/759/700 705/763/704 702/760/701 
f 702/760/701 705/763/704 706/764/705 
f 707/765/706 702/760/701 706/764/705 
f 707/765/706 703/761/702 702/760/701 
f 708/766/707 703/761/702 707/765/706 
f 708/766/707 698/756/697 703/761/702 
f 696/754/695 698/756/697 708/766/707 
f 709/767/708 710/768/709 707/769/706 
f 709/767/708 707/769/706 706/770/705 
f 705/763/704 709/767/708 706/770/705 
f 711/771/710 709/767/708 705/763/704 
f 704/762/703 711/771/710 705/763/704 
f 712/772/711 711/771/710 704/762/703 
f 694/752/693 712/772/711 704/762/703 
f 694/752/693 713/773/712 712/772/711 
f 681/739/680 713/773/712 694/752/693 
f 681/739/680 679/737/678 713/773/712 
f 573/637/572 586/650/585 714/774/713 
f 715/775/714 573/637/572 714/774/713 
f 715/775/714 714/774/713 716/776/715 
f 715/775/714 716/776/715 713/773/712 
f 713/773/712 716/776/715 717/777/716 
f 713/773/712 717/777/716 712/772/711 
f 712/772/711 717/777/716 718/778/717 
f 712/772/711 718/778/717 711/771/710 
f 711/771/710 718/778/717 710/768/709 
f 711/771/710 710/768/709 709/767/708 
f 717/777/716 696/779/695 718/778/717 
f 718/778/717 696/779/695 708/780/707 
f 718/778/717 708/780/707 710/768/709 
f 710/768/709 708/780/707 707/769/706 
f 719/781/718 720/782/719 721/783/720 
f 722/784/721 719/781/718 721/783/720 
f 723/785/722 719/781/718 722/784/721 
f 689/786/688 723/785/722 722/784/721 
f 689/786/688 688/787/687 723/785/722 
f 688/787/687 714/774/713 723/785/722 
f 714/774/713 688/787/687 716/776/715 
f 716/776/715 688/787/687 717/777/716 
f 688/787/687 699/788/698 717/777/716 
f 717/777/716 699/788/698 696/779/695 
f 714/774/713 586/650/585 724/789/723 
f 714/774/713 724/789/723 723/785/722 
f 723/785/722 724/789/723 719/781/718 
f 724/789/723 725/790/724 719/781/718 
f 719/781/718 725/790/724 726/791/725 
f 719/781/718 726/791/725 720/782/719 
f 586/650/585 585/649/584 724/789/723 
f 585/649/584 727/792/726 724/789/723 
f 724/789/723 727/792/726 728/793/727 
f 725/790/724 724/789/723 728/793/727 
f 725/790/724 728/793/727 729/794/728 
f 726/791/725 725/790/724 729/794/728 
f 726/791/725 729/794/728 730/795/729 
f 731/796/730 726/791/725 730/795/729 
f 720/782/719 726/791/725 731/796/730 
f 721/783/720 720/782/719 731/796/730 
f 732/797/731 733/798/732 734/799/733 
f 733/798/732 620/800/619 621/801/620 
f 734/799/733 733/798/732 621/801/620 
f 734/799/733 621/801/620 735/802/734 
f 735/802/734 736/803/735 734/799/733 
f 735/802/734 621/801/620 622/804/621 
f 736/803/735 624/805/623 626/806/625 
f 624/805/623 736/803/735 737/807/736 
f 736/803/735 735/802/734 737/807/736 
f 737/807/736 735/802/734 738/808/737 
f 735/802/734 622/804/621 738/808/737 
f 738/808/737 622/804/621 630/809/629 
f 738/808/737 630/809/629 739/810/738 
f 739/810/738 630/809/629 740/811/739 
f 741/812/740 739/810/738 740/811/739 
f 742/813/741 741/812/740 740/811/739 
f 737/807/736 738/808/737 739/810/738 
f 741/812/740 737/807/736 739/810/738 
f 628/814/627 737/807/736 741/812/740 
f 624/805/623 737/807/736 628/814/627 
f 628/814/627 741/812/740 632/815/631 
f 742/813/741 740/811/739 743/816/742 
f 743/816/742 740/811/739 744/817/743 
f 632/815/631 741/812/740 742/813/741 
f 632/815/631 742/813/741 634/818/633 
f 634/818/633 742/813/741 743/816/742 
f 634/818/633 743/816/742 636/819/635 
f 636/819/635 743/816/742 639/820/638 
f 743/816/742 744/817/743 639/820/638 
f 744/817/743 640/821/639 639/820/638 
f 641/822/640 640/821/639 744/817/743 
f 740/811/739 641/822/640 744/817/743 
f 740/811/739 630/809/629 641/822/640 
f 745/823/744 746/824/745 747/825/746 
f 748/826/747 745/823/744 747/825/746 
f 748/826/747 747/825/746 749/827/748 
f 749/827/748 747/825/746 750/828/749 
f 656/714/655 668/726/667 745/823/744 
f 751/829/750 656/714/655 745/823/744 
f 751/829/750 745/823/744 752/830/751 
f 745/823/744 748/826/747 752/830/751 
f 752/830/751 748/826/747 753/831/752 
f 748/826/747 749/827/748 753/831/752 
f 753/831/752 749/827/748 754/832/753 
f 749/827/748 755/833/754 754/832/753 
f 749/827/748 750/828/749 755/833/754 
f 750/828/749 756/834/755 755/833/754 
f 750/828/749 747/825/746 756/834/755 
f 747/825/746 757/835/756 756/834/755 
f 747/825/746 746/824/745 757/835/756 
f 746/824/745 758/836/757 757/835/756 
f 611/668/610 758/836/757 746/824/745 
f 614/671/613 611/668/610 746/824/745 
f 745/823/744 614/671/613 746/824/745 
f 668/726/667 614/671/613 745/823/744 
f 668/726/667 615/672/614 614/671/613 
f 759/837/758 611/668/610 613/670/612 
f 759/837/758 613/670/612 760/838/759 
f 760/838/759 613/670/612 761/839/760 
f 760/838/759 761/839/760 762/840/761 
f 762/840/761 761/839/760 763/841/762 
f 762/840/761 763/841/762 764/842/763 
f 763/841/762 765/843/764 764/842/763 
f 764/842/763 765/843/764 766/844/765 
f 765/843/764 767/845/766 766/844/765 
f 765/843/764 768/846/767 767/845/766 
f 763/841/762 768/846/767 765/843/764 
f 761/839/760 768/846/767 763/841/762 
f 761/839/760 769/847/768 768/846/767 
f 613/670/612 769/847/768 761/839/760 
f 613/670/612 770/848/769 769/847/768 
f 612/669/611 770/848/769 613/670/612 
f 612/669/611 609/666/608 770/848/769 
f 609/666/608 608/665/607 770/848/769 
f 608/665/607 771/849/770 770/848/769 
f 605/662/604 771/849/770 608/665/607 
f 768/846/767 772/850/771 767/845/766 
f 768/846/767 769/847/768 772/850/771 
f 769/847/768 773/851/772 772/850/771 
f 770/848/769 773/851/772 769/847/768 
f 770/848/769 774/852/773 773/851/772 
f 771/849/770 774/852/773 770/848/769 
f 771/849/770 775/853/774 774/852/773 
f 776/854/775 775/853/774 771/849/770 
f 777/855/776 775/853/774 776/854/775 
f 776/854/775 778/856/777 777/855/776 
f 777/855/776 779/857/778 780/858/779 
f 775/853/774 777/855/776 780/858/779 
f 775/853/774 780/858/779 774/852/773 
f 774/852/773 780/858/779 781/859/780 
f 774/852/773 781/859/780 773/851/772 
f 773/851/772 781/859/780 782/860/781 
f 773/851/772 782/860/781 772/850/771 
f 772/850/771 782/860/781 783/861/782 
f 772/850/771 783/861/782 767/845/766 
f 767/845/766 783/861/782 784/862/783 
f 779/857/778 611/863/610 785/864/784 
f 780/858/779 779/857/778 785/864/784 
f 780/858/779 785/864/784 781/859/780 
f 781/859/780 785/864/784 786/865/785 
f 781/859/780 786/865/785 782/860/781 
f 782/860/781 786/865/785 783/861/782 
f 786/865/785 787/866/786 783/861/782 
f 783/861/782 787/866/786 784/862/783 
f 787/866/786 788/867/787 784/862/783 
f 767/845/766 784/862/783 766/868/765 
f 784/862/783 764/869/763 766/868/765 
f 788/867/787 764/869/763 784/862/783 
f 788/867/787 762/870/761 764/869/763 
f 787/866/786 762/870/761 788/867/787 
f 787/866/786 760/871/759 762/870/761 
f 786/865/785 760/871/759 787/866/786 
f 786/865/785 759/872/758 760/871/759 
f 785/864/784 759/872/758 786/865/785 
f 785/864/784 611/863/610 759/872/758 
f 756/873/755 789/874/788 755/875/754 
f 756/873/755 790/876/789 789/874/788 
f 757/877/756 790/876/789 756/873/755 
f 791/878/790 790/876/789 757/877/756 
f 758/879/757 791/878/790 757/877/756 
f 758/879/757 792/880/791 791/878/790 
f 611/863/610 792/880/791 758/879/757 
f 611/863/610 793/881/792 792/880/791 
f 779/857/778 793/881/792 611/863/610 
f 777/855/776 793/881/792 779/857/778 
f 777/855/776 794/882/793 793/881/792 
f 794/882/793 795/883/794 793/881/792 
f 793/881/792 795/883/794 792/880/791 
f 795/883/794 796/884/795 792/880/791 
f 792/880/791 796/884/795 797/885/796 
f 792/880/791 797/885/796 791/878/790 
f 791/878/790 797/885/796 790/876/789 
f 790/876/789 797/885/796 798/886/797 
f 790/876/789 798/886/797 789/874/788 
f 789/874/788 798/886/797 799/887/798 
f 795/883/794 656/888/655 796/884/795 
f 796/884/795 656/888/655 751/889/750 
f 796/884/795 751/889/750 797/885/796 
f 797/885/796 751/889/750 752/890/751 
f 797/885/796 752/890/751 798/886/797 
f 798/886/797 752/890/751 753/891/752 
f 798/886/797 753/891/752 799/887/798 
f 799/887/798 753/891/752 754/892/753 
f 789/874/788 799/887/798 754/892/753 
f 755/875/754 789/874/788 754/892/753 
f 656/888/655 800/893/799 655/894/654 
f 656/888/655 801/895/800 800/893/799 
f 801/895/800 802/896/801 800/893/799 
f 802/896/801 803/897/802 800/893/799 
f 802/896/801 659/898/658 803/897/802 
f 803/897/802 659/898/658 660/899/659 
f 804/900/803 803/897/802 660/899/659 
f 804/900/803 660/899/659 661/901/660 
f 804/900/803 661/901/660 805/902/804 
f 805/902/804 661/901/660 651/903/650 
f 664/904/663 806/905/805 665/906/664 
f 807/907/806 806/905/805 664/904/663 
f 659/898/658 807/907/806 664/904/663 
f 659/898/658 808/908/807 807/907/806 
f 802/896/801 808/908/807 659/898/658 
f 809/909/808 808/908/807 802/896/801 
f 794/882/793 809/909/808 802/896/801 
f 801/895/800 794/882/793 802/896/801 
f 794/882/793 801/895/800 795/883/794 
f 795/883/794 801/895/800 656/888/655 
f 808/908/807 809/909/808 810/910/809 
f 808/908/807 810/910/809 811/911/810 
f 807/907/806 808/908/807 811/911/810 
f 807/907/806 811/911/810 806/905/805 
f 806/905/805 811/911/810 812/912/811 
f 806/905/805 812/912/811 813/913/812 
f 813/913/812 812/912/811 814/914/813 
f 813/913/812 814/914/813 815/915/814 
f 815/915/814 814/914/813 816/916/815 
f 814/914/813 812/912/811 671/917/670 
f 814/914/813 671/917/670 676/918/675 
f 814/914/813 676/918/675 816/916/815 
f 816/916/815 676/918/675 673/919/672 
f 674/920/673 816/916/815 673/919/672 
f 815/915/814 816/916/815 674/920/673 
f 675/921/674 815/915/814 674/920/673 
f 675/921/674 813/913/812 815/915/814 
f 665/906/664 813/913/812 675/921/674 
f 806/905/805 813/913/812 665/906/664 
f 778/856/777 794/882/793 777/855/776 
f 778/856/777 817/922/816 794/882/793 
f 794/882/793 817/922/816 809/909/808 
f 809/909/808 817/922/816 818/923/817 
f 809/909/808 818/923/817 810/910/809 
f 810/910/809 818/923/817 626/806/625 
f 810/910/809 626/806/625 811/911/810 
f 811/911/810 626/806/625 627/924/626 
f 812/912/811 811/911/810 627/924/626 
f 812/912/811 627/924/626 671/917/670 
f 605/662/604 776/854/775 771/849/770 
f 604/661/603 776/854/775 605/662/604 
f 604/661/603 778/856/777 776/854/775 
f 604/661/603 819/925/818 778/856/777 
f 819/925/818 732/797/731 778/856/777 
f 732/797/731 817/922/816 778/856/777 
f 817/922/816 732/797/731 734/799/733 
f 817/922/816 734/799/733 818/923/817 
f 818/923/817 734/799/733 736/803/735 
f 818/923/817 736/803/735 626/806/625 
f 820/926/819 821/927/820 822/928/821 
f 823/929/822 824/930/823 825/931/824 
f 825/931/824 824/930/823 822/928/821 
f 825/931/824 822/928/821 826/932/825 
f 826/932/825 822/928/821 821/927/820 
f 827/933/826 826/932/825 821/927/820 
f 827/933/826 821/927/820 828/934/827 
f 827/933/826 828/934/827 829/935/828 
f 830/936/829 827/933/826 829/935/828 
f 830/936/829 831/937/830 827/933/826 
f 832/938/831 831/937/830 830/936/829 
f 833/939/832 823/929/822 831/937/830 
f 831/937/830 823/929/822 825/931/824 
f 831/937/830 825/931/824 827/933/826 
f 825/931/824 826/932/825 827/933/826 
f 834/940/833 830/936/829 829/935/828 
f 835/941/834 832/938/831 836/942/835 
f 836/942/835 832/938/831 830/936/829 
f 836/942/835 830/936/829 834/940/833 
f 837/943/836 836/942/835 834/940/833 
f 832/938/831 833/939/832 831/937/830 
f 835/941/834 833/939/832 832/938/831 
f 835/941/834 838/944/837 833/939/832 
f 340/945/340 838/944/837 835/941/834 
f 356/946/356 340/945/340 835/941/834 
f 839/947/838 356/946/356 835/941/834 
f 331/948/331 356/946/356 839/947/838 
f 332/949/332 331/948/331 839/947/838 
f 332/949/332 839/947/838 840/950/839 
f 333/951/333 332/949/332 840/950/839 
f 334/952/334 333/951/333 841/953/840 
f 842/954/841 840/950/839 843/955/842 
f 840/950/839 844/956/843 843/955/842 
f 842/954/841 333/951/333 840/950/839 
f 333/951/333 842/954/841 841/953/840 
f 841/953/840 842/954/841 843/955/842 
f 845/957/844 841/953/840 843/955/842 
f 845/957/844 843/955/842 846/958/845 
f 847/959/846 845/957/844 846/958/845 
f 847/959/846 846/958/845 848/960/847 
f 849/961/848 847/959/846 848/960/847 
f 850/962/849 849/961/848 848/960/847 
f 849/961/848 850/962/849 851/963/850 
f 847/959/846 841/953/840 845/957/844 
f 846/958/845 843/955/842 852/964/851 
f 843/955/842 853/965/852 852/964/851 
f 837/943/836 853/965/852 854/966/853 
f 853/965/852 837/943/836 855/967/854 
f 852/964/851 853/965/852 855/967/854 
f 852/964/851 855/967/854 856/968/855 
f 857/969/856 852/964/851 856/968/855 
f 846/958/845 852/964/851 857/969/856 
f 850/962/849 846/958/845 857/969/856 
f 846/958/845 850/962/849 848/960/847 
f 853/965/852 858/970/857 854/966/853 
f 843/955/842 844/956/843 853/965/852 
f 844/956/843 858/970/857 853/965/852 
f 840/950/839 858/970/857 844/956/843 
f 840/950/839 859/971/858 858/970/857 
f 840/950/839 839/947/838 859/971/858 
f 835/941/834 859/971/858 839/947/838 
f 859/971/858 835/941/834 858/970/857 
f 858/970/857 835/941/834 836/942/835 
f 858/970/857 836/942/835 854/966/853 
f 836/942/835 837/943/836 854/966/853 
f 860/972/859 849/961/848 861/973/860 
f 862/974/861 860/972/859 861/973/860 
f 862/974/861 861/973/860 863/975/862 
f 864/976/863 862/974/861 863/975/862 
f 865/977/864 864/976/863 863/975/862 
f 861/973/860 849/961/848 851/963/850 
f 861/973/860 851/963/850 866/978/865 
f 863/975/862 861/973/860 866/978/865 
f 867/979/866 863/975/862 866/978/865 
f 868/980/867 863/975/862 867/979/866 
f 865/977/864 863/975/862 868/980/867 
f 822/981/821 865/977/864 868/980/867 
f 822/981/821 864/976/863 865/977/864 
f 824/982/823 864/976/863 822/981/821 
f 824/982/823 823/983/822 864/976/863 
f 820/984/819 822/981/821 868/980/867 
f 823/983/822 862/974/861 864/976/863 
f 823/983/822 833/985/832 862/974/861 
f 833/985/832 860/972/859 862/974/861 
f 833/985/832 869/986/868 860/972/859 
f 860/972/859 869/986/868 849/961/848 
f 869/986/868 847/959/846 849/961/848 
f 869/986/868 870/987/869 847/959/846 
f 870/987/869 841/953/840 847/959/846 
f 841/953/840 870/987/869 871/988/870 
f 871/988/870 334/952/334 841/953/840 
f 869/986/868 871/988/870 870/987/869 
f 336/989/336 334/952/334 871/988/870 
f 338/990/338 336/989/336 871/988/870 
f 338/990/338 871/988/870 869/986/868 
f 838/991/837 338/990/338 869/986/868 
f 838/991/837 869/986/868 833/985/832 
f 340/992/340 338/990/338 838/991/837 
f 820/993/819 868/994/867 867/995/866 
f 850/996/849 857/997/856 856/998/855 
f 855/999/854 850/996/849 856/998/855 
f 837/1000/836 850/996/849 855/999/854 
f 850/996/849 837/1000/836 834/1001/833 
f 850/996/849 834/1001/833 851/1002/850 
f 851/1002/850 834/1001/833 829/1003/828 
f 866/1004/865 851/1002/850 829/1003/828 
f 867/995/866 866/1004/865 829/1003/828 
f 828/1005/827 867/995/866 829/1003/828 
f 820/993/819 867/995/866 828/1005/827 
f 821/1006/820 820/993/819 828/1005/827 
f 872/1007/871 873/1008/872 874/1009/873 
f 875/1010/874 874/1009/873 873/1008/872 
f 875/1010/874 873/1008/872 876/1011/875 
f 877/1012/876 875/1010/874 876/1011/875 
f 877/1012/876 878/1013/877 875/1010/874 
f 878/1013/877 879/1014/878 875/1010/874 
f 878/1013/877 678/1015/677 879/1014/878 
f 678/1015/677 880/1016/879 879/1014/878 
f 678/1015/677 677/1017/676 880/1016/879 
f 879/1014/878 874/1009/873 875/1010/874 
f 881/1018/880 882/1019/881 883/1020/882 
f 883/1020/882 882/1019/881 872/1007/871 
f 883/1020/882 872/1007/871 884/1021/883 
f 872/1007/871 874/1009/873 884/1021/883 
f 884/1021/883 874/1009/873 885/1022/884 
f 879/1014/878 885/1022/884 874/1009/873 
f 886/1023/885 885/1022/884 879/1014/878 
f 886/1023/885 879/1014/878 880/1016/879 
f 886/1023/885 880/1016/879 887/1024/886 
f 677/1017/676 887/1024/886 880/1016/879 
f 888/1025/887 889/1026/888 890/1027/889 
f 889/1026/888 886/1023/885 890/1027/889 
f 889/1026/888 885/1022/884 886/1023/885 
f 884/1021/883 885/1022/884 889/1026/888 
f 891/1028/890 884/1021/883 889/1026/888 
f 891/1028/890 883/1020/882 884/1021/883 
f 888/1025/887 891/1028/890 889/1026/888 
f 883/1020/882 891/1028/890 892/1029/891 
f 891/1028/890 893/1030/892 892/1029/891 
f 891/1028/890 888/1025/887 893/1030/892 
f 893/1030/892 888/1025/887 894/1031/893 
f 894/1031/893 888/1025/887 890/1027/889 
f 894/1031/893 890/1027/889 895/1032/894 
f 886/1023/885 895/1032/894 890/1027/889 
f 886/1023/885 896/1033/895 895/1032/894 
f 886/1023/885 887/1024/886 896/1033/895 
f 897/1034/896 896/1033/895 887/1024/886 
f 883/1020/882 892/1029/891 898/1035/897 
f 899/1036/898 898/1035/897 892/1029/891 
f 899/1036/898 892/1029/891 893/1030/892 
f 899/1036/898 893/1030/892 900/1037/899 
f 901/1038/900 900/1037/899 893/1030/892 
f 901/1038/900 902/1039/901 900/1037/899 
f 903/1040/902 899/1036/898 900/1037/899 
f 904/1041/903 899/1036/898 903/1040/902 
f 899/1036/898 904/1041/903 898/1035/897 
f 904/1041/903 903/1040/902 905/1042/904 
f 906/1043/905 905/1042/904 903/1040/902 
f 901/1038/900 907/1044/906 902/1039/901 
f 908/1045/907 902/1039/901 907/1044/906 
f 900/1037/899 902/1039/901 908/1045/907 
f 900/1037/899 908/1045/907 909/1046/908 
f 903/1040/902 900/1037/899 909/1046/908 
f 910/1047/909 903/1040/902 909/1046/908 
f 910/1047/909 906/1043/905 903/1040/902 
f 911/1048/910 906/1043/905 910/1047/909 
f 911/1048/910 912/1049/911 906/1043/905 
f 913/1050/912 912/1049/911 911/1048/910 
f 908/1045/907 910/1047/909 909/1046/908 
f 911/1048/910 914/1051/913 915/1052/914 
f 913/1050/912 911/1048/910 915/1052/914 
f 916/1053/915 917/1054/916 918/1055/917 
f 916/1053/915 918/1055/917 907/1044/906 
f 907/1044/906 918/1055/917 919/1056/918 
f 907/1044/906 919/1056/918 920/1057/919 
f 908/1045/907 907/1044/906 920/1057/919 
f 921/1058/920 920/1057/919 919/1056/918 
f 921/1058/920 922/1059/921 920/1057/919 
f 908/1045/907 920/1057/919 922/1059/921 
f 908/1045/907 922/1059/921 923/1060/922 
f 908/1045/907 923/1060/922 910/1047/909 
f 923/1060/922 911/1048/910 910/1047/909 
f 923/1060/922 924/1061/923 911/1048/910 
f 911/1048/910 924/1061/923 914/1051/913 
f 924/1061/923 925/1062/924 914/1051/913 
f 924/1061/923 926/1063/925 925/1062/924 
f 922/1059/921 924/1061/923 923/1060/922 
f 922/1059/921 926/1063/925 924/1061/923 
f 926/1063/925 922/1059/921 921/1058/920 
f 925/1062/924 927/1064/926 928/1065/927 
f 925/1062/924 926/1063/925 927/1064/926 
f 926/1063/925 921/1058/920 927/1064/926 
f 927/1064/926 921/1058/920 929/1066/928 
f 919/1056/918 929/1066/928 921/1058/920 
f 919/1056/918 930/1067/929 929/1066/928 
f 918/1055/917 930/1067/929 919/1056/918 
f 918/1055/917 931/1068/930 930/1067/929 
f 917/1054/916 931/1068/930 918/1055/917 
f 917/1054/916 932/1069/931 931/1068/930 
f 932/1069/931 933/1070/932 931/1068/930 
f 932/1069/931 881/1071/880 933/1070/932 
f 932/1069/931 882/1072/881 881/1071/880 
f 934/1073/933 873/1074/872 872/1075/871 
f 882/1072/881 934/1073/933 872/1075/871 
f 882/1072/881 935/1076/934 934/1073/933 
f 932/1069/931 935/1076/934 882/1072/881 
f 936/1077/935 935/1076/934 932/1069/931 
f 936/1077/935 932/1069/931 917/1054/916 
f 937/1078/936 936/1077/935 917/1054/916 
f 937/1078/936 917/1054/916 916/1053/915 
f 901/1038/900 937/1078/936 916/1053/915 
f 901/1038/900 916/1053/915 907/1044/906 
f 936/1077/935 937/1078/936 938/1079/937 
f 936/1077/935 938/1079/937 939/1080/938 
f 935/1076/934 936/1077/935 939/1080/938 
f 935/1076/934 939/1080/938 934/1073/933 
f 893/1030/892 894/1031/893 901/1038/900 
f 901/1038/900 894/1031/893 937/1078/936 
f 937/1078/936 894/1031/893 895/1032/894 
f 937/1078/936 895/1032/894 938/1079/937 
f 896/1033/895 938/1079/937 895/1032/894 
f 896/1033/895 897/1034/896 938/1079/937 
f 939/1080/938 938/1079/937 897/1034/896 
f 939/1080/938 897/1034/896 940/1081/939 
f 940/1081/939 934/1073/933 939/1080/938 
f 940/1081/939 941/1082/940 934/1073/933 
f 942/1083/941 941/1082/940 940/1081/939 
f 897/1034/896 887/1024/886 943/1084/942 
f 940/1081/939 897/1034/896 943/1084/942 
f 940/1081/939 943/1084/942 944/1085/943 
f 942/1083/941 940/1081/939 944/1085/943 
f 944/1085/943 551/1086/550 942/1083/941 
f 942/1083/941 551/1086/550 877/1087/876 
f 942/1083/941 877/1087/876 876/1088/875 
f 941/1082/940 942/1083/941 876/1088/875 
f 941/1082/940 876/1088/875 873/1074/872 
f 934/1073/933 941/1082/940 873/1074/872 
f 677/1017/676 683/1089/682 887/1024/886 
f 683/1089/682 943/1084/942 887/1024/886 
f 683/1089/682 555/1090/554 943/1084/942 
f 943/1084/942 555/1090/554 552/1091/551 
f 943/1084/942 552/1091/551 944/1085/943 
f 944/1085/943 552/1091/551 551/1086/550 
f 128/1092/128 538/1093/537 289/1094/289 
f 945/1095/944 946/1096/945 947/1097/946 
f 948/1098/947 946/1096/945 945/1095/944 
f 948/1098/947 949/1099/948 946/1096/945 
f 538/1093/537 949/1099/948 948/1098/947 
f 538/1093/537 950/1100/949 949/1099/948 
f 128/1092/128 950/1100/949 538/1093/537 
f 950/1100/949 128/1092/128 127/1101/127 
f 950/1100/949 127/1101/127 602/1102/601 
f 950/1100/949 602/1102/601 951/1103/950 
f 950/1100/949 951/1103/950 949/1099/948 
f 949/1099/948 951/1103/950 952/1104/951 
f 949/1099/948 952/1104/951 946/1096/945 
f 946/1096/945 952/1104/951 953/1105/952 
f 946/1096/945 953/1105/952 947/1097/946 
f 947/1097/946 953/1105/952 954/1106/953 
f 947/1097/946 954/1106/953 955/1107/954 
f 955/1107/954 954/1106/953 956/1108/955 
f 955/1107/954 956/1108/955 957/1109/956 
f 2/2/2 957/1109/956 956/1108/955 
f 957/1109/956 2/2/2 958/1110/957 
f 959/1111/958 960/1112/959 961/1113/960 
f 960/1112/959 962/1114/961 961/1113/960 
f 961/1113/960 962/1114/961 957/1109/956 
f 963/1115/962 957/1109/956 962/1114/961 
f 957/1109/956 963/1115/962 964/1116/963 
f 965/1117/964 957/1109/956 964/1116/963 
f 965/1117/964 955/1107/954 957/1109/956 
f 966/1118/965 955/1107/954 965/1117/964 
f 966/1118/965 947/1097/946 955/1107/954 
f 945/1095/944 947/1097/946 966/1118/965 
f 465/1119/465 959/1111/958 505/1120/504 
f 505/1120/504 959/1111/958 961/1113/960 
f 498/1121/497 505/1120/504 961/1113/960 
f 958/1110/957 967/1122/966 968/1123/967 
f 958/1110/957 968/1123/967 957/1109/956 
f 968/1123/967 961/1113/960 957/1109/956 
f 969/1124/968 961/1113/960 968/1123/967 
f 969/1124/968 498/1121/497 961/1113/960 
f 970/1125/969 498/1121/497 969/1124/968 
f 970/1125/969 969/1124/968 967/1122/966 
f 967/1122/966 969/1124/968 968/1123/967 
f 971/1126/970 958/1110/957 2/2/2 
f 967/1122/966 958/1110/957 971/1126/970 
f 972/1127/971 967/1122/966 971/1126/970 
f 970/1125/969 967/1122/966 972/1127/971 
f 973/1128/972 970/1125/969 972/1127/971 
f 973/1128/972 498/1121/497 970/1125/969 
f 496/1129/495 498/1121/497 973/1128/972 
f 974/1130/973 496/1129/495 973/1128/972 
f 494/1131/493 496/1129/495 974/1130/973 
f 975/1132/974 494/1131/493 974/1130/973 
f 976/1133/975 975/1132/974 977/1134/976 
f 975/1132/974 974/1130/973 977/1134/976 
f 977/1134/976 974/1130/973 1/1/1 
f 974/1130/973 973/1128/972 1/1/1 
f 1/1/1 973/1128/972 978/1135/977 
f 973/1128/972 972/1127/971 978/1135/977 
f 978/1135/977 972/1127/971 971/1126/970 
f 978/1135/977 971/1126/970 2/2/2 
f 1/1/1 978/1135/977 2/2/2 
f 525/1136/524 494/1131/493 975/1132/974 
f 979/1137/978 525/1136/524 975/1132/974 
f 979/1137/978 975/1132/974 976/1133/975 
f 980/1138/979 979/1137/978 976/1133/975 
f 979/1137/978 980/1138/979 981/1139/980 
f 982/1140/981 979/1137/978 981/1139/980 
f 525/1136/524 979/1137/978 982/1140/981 
f 457/1141/457 525/1136/524 982/1140/981 
f 457/1141/457 982/1140/981 983/1142/982 
f 459/1143/459 457/1141/457 983/1142/982 
f 459/1143/459 983/1142/982 984/1144/983 
f 465/1119/465 459/1143/459 984/1144/983 
f 465/1119/465 984/1144/983 985/1145/984 
f 465/1119/465 985/1145/984 959/1111/958 
f 959/1111/958 985/1145/984 960/1112/959 
f 960/1112/959 985/1145/984 986/1146/985 
f 985/1145/984 984/1144/983 986/1146/985 
f 982/1140/981 981/1139/980 987/1147/986 
f 982/1140/981 987/1147/986 988/1148/987 
f 982/1140/981 988/1148/987 983/1142/982 
f 983/1142/982 988/1148/987 989/1149/988 
f 984/1144/983 983/1142/982 989/1149/988 
f 984/1144/983 989/1149/988 990/1150/989 
f 986/1146/985 984/1144/983 990/1150/989 
f 986/1146/985 990/1150/989 991/1151/990 
f 960/1112/959 986/1146/985 991/1151/990 
f 962/1114/961 960/1112/959 991/1151/990 
f 962/1114/961 991/1151/990 963/1115/962 
f 991/1151/990 990/1150/989 963/1115/962 
f 990/1150/989 989/1149/988 963/1115/962 
f 927/1064/926 929/1066/928 992/1152/991 
f 928/1065/927 927/1064/926 992/1152/991 
f 928/1065/927 992/1152/991 993/1153/992 
f 994/1154/993 993/1153/992 992/1152/991 
f 995/1155/994 994/1154/993 992/1152/991 
f 995/1155/994 992/1152/991 929/1066/928 
f 929/1066/928 996/1156/995 995/1155/994 
f 929/1066/928 930/1067/929 996/1156/995 
f 931/1068/930 996/1156/995 930/1067/929 
f 931/1068/930 933/1070/932 996/1156/995 
f 997/1157/996 998/1158/997 999/1159/998 
f 997/1157/996 999/1159/998 1000/1160/999 
f 1000/1160/999 999/1159/998 1001/1161/1000 
f 1000/1160/999 1001/1161/1000 1002/1162/1001 
f 1002/1162/1001 1001/1161/1000 1003/1163/1002 
f 1002/1162/1001 1003/1163/1002 1004/1164/1003 
f 1005/1165/1004 1004/1164/1003 1003/1163/1002 
f 1006/1166/1005 1004/1164/1003 1005/1165/1004 
f 1005/1165/1004 1003/1163/1002 1007/1167/1006 
f 1008/1168/1007 1002/1162/1001 1004/1164/1003 
f 1006/1166/1005 1008/1168/1007 1004/1164/1003 
f 1009/1169/1008 1008/1168/1007 1006/1166/1005 
f 1009/1169/1008 1006/1166/1005 1010/1170/1009 
f 980/1171/979 1010/1170/1009 1006/1166/1005 
f 1005/1165/1004 980/1171/979 1006/1166/1005 
f 1005/1165/1004 981/1172/980 980/1171/979 
f 1005/1165/1004 987/1173/986 981/1172/980 
f 1005/1165/1004 1007/1167/1006 987/1173/986 
f 1007/1167/1006 988/1174/987 987/1173/986 
f 980/1171/979 976/1175/975 1010/1170/1009 
f 977/1176/976 1010/1170/1009 976/1175/975 
f 1011/1177/1010 1000/1160/999 1002/1162/1001 
f 1011/1177/1010 1002/1162/1001 1012/1178/1011 
f 1008/1168/1007 1012/1178/1011 1002/1162/1001 
f 1013/1179/1012 1012/1178/1011 1008/1168/1007 
f 1013/1179/1012 1008/1168/1007 1009/1169/1008 
f 1014/1180/1013 1013/1179/1012 1009/1169/1008 
f 1014/1180/1013 1009/1169/1008 1010/1170/1009 
f 1014/1180/1013 1010/1170/1009 1015/1181/1014 
f 977/1176/976 1015/1181/1014 1010/1170/1009 
f 1/1182/1 1015/1181/1014 977/1176/976 
f 1016/1183/1015 1017/1184/1016 1018/1185/1017 
f 1016/1183/1015 1018/1185/1017 1019/1186/1018 
f 1020/1187/1019 1016/1183/1015 1019/1186/1018 
f 1020/1187/1019 1019/1186/1018 1013/1179/1012 
f 1014/1180/1013 1020/1187/1019 1013/1179/1012 
f 1014/1180/1013 1015/1181/1014 1/1182/1 
f 1014/1180/1013 1/1182/1 1021/1188/1020 
f 1020/1187/1019 1014/1180/1013 1021/1188/1020 
f 1020/1187/1019 1021/1188/1020 1022/1189/1021 
f 1022/1189/1021 1016/1183/1015 1020/1187/1019 
f 1022/1189/1021 1023/1190/1022 1016/1183/1015 
f 1016/1183/1015 1023/1190/1022 1024/1191/1023 
f 1016/1183/1015 1024/1191/1023 1017/1184/1016 
f 1024/1191/1023 1025/1192/1024 1017/1184/1016 
f 1018/1185/1017 1017/1184/1016 1025/1192/1024 
f 1026/1193/1025 1027/1194/1026 1028/1195/1027 
f 1029/1196/1028 1027/1194/1026 1026/1193/1025 
f 1029/1196/1028 1026/1193/1025 1025/1192/1024 
f 1025/1192/1024 1030/1197/1029 1029/1196/1028 
f 1024/1191/1023 1030/1197/1029 1025/1192/1024 
f 1026/1193/1025 1018/1185/1017 1025/1192/1024 
f 1026/1193/1025 1031/1198/1030 1018/1185/1017 
f 1031/1198/1030 1026/1193/1025 1028/1195/1027 
f 1031/1198/1030 1028/1195/1027 1032/1199/1031 
f 1033/1200/1032 1032/1199/1031 1028/1195/1027 
f 1033/1200/1032 1034/1201/1033 1032/1199/1031 
f 1035/1202/1034 1034/1201/1033 1033/1200/1032 
f 1035/1202/1034 1036/1203/1035 1034/1201/1033 
f 1035/1202/1034 1037/1204/1036 1036/1203/1035 
f 1036/1203/1035 1037/1204/1036 1038/1205/1037 
f 1036/1203/1035 1039/1206/1038 1034/1201/1033 
f 1040/1207/1039 1041/1208/1040 1042/1209/1041 
f 1040/1207/1039 1043/1210/1042 1041/1208/1040 
f 1044/1211/1043 1043/1210/1042 1040/1207/1039 
f 1044/1211/1043 1045/1212/1044 1043/1210/1042 
f 1039/1206/1038 1045/1212/1044 1044/1211/1043 
f 1039/1206/1038 1046/1213/1045 1045/1212/1044 
f 1036/1203/1035 1046/1213/1045 1039/1206/1038 
f 1036/1203/1035 1038/1205/1037 1046/1213/1045 
f 1038/1205/1037 1045/1212/1044 1046/1213/1045 
f 1038/1205/1037 1047/1214/1046 1045/1212/1044 
f 1047/1214/1046 1043/1210/1042 1045/1212/1044 
f 1047/1214/1046 1048/1215/1047 1043/1210/1042 
f 1048/1215/1047 1041/1208/1040 1043/1210/1042 
f 1048/1215/1047 1049/1216/1048 1041/1208/1040 
f 1050/1217/1049 1041/1208/1040 1049/1216/1048 
f 1050/1217/1049 1051/1218/1050 1041/1208/1040 
f 1052/1219/1051 1041/1208/1040 1051/1218/1050 
f 1051/1218/1050 1053/1220/1052 1052/1219/1051 
f 1052/1219/1051 1053/1220/1052 1054/1221/1053 
f 1053/1220/1052 1055/1222/1054 1054/1221/1053 
f 1056/1223/1055 1050/1217/1049 359/1224/359 
f 1056/1223/1055 1051/1218/1050 1050/1217/1049 
f 1056/1223/1055 1057/1225/1056 1051/1218/1050 
f 1051/1218/1050 1057/1225/1056 1053/1220/1052 
f 1057/1225/1056 1058/1226/1057 1053/1220/1052 
f 1053/1220/1052 1058/1226/1057 1055/1222/1054 
f 1058/1226/1057 965/1227/964 1055/1222/1054 
f 965/1227/964 1059/1228/1058 1055/1222/1054 
f 965/1227/964 964/1229/963 1059/1228/1058 
f 963/1230/962 1059/1228/1058 964/1229/963 
f 1058/1226/1057 966/1231/965 965/1227/964 
f 966/1231/965 1058/1226/1057 1060/1232/1059 
f 1057/1225/1056 1060/1232/1059 1058/1226/1057 
f 1060/1232/1059 1057/1225/1056 1056/1223/1055 
f 1060/1232/1059 1056/1223/1055 1061/1233/1060 
f 945/1234/944 1060/1232/1059 1061/1233/1060 
f 945/1234/944 1061/1233/1060 948/1235/947 
f 538/1236/537 948/1235/947 1061/1233/1060 
f 538/1236/537 1061/1233/1060 357/1237/357 
f 1061/1233/1060 1062/1238/1061 357/1237/357 
f 1061/1233/1060 1056/1223/1055 1062/1238/1061 
f 1056/1223/1055 359/1224/359 1062/1238/1061 
f 966/1231/965 1060/1232/1059 945/1234/944 
f 1038/1205/1037 1037/1204/1036 596/1239/595 
f 1038/1205/1037 596/1239/595 363/1240/363 
f 362/1241/362 1038/1205/1037 363/1240/363 
f 362/1241/362 1047/1214/1046 1038/1205/1037 
f 361/1242/361 1047/1214/1046 362/1241/362 
f 361/1242/361 1048/1215/1047 1047/1214/1046 
f 1048/1215/1047 361/1242/361 360/1243/360 
f 1048/1215/1047 360/1243/360 1049/1216/1048 
f 359/1224/359 1049/1216/1048 360/1243/360 
f 359/1224/359 1050/1217/1049 1049/1216/1048 
f 1037/1204/1036 597/1244/596 596/1239/595 
f 1037/1204/1036 1063/1245/1062 597/1244/596 
f 598/1246/597 597/1244/596 1063/1245/1062 
f 598/1246/597 1063/1245/1062 1064/1247/1063 
f 1064/1247/1063 599/1248/598 598/1246/597 
f 1064/1247/1063 1065/1249/1064 599/1248/598 
f 1066/1250/1065 1065/1249/1064 1064/1247/1063 
f 1066/1250/1065 1067/1251/1066 1065/1249/1064 
f 1066/1250/1065 1068/1252/1067 1067/1251/1066 
f 1069/1253/1068 1067/1251/1066 1068/1252/1067 
f 1066/1250/1065 1064/1247/1063 1063/1245/1062 
f 1035/1202/1034 1063/1245/1062 1037/1204/1036 
f 1066/1250/1065 1063/1245/1062 1035/1202/1034 
f 1066/1250/1065 1035/1202/1034 1033/1200/1032 
f 1066/1250/1065 1033/1200/1032 1070/1254/1069 
f 1066/1250/1065 1070/1254/1069 1068/1252/1067 
f 1071/1255/1070 1068/1252/1067 1070/1254/1069 
f 1072/1256/1071 1068/1252/1067 1071/1255/1070 
f 1072/1256/1071 1071/1255/1070 1073/1257/1072 
f 1072/1256/1071 1073/1257/1072 1074/1258/1073 
f 1075/1259/1074 1074/1258/1073 1073/1257/1072 
f 1071/1255/1070 1070/1254/1069 1076/1260/1075 
f 1077/1261/1076 1076/1260/1075 1070/1254/1069 
f 1077/1261/1076 1070/1254/1069 1033/1200/1032 
f 1028/1195/1027 1077/1261/1076 1033/1200/1032 
f 1078/1262/1077 1079/1263/1078 1080/1264/1079 
f 1078/1262/1077 1081/1265/1080 1079/1263/1078 
f 1081/1265/1080 1078/1262/1077 1074/1258/1073 
f 1081/1265/1080 1074/1258/1073 1082/1266/1081 
f 1075/1259/1074 1082/1266/1081 1074/1258/1073 
f 1030/1267/1029 1082/1266/1081 1075/1259/1074 
f 1029/1268/1028 1030/1267/1029 1075/1259/1074 
f 1078/1262/1077 1080/1264/1079 1083/1269/1082 
f 1024/1270/1023 1023/1271/1022 1079/1263/1078 
f 1024/1270/1023 1079/1263/1078 1081/1265/1080 
f 1081/1265/1080 1030/1267/1029 1024/1270/1023 
f 1081/1265/1080 1082/1266/1081 1030/1267/1029 
f 1084/1272/1083 1085/1273/1084 952/1274/951 
f 1085/1273/1084 953/1275/952 952/1274/951 
f 1085/1273/1084 1086/1276/1085 953/1275/952 
f 954/1277/953 953/1275/952 1086/1276/1085 
f 954/1277/953 1086/1276/1085 1087/1278/1086 
f 1088/1279/1087 954/1277/953 1087/1278/1086 
f 1083/1269/1082 1088/1279/1087 1087/1278/1086 
f 1089/1280/1088 1088/1279/1087 1083/1269/1082 
f 1089/1280/1088 1083/1269/1082 1080/1264/1079 
f 1079/1263/1078 1089/1280/1088 1080/1264/1079 
f 1079/1263/1078 1090/1281/1089 1089/1280/1088 
f 1090/1281/1089 1091/1282/1090 1089/1280/1088 
f 1088/1279/1087 956/1283/955 954/1277/953 
f 1088/1279/1087 2/1284/2 956/1283/955 
f 1088/1279/1087 1089/1280/1088 2/1284/2 
f 1089/1280/1088 3/1285/3 2/1284/2 
f 1089/1280/1088 1091/1282/1090 3/1285/3 
f 3/1285/3 1091/1282/1090 1021/1286/1020 
f 1090/1281/1089 1021/1286/1020 1091/1282/1090 
f 1090/1281/1089 1022/1287/1021 1021/1286/1020 
f 1090/1281/1089 1023/1271/1022 1022/1287/1021 
f 1090/1281/1089 1079/1263/1078 1023/1271/1022 
f 3/1285/3 1021/1286/1020 1/1288/1 
f 1092/1289/1091 1093/1290/1092 1094/1291/1093 
f 1095/1292/1094 1092/1289/1091 1094/1291/1093 
f 1095/1292/1094 1096/1293/1095 1092/1289/1091 
f 618/1294/617 1096/1293/1095 1095/1292/1094 
f 618/1294/617 620/1295/619 1096/1293/1095 
f 1097/1296/1096 1098/1297/1097 1099/1298/1098 
f 1093/1290/1092 1099/1298/1098 1098/1297/1097 
f 1093/1290/1092 1100/1299/1099 1099/1298/1098 
f 1092/1289/1091 1100/1299/1099 1093/1290/1092 
f 1101/1300/1100 1100/1299/1099 1092/1289/1091 
f 1101/1300/1100 1092/1289/1091 1096/1293/1095 
f 1101/1300/1100 1096/1293/1095 1102/1301/1101 
f 620/1295/619 1102/1301/1101 1096/1293/1095 
f 620/1295/619 733/1302/732 1102/1301/1101 
f 733/1302/732 1103/1303/1102 1102/1301/1101 
f 1103/1303/1102 1101/1300/1100 1102/1301/1101 
f 1099/1298/1098 1100/1299/1099 1104/1304/1103 
f 1101/1300/1100 1104/1304/1103 1100/1299/1099 
f 1105/1305/1104 1104/1304/1103 1101/1300/1100 
f 1103/1303/1102 1105/1305/1104 1101/1300/1100 
f 1106/1306/1105 1105/1305/1104 1103/1303/1102 
f 1107/1307/1106 1097/1296/1096 1108/1308/1107 
f 1097/1296/1096 1099/1298/1098 1108/1308/1107 
f 1108/1308/1107 1099/1298/1098 1109/1309/1108 
f 1099/1298/1098 1104/1304/1103 1109/1309/1108 
f 1109/1309/1108 1104/1304/1103 1110/1310/1109 
f 1105/1305/1104 1110/1310/1109 1104/1304/1103 
f 1111/1311/1110 1110/1310/1109 1105/1305/1104 
f 1106/1306/1105 1111/1311/1110 1105/1305/1104 
f 1106/1306/1105 1112/1312/1111 1111/1311/1110 
f 1106/1306/1105 1113/1313/1112 1112/1312/1111 
f 1114/1314/1113 1112/1312/1111 1113/1313/1112 
f 1114/1314/1113 1115/1315/1114 1112/1312/1111 
f 1115/1315/1114 1116/1316/1115 1112/1312/1111 
f 1112/1312/1111 1116/1316/1115 1117/1317/1116 
f 1112/1312/1111 1117/1317/1116 1111/1311/1110 
f 1111/1311/1110 1117/1317/1116 1110/1310/1109 
f 1118/1318/1117 1109/1309/1108 1119/1319/1118 
f 1109/1309/1108 1110/1310/1109 1119/1319/1118 
f 1110/1310/1109 1120/1320/1119 1119/1319/1118 
f 1110/1310/1109 1117/1317/1116 1120/1320/1119 
f 1117/1317/1116 1121/1321/1120 1120/1320/1119 
f 1117/1317/1116 1116/1316/1115 1121/1321/1120 
f 1121/1321/1120 1116/1316/1115 1122/1322/1121 
f 1115/1315/1114 1122/1322/1121 1116/1316/1115 
f 1123/1323/1122 1122/1322/1121 1115/1315/1114 
f 1123/1323/1122 1115/1315/1114 1114/1314/1113 
f 1123/1323/1122 1114/1314/1113 1124/1324/1123 
f 1124/1324/1123 618/1325/617 1095/1326/1094 
f 1094/1327/1093 1124/1324/1123 1095/1326/1094 
f 1094/1327/1093 1123/1323/1122 1124/1324/1123 
f 1094/1327/1093 1125/1328/1124 1123/1323/1122 
f 1123/1323/1122 1125/1328/1124 1122/1322/1121 
f 1126/1329/1125 1122/1322/1121 1125/1328/1124 
f 1121/1321/1120 1122/1322/1121 1126/1329/1125 
f 1121/1321/1120 1126/1329/1125 1127/1330/1126 
f 1121/1321/1120 1127/1330/1126 1128/1331/1127 
f 1128/1331/1127 1127/1330/1126 1129/1332/1128 
f 1094/1327/1093 1093/1333/1092 1125/1328/1124 
f 1125/1328/1124 1093/1333/1092 1098/1334/1097 
f 1130/1335/1129 1098/1334/1097 1097/1336/1096 
f 1130/1335/1129 1131/1337/1130 1098/1334/1097 
f 1125/1328/1124 1098/1334/1097 1131/1337/1130 
f 1126/1329/1125 1125/1328/1124 1131/1337/1130 
f 1131/1337/1130 1127/1330/1126 1126/1329/1125 
f 1131/1337/1130 1130/1335/1129 1127/1330/1126 
f 1129/1332/1128 1127/1330/1126 1130/1335/1129 
f 1132/1338/1131 1128/1331/1127 1133/1339/1132 
f 1128/1331/1127 1129/1332/1128 1133/1339/1132 
f 1129/1332/1128 1134/1340/1133 1133/1339/1132 
f 1134/1340/1133 1132/1338/1131 1133/1339/1132 
f 1134/1340/1133 1135/1341/1134 1132/1338/1131 
f 1136/1342/1135 1132/1338/1131 1135/1341/1134 
f 1137/1343/1136 1136/1342/1135 1135/1341/1134 
f 1137/1343/1136 1138/1344/1137 1136/1342/1135 
f 1075/1345/1074 1138/1344/1137 1137/1343/1136 
f 1139/1346/1138 1138/1344/1137 1075/1345/1074 
f 1139/1346/1138 1075/1345/1074 1073/1347/1072 
f 1075/1345/1074 1137/1343/1136 1029/1348/1028 
f 1029/1348/1028 1137/1343/1136 1140/1349/1139 
f 1140/1349/1139 1137/1343/1136 1135/1341/1134 
f 1140/1349/1139 1135/1341/1134 1134/1340/1133 
f 1141/1350/1140 1140/1349/1139 1134/1340/1133 
f 1129/1332/1128 1141/1350/1140 1134/1340/1133 
f 1142/1351/1141 1141/1350/1140 1129/1332/1128 
f 1129/1332/1128 1130/1335/1129 1142/1351/1141 
f 1130/1335/1129 1107/1352/1106 1142/1351/1141 
f 1130/1335/1129 1097/1336/1096 1107/1352/1106 
f 1141/1350/1140 1143/1353/1142 1077/1354/1076 
f 1141/1350/1140 1077/1354/1076 1144/1355/1143 
f 1141/1350/1140 1144/1355/1143 1140/1349/1139 
f 1140/1349/1139 1144/1355/1143 1028/1356/1027 
f 1140/1349/1139 1028/1356/1027 1027/1357/1026 
f 1029/1348/1028 1140/1349/1139 1027/1357/1026 
f 1144/1355/1143 1077/1354/1076 1028/1356/1027 
f 1142/1351/1141 1143/1353/1142 1141/1350/1140 
f 1143/1353/1142 1142/1351/1141 1107/1352/1106 
f 1143/1353/1142 1107/1352/1106 1145/1358/1144 
f 1145/1358/1144 1077/1354/1076 1143/1353/1142 
f 1145/1358/1144 1076/1359/1075 1077/1354/1076 
f 1146/1360/1145 914/1361/913 925/1362/924 
f 1146/1360/1145 1147/1363/1146 1148/1364/1147 
f 1146/1360/1145 1149/1365/1148 1147/1363/1146 
f 1149/1365/1148 1146/1360/1145 925/1362/924 
f 1150/1366/1149 1149/1365/1148 925/1362/924 
f 1150/1366/1149 925/1362/924 928/1367/927 
f 928/1367/927 1054/1221/1053 1150/1366/1149 
f 928/1367/927 993/1368/992 1054/1221/1053 
f 1052/1219/1051 1054/1221/1053 993/1368/992 
f 1042/1209/1041 1052/1219/1051 993/1368/992 
f 1052/1219/1051 1042/1209/1041 1041/1208/1040 
f 1042/1209/1041 993/1368/992 994/1369/993 
f 1150/1366/1149 1054/1221/1053 1055/1222/1054 
f 1150/1366/1149 1055/1222/1054 1151/1370/1150 
f 1152/1371/1151 1150/1366/1149 1151/1370/1150 
f 1151/1370/1150 1153/1372/1152 1152/1371/1151 
f 1154/1373/1153 1152/1371/1151 1153/1372/1152 
f 1155/1374/1154 1154/1373/1153 1153/1372/1152 
f 1154/1373/1153 1155/1374/1154 1055/1222/1054 
f 1151/1370/1150 1055/1222/1054 1155/1374/1154 
f 1155/1374/1154 1153/1372/1152 1151/1370/1150 
f 1150/1366/1149 1147/1363/1146 1149/1365/1148 
f 1150/1366/1149 1152/1371/1151 1147/1363/1146 
f 1156/1375/1155 1147/1363/1146 1152/1371/1151 
f 1156/1375/1155 1152/1371/1151 1157/1376/1156 
f 1154/1373/1153 1157/1376/1156 1152/1371/1151 
f 1154/1373/1153 1158/1377/1157 1157/1376/1156 
f 1059/1228/1058 1158/1377/1157 1154/1373/1153 
f 1059/1228/1058 1154/1373/1153 1055/1222/1054 
f 1159/1378/1158 1160/1379/1159 1158/1377/1157 
f 1158/1377/1157 1160/1379/1159 1156/1375/1155 
f 1158/1377/1157 1156/1375/1155 1157/1376/1156 
f 963/1230/962 1158/1377/1157 1059/1228/1058 
f 989/1380/988 1158/1377/1157 963/1230/962 
f 989/1380/988 1159/1378/1158 1158/1377/1157 
f 1161/1381/1160 1159/1378/1158 989/1380/988 
f 1161/1381/1160 1160/1379/1159 1159/1378/1158 
f 1161/1381/1160 1162/1382/1161 1160/1379/1159 
f 1163/1383/1162 1160/1379/1159 1162/1382/1161 
f 1163/1383/1162 1156/1375/1155 1160/1379/1159 
f 1156/1375/1155 1163/1383/1162 1148/1364/1147 
f 1156/1375/1155 1148/1364/1147 1147/1363/1146 
f 1161/1381/1160 989/1380/988 988/1384/987 
f 1164/1385/1163 1165/1386/1164 1166/1387/1165 
f 1166/1387/1165 1167/1388/1166 1164/1385/1163 
f 1167/1388/1166 1120/1320/1119 1168/1389/1167 
f 1167/1388/1166 1119/1319/1118 1120/1320/1119 
f 1118/1318/1117 1119/1319/1118 1167/1388/1166 
f 1166/1387/1165 1118/1318/1117 1167/1388/1166 
f 1169/1390/1168 1118/1318/1117 1166/1387/1165 
f 1170/1391/1169 1169/1390/1168 1166/1387/1165 
f 1170/1391/1169 1166/1387/1165 1165/1386/1164 
f 1170/1391/1169 1165/1386/1164 1139/1346/1138 
f 1165/1386/1164 1138/1344/1137 1139/1346/1138 
f 1165/1386/1164 1136/1342/1135 1138/1344/1137 
f 1170/1391/1169 1139/1346/1138 1171/1392/1170 
f 1171/1392/1170 1139/1346/1138 1073/1347/1072 
f 1171/1392/1170 1073/1347/1072 1071/1393/1070 
f 1071/1393/1070 1076/1394/1075 1171/1392/1170 
f 1171/1392/1170 1076/1394/1075 1145/1395/1144 
f 1171/1392/1170 1145/1395/1144 1170/1391/1169 
f 1107/1307/1106 1170/1391/1169 1145/1395/1144 
f 1107/1307/1106 1169/1390/1168 1170/1391/1169 
f 1107/1307/1106 1108/1308/1107 1169/1390/1168 
f 1169/1390/1168 1108/1308/1107 1118/1318/1117 
f 1108/1308/1107 1109/1309/1108 1118/1318/1117 
f 996/1396/995 1172/1397/1171 995/1398/994 
f 1173/1399/1172 995/1398/994 1172/1397/1171 
f 1173/1399/1172 994/1400/993 995/1398/994 
f 1173/1399/1172 912/1049/911 913/1050/912 
f 1173/1399/1172 906/1043/905 912/1049/911 
f 1173/1399/1172 1172/1397/1171 906/1043/905 
f 906/1043/905 1172/1397/1171 905/1042/904 
f 996/1396/995 905/1042/904 1172/1397/1171 
f 996/1396/995 904/1041/903 905/1042/904 
f 996/1396/995 933/1401/932 904/1041/903 
f 881/1018/880 904/1041/903 933/1401/932 
f 881/1018/880 898/1035/897 904/1041/903 
f 881/1018/880 883/1020/882 898/1035/897 
f 1174/1402/1173 1175/1403/1174 1176/1404/1175 
f 1013/1179/1012 1011/1177/1010 1012/1178/1011 
f 1013/1179/1012 1019/1186/1018 1011/1177/1010 
f 1019/1186/1018 1177/1405/1176 1011/1177/1010 
f 1019/1186/1018 1018/1185/1017 1177/1405/1176 
f 1018/1185/1017 1175/1403/1174 1177/1405/1176 
f 1018/1185/1017 1031/1198/1030 1175/1403/1174 
f 1175/1403/1174 1031/1198/1030 1032/1199/1031 
f 1175/1403/1174 1032/1199/1031 1176/1404/1175 
f 1176/1404/1175 1032/1199/1031 1034/1201/1033 
f 1176/1404/1175 1034/1201/1033 1039/1206/1038 
f 1044/1211/1043 1176/1404/1175 1039/1206/1038 
f 1044/1211/1043 1174/1402/1173 1176/1404/1175 
f 1174/1402/1173 1044/1211/1043 1040/1207/1039 
f 1042/1209/1041 994/1369/993 1173/1406/1172 
f 1042/1209/1041 1173/1406/1172 1040/1207/1039 
f 1173/1406/1172 913/1407/912 1040/1207/1039 
f 1174/1402/1173 1040/1207/1039 913/1407/912 
f 913/1407/912 1178/1408/1177 1174/1402/1173 
f 1174/1402/1173 1178/1408/1177 1175/1403/1174 
f 1175/1403/1174 1178/1408/1177 997/1157/996 
f 1175/1403/1174 997/1157/996 1177/1405/1176 
f 1177/1405/1176 997/1157/996 1000/1160/999 
f 1177/1405/1176 1000/1160/999 1011/1177/1010 
f 997/1157/996 1179/1409/1178 1180/1410/1179 
f 997/1157/996 1178/1408/1177 1179/1409/1178 
f 913/1407/912 1179/1409/1178 1178/1408/1177 
f 915/1411/914 1179/1409/1178 913/1407/912 
f 1179/1409/1178 915/1411/914 914/1412/913 
f 1179/1409/1178 914/1412/913 1180/1410/1179 
f 1146/1413/1145 1180/1410/1179 914/1412/913 
f 1180/1410/1179 1146/1413/1145 1148/1414/1147 
f 988/1174/987 1007/1167/1006 1003/1163/1002 
f 988/1174/987 1003/1163/1002 1161/1415/1160 
f 1161/1415/1160 1003/1163/1002 1001/1161/1000 
f 1161/1415/1160 1001/1161/1000 1162/1416/1161 
f 999/1159/998 1162/1416/1161 1001/1161/1000 
f 999/1159/998 1163/1417/1162 1162/1416/1161 
f 1148/1414/1147 1163/1417/1162 999/1159/998 
f 1148/1414/1147 999/1159/998 998/1158/997 
f 1180/1410/1179 1148/1414/1147 998/1158/997 
f 998/1158/997 997/1157/996 1180/1410/1179 
f 1072/1256/1071 1069/1253/1068 1068/1252/1067 
f 1087/1278/1086 1069/1253/1068 1072/1256/1071 
f 1087/1278/1086 1072/1256/1071 1074/1258/1073 
f 1087/1278/1086 1074/1258/1073 1181/1418/1180 
f 1074/1258/1073 1078/1262/1077 1181/1418/1180 
f 1182/1419/1181 1181/1418/1180 1078/1262/1077 
f 1078/1262/1077 1083/1269/1082 1182/1419/1181 
f 1182/1419/1181 1083/1269/1082 1183/1420/1182 
f 1183/1420/1182 1083/1269/1082 1087/1278/1086 
f 1087/1278/1086 1181/1418/1180 1183/1420/1182 
f 1182/1419/1181 1183/1420/1182 1181/1418/1180 
f 1184/1421/1183 1085/1273/1084 1084/1272/1083 
f 1184/1421/1183 1185/1422/1184 1085/1273/1084 
f 1086/1276/1085 1085/1273/1084 1185/1422/1184 
f 1086/1276/1085 1185/1422/1184 1069/1253/1068 
f 1087/1278/1086 1086/1276/1085 1069/1253/1068 
f 1069/1253/1068 1185/1422/1184 1067/1251/1066 
f 1067/1251/1066 1185/1422/1184 1184/1421/1183 
f 1067/1251/1066 1184/1421/1183 1065/1249/1064 
f 599/1248/598 1065/1249/1064 1184/1421/1183 
f 599/1248/598 1184/1421/1183 600/1423/599 
f 600/1423/599 1184/1421/1183 1084/1272/1083 
f 600/1423/599 1084/1272/1083 601/1424/600 
f 1084/1272/1083 602/1425/601 601/1424/600 
f 1084/1272/1083 951/1426/950 602/1425/601 
f 1084/1272/1083 952/1274/951 951/1426/950 
f 1186/1427/1185 523/1428/522 524/1429/523 
f 1186/1427/1185 524/1429/523 456/495/456 
f 524/1429/523 525/1430/524 456/495/456 
f 457/496/457 456/495/456 525/1430/524 
f 1187/1431/1186 1188/1432/1187 1189/1433/1188 
f 1189/1433/1188 1190/1434/1189 1187/1431/1186 
f 1190/1434/1189 1189/1433/1188 521/1435/520 
f 1190/1434/1189 521/1435/520 1191/1436/1190 
f 1191/1436/1190 521/1435/520 522/1437/521 
f 1191/1436/1190 522/1437/521 523/1428/522 
f 1191/1436/1190 523/1428/522 1186/1427/1185 
f 1192/1438/1191 1191/1436/1190 1186/1427/1185 
f 1192/1438/1191 1186/1427/1185 456/495/456 
f 1192/1438/1191 456/495/456 455/494/455 
f 453/492/453 1193/1439/1192 458/497/458 
f 1193/1439/1192 455/494/455 458/497/458 
f 1193/1439/1192 1192/1438/1191 455/494/455 
f 450/489/450 452/491/452 449/488/449 
f 450/489/450 1194/1440/1193 452/491/452 
f 452/491/452 1194/1440/1193 453/492/453 
f 1194/1440/1193 1195/1441/1194 453/492/453 
f 1193/1439/1192 453/492/453 1195/1441/1194 
f 1195/1441/1194 1196/1442/1195 1193/1439/1192 
f 1193/1439/1192 1196/1442/1195 1192/1438/1191 
f 1196/1442/1195 1197/1443/1196 1192/1438/1191 
f 1197/1443/1196 1191/1436/1190 1192/1438/1191 
f 1197/1443/1196 1190/1434/1189 1191/1436/1190 
f 1198/1444/1197 1195/1441/1194 1194/1440/1193 
f 1198/1444/1197 1199/1445/1198 1195/1441/1194 
f 1199/1445/1198 1200/1446/1199 1195/1441/1194 
f 1195/1441/1194 1200/1446/1199 1196/1442/1195 
f 1196/1442/1195 1200/1446/1199 1197/1443/1196 
f 1201/1447/1200 1202/1448/1201 1203/1449/1202 
f 1203/1449/1202 1202/1448/1201 1200/1446/1199 
f 1199/1445/1198 1203/1449/1202 1200/1446/1199 
f 1190/1434/1189 1197/1443/1196 1200/1446/1199 
f 1200/1446/1199 1187/1431/1186 1190/1434/1189 
f 1202/1448/1201 1187/1431/1186 1200/1446/1199 
f 1202/1448/1201 1204/1450/1203 1187/1431/1186 
f 1205/1451/1204 1204/1450/1203 1202/1448/1201 
f 1202/1448/1201 1201/1447/1200 1205/1451/1204 
f 444/483/444 1205/1451/1204 1201/1447/1200 
f 1205/1451/1204 444/483/444 1206/1452/1205 
f 438/477/438 1206/1452/1205 444/483/444 
f 437/476/437 1206/1452/1205 438/477/438 
f 430/469/430 429/468/429 437/476/437 
f 429/468/429 1207/1453/1206 437/476/437 
f 1207/1453/1206 1208/1454/1207 437/476/437 
f 437/476/437 1208/1454/1207 1206/1452/1205 
f 1208/1454/1207 1209/1455/1208 1206/1452/1205 
f 1209/1455/1208 1205/1451/1204 1206/1452/1205 
f 1209/1455/1208 1210/1456/1209 1205/1451/1204 
f 1205/1451/1204 1210/1456/1209 1204/1450/1203 
f 1210/1456/1209 1188/1432/1187 1204/1450/1203 
f 1204/1450/1203 1188/1432/1187 1187/1431/1186 
f 1189/1433/1188 518/1457/517 521/1435/520 
f 1188/1432/1187 518/1457/517 1189/1433/1188 
f 1188/1432/1187 535/1458/534 518/1457/517 
f 1211/1459/1210 535/1458/534 1188/1432/1187 
f 1210/1456/1209 1211/1459/1210 1188/1432/1187 
f 1212/1460/1211 1211/1459/1210 1210/1456/1209 
f 1209/1455/1208 1212/1460/1211 1210/1456/1209 
f 1207/1453/1206 1212/1460/1211 1209/1455/1208 
f 1207/1453/1206 1209/1455/1208 1208/1454/1207 
f 1211/1459/1210 537/1461/536 535/1458/534 
f 1213/1462/1212 1214/1463/1213 1215/1464/1214 
f 1213/1462/1212 1215/1464/1214 1216/1465/1215 
f 1217/1466/1216 1213/1462/1212 1216/1465/1215 
f 1218/1467/1217 1213/1462/1212 1217/1466/1216 
f 1218/1467/1217 1214/1463/1213 1213/1462/1212 
f 1219/1468/1218 1214/1463/1213 1218/1467/1217 
f 239/239/239 1216/1465/1215 240/240/240 
f 1216/1465/1215 243/243/243 240/240/240 
f 1216/1465/1215 1215/1464/1214 243/243/243 
f 1215/1464/1214 422/461/422 243/243/243 
f 1214/1463/1213 422/461/422 1215/1464/1214 
f 1214/1463/1213 424/463/424 422/461/422 
f 1219/1468/1218 424/463/424 1214/1463/1213 
f 426/465/426 424/463/424 1219/1468/1218 
f 426/465/426 1219/1468/1218 219/219/219 
f 218/218/218 426/465/426 219/219/219 
f 219/219/219 1219/1468/1218 1218/1467/1217 
f 219/219/219 1218/1467/1217 233/233/233 
f 233/233/233 1218/1467/1217 235/235/235 
f 1218/1467/1217 1217/1466/1216 235/235/235 
f 235/235/235 1217/1466/1216 241/241/241 
f 241/241/241 1217/1466/1216 1220/1469/1219 
f 241/241/241 1220/1469/1219 237/237/237 
f 1220/1469/1219 239/239/239 237/237/237 
f 1220/1469/1219 1216/1465/1215 239/239/239 
f 1217/1466/1216 1216/1465/1215 1220/1469/1219 
f 1221/1470/1220 1222/1471/1221 1223/1472/1222 
f 1223/1472/1222 1222/1471/1221 1201/1473/1200 
f 1223/1472/1222 1201/1473/1200 1203/1474/1202 
f 1198/1475/1197 1194/1476/1193 1224/1477/1223 
f 1225/1478/1224 1198/1475/1197 1224/1477/1223 
f 1226/1479/1225 1198/1475/1197 1225/1478/1224 
f 1226/1479/1225 1199/1480/1198 1198/1475/1197 
f 1203/1474/1202 1199/1480/1198 1226/1479/1225 
f 1227/1481/1226 1203/1474/1202 1226/1479/1225 
f 1227/1481/1226 1223/1472/1222 1203/1474/1202 
f 1228/1482/1227 1223/1472/1222 1227/1481/1226 
f 1221/1470/1220 1223/1472/1222 1228/1482/1227 
f 1229/1483/1228 1221/1470/1220 1228/1482/1227 
f 1228/1482/1227 1230/1484/1229 1231/1485/1230 
f 1230/1484/1229 1228/1482/1227 1227/1481/1226 
f 1230/1484/1229 1227/1481/1226 1232/1486/1231 
f 1232/1486/1231 1227/1481/1226 1226/1479/1225 
f 1232/1486/1231 1226/1479/1225 1233/1487/1232 
f 1233/1487/1232 1226/1479/1225 1225/1478/1224 
f 1233/1487/1232 1225/1478/1224 1234/1488/1233 
f 1234/1488/1233 1225/1478/1224 1224/1477/1223 
f 450/1489/450 1234/1488/1233 1224/1477/1223 
f 1194/1476/1193 450/1489/450 1224/1477/1223 
f 1231/1485/1230 1230/1484/1229 1232/1486/1231 
f 1231/1485/1230 1232/1486/1231 1233/1487/1232 
f 1222/1471/1221 1221/1470/1220 1229/1483/1228 
f 1235/1490/1234 1222/1471/1221 1229/1483/1228 
f 1222/1471/1221 1235/1490/1234 1201/1473/1200 
f 444/1491/444 1201/1473/1200 1235/1490/1234 
f 1235/1490/1234 1229/1483/1228 444/1491/444 
f 444/1491/444 1229/1483/1228 442/1492/442 
f 1229/1483/1228 1228/1482/1227 442/1492/442 
f 442/1492/442 1228/1482/1227 1231/1485/1230 
f 442/1492/442 1231/1485/1230 443/1493/443 
f 1231/1485/1230 1233/1487/1232 443/1493/443 
f 443/1493/443 1233/1487/1232 1234/1488/1233 
f 450/1489/450 443/1493/443 1234/1488/1233 
f 684/742/683 682/740/681 690/748/689 
f 1236/1494/1235 684/742/683 690/748/689 
f 1236/1494/1235 690/748/689 687/745/686 
f 1237/1495/1236 1236/1494/1235 687/745/686 
f 1237/1495/1236 687/745/686 1238/1496/1237 
f 1238/1496/1237 687/745/686 1239/1497/1238 
f 1238/1496/1237 1239/1497/1238 1240/1498/1239 
f 1238/1496/1237 1240/1498/1239 1241/1499/1240 
f 1241/1499/1240 1240/1498/1239 1242/1500/1241 
f 1241/1499/1240 1242/1500/1241 1243/1501/1242 
f 729/1502/728 1241/1499/1240 1243/1501/1242 
f 729/1502/728 1243/1501/1242 730/1503/729 
f 1243/1501/1242 1242/1500/1241 730/1503/729 
f 1242/1500/1241 731/1504/730 730/1503/729 
f 1242/1500/1241 721/1505/720 731/1504/730 
f 1240/1498/1239 721/1505/720 1242/1500/1241 
f 1240/1498/1239 722/1506/721 721/1505/720 
f 1240/1498/1239 1239/1497/1238 722/1506/721 
f 1239/1497/1238 689/747/688 722/1506/721 
f 687/745/686 689/747/688 1239/1497/1238 
f 685/743/684 684/742/683 1244/1507/1243 
f 684/742/683 1245/1508/1244 1244/1507/1243 
f 1245/1508/1244 684/742/683 1236/1494/1235 
f 1245/1508/1244 1236/1494/1235 585/1509/584 
f 585/1509/584 1236/1494/1235 1237/1495/1236 
f 585/1509/584 1237/1495/1236 727/1510/726 
f 727/1510/726 1237/1495/1236 1238/1496/1237 
f 727/1510/726 1238/1496/1237 728/1511/727 
f 728/1511/727 1238/1496/1237 1241/1499/1240 
f 728/1511/727 1241/1499/1240 729/1502/728 
f 587/1512/586 1246/1513/1245 593/1514/592 
f 587/1512/586 1244/1507/1243 1246/1513/1245 
f 1246/1513/1245 1244/1507/1243 1247/1515/1246 
f 1244/1507/1243 1245/1508/1244 1247/1515/1246 
f 1245/1508/1244 585/1509/584 1247/1515/1246 
f 1247/1515/1246 585/1509/584 584/1516/583 
f 1248/1517/1247 1247/1515/1246 584/1516/583 
f 1248/1517/1247 584/1516/583 583/1518/582 
f 1248/1517/1247 583/1518/582 1249/1519/1248 
f 1249/1519/1248 583/1518/582 578/1520/577 
f 1250/1521/1249 1251/1522/1250 1249/1519/1248 
f 1251/1522/1250 1248/1517/1247 1249/1519/1248 
f 1249/1519/1248 578/1520/577 580/1523/579 
f 592/1524/591 1249/1519/1248 580/1523/579 
f 1250/1521/1249 1249/1519/1248 592/1524/591 
f 595/1525/594 1250/1521/1249 592/1524/591 
f 594/1526/593 1250/1521/1249 595/1525/594 
f 594/1526/593 1251/1522/1250 1250/1521/1249 
f 593/1514/592 1251/1522/1250 594/1526/593 
f 1246/1513/1245 1251/1522/1250 593/1514/592 
f 1251/1522/1250 1246/1513/1245 1248/1517/1247 
f 1246/1513/1245 1247/1515/1246 1248/1517/1247 
f 545/1527/544 554/1528/553 1252/1529/1251 
f 1252/1529/1251 554/1528/553 1253/1530/1252 
f 1252/1529/1251 1253/1530/1252 1254/1531/1253 
f 1254/1531/1253 1253/1530/1252 1255/1532/1254 
f 1254/1531/1253 1255/1532/1254 1256/1533/1255 
f 1256/1533/1255 1255/1532/1254 1257/1534/1256 
f 1257/1534/1256 1255/1532/1254 1258/1535/1257 
f 1257/1534/1256 1258/1535/1257 1259/1536/1258 
f 1260/1537/1259 1257/1534/1256 1259/1536/1258 
f 1256/1533/1255 1257/1534/1256 1260/1537/1259 
f 1261/1538/1260 1256/1533/1255 1260/1537/1259 
f 1261/1538/1260 1254/1531/1253 1256/1533/1255 
f 1262/1539/1261 1254/1531/1253 1261/1538/1260 
f 1262/1539/1261 577/641/576 1254/1531/1253 
f 587/651/586 577/641/576 1262/1539/1261 
f 587/651/586 574/638/573 577/641/576 
f 1263/1540/1262 587/651/586 1262/1539/1261 
f 1263/1540/1262 1262/1539/1261 1264/1541/1263 
f 1264/1541/1263 1262/1539/1261 1261/1538/1260 
f 1264/1541/1263 1261/1538/1260 1260/1537/1259 
f 1265/1542/1264 1264/1541/1263 1260/1537/1259 
f 1265/1542/1264 1260/1537/1259 1266/1543/1265 
f 1266/1543/1265 1260/1537/1259 1259/1536/1258 
f 577/641/576 1252/1529/1251 1254/1531/1253 
f 577/641/576 572/636/571 1252/1529/1251 
f 572/636/571 545/1527/544 1252/1529/1251 
f 545/1527/544 572/636/571 565/622/564 
f 545/1527/544 565/622/564 546/1544/545 
f 546/1544/545 565/622/564 564/621/563 
f 546/1544/545 564/621/563 547/1545/546 
f 547/1545/546 564/621/563 567/624/566 
f 547/1545/546 567/624/566 563/628/562 
f 563/628/562 567/624/566 569/626/568 
f 877/1546/876 551/1547/550 550/634/549 
f 571/635/570 877/1546/876 550/634/549 
f 878/1548/877 877/1546/876 571/635/570 
f 1267/1549/1266 878/1548/877 571/635/570 
f 678/736/677 878/1548/877 1267/1549/1266 
f 678/736/677 1267/1549/1266 1268/1550/1267 
f 679/737/678 678/736/677 1268/1550/1267 
f 679/737/678 1268/1550/1267 713/773/712 
f 1268/1550/1267 715/775/714 713/773/712 
f 1267/1549/1266 715/775/714 1268/1550/1267 
f 715/775/714 1267/1549/1266 573/637/572 
f 1267/1549/1266 571/635/570 573/637/572 
f 685/743/684 1269/1551/1268 686/744/685 
f 686/744/685 1269/1551/1268 1270/1552/1269 
f 1269/1551/1268 1271/1553/1270 1270/1552/1269 
f 1270/1552/1269 1271/1553/1270 1272/1554/1271 
f 1270/1552/1269 1272/1554/1271 1273/1555/1272 
f 1273/1555/1272 1272/1554/1271 1274/1556/1273 
f 1273/1555/1272 1274/1556/1273 1275/1557/1274 
f 1275/1557/1274 1274/1556/1273 1276/1558/1275 
f 1275/1557/1274 1276/1558/1275 1277/1559/1276 
f 554/611/553 686/744/685 1270/1552/1269 
f 554/611/553 1270/1552/1269 1253/1560/1252 
f 1270/1552/1269 1273/1555/1272 1253/1560/1252 
f 1253/1560/1252 1273/1555/1272 1255/1561/1254 
f 1273/1555/1272 1275/1557/1274 1255/1561/1254 
f 1255/1561/1254 1275/1557/1274 1258/1562/1257 
f 1258/1562/1257 1275/1557/1274 1277/1559/1276 
f 1258/1562/1257 1277/1559/1276 1259/1563/1258 
f 1277/1559/1276 1266/1564/1265 1259/1563/1258 
f 1277/1559/1276 1276/1558/1275 1266/1564/1265 
f 1276/1558/1275 1265/1565/1264 1266/1564/1265 
f 1274/1556/1273 1265/1565/1264 1276/1558/1275 
f 1274/1556/1273 1264/1566/1263 1265/1565/1264 
f 1274/1556/1273 1272/1554/1271 1264/1566/1263 
f 1272/1554/1271 1263/1567/1262 1264/1566/1263 
f 1272/1554/1271 1271/1553/1270 1263/1567/1262 
f 1271/1553/1270 587/1512/586 1263/1567/1262 
f 1269/1551/1268 587/1512/586 1271/1553/1270 
f 1269/1551/1268 1244/1507/1243 587/1512/586 
f 1269/1551/1268 685/743/684 1244/1507/1243 
f 323/333/323 325/335/325 1278/1568/1277 
f 1278/1568/1277 325/335/325 327/337/327 
f 327/337/327 1279/1569/1278 1278/1568/1277 
f 330/340/330 1279/1569/1278 327/337/327 
f 1279/1569/1278 330/340/330 335/345/335 
f 335/345/335 1280/1570/1279 1279/1569/1278 
f 346/356/346 1280/1570/1279 335/345/335 
f 1281/1571/1280 1280/1570/1279 346/356/346 
f 346/356/346 348/358/348 1281/1571/1280 
f 1281/1571/1280 348/358/348 349/359/349 
f 1282/1572/1281 1283/1573/1282 1284/1574/1283 
f 1284/1574/1283 1283/1573/1282 1281/1571/1280 
f 1283/1573/1282 1278/1568/1277 1281/1571/1280 
f 1278/1568/1277 1279/1569/1278 1281/1571/1280 
f 1280/1570/1279 1281/1571/1280 1279/1569/1278 
f 321/331/321 1282/1572/1281 313/319/313 
f 1283/1573/1282 1282/1572/1281 321/331/321 
f 321/331/321 323/333/323 1283/1573/1282 
f 1283/1573/1282 323/333/323 1278/1568/1277 
f 349/359/349 1284/1574/1283 1281/1571/1280 
f 349/359/349 310/316/310 1284/1574/1283 
f 1285/1575/1284 1284/1574/1283 310/316/310 
f 1285/1575/1284 310/316/310 306/312/306 
f 306/312/306 1286/1576/1285 1285/1575/1284 
f 307/313/307 1286/1576/1285 306/312/306 
f 313/319/313 1286/1576/1285 307/313/307 
f 1285/1575/1284 1286/1576/1285 313/319/313 
f 313/319/313 1282/1572/1281 1285/1575/1284 
f 1284/1574/1283 1285/1575/1284 1282/1572/1281 
f 1164/1385/1163 1136/1342/1135 1165/1386/1164 
f 1136/1342/1135 1164/1385/1163 1132/1338/1131 
f 1167/1388/1166 1132/1338/1131 1164/1385/1163 
f 1167/1388/1166 1168/1389/1167 1132/1338/1131 
f 1132/1338/1131 1168/1389/1167 1128/1331/1127 
f 1128/1331/1127 1168/1389/1167 1120/1320/1119 
f 1128/1331/1127 1120/1320/1119 1121/1321/1120 
f 805/902/804 651/903/650 650/1577/649 
f 1287/1578/1286 805/902/804 650/1577/649 
f 1287/1578/1286 650/1577/649 649/1579/648 
f 644/1580/643 1287/1578/1286 649/1579/648 
f 643/1581/642 1287/1578/1286 644/1580/643 
f 643/1581/642 1288/1582/1287 1287/1578/1286 
f 655/894/654 1288/1582/1287 643/1581/642 
f 800/893/799 1288/1582/1287 655/894/654 
f 800/893/799 803/897/802 1288/1582/1287 
f 803/897/802 804/900/803 1288/1582/1287 
f 1288/1582/1287 804/900/803 1287/1578/1286 
f 804/900/803 805/902/804 1287/1578/1286 
f 431/470/431 427/466/427 419/458/419 
f 418/457/418 431/470/431 419/458/419 
f 428/467/428 431/470/431 418/457/418 
f 417/456/417 428/467/428 418/457/418 
f 1289/1583/1288 428/467/428 417/456/417 
f 1289/1583/1288 417/456/417 416/1584/416 
f 415/1585/415 1289/1583/1288 416/1584/416 
f 1290/1586/1289 1289/1583/1288 415/1585/415 
f 532/1587/531 1290/1586/1289 415/1585/415 
f 1290/1586/1289 532/1587/531 533/1588/532 
f 536/1589/535 1290/1586/1289 533/1588/532 
f 1291/1590/1290 1290/1586/1289 536/1589/535 
f 1291/1590/1290 536/1589/535 537/1591/536 
f 1291/1590/1290 537/1591/536 1211/1592/1210 
f 1212/1593/1211 1291/1590/1290 1211/1592/1210 
f 1291/1590/1290 1212/1593/1211 1207/1594/1206 
f 1292/1595/1291 1291/1590/1290 1207/1594/1206 
f 1292/1595/1291 1207/1594/1206 429/1596/429 
f 428/467/428 1292/1595/1291 429/1596/429 
f 1289/1583/1288 1292/1595/1291 428/467/428 
f 1290/1586/1289 1292/1595/1291 1289/1583/1288 
f 1290/1586/1289 1291/1590/1290 1292/1595/1291 
f 733/1302/732 732/1597/731 1103/1303/1102 
f 1103/1303/1102 732/1597/731 819/1598/818 
f 1103/1303/1102 819/1598/818 1106/1306/1105 
f 1106/1306/1105 819/1598/818 604/1599/603 
f 1106/1306/1105 604/1599/603 1113/1313/1112 
f 1113/1313/1112 604/1599/603 603/1600/602 
f 1113/1313/1112 603/1600/602 1114/1314/1113 
f 1114/1314/1113 603/1600/602 610/1601/609 
f 1114/1314/1113 610/1601/609 1124/1324/1123 
f 1124/1324/1123 610/1601/609 618/1325/617 
# 0 polygons - 2552 triangles

