# 3ds Max Wavefront OBJ Exporter v0.97b - (c)2007 guruware
# File Created: 05.09.2016 17:45:05

mtllib Aquarium Machinery.mtl

#
# object GUL_Architecture_Aquarium_Machinery
#

v  -176.0000 61.7813 -62.5313
v  -177.7500 67.0625 -58.4688
v  -178.6250 73.5000 -56.3125
v  -164.0000 179.8750 -87.6875
v  -164.0000 110.8750 -87.6875
v  -167.8750 110.8750 -89.3125
v  -167.8750 179.8750 -89.3125
v  -183.1250 110.8750 -41.5313
v  -183.1250 179.8750 -41.5313
v  -187.0000 179.8750 -43.1563
v  -187.0000 110.8750 -43.1563
v  -117.8125 179.8750 -68.5625
v  -136.8750 179.8750 -87.6875
v  -136.8750 179.8750 -22.4219
v  -164.0000 179.8750 -22.4219
v  -117.8125 110.8750 -68.5625
v  -136.8750 110.8750 -22.4219
v  -164.0000 110.8750 -22.4219
v  -136.8750 110.8750 -87.6875
v  -172.5000 72.9375 23.6406
v  -173.2500 72.9375 25.3906
v  -182.6250 75.6875 21.5000
v  -171.3750 74.5000 23.4375
v  -181.8750 75.6875 19.7500
v  -192.0000 72.9375 17.6094
v  -171.5000 75.5000 25.0625
v  -181.6250 77.5000 19.2031
v  -191.2500 72.9375 15.8594
v  -198.8750 65.5000 14.7656
v  -172.6250 74.5000 26.2813
v  -182.2500 78.6250 20.6250
v  -191.8750 74.5000 14.9766
v  -198.1250 65.5000 13.0156
v  -201.3750 55.3750 13.7266
v  -182.8750 77.5000 22.0469
v  -193.0000 75.5000 16.1719
v  -199.3750 66.4375 11.8750
v  -200.6250 55.3750 11.9688
v  -198.8750 45.2188 14.7656
v  -198.1250 45.2188 13.0156
v  -202.1250 55.3750 10.7422
v  -200.8750 67.0000 12.9219
v  -193.0000 74.5000 17.8125
v  -200.5000 66.4375 14.7109
v  -203.7500 55.3750 11.7344
v  -199.3750 44.3125 11.8750
v  -191.2500 37.7813 15.8594
v  -172.5000 37.7813 23.6406
v  -171.3750 36.2188 23.4375
v  -181.6250 33.2500 19.2031
v  -181.8750 35.0625 19.7500
v  -191.8750 36.2188 14.9766
v  -200.8750 43.7500 12.9219
v  -203.2500 55.3750 13.5781
v  -193.0000 35.2500 16.1719
v  -200.5000 44.3125 14.7109
v  -171.5000 35.2500 25.0625
v  -172.6250 36.2188 26.2813
v  -182.8750 33.2500 22.0469
v  -182.2500 32.1250 20.6250
v  -193.0000 36.2188 17.8125
v  -173.2500 37.7813 25.3906
v  -182.6250 35.0625 21.5000
v  -192.0000 37.7813 17.6094
v  -165.1250 44.3125 29.3750
v  -166.3750 45.2188 28.2344
v  -163.6250 43.7500 28.3281
v  -163.8750 44.3125 26.5313
v  -162.3750 55.3750 30.5000
v  -163.7500 55.3750 29.2813
v  -160.7500 55.3750 29.5156
v  -161.2500 55.3750 27.6719
v  -163.1250 55.3750 27.5156
v  -165.6250 45.2188 26.4844
v  -166.3750 65.5000 28.2344
v  -165.6250 65.5000 26.4844
v  -163.8750 66.4375 26.5313
v  -163.6250 67.0000 28.3281
v  -165.1250 66.4375 29.3750
v  -176.0000 53.3125 22.0156
v  -177.3750 53.6563 22.6406
v  -179.2500 59.8438 21.8594
v  -175.3750 52.9688 23.4375
v  -178.2500 60.7500 21.0938
v  -185.2500 59.8438 19.3750
v  -176.8750 53.3125 24.0625
v  -178.0000 61.6250 22.3594
v  -185.3750 60.7500 18.1094
v  -187.1250 53.6563 18.6094
v  -181.7500 48.7500 19.5938
v  -182.2500 49.8438 20.6250
v  -182.2500 47.6250 20.6250
v  -182.6250 48.7500 21.6406
v  -179.0000 60.7500 23.1406
v  -186.3750 61.6250 18.8750
v  -187.6250 53.3125 17.1875
v  -186.2500 60.7500 20.1563
v  -189.0000 52.9688 17.8125
v  -188.5000 53.3125 19.2344
v  -182.7500 63.0313 -28.6250
v  -184.1250 55.1250 -29.1563
v  -185.3750 55.1250 -26.0469
v  -184.1250 63.0313 -25.5156
v  -179.8750 65.6875 -28.9375
v  -182.6250 55.1250 -30.0469
v  -179.5000 69.2500 -27.2500
v  -180.7500 69.2500 -24.1406
v  -174.3750 73.8125 -25.1563
v  -175.7500 73.8125 -22.0469
v  -168.2500 76.3125 -22.5781
v  -169.5000 76.3125 -19.4688
v  -161.6250 76.3125 -19.8281
v  -170.5000 74.2500 -25.0313
v  -158.2500 74.2500 -19.9375
v  -155.3750 73.8125 -17.2500
v  -148.7500 65.6875 -16.0469
v  -150.2500 69.2500 -15.1641
v  -147.0000 63.0313 -13.7891
v  -146.1250 55.1250 -14.9297
v  -145.7500 55.1250 -13.2578
v  -162.8750 76.3125 -16.7344
v  -156.6250 73.8125 -14.1563
v  -151.6250 69.2500 -12.0547
v  -148.2500 63.0313 -10.6875
v  -147.0000 55.1250 -10.1563
v  -120.8125 65.6875 -83.6250
v  -118.1250 55.1250 -82.5000
v  -154.6250 55.1250 -97.6250
v  -120.6875 66.1250 -82.0625
v  -130.5000 75.0625 -86.1250
v  -117.7500 55.1250 -80.8125
v  -120.3125 63.0313 -78.2500
v  -119.0000 55.1250 -77.7500
v  -123.6250 69.2500 -79.6250
v  -128.6250 73.8125 -81.7500
v  -134.8750 76.3125 -84.3125
v  -141.5000 76.3125 -87.0625
v  -143.2500 75.0625 -91.4375
v  -147.7500 73.8125 -89.6250
v  -152.7500 69.2500 -91.7500
v  -130.2500 74.2500 -87.5000
v  -142.5000 74.2500 -92.6250
v  -153.1250 66.1250 -95.5000
v  -151.8750 65.6875 -96.5000
v  -156.1250 63.0313 -93.1250
v  -157.3750 55.1250 -93.6250
v  -156.1250 55.1250 -96.7500
v  -103.8750 56.0000 -82.0000
v  -106.5625 56.0000 -88.5000
v  -130.6250 56.0000 -17.3438
v  -152.7500 56.0000 -107.6250
v  -159.2500 56.0000 -104.9375
v  -187.5000 56.0000 -23.7969
v  -141.2500 56.0000 -4.6602
v  -186.0000 56.0000 -40.2813
v  -106.5625 48.0000 -88.5000
v  -103.8750 48.0000 -82.0000
v  -152.7500 48.0000 -107.6250
v  -130.6250 48.0000 -17.3438
v  -141.2500 48.0000 -4.6602
v  -186.0000 48.0000 -40.2813
v  -159.2500 48.0000 -104.9375
v  -187.5000 48.0000 -23.7969
v  -103.8750 8.0000 -82.0000
v  -106.5625 8.0000 -88.5000
v  -130.6250 8.0000 -17.3438
v  -152.7500 8.0000 -107.6250
v  -159.2500 8.0000 -104.9375
v  -187.5000 8.0000 -23.7969
v  -141.2500 8.0000 -4.6602
v  -186.0000 8.0000 -40.2813
v  -124.3750 85.8750 -74.9375
v  -140.0000 90.9375 -81.3750
v  -152.2500 90.9375 -51.8125
v  -155.6250 85.8750 -87.8750
v  -162.1250 75.8750 -90.5625
v  -163.0000 75.8750 -88.3125
v  -156.5000 85.8750 -85.5625
v  -155.6250 91.3750 -79.6250
v  -159.7500 94.2500 -69.5625
v  -163.8750 91.3750 -59.4688
v  -168.8750 85.8750 -55.9375
v  -162.1250 56.0000 -90.5625
v  -163.0000 56.0000 -88.3125
v  -175.3750 56.0000 -58.6250
v  -175.3750 75.8750 -58.6250
v  -183.0000 75.8750 -40.0625
v  -176.5000 85.8750 -37.3750
v  -160.8750 90.9375 -30.9063
v  -136.6250 85.8750 -45.3438
v  -183.0000 56.0000 -40.0625
v  -117.8125 75.8750 -72.1875
v  -130.0000 75.8750 -42.6563
v  -117.8125 56.0000 -72.1875
v  -130.0000 56.0000 -42.6563
v  -138.7500 56.0000 -21.7344
v  -138.7500 75.8750 -21.7344
v  -145.2500 85.8750 -24.4375
v  -120.3750 81.5000 -78.3125
v  -158.0000 56.0000 -93.8750
v  -156.0000 81.5000 -93.0625
v  -138.1250 86.7500 -85.6875
v  -118.3750 56.0000 -77.4375
v  -142.7500 56.0000 -18.3906
v  -182.5000 56.0000 -34.8438
v  -180.5000 78.7500 -34.0000
v  -144.8750 78.7500 -19.2344
v  -162.6250 86.7500 -26.6094
v  -141.2500 0.0000 -4.6602
v  -130.6250 0.0000 -17.3438
v  -187.5000 0.0000 -23.7969
v  -186.0000 0.0000 -40.2813
v  -103.8750 0.0000 -82.0000
v  -106.5625 0.0000 -88.5000
v  -152.7500 0.0000 -107.6250
v  -159.2500 0.0000 -104.9375
v  -181.3750 8.0000 -38.3750
v  -135.2500 8.0000 -19.2500
v  -135.2500 48.0000 -19.2500
v  -181.3750 48.0000 -38.3750
v  -154.6250 8.0000 -103.0625
v  -154.6250 48.0000 -103.0625
v  -108.5000 8.0000 -83.8750
v  -108.5000 48.0000 -83.8750
v  -177.1250 90.8750 -68.0000
v  -174.0000 93.2500 -75.4375
v  -171.0000 90.8750 -82.8750
v  -168.6250 68.7500 -88.5625
v  -167.8750 76.9375 -90.3750
v  -168.6250 85.0625 -88.5625
v  -165.2500 85.8125 -88.5000
v  -164.5000 76.9375 -90.4375
v  -165.2500 68.0000 -88.5000
v  -179.5000 85.0625 -62.3750
v  -180.2500 76.9375 -60.5938
v  -177.8750 76.9375 -58.0938
v  -177.0000 85.8125 -60.0625
v  -174.5000 92.0625 -66.1875
v  -171.1250 94.6875 -74.2500
v  -167.7500 92.0625 -82.3750
v  -179.5000 68.7500 -62.3750
v  -171.0000 62.9688 -82.8750
v  -177.1250 62.9688 -68.0000
v  -174.0000 60.5625 -75.4375
v  -167.7500 61.7500 -82.3750
v  -171.1250 59.1563 -74.2500
v  -174.5000 61.7500 -66.1875
v  -177.0000 68.0000 -60.0625
v  -153.2500 67.0625 -85.3750
v  -166.2500 67.0625 -53.7500
v  -162.3750 58.3750 -63.3125
v  -157.1250 58.3750 -75.8125
v  -152.2500 73.5000 -87.5000
v  -152.2500 80.3125 -87.5000
v  -154.8750 92.0625 -81.2500
v  -164.6250 92.0625 -57.8125
v  -167.2500 80.3125 -51.5938
v  -167.2500 73.5000 -51.5938
v  -159.7500 96.6875 -69.5625
v  -166.2500 61.7813 -86.0000
v  -171.1250 57.1875 -74.2500
v  -178.6250 80.3125 -56.3125
v  -177.7500 86.8125 -58.4688
v  -173.7500 95.5000 -68.0000
v  -164.6250 86.8125 -90.0625
v  -163.7500 73.5000 -92.2500
v  -163.7500 80.3125 -92.2500
v  -168.5000 95.5000 -80.5000
v  -159.7500 57.1875 -69.5625
v  -154.8750 61.7813 -81.2500
v  -164.6250 61.7813 -57.8125
v  -178.0000 126.3125 -75.1875
v  -178.3750 122.2500 -74.1875
v  -179.5000 119.3125 -71.4375
v  -182.6250 119.3125 -64.0625
v  -181.1250 118.2500 -67.7500
v  -183.7500 122.2500 -61.3125
v  -184.1250 126.3125 -60.3438
v  -182.6250 133.2500 -64.0625
v  -179.5000 133.2500 -71.4375
v  -178.3750 130.2500 -74.1875
v  -183.7500 130.2500 -61.3125
v  -181.1250 134.2500 -67.7500
v  -182.8750 138.5000 -63.5313
v  -183.2500 134.3750 -62.5313
v  -184.3750 131.5000 -59.8125
v  -187.5000 131.5000 -52.3750
v  -185.8750 130.3750 -56.0938
v  -188.6250 134.3750 -49.6563
v  -189.0000 138.5000 -48.6563
v  -187.5000 145.3750 -52.3750
v  -184.3750 145.3750 -59.8125
v  -183.2500 142.5000 -62.5313
v  -188.6250 142.5000 -49.6563
v  -185.8750 146.5000 -56.0938
v  -180.6250 131.5000 -58.2813
v  -179.5000 134.3750 -61.0000
v  -179.1250 138.5000 -62.0000
v  -184.8750 142.5000 -48.1250
v  -185.2500 138.5000 -47.1250
v  -184.8750 134.3750 -48.1250
v  -183.7500 131.5000 -50.8438
v  -182.2500 130.3750 -54.5625
v  -179.5000 142.5000 -61.0000
v  -180.6250 145.3750 -58.2813
v  -182.2500 146.5000 -54.5625
v  -183.7500 145.3750 -50.8438
v  -173.1250 138.5000 -86.8750
v  -173.6250 134.3750 -85.8750
v  -174.7500 131.5000 -83.1250
v  -177.7500 131.5000 -75.6875
v  -176.2500 130.3750 -79.4375
v  -178.8750 134.3750 -73.0000
v  -179.2500 138.5000 -72.0000
v  -177.7500 145.3750 -75.6875
v  -174.7500 145.3750 -83.1250
v  -173.6250 142.5000 -85.8750
v  -178.8750 142.5000 -73.0000
v  -176.2500 146.5000 -79.4375
v  -196.8750 69.5625 14.9609
v  -182.6250 58.3438 20.8594
v  -182.5000 58.3438 20.5000
v  -196.7500 69.5625 14.6094
v  -185.1250 54.7500 19.8594
v  -199.3750 65.9375 13.9531
v  -199.1250 65.9375 13.6016
v  -184.8750 54.7500 19.5000
v  -184.8750 56.0000 19.5000
v  -199.1250 44.8125 13.6016
v  -199.3750 44.8125 13.9531
v  -185.1250 56.0000 19.8594
v  -196.7500 41.1875 14.6094
v  -182.5000 52.4063 20.5000
v  -182.6250 52.4063 20.8594
v  -196.8750 41.1875 14.9609
v  -183.6250 52.7813 20.0469
v  -178.1250 34.6563 22.2969
v  -178.3750 34.6563 22.6563
v  -183.7500 52.7813 20.3906
v  -174.2500 36.0313 23.9219
v  -179.7500 54.1563 21.6719
v  -179.8750 54.1563 22.0156
v  -174.3750 36.0313 24.2813
v  -180.3750 53.1563 21.3906
v  -162.7500 53.1563 28.6875
v  -162.8750 53.1563 29.0313
v  -180.5000 53.1563 21.7344
v  -162.7500 57.5938 28.6875
v  -180.3750 57.5938 21.3906
v  -180.5000 57.5938 21.7344
v  -162.8750 57.5938 29.0313
v  -179.7500 56.5938 21.6719
v  -174.2500 74.6875 23.9219
v  -174.3750 74.6875 24.2813
v  -179.8750 56.5938 22.0156
v  -178.1250 76.0625 22.2969
v  -183.6250 57.9688 20.0469
v  -183.7500 57.9688 20.3906
v  -178.3750 76.0625 22.6563
v  -172.8750 56.9063 -4.1406
v  -173.7500 55.3750 -4.4805
v  -185.2500 55.3750 23.2813
v  -184.3750 56.9063 23.6250
v  -171.2500 56.9063 -3.4609
v  -182.7500 56.9063 24.2969
v  -170.5000 55.3750 -3.1211
v  -182.0000 55.3750 24.6406
v  -171.2500 53.8438 -3.4609
v  -182.7500 53.8438 24.2969
v  -172.8750 53.8438 -4.1406
v  -184.3750 53.8438 23.6250
v  -173.2500 52.0000 -4.2969
v  -176.0000 56.0000 -5.4023
v  -167.1250 56.0000 -26.7813
v  -164.5000 52.0000 -25.6719
v  -169.0000 53.5313 -2.5078
v  -160.1250 53.5313 -23.8906
v  -169.0000 58.4375 -2.5078
v  -160.1250 58.4375 -23.8906
v  -173.2500 59.9688 -4.2969
v  -164.5000 59.9688 -25.6719
v  -172.1250 49.1563 -13.9688
v  -168.5000 48.2188 -12.4609
v  -164.8750 49.1563 -10.9453
v  -161.6250 53.2813 -9.6250
v  -175.3750 53.2813 -15.2891
v  -175.7500 56.0000 -15.4766
v  -161.2500 56.0000 -9.4375
v  -166.2500 86.8125 -53.7500
v  -175.8750 119.3125 -69.9375
v  -174.7500 122.2500 -72.6875
v  -174.2500 126.3125 -73.6875
v  -180.0000 130.2500 -59.8125
v  -180.5000 126.3125 -58.8125
v  -180.0000 122.2500 -59.8125
v  -178.8750 119.3125 -62.5313
v  -177.3750 118.2500 -66.2500
v  -174.7500 130.2500 -72.6875
v  -175.8750 133.2500 -69.9375
v  -177.3750 134.2500 -66.2500
v  -178.8750 133.2500 -62.5313
v  -171.0000 131.5000 -81.6250
v  -169.8750 134.3750 -84.3125
v  -169.5000 138.5000 -85.3125
v  -175.2500 142.5000 -71.4375
v  -175.6250 138.5000 -70.4375
v  -175.2500 134.3750 -71.4375
v  -174.1250 131.5000 -74.1875
v  -172.5000 130.3750 -77.8750
v  -169.8750 142.5000 -84.3125
v  -171.0000 145.3750 -81.6250
v  -172.5000 146.5000 -77.8750
v  -174.1250 145.3750 -74.1875
v  -162.3750 95.5000 -63.3125
v  -176.0000 92.0625 -62.5313
v  -171.1250 96.6875 -74.2500
v  -157.1250 95.5000 -75.8125
v  -166.2500 92.0625 -86.0000
v  -153.2500 86.8125 -85.3750
v  -164.6250 67.0625 -90.0625
v  -168.5000 58.3750 -80.5000
v  -173.7500 58.3750 -68.0000
v  -144.3750 55.1250 -19.0469
v  -147.1250 65.6875 -20.1719
v  -156.5000 74.2500 -24.0625
v  -168.7500 74.2500 -29.1719
v  -178.2500 65.6875 -33.0625
v  -180.8750 55.1250 -34.1875
v  -175.3750 58.6875 -15.2891
v  -161.6250 58.6875 -9.6250
v  -164.8750 62.8125 -10.9453
v  -172.1250 62.8125 -13.9688
v  -168.5000 63.7500 -12.4609
v  -178.7500 110.5000 -66.4375
v  -178.8750 110.3750 -67.3125
v  -179.6250 110.4375 -66.8125
v  -180.5000 129.8750 -84.3125
v  -180.0000 129.8750 -84.1250
v  -179.7500 128.6250 -84.6250
v  -180.2500 128.6250 -84.8750
v  -180.0000 128.0000 -84.0000
v  -180.5000 128.0000 -84.1875
v  -181.7500 125.8750 -79.6875
v  -182.3750 125.8750 -79.9375
v  -182.1250 125.7500 -78.8750
v  -182.6250 125.7500 -79.0625
v  -182.3750 127.0000 -78.3125
v  -182.8750 127.0000 -78.5625
v  -182.1250 127.5625 -79.0000
v  -182.6250 127.5625 -79.1875
v  -180.2500 129.7500 -83.2500
v  -180.8750 129.7500 -83.5000
v  -182.5000 126.1250 -79.8750
v  -182.6250 127.3750 -79.3125
v  -180.8750 129.5000 -83.6250
v  -180.6250 128.2500 -84.1250
v  -179.5000 175.3750 -63.5000
v  -179.5000 174.8750 -63.5000
v  -180.7500 174.8750 -64.0625
v  -180.7500 175.3750 -64.0625
v  -181.3750 174.8750 -63.3750
v  -181.3750 175.3750 -63.3750
v  -183.5000 174.8750 -58.7500
v  -183.5000 175.3750 -58.7500
v  -183.7500 174.8750 -57.8125
v  -183.7500 175.3750 -57.8125
v  -182.5000 174.8750 -57.2188
v  -182.5000 175.3750 -57.2188
v  -181.8750 174.8750 -57.9375
v  -181.8750 175.3750 -57.9375
v  -179.7500 174.8750 -62.5938
v  -179.7500 175.3750 -62.5938
v  -182.1250 175.5000 -58.0625
v  -179.8750 175.5000 -62.6875
v  -183.3750 175.5000 -58.6250
v  -181.1250 175.5000 -63.2813
v  -181.1250 174.7500 -63.2813
v  -179.8750 174.7500 -62.6875
v  -183.3750 174.7500 -58.6250
v  -182.1250 174.7500 -58.0625
v  -152.1250 91.5625 -70.8750
v  -148.1250 91.5625 -70.5625
v  -148.1250 110.8750 -70.5625
v  -152.1250 110.8750 -70.8750
v  -153.0000 91.5625 -74.7500
v  -153.0000 110.8750 -74.7500
v  -149.6250 91.5625 -76.8125
v  -149.6250 110.8750 -76.8125
v  -146.6250 91.5625 -74.2500
v  -146.6250 110.8750 -74.2500
v  -158.7500 119.5000 -87.8750
v  -159.1250 118.6875 -87.6875
v  -158.2500 118.8125 -87.6250
v  -181.7500 59.2500 19.4219
v  -184.8750 57.3125 18.1406
v  -185.8750 57.3125 20.5313
v  -182.7500 59.2500 21.8125
v  -178.6250 57.3125 20.7188
v  -179.6250 57.3125 23.1094
v  -178.6250 53.4375 20.7188
v  -179.6250 53.4375 23.1094
v  -181.7500 51.5000 19.4219
v  -182.7500 51.5000 21.8125
v  -185.8750 53.4375 20.5313
v  -184.8750 53.4375 18.1406
v  -173.6250 122.5625 -78.6875
v  -174.5000 122.6875 -79.0625
v  -174.3750 122.6250 -78.1875
v  -174.6250 114.1250 -79.5000
v  -172.5000 109.9375 -83.0625
v  -172.1250 110.7500 -83.0000
v  -174.0000 114.4375 -80.0000
v  -174.7500 114.4375 -80.3750
v  -172.8750 110.6250 -83.5000
v  -158.3750 117.6875 -90.4375
v  -159.1250 117.7500 -90.0625
v  -160.0000 115.8125 -91.8125
v  -160.6250 116.1875 -91.2500
v  -163.5000 113.0000 -92.0625
v  -163.7500 113.6250 -91.4375
v  -168.5000 110.8750 -89.7500
v  -168.3750 111.6875 -89.3125
v  -158.8750 118.3750 -90.6875
v  -160.6250 116.5000 -92.0625
v  -164.0000 113.6875 -92.3125
v  -169.0000 111.5625 -89.9375
v  -149.3750 87.6875 -49.8125
v  -149.3750 110.8750 -49.8125
v  -147.8750 110.8750 -53.5000
v  -147.8750 87.6875 -53.5000
v  -143.8750 110.8750 -53.1875
v  -143.8750 87.6875 -53.1875
v  -142.8750 110.8750 -49.3125
v  -142.8750 87.6875 -49.3125
v  -146.3750 110.8750 -47.2188
v  -146.3750 87.6875 -47.2188
v  -173.8750 164.2500 -84.3750
v  -170.5000 164.2500 -82.9375
v  -170.5000 169.2500 -82.9375
v  -173.8750 169.2500 -84.3750
v  -172.1250 164.2500 -88.6250
v  -172.1250 169.2500 -88.6250
v  -168.6250 164.2500 -87.2500
v  -168.6250 169.2500 -87.2500
v  -190.1250 164.2500 -45.0625
v  -186.7500 164.2500 -43.6563
v  -186.7500 169.2500 -43.6563
v  -190.1250 169.2500 -45.0625
v  -188.3750 164.2500 -49.3438
v  -188.3750 169.2500 -49.3438
v  -185.0000 164.2500 -47.9375
v  -185.0000 169.2500 -47.9375
v  -182.2500 117.1250 -36.3750
v  -182.1250 116.8750 -35.5000
v  -184.5000 114.4375 -36.7188
v  -184.3750 114.9375 -37.4688
v  -186.5000 111.8750 -40.1875
v  -186.2500 112.6250 -40.5625
v  -188.0000 109.9375 -44.4375
v  -187.6250 110.8125 -44.5000
v  -186.2500 111.2500 -51.2500
v  -186.0000 111.8125 -50.5938
v  -184.2500 117.8750 -55.6563
v  -188.5000 110.6250 -44.5938
v  -186.8750 111.7500 -50.8438
v  -184.1250 117.9375 -54.7500
v  -183.7500 122.6250 -55.6875
v  -183.6250 122.5625 -54.7813
v  -185.0000 118.0000 -55.0938
v  -187.1250 112.5625 -40.3750
v  -185.1250 115.1250 -36.9375
v  -184.3750 122.6875 -55.1250
v  -180.5000 118.2500 -37.0625
v  -180.0000 118.3750 -36.3750
v  -180.5000 119.0625 -36.5625
v  -182.6250 117.5625 -35.7188
v  -179.0000 118.8125 -37.5625
v  -179.5000 119.5000 -37.7813
v  -179.6250 118.6875 -38.1250
v  -192.6250 126.9375 -55.1563
v  -192.0000 126.9375 -54.9375
v  -192.1250 128.2500 -54.8750
v  -192.6250 128.2500 -55.0938
v  -192.3750 126.9375 -56.0313
v  -192.3750 128.2500 -55.9688
v  -190.3750 128.5000 -60.6875
v  -190.3750 127.1875 -60.7500
v  -192.2500 128.5000 -55.9063
v  -192.2500 126.6875 -56.0000
v  -190.2500 126.9375 -60.7188
v  -190.0000 127.1875 -61.5313
v  -190.0000 128.6250 -61.4688
v  -190.2500 128.7500 -60.6250
v  -191.0000 128.5000 -58.5313
v  -187.2500 128.5000 -56.9688
v  -187.1250 127.4375 -57.3750
v  -190.8750 127.4375 -58.9063
v  -187.5000 127.0625 -56.4375
v  -191.2500 127.0625 -57.9688
v  -187.6250 128.0000 -56.0625
v  -191.3750 128.0000 -57.5938
v  -178.7500 166.6250 -67.3750
v  -176.5000 166.6250 -68.3125
v  -177.5000 166.6250 -70.5625
v  -179.7500 166.6250 -69.6250
v  -176.5000 162.1250 -68.3125
v  -178.7500 162.1250 -67.3750
v  -179.7500 162.1250 -69.6250
v  -177.5000 162.1250 -70.5625
v  -181.6250 175.1250 -59.9688
v  -181.6250 171.1250 -59.9688
v  -180.8750 171.1250 -60.7188
v  -180.8750 175.1250 -60.7188
v  -181.6250 171.1250 -61.5000
v  -181.6250 175.1250 -61.5000
v  -182.3750 171.1250 -60.7188
v  -182.3750 175.1250 -60.7188
v  -180.3750 171.1250 -60.2500
v  -181.1250 171.1250 -61.9063
v  -182.7500 171.1250 -61.2188
v  -182.1250 171.1250 -59.5313
v  -128.2500 79.5625 -82.4375
v  -126.8750 82.2500 -81.8750
v  -124.0000 82.2500 -80.6875
v  -124.0000 76.8750 -80.6875
v  -122.5625 79.5625 -80.1250
v  -126.8750 76.8750 -81.8750
v  -127.1875 76.8750 -81.1250
v  -128.6250 79.5625 -81.6875
v  -124.3125 76.8750 -79.9375
v  -122.8750 79.5625 -79.3125
v  -124.3125 82.2500 -79.9375
v  -127.1875 82.2500 -81.1250
v  -136.5000 79.5625 -85.9375
v  -135.1250 82.2500 -85.3125
v  -132.2500 82.2500 -84.1250
v  -132.2500 76.8750 -84.1250
v  -130.8750 79.5625 -83.5625
v  -135.1250 76.8750 -85.3125
v  -135.5000 76.8750 -84.5625
v  -136.8750 79.5625 -85.1250
v  -132.6250 76.8750 -83.3750
v  -131.1250 79.5625 -82.7500
v  -132.6250 82.2500 -83.3750
v  -135.5000 82.2500 -84.5625
v  -144.8750 79.5625 -89.3750
v  -143.5000 82.2500 -88.7500
v  -140.6250 82.2500 -87.5625
v  -140.6250 76.8750 -87.5625
v  -139.1250 79.5625 -87.0000
v  -143.5000 76.8750 -88.7500
v  -143.7500 76.8750 -88.0000
v  -145.2500 79.5625 -88.5625
v  -140.8750 76.8750 -86.8125
v  -139.5000 79.5625 -86.1875
v  -140.8750 82.2500 -86.8125
v  -143.7500 82.2500 -88.0000
v  -153.2500 79.5625 -92.8125
v  -151.7500 82.2500 -92.1875
v  -148.8750 82.2500 -91.0000
v  -148.8750 76.8750 -91.0000
v  -147.5000 79.5625 -90.4375
v  -151.7500 76.8750 -92.1875
v  -152.1250 76.8750 -91.4375
v  -153.5000 79.5625 -92.0000
v  -149.2500 76.8750 -90.2500
v  -147.7500 79.5625 -89.6875
v  -149.2500 82.2500 -90.2500
v  -152.1250 82.2500 -91.4375
v  -125.2500 115.1250 -89.7500
v  -124.8750 115.1250 -86.6250
v  -122.0000 115.1250 -85.4375
v  -119.9375 115.1250 -90.4375
v  -119.5625 115.1250 -87.3750
v  -122.8125 115.1250 -91.6250
v  -122.8125 114.3125 -91.6250
v  -125.2500 114.3125 -89.7500
v  -119.9375 114.3125 -90.4375
v  -119.5625 114.3125 -87.3750
v  -122.0000 114.3125 -85.4375
v  -124.8750 114.3125 -86.6250
v  -133.5000 115.1250 -93.1875
v  -133.1250 115.1250 -90.1250
v  -130.2500 115.1250 -88.9375
v  -128.2500 115.1250 -93.8750
v  -127.8750 115.1250 -90.8125
v  -131.1250 115.1250 -95.0625
v  -131.1250 114.3125 -95.0625
v  -133.5000 114.3125 -93.1875
v  -128.2500 114.3125 -93.8750
v  -127.8750 114.3125 -90.8125
v  -130.2500 114.3125 -88.9375
v  -133.1250 114.3125 -90.1250
v  -139.3750 114.3125 -98.5000
v  -141.8750 114.3125 -96.6250
v  -141.8750 115.1250 -96.6250
v  -139.3750 115.1250 -98.5000
v  -136.5000 114.3125 -97.3125
v  -136.5000 115.1250 -97.3125
v  -136.1250 114.3125 -94.2500
v  -136.1250 115.1250 -94.2500
v  -138.6250 114.3125 -92.3750
v  -138.6250 115.1250 -92.3750
v  -141.5000 114.3125 -93.5625
v  -141.5000 115.1250 -93.5625
v  -150.1250 115.1250 -100.0625
v  -149.7500 115.1250 -97.0000
v  -146.8750 115.1250 -95.8125
v  -144.8750 115.1250 -100.7500
v  -144.5000 115.1250 -97.6875
v  -147.7500 115.1250 -101.9375
v  -147.7500 114.3125 -101.9375
v  -150.1250 114.3125 -100.0625
v  -144.8750 114.3125 -100.7500
v  -144.5000 114.3125 -97.6875
v  -146.8750 114.3125 -95.8125
v  -149.7500 114.3125 -97.0000
v  -125.2500 150.7500 -89.7500
v  -124.8750 150.7500 -86.6250
v  -122.0000 150.7500 -85.4375
v  -119.9375 150.7500 -90.4375
v  -119.5625 150.7500 -87.3750
v  -122.8125 150.7500 -91.6250
v  -122.8125 149.8750 -91.6250
v  -125.2500 149.8750 -89.7500
v  -119.9375 149.8750 -90.4375
v  -119.5625 149.8750 -87.3750
v  -122.0000 149.8750 -85.4375
v  -124.8750 149.8750 -86.6250
v  -133.5000 150.7500 -93.1875
v  -133.1250 150.7500 -90.1250
v  -130.2500 150.7500 -88.9375
v  -128.2500 150.7500 -93.8750
v  -127.8750 150.7500 -90.8125
v  -131.1250 150.7500 -95.0625
v  -131.1250 149.8750 -95.0625
v  -133.5000 149.8750 -93.1875
v  -128.2500 149.8750 -93.8750
v  -127.8750 149.8750 -90.8125
v  -130.2500 149.8750 -88.9375
v  -133.1250 149.8750 -90.1250
v  -141.8750 150.7500 -96.6250
v  -141.5000 150.7500 -93.5625
v  -138.6250 150.7500 -92.3750
v  -136.5000 150.7500 -97.3125
v  -136.1250 150.7500 -94.2500
v  -139.3750 150.7500 -98.5000
v  -139.3750 149.8750 -98.5000
v  -141.8750 149.8750 -96.6250
v  -136.5000 149.8750 -97.3125
v  -136.1250 149.8750 -94.2500
v  -138.6250 149.8750 -92.3750
v  -141.5000 149.8750 -93.5625
v  -150.1250 150.7500 -100.0625
v  -149.7500 150.7500 -97.0000
v  -146.8750 150.7500 -95.8125
v  -144.8750 150.7500 -100.7500
v  -144.5000 150.7500 -97.6875
v  -147.7500 150.7500 -101.9375
v  -147.7500 149.8750 -101.9375
v  -150.1250 149.8750 -100.0625
v  -144.8750 149.8750 -100.7500
v  -144.5000 149.8750 -97.6875
v  -146.8750 149.8750 -95.8125
v  -149.7500 149.8750 -97.0000
v  -128.7500 170.6250 -80.1875
v  -127.6875 173.2500 -79.0625
v  -125.5000 173.2500 -76.8750
v  -125.5000 167.8750 -76.8750
v  -124.3750 170.6250 -75.8125
v  -127.6875 167.8750 -79.0625
v  -128.2500 167.8750 -78.5000
v  -129.3750 170.6250 -79.5625
v  -126.0625 167.8750 -76.3125
v  -124.9375 170.6250 -75.1875
v  -126.0625 173.2500 -76.3125
v  -128.2500 173.2500 -78.5000
v  -135.6250 170.6250 -87.1250
v  -134.5000 173.2500 -86.0000
v  -132.3750 173.2500 -83.8125
v  -132.3750 167.8750 -83.8125
v  -131.2500 170.6250 -82.7500
v  -134.5000 167.8750 -86.0000
v  -135.1250 167.8750 -85.4375
v  -136.2500 170.6250 -86.5000
v  -133.0000 167.8750 -83.2500
v  -131.8750 170.6250 -82.1250
v  -133.0000 173.2500 -83.2500
v  -135.1250 173.2500 -85.4375
v  -139.0000 170.6250 -87.6875
v  -140.5000 167.8750 -87.6875
v  -140.5000 167.8750 -88.5000
v  -139.0000 170.6250 -88.5000
v  -140.5000 173.2500 -87.6875
v  -140.5000 173.2500 -88.5000
v  -143.6250 173.2500 -87.6875
v  -143.6250 173.2500 -88.5000
v  -145.1250 170.6250 -87.6875
v  -145.1250 170.6250 -88.5000
v  -139.8750 81.8750 -93.2500
v  -140.6250 81.8750 -91.4375
v  -138.2500 79.3125 -90.3750
v  -136.5000 79.3125 -94.5625
v  -140.6250 76.8125 -91.4375
v  -138.0000 76.8125 -97.8750
v  -141.3750 79.3125 -96.6250
v  -143.1250 79.3125 -92.4375
v  -140.6250 173.3750 -91.4375
v  -143.1250 170.8750 -92.4375
v  -140.6250 168.3750 -91.4375
v  -138.2500 170.8750 -90.3750
v  -139.8750 166.3750 -93.2500
v  -141.3750 166.3750 -96.6250
v  -138.0000 166.3750 -97.8750
v  -136.5000 166.3750 -94.5625
v  -140.6250 81.1875 -91.4375
v  -142.3750 81.1875 -87.3750
v  -140.7500 79.5000 -86.7500
v  -139.1250 79.5000 -90.7500
v  -142.3750 77.8125 -87.3750
v  -140.6250 77.8125 -91.4375
v  -142.2500 79.5000 -92.0625
v  -143.8750 79.5000 -88.0625
v  -179.1250 166.2500 -69.6250
v  -179.2500 166.2500 -68.7500
v  -178.5000 166.2500 -69.0625
v  -139.8750 168.3750 -93.2500
v  -136.5000 170.8750 -94.5625
v  -138.0000 173.3750 -97.8750
v  -141.3750 170.8750 -96.6250
v  -180.3750 167.7500 -60.2500
v  -181.1250 167.7500 -61.9063
v  -182.1250 167.7500 -59.5313
v  -182.7500 167.7500 -61.2188
v  -171.5000 168.5000 -85.0000
v  -173.1250 166.7500 -85.6875
v  -188.2500 166.7500 -49.2813
v  -186.6250 168.5000 -48.5938
v  -169.8750 166.7500 -84.3750
v  -185.0000 166.7500 -47.9375
v  -171.5000 165.0000 -85.0000
v  -186.6250 165.0000 -48.5938
v  -143.6250 167.8750 -88.5000
v  -153.3750 167.8750 -88.5000
v  -155.0000 170.6250 -88.5000
v  -150.2500 167.8750 -88.5000
v  -153.3750 173.2500 -88.5000
v  -150.2500 173.2500 -88.5000
v  -148.7500 170.6250 -88.5000
v  -142.2500 170.7500 -83.2500
v  -143.7500 169.1250 -83.9375
v  -140.6250 169.1250 -91.4375
v  -139.1250 170.7500 -90.7500
v  -143.7500 172.3750 -83.9375
v  -140.6250 172.3750 -91.4375
v  -142.2500 170.7500 -92.0625
v  -145.3750 170.7500 -84.5625
v  -137.5000 166.3750 -94.8125
v  -139.6250 166.3750 -93.8750
v  -139.6250 83.8125 -93.8750
v  -137.5000 83.8125 -94.8125
v  -138.3750 166.3750 -97.0000
v  -138.3750 83.8125 -97.0000
v  -140.5000 166.3750 -96.0625
v  -140.5000 83.8125 -96.0625
v  -150.5000 170.7500 -86.7500
v  -152.1250 169.1250 -87.3750
v  -149.0000 169.1250 -94.8750
v  -147.5000 170.7500 -94.2500
v  -152.1250 172.3750 -87.3750
v  -149.0000 172.3750 -94.8750
v  -150.5000 170.7500 -95.5000
v  -153.6250 170.7500 -88.0000
v  -148.2500 83.8125 -96.6875
v  -144.7500 83.8125 -98.0000
v  -146.2500 83.8125 -101.3125
v  -149.7500 83.8125 -100.0625
v  -149.0000 76.8125 -94.8750
v  -146.5000 79.3125 -93.8125
v  -149.0000 81.8750 -94.8750
v  -151.5000 79.3125 -95.8750
v  -148.2500 81.8750 -96.6875
v  -149.7500 79.3125 -100.0625
v  -146.2500 76.8125 -101.3125
v  -144.8750 79.3125 -98.0625
v  -145.7500 166.3750 -98.2500
v  -148.0000 166.3750 -97.3125
v  -148.0000 83.8125 -97.3125
v  -145.7500 83.8125 -98.2500
v  -146.6250 166.3750 -100.4375
v  -146.6250 83.8125 -100.4375
v  -148.8750 166.3750 -99.5000
v  -148.8750 83.8125 -99.5000
v  -117.6875 282.2500 -59.5000
v  -114.3750 287.2500 -67.4375
v  -120.9375 287.2500 -51.5000
v  -114.3750 297.2500 -67.4375
v  -117.6875 302.2500 -59.5000
v  -120.9375 297.2500 -51.5000
v  -132.5000 275.7500 -56.2813
v  -140.5000 275.7500 -59.5938
v  -123.6250 275.7500 -61.9688
v  -141.2500 275.7500 -69.2500
v  -133.8750 275.7500 -75.5000
v  -125.8750 275.7500 -72.1875
v  -156.1250 430.0000 -25.5313
v  -167.8750 430.0000 -30.3906
v  -144.1250 430.0000 -33.6563
v  -169.1250 430.0000 -44.0313
v  -159.5000 430.0000 -53.1563
v  -145.8750 430.0000 -47.5313
v  -138.2500 439.0000 -31.2500
v  -133.6250 447.0000 -42.4375
v  -142.8750 447.0000 -20.0469
v  -133.6250 460.0000 -42.4375
v  -138.2500 467.0000 -31.2500
v  -142.8750 460.0000 -20.0469
v  -157.6250 430.7500 -54.3125
v  -169.6250 430.7500 -59.2813
v  -145.6250 430.7500 -62.4375
v  -170.6250 430.7500 -72.8125
v  -160.3750 430.7500 -81.6875
v  -148.3750 430.7500 -76.6875
v  -138.2500 441.2500 -59.3750
v  -133.5000 449.2500 -70.5625
v  -142.8750 449.2500 -48.1875
v  -133.5000 461.7500 -70.5625
v  -138.2500 468.2500 -59.3750
v  -142.8750 461.7500 -48.1875
v  -114.1875 13.4531 -49.6250
v  -114.0000 12.4453 -50.0000
v  -117.7500 12.4453 -51.5313
v  -117.8750 13.4531 -51.1563
v  -114.5625 13.0313 -48.6875
v  -118.2500 13.0313 -50.2188
v  -114.4375 12.0234 -49.0625
v  -118.1250 12.0234 -50.5938
v  -174.8750 11.6953 -75.3750
v  -174.5000 11.8984 -76.1875
v  -173.8750 11.8984 -75.9375
v  -174.2500 11.6953 -75.1250
v  -176.7500 11.9141 -70.6250
v  -176.2500 11.9141 -70.3750
v  -177.1250 12.1953 -69.8125
v  -176.6250 12.1953 -69.5625
v  -176.7500 13.7813 -70.6875
v  -177.1250 13.5781 -69.8750
v  -176.5000 13.5781 -69.6250
v  -176.2500 13.7813 -70.5000
v  -174.7500 13.5625 -75.4375
v  -174.2500 13.5625 -75.1875
v  -174.5000 13.2813 -76.2500
v  -173.8750 13.2813 -76.0000
v  -167.6250 12.7422 -71.5625
v  -168.3750 10.9922 -69.9375
v  -171.8750 10.9922 -71.4375
v  -171.2500 12.7422 -73.0625
v  -168.3750 14.4844 -69.9375
v  -171.8750 14.4844 -71.4375
v  -169.0000 12.7422 -68.3125
v  -172.6250 12.7422 -69.8125
v  -176.8750 76.9375 -79.5625
v  -176.6250 77.4375 -80.2500
v  -176.0000 77.4375 -80.0625
v  -176.3750 76.9375 -79.3750
v  -178.7500 75.1875 -75.1250
v  -178.1250 75.1875 -74.9375
v  -179.0000 75.0625 -74.2500
v  -178.5000 75.0625 -74.0625
v  -174.8750 122.5625 -76.9375
v  -172.5000 122.5625 -77.8750
v  -172.5000 130.8750 -77.8750
v  -174.8750 130.8750 -76.9375
v  -175.7500 122.5625 -79.2500
v  -175.7500 130.8750 -79.2500
v  -173.5000 122.5625 -80.1875
v  -173.5000 130.8750 -80.1875
v  -174.1250 129.5000 -78.5625
v  -173.5000 127.7500 -80.1875
v  -177.0000 127.7500 -81.6875
v  -177.7500 129.5000 -80.0625
v  -174.8750 127.7500 -76.9375
v  -178.3750 127.7500 -78.4375
v  -174.1250 126.0000 -78.5625
v  -177.7500 126.0000 -80.0625
v  -189.7500 128.7500 -60.4063
v  -191.7500 128.5000 -55.6875
v  -191.6250 128.2500 -55.6563
v  -191.6250 126.9375 -55.7188
v  -191.7500 126.6875 -55.7813
v  -189.6250 127.1875 -60.4375
v  -189.7500 126.9375 -60.5000
v  -189.3750 127.1875 -61.3125
v  -189.6250 128.5000 -60.3750
v  -189.3750 128.6250 -61.2500
v  -125.6250 170.7500 -76.3750
v  -127.1875 169.1250 -77.0625
v  -124.0625 169.1250 -84.5625
v  -122.5000 170.7500 -83.8750
v  -127.1875 172.3750 -77.0625
v  -124.0625 172.3750 -84.5625
v  -125.6250 170.7500 -85.1875
v  -128.7500 170.7500 -77.6875
v  -120.8750 166.3750 -87.8750
v  -123.0625 166.3750 -87.0000
v  -123.0625 83.8125 -87.0000
v  -120.8750 83.8125 -87.8750
v  -121.7500 166.3750 -90.0625
v  -121.7500 83.8125 -90.0625
v  -123.9375 166.3750 -89.1875
v  -123.9375 83.8125 -89.1875
v  -133.8750 170.7500 -79.8125
v  -135.5000 169.1250 -80.5000
v  -132.3750 169.1250 -88.0000
v  -130.7500 170.7500 -87.3125
v  -135.5000 172.3750 -80.5000
v  -132.3750 172.3750 -88.0000
v  -133.8750 170.7500 -88.6250
v  -137.0000 170.7500 -81.1250
v  -149.0000 173.3750 -94.8750
v  -151.5000 170.8750 -95.8750
v  -149.0000 168.3750 -94.8750
v  -146.5000 170.8750 -93.8125
v  -148.2500 166.3750 -96.6875
v  -149.7500 166.3750 -100.0625
v  -146.2500 166.3750 -101.3125
v  -144.7500 166.3750 -98.0000
v  -149.0000 81.1875 -94.8750
v  -150.6250 81.1875 -90.8750
v  -149.1250 79.5000 -90.1875
v  -147.5000 79.5000 -94.2500
v  -150.6250 77.8125 -90.8750
v  -149.0000 77.8125 -94.8750
v  -150.5000 79.5000 -95.5000
v  -152.2500 79.5000 -91.5000
v  -129.1250 166.3750 -91.3125
v  -131.3750 166.3750 -90.4375
v  -131.3750 83.8125 -90.4375
v  -129.1250 83.8125 -91.3125
v  -130.0000 166.3750 -93.5000
v  -130.0000 83.8125 -93.5000
v  -132.2500 166.3750 -92.6250
v  -132.2500 83.8125 -92.6250
v  -124.6250 442.2500 -17.8438
v  -129.5000 453.7500 -12.5703
v  -119.5000 442.2500 -30.3281
v  -129.2500 465.2500 -19.7813
v  -124.1250 465.2500 -32.2500
v  -119.2500 453.7500 -37.5313
v  -148.2500 168.3750 -96.6875
v  -144.8750 170.8750 -98.0625
v  -146.2500 173.3750 -101.3125
v  -149.7500 170.8750 -100.0625
v  -176.6250 78.6875 -78.7500
v  -176.2500 78.7500 -79.6250
v  -176.7500 78.7500 -79.8125
v  -177.1250 78.6875 -79.0000
v  -178.3750 76.9375 -74.3125
v  -179.0000 76.9375 -74.5625
v  -178.7500 76.3750 -73.6250
v  -179.2500 76.3750 -73.8125
v  -174.6250 56.0000 -18.4375
v  -174.1250 53.2813 -18.2656
v  -170.8750 49.1563 -16.9375
v  -167.2500 48.2188 -15.4297
v  -163.6250 49.1563 -13.9219
v  -160.5000 53.2813 -12.5938
v  -160.0000 56.0000 -12.4141
v  -158.8750 56.0000 -15.0859
v  -159.3750 58.6875 -15.2734
v  -162.5000 62.8125 -16.5938
v  -166.1250 63.7500 -18.0938
v  -169.8750 62.8125 -19.6094
v  -173.0000 58.6875 -20.9375
v  -173.5000 56.0000 -21.1094
v  -159.2500 89.8125 -36.5938
v  -155.2500 89.8125 -36.2813
v  -155.2500 110.8750 -36.2813
v  -159.2500 110.8750 -36.5938
v  -160.1250 89.8125 -40.4688
v  -160.1250 110.8750 -40.4688
v  -156.7500 89.8125 -42.5625
v  -156.7500 110.8750 -42.5625
v  -153.7500 89.8125 -39.9688
v  -153.7500 110.8750 -39.9688
v  -159.6250 88.1875 -52.7188
v  -155.6250 88.1875 -52.4063
v  -155.6250 110.8750 -52.4063
v  -159.6250 110.8750 -52.7188
v  -160.5000 88.1875 -56.5938
v  -160.5000 110.8750 -56.5938
v  -157.1250 88.1875 -58.6875
v  -157.1250 110.8750 -58.6875
v  -154.1250 88.1875 -56.0938
v  -154.1250 110.8750 -56.0938
v  -180.1250 129.5000 -83.3125
v  -180.0000 128.2500 -83.8750
v  -181.7500 126.1250 -79.5625
v  -182.0000 127.3750 -79.0000
v  -123.6250 282.2500 -61.9688
v  -132.6250 287.2500 -55.9688
v  -140.3750 297.2500 -59.7188
v  -141.2500 302.2500 -69.2500
v  -133.8750 297.2500 -75.4375
v  -125.7500 287.2500 -72.5000
v  -179.0000 107.8750 -67.0000
v  -179.7500 108.0000 -66.4375
v  -178.8750 108.0000 -66.1250
v  -180.0000 103.8750 -65.6250
v  -179.1250 103.8750 -65.3125
v  -181.0000 98.9375 -63.6250
v  -180.2500 98.8750 -63.2500
v  -182.7500 97.3125 -60.6250
v  -182.0000 97.1875 -60.1563
v  -179.2500 103.6875 -66.1250
v  -180.3750 98.3750 -63.9688
v  -182.6250 96.5000 -60.3125
v  -183.3750 102.9375 -58.1563
v  -184.1250 102.8750 -57.8438
v  -184.0000 102.9375 -58.7500
v  -184.1250 120.5625 -58.9688
v  -183.5000 120.5625 -58.4063
v  -183.0000 132.5000 -61.9375
v  -182.2500 132.6250 -61.4063
v  -180.5000 138.6250 -67.3125
v  -179.7500 138.7500 -66.7500
v  -179.2500 150.3750 -69.6875
v  -178.6250 150.3750 -69.1250
v  -184.3750 120.6250 -58.0938
v  -183.0000 133.0000 -61.2188
v  -180.6250 139.0000 -66.5625
v  -179.5000 150.5000 -68.8125
v  -117.6875 285.2500 -59.5000
v  -89.4375 285.2500 -47.8125
v  -91.7500 288.7500 -42.2188
v  -120.0000 288.7500 -53.9063
v  -91.7500 295.7500 -42.2188
v  -120.0000 295.7500 -53.9063
v  -89.4375 299.2500 -47.8125
v  -117.6875 299.2500 -59.5000
v  -115.3750 295.7500 -65.0625
v  -87.1250 295.7500 -53.3750
v  -115.3750 288.7500 -65.0625
v  -87.1250 288.7500 -53.3750
v  -126.3750 275.7500 -63.0938
v  -126.3750 179.7500 -63.0938
v  -127.3125 179.7500 -70.0000
v  -127.3125 275.7500 -70.0000
v  -133.7500 179.7500 -72.6875
v  -133.7500 275.7500 -72.6875
v  -139.2500 179.7500 -68.4375
v  -139.2500 275.7500 -68.4375
v  -138.3750 275.7500 -61.5313
v  -138.3750 179.7500 -61.5313
v  -131.8750 275.7500 -58.8750
v  -131.8750 179.7500 -58.8750
v  -146.7500 447.0000 -48.2188
v  -144.1250 439.0000 -33.6563
v  -158.6250 460.0000 -52.6563
v  -169.1250 467.0000 -44.0313
v  -167.8750 460.0000 -30.5000
v  -156.2500 447.0000 -25.2344
v  -138.2500 442.0000 -31.2500
v  -118.0000 442.0000 -22.8281
v  -121.6250 447.5000 -14.0391
v  -141.8750 447.5000 -22.4531
v  -121.6250 458.5000 -14.0391
v  -141.8750 458.5000 -22.4531
v  -118.0000 464.0000 -22.8281
v  -138.2500 464.0000 -31.2500
v  -134.6250 458.5000 -40.0313
v  -114.3125 458.5000 -31.6406
v  -134.6250 447.5000 -40.0313
v  -114.3125 447.5000 -31.6406
v  -141.8750 110.8750 -67.9375
v  -141.8750 87.6875 -67.9375
v  -138.7500 87.6875 -65.3750
v  -138.7500 110.8750 -65.3750
v  -135.3750 87.6875 -67.4375
v  -135.3750 110.8750 -67.4375
v  -136.3750 87.6875 -71.3125
v  -136.3750 110.8750 -71.3125
v  -140.3750 87.6875 -71.6250
v  -140.3750 110.8750 -71.6250
v  -139.8750 83.8125 -93.2500
v  -141.3750 83.8125 -96.6250
v  -138.0000 83.8125 -97.8750
v  -136.5000 83.8125 -94.5625
v  -146.8750 430.0000 -34.8125
v  -146.8750 183.2500 -34.8125
v  -148.2500 183.2500 -45.7188
v  -148.2500 430.0000 -45.7188
v  -158.5000 183.2500 -49.9063
v  -158.5000 430.0000 -49.9063
v  -167.2500 183.2500 -43.2188
v  -167.2500 430.0000 -43.2188
v  -165.7500 430.0000 -32.3125
v  -165.7500 183.2500 -32.3125
v  -155.6250 430.0000 -28.1094
v  -155.6250 183.2500 -28.1094
v  -184.5000 127.7500 -53.6250
v  -188.1250 127.7500 -55.0938
v  -187.3750 126.0000 -56.7188
v  -183.8750 126.0000 -55.2500
v  -186.7500 127.7500 -58.3125
v  -183.1250 127.7500 -56.8438
v  -187.3750 129.5000 -56.7188
v  -183.8750 129.5000 -55.2500
v  -121.6250 443.0000 -16.5938
v  -126.5625 454.5000 -11.3125
v  -116.4375 443.0000 -29.0781
v  -126.3125 465.7500 -18.5156
v  -121.1250 465.7500 -31.0156
v  -116.1875 454.5000 -36.2813
v  -114.1250 467.0000 -56.6875
v  -109.1875 455.5000 -61.9688
v  -109.4375 444.2500 -54.7813
v  -119.2500 467.0000 -44.2188
v  -119.5000 455.5000 -37.0000
v  -114.6250 444.2500 -42.2813
v  -82.8125 292.5000 -55.1250
v  -84.6250 284.0000 -50.7188
v  -87.7500 284.0000 -52.0000
v  -85.8750 292.5000 -56.4063
v  -84.6250 300.7500 -50.7188
v  -87.7500 300.7500 -52.0000
v  -88.3125 300.7500 -41.8438
v  -91.3750 300.7500 -43.1250
v  -90.1250 292.5000 -37.4063
v  -93.2500 292.5000 -38.6875
v  -91.3750 284.0000 -43.1250
v  -88.3125 284.0000 -41.8438
v  -111.5625 445.0000 -41.0313
v  -116.5000 456.2500 -35.7500
v  -106.3750 445.0000 -53.5000
v  -116.2500 467.7500 -42.9688
v  -111.0625 467.7500 -55.4375
v  -106.1250 456.2500 -60.7188
v  -148.3750 430.7500 -63.5938
v  -148.3750 183.2500 -63.5938
v  -149.7500 183.2500 -74.5000
v  -149.7500 430.7500 -74.5000
v  -160.0000 183.2500 -78.6875
v  -160.0000 430.7500 -78.6875
v  -168.7500 183.2500 -72.0000
v  -168.7500 430.7500 -72.0000
v  -167.2500 430.7500 -61.0938
v  -167.2500 183.2500 -61.0938
v  -157.1250 430.7500 -56.9063
v  -157.1250 183.2500 -56.9063
v  -129.3750 183.2500 -74.4375
v  -123.5625 183.2500 -66.8125
v  -123.5625 179.8750 -66.8125
v  -129.3750 179.8750 -74.4375
v  -138.8750 183.2500 -73.1875
v  -138.8750 179.8750 -73.1875
v  -142.5000 183.2500 -64.3125
v  -142.5000 179.8750 -64.3125
v  -136.7500 183.2500 -56.7188
v  -136.7500 179.8750 -56.7188
v  -127.1875 179.8750 -57.9688
v  -127.1875 183.2500 -57.9688
v  -145.6250 441.2500 -62.4375
v  -157.7500 449.2500 -54.0000
v  -169.3750 461.7500 -59.2813
v  -170.6250 468.2500 -72.8125
v  -160.1250 461.7500 -81.4375
v  -148.2500 449.2500 -77.0000
v  -138.2500 444.2500 -59.3750
v  -108.1250 444.2500 -46.9063
v  -111.7500 449.7500 -38.0938
v  -141.8750 449.7500 -50.5625
v  -111.7500 460.7500 -38.0938
v  -141.8750 460.7500 -50.5625
v  -108.1250 466.2500 -46.9063
v  -138.2500 466.2500 -59.3750
v  -134.5000 460.7500 -68.1875
v  -104.5000 460.7500 -55.7188
v  -134.5000 449.7500 -68.1875
v  -104.5000 449.7500 -55.7188
v  -152.2500 183.2500 -51.4688
v  -144.0000 183.2500 -40.7500
v  -144.0000 179.8750 -40.7500
v  -152.2500 179.8750 -51.4688
v  -165.6250 183.2500 -49.7188
v  -165.6250 179.8750 -49.7188
v  -170.7500 183.2500 -37.2188
v  -170.7500 179.8750 -37.2188
v  -162.5000 183.2500 -26.5156
v  -162.5000 179.8750 -26.5156
v  -149.1250 179.8750 -28.2813
v  -149.1250 183.2500 -28.2813
v  -131.6250 168.3750 -89.7500
v  -132.3750 168.3750 -88.0000
v  -134.8750 170.8750 -89.0000
v  -133.1250 170.8750 -93.1875
v  -132.3750 173.3750 -88.0000
v  -129.6250 173.3750 -94.4375
v  -128.1250 170.8750 -91.1250
v  -129.8750 170.8750 -86.9375
v  -153.7500 183.2500 -80.2500
v  -145.5000 183.2500 -69.5000
v  -145.5000 179.8750 -69.5000
v  -153.7500 179.8750 -80.2500
v  -167.1250 183.2500 -78.5000
v  -167.1250 179.8750 -78.5000
v  -172.2500 183.2500 -66.0000
v  -172.2500 179.8750 -66.0000
v  -164.0000 183.2500 -55.2813
v  -164.0000 179.8750 -55.2813
v  -150.6250 179.8750 -57.0625
v  -150.6250 183.2500 -57.0625
v  -131.6250 166.3750 -89.7500
v  -128.1250 166.3750 -91.1250
v  -129.6250 166.3750 -94.4375
v  -133.1250 166.3750 -93.1875
v  -115.4375 13.5781 -46.1250
v  -116.0000 13.5781 -46.3438
v  -116.0000 12.1953 -46.2813
v  -115.4375 12.1953 -46.0625
v  -115.6875 11.9141 -47.0938
v  -115.1250 11.9141 -46.8750
v  -113.6875 11.6953 -51.8125
v  -113.1875 11.6953 -51.5938
v  -113.3750 11.8984 -52.6563
v  -112.8125 11.8984 -52.4375
v  -113.3125 13.2813 -52.7188
v  -112.8125 13.2813 -52.5000
v  -113.6875 13.5625 -51.9063
v  -113.1250 13.5625 -51.6563
v  -115.6250 13.7813 -47.1875
v  -115.1250 13.7813 -46.9375
v  -113.0625 13.3203 -51.6250
v  -115.0000 13.5391 -46.9063
v  -113.0625 11.9375 -51.5625
v  -115.0000 12.1563 -46.8438
v  -132.3750 81.1875 -88.0000
v  -134.0000 81.1875 -83.9375
v  -132.5000 79.5000 -83.3125
v  -130.7500 79.5000 -87.3125
v  -134.0000 77.8125 -83.9375
v  -132.3750 77.8125 -88.0000
v  -133.8750 79.5000 -88.6250
v  -135.6250 79.5000 -84.6250
v  -115.7500 12.1563 -47.1563
v  -115.7500 13.5391 -47.1875
v  -113.8125 11.9375 -51.8750
v  -113.7500 13.3203 -51.9375
v  -131.6250 81.8750 -89.7500
v  -132.3750 81.8750 -88.0000
v  -129.8750 79.3125 -86.9375
v  -128.1250 79.3125 -91.1250
v  -132.3750 76.8125 -88.0000
v  -129.6250 76.8125 -94.4375
v  -133.1250 79.3125 -93.1875
v  -134.8750 79.3125 -89.0000
v  -118.0000 14.4844 -50.8750
v  -118.6875 12.7422 -49.2500
v  -118.0000 10.9922 -50.8750
v  -117.3125 12.7422 -52.5000
v  -121.5625 10.9922 -52.3438
v  -122.2500 12.7422 -50.7500
v  -121.5625 14.4844 -52.3438
v  -120.8750 12.7422 -53.9688
v  -160.0000 120.3750 -88.1250
v  -157.6250 120.3750 -88.1250
v  -157.6250 117.9375 -88.1250
v  -160.0000 117.9375 -88.1250
v  -157.6250 120.3750 -87.7500
v  -157.6250 117.9375 -87.7500
v  -160.0000 120.3750 -87.7500
v  -160.0000 117.9375 -87.7500
v  -180.6250 120.3750 -38.4688
v  -180.6250 117.9375 -38.4688
v  -178.8750 117.9375 -36.7188
v  -178.8750 120.3750 -36.7188
v  -178.6250 120.3750 -37.0313
v  -178.6250 117.9375 -37.0313
v  -180.3750 120.3750 -38.7500
v  -180.3750 117.9375 -38.7500
v  -176.8750 12.1563 -70.6875
v  -176.8750 13.5391 -70.7500
v  -174.8750 11.9375 -75.3750
v  -174.8750 13.3203 -75.4375
v  -131.6250 83.8125 -89.7500
v  -133.1250 83.8125 -93.1875
v  -129.6250 83.8125 -94.4375
v  -128.1250 83.8125 -91.1250
v  -174.1250 13.3203 -75.1250
v  -176.1250 13.5391 -70.4375
v  -174.1250 11.9375 -75.1250
v  -176.1250 12.1563 -70.3750
v  -123.3125 168.3750 -86.3125
v  -124.0625 168.3750 -84.5625
v  -126.5625 170.8750 -85.5625
v  -124.7500 170.8750 -89.7500
v  -124.0625 173.3750 -84.5625
v  -121.3750 173.3750 -91.0000
v  -119.8750 170.8750 -87.6875
v  -121.6250 170.8750 -83.5000
v  -175.3750 12.4453 -73.6250
v  -171.6250 12.4453 -72.0625
v  -172.0000 12.0234 -71.1250
v  -175.7500 12.0234 -72.6875
v  -172.1250 13.0313 -70.7500
v  -175.8750 13.0313 -72.3125
v  -171.7500 13.4531 -71.6875
v  -175.5000 13.4531 -73.2500
v  -178.8750 75.3750 -75.1250
v  -179.0000 76.6875 -74.6875
v  -177.0000 77.1250 -79.5625
v  -177.1250 78.4375 -79.1250
v  -123.3125 166.3750 -86.3125
v  -119.8750 166.3750 -87.6875
v  -121.3750 166.3750 -91.0000
v  -124.8125 166.3750 -89.7500
v  -176.5000 78.4375 -78.8125
v  -178.2500 76.6875 -74.3750
v  -176.2500 77.1250 -79.2500
v  -178.1250 75.3750 -74.8125
v  -124.0625 81.1875 -84.5625
v  -125.7500 81.1875 -80.5000
v  -124.1875 79.5000 -79.8750
v  -122.5000 79.5000 -83.8750
v  -125.7500 77.8125 -80.5000
v  -124.0625 77.8125 -84.5625
v  -125.6250 79.5000 -85.1875
v  -127.3125 79.5000 -81.1250
v  -178.0000 76.3750 -76.5000
v  -174.2500 76.3750 -74.9375
v  -174.2500 77.4375 -74.9375
v  -178.0000 77.4375 -76.5000
v  -173.8750 77.4375 -75.9375
v  -177.5000 77.4375 -77.5000
v  -173.8750 76.3750 -75.9375
v  -177.5000 76.3750 -77.5000
v  -184.5000 122.5625 -53.6250
v  -185.5000 122.5625 -55.9063
v  -183.1250 122.5625 -56.8438
v  -182.2500 122.5625 -54.5625
v  -182.2500 130.8750 -54.5625
v  -184.5000 130.8750 -53.6250
v  -185.5000 130.8750 -55.9063
v  -183.1250 130.8750 -56.8438
v  -179.6250 110.3750 -65.2500
v  -180.6250 110.3750 -67.5625
v  -178.3750 110.3750 -68.5000
v  -177.3750 110.3750 -66.2500
v  -180.6250 118.6875 -67.5625
v  -178.3750 118.6875 -68.5000
v  -177.3750 118.6875 -66.2500
v  -179.6250 118.6875 -65.2500
v  -185.1250 116.4375 -73.1250
v  -184.6250 116.4375 -72.9375
v  -184.6250 115.0625 -72.9375
v  -185.1250 115.0625 -73.1875
v  -184.8750 114.7500 -72.1250
v  -185.5000 114.7500 -72.3750
v  -186.8750 114.5625 -67.4375
v  -187.3750 114.5625 -67.6250
v  -187.2500 114.7500 -66.5625
v  -187.7500 114.7500 -66.8125
v  -187.2500 116.1250 -66.5625
v  -187.7500 116.1250 -66.7500
v  -186.8750 116.3750 -67.3750
v  -187.3750 116.3750 -67.5625
v  -184.8750 116.6250 -72.0625
v  -185.5000 116.6250 -72.3125
v  -187.5000 116.1250 -67.6250
v  -185.6250 116.3750 -72.3750
v  -187.5000 114.7500 -67.6875
v  -185.5000 115.0000 -72.3750
v  -123.3125 81.8750 -86.3125
v  -124.0625 81.8750 -84.5625
v  -121.6250 79.3125 -83.5000
v  -119.8750 79.3125 -87.6875
v  -124.0625 76.8125 -84.5625
v  -121.3750 76.8125 -91.0000
v  -124.7500 79.3125 -89.7500
v  -126.5625 79.3125 -85.5625
v  -184.8750 115.0000 -72.1250
v  -184.8750 116.3750 -72.0625
v  -186.7500 114.7500 -67.3750
v  -186.7500 116.1250 -67.3125
v  -123.3125 83.8125 -86.3125
v  -124.8125 83.8125 -89.7500
v  -121.3750 83.8125 -91.0000
v  -119.8750 83.8125 -87.6875
v  -186.1250 114.8750 -70.1875
v  -182.5000 114.8750 -68.6250
v  -182.8750 115.3125 -67.6875
v  -186.5000 115.3125 -69.2500
v  -182.6250 116.3125 -68.1250
v  -186.3750 116.3125 -69.6250
v  -182.2500 115.8750 -69.0000
v  -186.0000 115.8750 -70.5625
v  -182.6250 117.3125 -68.3750
v  -181.8750 115.5625 -70.0000
v  -182.6250 113.8125 -68.3750
v  -183.2500 115.5625 -66.7500
v  -179.6250 115.5625 -65.3125
v  -179.0000 113.8125 -66.8750
v  -178.3750 115.5625 -68.5000
v  -179.0000 117.3125 -66.8750
v  -181.1250 127.4375 -82.2500
v  -177.5000 127.4375 -80.6875
v  -177.8750 127.0625 -79.7500
v  -181.5000 127.0625 -81.3125
v  -178.0000 128.0000 -79.3750
v  -181.7500 128.0000 -80.9375
v  -177.6250 128.5000 -80.3125
v  -181.3750 128.5000 -81.8750
v  -143.6250 167.8750 -87.6875
v  -153.3750 167.8750 -87.6875
v  -155.0000 170.6250 -87.6875
v  -150.2500 167.8750 -87.6875
v  -148.7500 170.6250 -87.6875
v  -150.2500 173.2500 -87.6875
v  -153.3750 173.2500 -87.6875
# 1519 vertices

vn -0.9189 0.0093 -0.3945
vn -0.9118 0.0135 -0.4103
vn -0.9176 0.0062 -0.3974
vn 0.3867 0.0000 -0.9222
vn -0.3867 0.0000 0.9222
vn 0.0000 1.0000 -0.0000
vn 0.0000 -1.0000 -0.0000
vn -0.1138 -0.6683 -0.7352
vn -0.5980 -0.7020 0.3868
vn -0.2243 -0.8106 0.5409
vn 0.5344 0.3352 -0.7759
vn 0.2430 -0.7714 -0.5882
vn 0.1482 -0.6967 0.7019
vn 0.4579 0.8673 0.1953
vn 0.3526 0.3910 -0.8501
vn 0.5919 -0.6593 -0.4636
vn 0.3792 -0.4607 0.8024
vn -0.1735 0.3360 0.9257
vn -0.0002 1.0000 -0.0001
vn 0.1758 0.3340 -0.9260
vn 0.8270 -0.2179 -0.5182
vn 0.6499 -0.7072 0.2785
vn 0.5177 -0.0004 0.8555
vn -0.3538 0.3906 0.8499
vn -0.4663 0.8648 -0.1861
vn 0.0368 0.1972 -0.9797
vn 0.9531 -0.0010 -0.3025
vn 0.4181 0.4014 0.8149
vn 0.8594 0.3853 -0.3360
vn -0.0181 -0.0007 -0.9998
vn -0.8050 0.4997 -0.3198
vn -0.5283 0.3254 0.7843
vn -0.6556 0.1908 0.7306
vn -0.9287 0.0001 -0.3709
vn 0.0379 -0.1967 -0.9797
vn 0.6093 0.7640 -0.2123
vn -0.1131 0.6682 -0.7353
vn 0.5348 -0.3411 -0.7731
vn 0.3532 -0.3899 -0.8504
vn 0.2352 0.7822 -0.5769
vn 0.0831 -0.4898 -0.8679
vn 0.4389 0.3025 -0.8461
vn -0.8049 -0.4995 -0.3204
vn -0.7033 0.0003 0.7109
vn -0.4669 -0.8646 -0.1857
vn -0.6548 -0.1902 0.7315
vn 0.4583 -0.8670 0.1957
vn -0.1708 -0.3413 0.9243
vn -0.3547 -0.3907 0.8495
vn -0.0011 -1.0000 0.0003
vn -0.5284 -0.3326 0.7811
vn -0.5972 0.7023 0.3874
vn -0.2233 0.8106 0.5413
vn 0.1472 0.6976 0.7012
vn -0.0379 -0.1963 0.9798
vn -0.8703 0.4088 0.2748
vn 0.7955 -0.4990 0.3438
vn 0.6741 -0.1974 -0.7117
vn 0.0006 0.0010 1.0000
vn -0.9685 -0.0015 0.2489
vn 0.9276 -0.0024 0.3737
vn 0.7037 -0.0029 -0.7105
vn -0.4855 -0.0024 -0.8742
vn -0.3719 0.3871 -0.8437
vn -0.8685 -0.4028 0.2887
vn -0.3699 -0.3842 -0.8459
vn 0.6722 0.2006 -0.7127
vn 0.7940 0.5010 0.3443
vn -0.0366 0.1952 0.9801
vn 0.6927 -0.2782 -0.6654
vn -0.7284 0.3292 -0.6009
vn -0.5421 -0.8132 -0.2115
vn 0.8835 -0.3060 0.3545
vn 0.4967 0.2117 -0.8417
vn 0.5509 -0.8006 0.2358
vn -0.3237 0.3037 0.8961
vn 0.5525 0.8056 0.2137
vn 0.2261 0.2086 -0.9515
vn 0.8761 0.3050 0.3733
vn 0.2351 0.0211 -0.9718
vn -0.0004 0.9999 0.0146
vn -0.1843 0.6318 -0.7529
vn -0.0020 -1.0000 0.0096
vn -0.3641 -0.2547 0.8958
vn 0.1111 -0.5716 0.8130
vn -0.2127 0.2258 0.9507
vn -0.5357 0.8113 -0.2342
vn 0.1406 -0.0783 -0.9870
vn -0.5234 0.2235 0.8222
vn -0.8751 -0.3100 -0.3715
vn -0.6123 -0.0781 0.7867
vn -0.6264 0.2754 -0.7292
vn -0.7368 0.2043 -0.6445
vn -0.9095 0.1797 -0.3748
vn -0.8626 0.3374 -0.3769
vn -0.3588 0.3812 -0.8520
vn -0.4983 0.2179 -0.8392
vn -0.4581 0.6093 -0.6471
vn -0.7054 0.6481 -0.2870
vn -0.2806 0.7643 -0.5807
vn -0.4639 0.8622 -0.2033
vn 0.0447 0.8965 -0.4408
vn -0.1625 0.9845 -0.0653
vn 0.2794 0.8957 -0.3460
vn 0.0132 0.7044 -0.7097
vn 0.4911 0.7062 -0.5099
vn 0.6052 0.7676 -0.2108
vn 0.8589 0.3896 -0.3325
vn 0.7830 0.6076 -0.1335
vn 0.9541 0.2990 -0.0194
vn 0.9550 0.1432 -0.2598
vn 0.9828 0.1614 0.0896
vn 0.1641 0.9842 0.0663
vn 0.4629 0.8657 0.1903
vn 0.7027 0.6422 0.3063
vn 0.8714 0.3426 0.3512
vn 0.9141 0.1693 0.3684
vn 0.7508 0.3018 -0.5875
vn 0.7997 0.1477 -0.5820
vn -0.1318 0.1389 -0.9815
vn 0.8666 0.4991 0.0005
vn 0.4309 0.8799 -0.2003
vn 0.9728 0.2221 0.0665
vn 0.9250 0.3180 0.2080
vn 0.9116 0.1749 0.3721
vn 0.7344 0.6785 0.0152
vn 0.6152 0.7874 -0.0382
vn 0.1839 0.9586 -0.2172
vn 0.0220 0.9589 -0.2829
vn -0.1614 0.8825 -0.4418
vn -0.4052 0.7888 -0.4621
vn -0.5219 0.6805 -0.5143
vn 0.4942 0.5256 -0.6925
vn 0.1349 0.5275 -0.8388
vn -0.6097 0.4931 -0.6206
vn -0.0990 0.3007 -0.9486
vn -0.7448 0.2460 -0.6203
vn -0.8662 0.2621 -0.4255
vn -0.7425 0.2669 -0.6144
vn -0.3826 0.0016 0.9239
vn -0.3835 0.0001 0.9235
vn -0.3813 -0.0001 0.9244
vn -0.3990 -0.0150 0.9168
vn -0.3831 -0.0011 0.9237
vn -0.3817 -0.0014 0.9243
vn -0.3829 0.0001 0.9238
vn -0.3774 -0.0113 0.9260
vn -0.3715 -0.0036 0.9284
vn -0.3815 -0.0005 0.9244
vn 0.5254 0.8505 0.0248
vn 0.2142 0.9098 -0.3556
vn 0.0639 0.9919 0.1100
vn -0.3808 0.8160 -0.4349
vn -0.7434 0.2455 -0.6222
vn -0.9052 0.2288 -0.3582
vn -0.4368 0.8265 -0.3551
vn -0.0268 0.8871 -0.4609
vn 0.0908 0.9946 0.0502
vn -0.2502 0.8677 0.4295
vn -0.3192 0.9381 0.1346
vn -0.8065 0.0000 -0.5912
vn -0.9276 0.0000 -0.3736
vn -0.9245 0.0000 -0.3812
vn -0.9230 0.0000 -0.3848
vn -0.9056 0.1999 -0.3740
vn -0.9632 0.2638 -0.0513
vn -0.6119 0.7684 0.1875
vn -0.7566 0.5753 -0.3108
vn -0.1465 0.9237 0.3540
vn 0.5375 0.8136 0.2219
vn -0.9892 0.0000 -0.1466
vn 0.9659 0.2475 0.0757
vn 0.8798 0.3047 0.3648
vn 0.9899 0.0000 0.1419
vn 0.9235 0.0000 0.3837
vn 0.8049 0.0000 0.5934
vn 0.7151 0.2648 0.6469
vn 0.3003 0.7684 0.5652
vn 0.7615 0.4209 -0.4930
vn -0.1420 0.0066 -0.9899
vn -0.1879 0.4189 -0.8884
vn 0.3408 0.4617 -0.8189
vn 0.8013 0.0062 -0.5982
vn 0.1520 0.0078 0.9883
vn -0.8042 0.0077 0.5942
vn -0.7348 0.3108 0.6030
vn 0.0884 0.3097 0.9467
vn -0.3337 0.4845 0.8086
vn 0.7666 0.0000 0.6422
vn -0.9959 0.0000 -0.0906
vn 0.9241 0.0000 -0.3821
vn -0.3821 0.0000 -0.9241
vn 0.9240 0.0000 0.3823
vn -0.3823 0.0000 0.9240
vn -0.9240 0.0000 -0.3823
vn 0.3826 0.0000 -0.9239
vn -0.3830 0.0000 0.9237
vn -0.9241 0.0000 -0.3821
vn 0.3841 0.0000 -0.9233
vn -0.8529 0.5213 -0.0296
vn -0.7322 0.6112 -0.3005
vn -0.6290 0.5177 -0.5799
vn -0.5362 -0.3008 -0.7887
vn -0.5090 -0.0008 -0.8608
vn -0.5358 0.3021 -0.7884
vn -0.0840 0.4581 -0.8849
vn -0.0199 -0.0008 -0.9998
vn -0.0853 -0.4562 -0.8858
vn -0.9352 0.3042 0.1815
vn -0.9702 -0.0011 0.2421
vn -0.7237 -0.0014 0.6901
vn -0.6728 0.4626 0.5774
vn -0.5462 0.7938 0.2677
vn -0.3865 0.9085 -0.1587
vn -0.2000 0.7899 -0.5797
vn -0.9348 -0.3028 0.1859
vn -0.6312 -0.5155 -0.5795
vn -0.8531 -0.5209 -0.0303
vn -0.7293 -0.6145 -0.3008
vn -0.2066 -0.7888 -0.5789
vn -0.3806 -0.9111 -0.1581
vn -0.5495 -0.7925 0.2644
vn -0.6747 -0.4598 0.5773
vn 0.9200 0.0135 0.3918
vn 0.9226 -0.0067 0.3857
vn 0.9231 -0.0051 0.3845
vn 0.9208 0.0145 0.3897
vn 0.9048 0.0000 0.4258
vn 0.9327 0.0177 0.3601
vn 0.9309 0.0089 0.3651
vn 0.9291 -0.0030 0.3698
vn 0.9307 -0.0152 0.3654
vn 0.9072 0.0000 0.4207
vn 0.9216 0.0042 0.3881
vn -0.9244 -0.0082 -0.3814
vn -0.9215 -0.0026 -0.3883
vn -0.9266 0.0000 -0.3760
vn -0.9262 0.0124 -0.3769
vn -0.9247 0.0074 -0.3807
vn -0.9238 0.0067 -0.3828
vn -0.9285 0.0000 -0.3714
vn -0.9222 0.0092 -0.3866
vn 0.9220 0.0000 0.3872
vn 0.9174 0.0279 0.3971
vn 0.9228 -0.0123 0.3851
vn -0.9219 0.0001 -0.3873
vn -0.9215 -0.0105 -0.3882
vn -0.9208 -0.0051 -0.3899
vn -0.9234 0.0037 -0.3839
vn -0.9194 0.0541 -0.3896
vn -0.9231 0.0065 -0.3846
vn -0.9265 -0.0000 -0.3763
vn -0.9234 -0.0038 -0.3839
vn -0.9208 0.0052 -0.3900
vn -0.9212 0.0110 -0.3889
vn -0.9229 -0.0068 -0.3850
vn -0.9192 -0.0575 -0.3895
vn -0.9222 0.0001 -0.3868
vn -0.9196 -0.0116 -0.3928
vn -0.9216 -0.0130 -0.3879
vn -0.9235 -0.0057 -0.3836
vn -0.9207 -0.0512 -0.3869
vn -0.9196 0.0116 -0.3928
vn -0.9258 -0.0001 -0.3779
vn -0.9235 0.0057 -0.3836
vn -0.9216 0.0132 -0.3879
vn -0.9194 0.0121 -0.3932
vn -0.9194 -0.0121 -0.3932
vn -0.9207 0.0512 -0.3869
vn 0.1893 -0.8656 -0.4635
vn 0.1895 -0.8663 -0.4621
vn 0.3272 -0.5010 -0.8012
vn 0.3270 -0.5016 -0.8009
vn 0.3780 0.0038 -0.9258
vn -0.3264 0.5043 0.7995
vn -0.3263 0.5049 0.7991
vn -0.3780 0.0038 0.9258
vn -0.3270 -0.5016 0.8009
vn -0.3272 -0.5010 0.8012
vn -0.1893 -0.8656 0.4635
vn -0.1895 -0.8663 0.4621
vn 0.0012 -1.0000 -0.0007
vn -0.0012 -1.0000 0.0007
vn 0.3264 0.5043 -0.7995
vn 0.3263 0.5049 -0.7991
vn 0.1891 0.8660 -0.4630
vn 0.1902 0.8653 -0.4638
vn -0.0003 1.0000 -0.0013
vn 0.0003 1.0000 0.0013
vn -0.1902 0.8653 0.4638
vn -0.1891 0.8660 0.4630
vn -0.9278 -0.0002 -0.3731
vn -0.9350 0.0276 -0.3536
vn -0.9281 0.0157 -0.3719
vn -0.9249 0.0054 -0.3803
vn -0.9273 0.0104 -0.3741
vn -0.9173 0.0131 -0.3980
vn -0.9245 -0.0001 -0.3811
vn -0.9248 -0.0054 -0.3803
vn -0.9281 -0.0160 -0.3719
vn -0.9353 -0.0288 -0.3526
vn -0.9171 -0.0136 -0.3985
vn -0.9273 -0.0104 -0.3741
vn 0.9242 0.0000 0.3818
vn -0.9238 0.0000 -0.3828
vn 0.5548 0.8083 0.1972
vn 0.5562 0.8082 0.1935
vn 0.5548 0.8083 0.1973
vn -0.4894 -0.8029 -0.3405
vn -0.4865 -0.8023 -0.3459
vn -0.4894 -0.8029 -0.3404
vn -0.3789 0.0058 0.9254
vn -0.3794 0.0045 0.9252
vn -0.3794 0.0047 0.9252
vn -0.3788 0.0060 0.9254
vn 0.3845 0.0031 -0.9231
vn 0.3844 0.0029 -0.9232
vn 0.3849 0.0042 -0.9230
vn 0.3850 0.0044 -0.9229
vn -0.4893 0.8029 -0.3405
vn -0.4866 0.8022 -0.3460
vn -0.4866 0.8022 -0.3459
vn -0.4893 0.8029 -0.3404
vn 0.5547 -0.8083 0.1972
vn 0.5563 -0.8082 0.1935
vn 0.5562 -0.8082 0.1935
vn -0.3796 -0.0049 0.9252
vn -0.3786 -0.0058 0.9256
vn -0.3787 -0.0056 0.9255
vn -0.3797 -0.0047 0.9251
vn 0.3851 -0.0040 -0.9229
vn 0.3852 -0.0042 -0.9228
vn 0.3843 -0.0032 -0.9232
vn 0.3841 -0.0031 -0.9233
vn -0.8934 -0.3061 -0.3287
vn -0.7819 -0.3048 -0.5439
vn -0.7835 -0.3049 -0.5415
vn -0.8947 -0.3060 -0.3254
vn 0.8975 0.3114 0.3123
vn 0.8931 0.3113 0.3248
vn 0.8931 0.3113 0.3246
vn 0.8975 0.3114 0.3122
vn -0.3788 0.0030 0.9255
vn -0.3862 -0.0019 0.9224
vn -0.3849 -0.0010 0.9230
vn -0.3775 0.0038 0.9260
vn 0.3859 0.0026 -0.9225
vn -0.3825 0.0000 0.9239
vn 0.3825 0.0000 -0.9239
vn 0.8929 -0.3121 0.3245
vn 0.8975 -0.3116 0.3122
vn 0.8974 -0.3116 0.3123
vn 0.8929 -0.3121 0.3247
vn -0.7846 0.3010 -0.5420
vn -0.8929 0.3118 -0.3247
vn -0.8917 0.3118 -0.3280
vn -0.7829 0.3008 -0.5446
vn -0.3783 -0.0013 0.9257
vn -0.3869 -0.0005 0.9221
vn -0.3854 -0.0007 0.9228
vn -0.3768 -0.0014 0.9263
vn 0.3859 -0.0026 -0.9225
vn -0.7877 0.5226 -0.3263
vn -0.7877 0.5225 -0.3263
vn -0.7874 0.5231 -0.3261
vn 0.8138 0.4734 0.3371
vn 0.8135 0.4740 0.3370
vn 0.8135 0.4741 0.3370
vn 0.8138 -0.4734 0.3371
vn 0.8135 -0.4740 0.3370
vn 0.8134 -0.4741 0.3370
vn -0.7874 -0.5231 -0.3262
vn -0.7877 -0.5226 -0.3263
vn -0.7877 -0.5225 -0.3263
vn -0.7437 -0.5933 -0.3081
vn -0.7421 -0.5953 -0.3081
vn -0.7522 -0.5823 -0.3085
vn -0.7537 -0.5802 -0.3086
vn 0.2907 -0.9493 0.1192
vn 0.2917 -0.9490 0.1194
vn 0.2857 -0.9510 0.1184
vn 0.2848 -0.9513 0.1182
vn 0.9236 0.0000 0.3833
vn 0.2903 0.9493 0.1203
vn 0.2911 0.9490 0.1208
vn 0.2861 0.9510 0.1174
vn 0.2854 0.9513 0.1168
vn -0.7415 0.5984 -0.3035
vn -0.7502 0.5833 -0.3114
vn 0.9240 0.0000 0.3825
vn -0.6119 -0.6044 0.5101
vn -0.2720 -0.7085 0.6512
vn 0.0727 -0.5992 0.7973
vn 0.3354 -0.2993 0.8933
vn -0.8620 -0.2954 0.4119
vn -0.9187 0.0037 0.3950
vn 0.3785 -0.0065 0.9256
vn 0.9426 -0.0349 0.3320
vn 0.1898 -0.8681 -0.4587
vn 0.1886 -0.8688 -0.4578
vn 0.3312 -0.4995 -0.8005
vn 0.3281 -0.5014 -0.8006
vn 0.3740 0.0011 -0.9274
vn 0.3741 0.0013 -0.9274
vn -0.3259 0.5002 0.8023
vn -0.3239 0.4949 0.8063
vn -0.3847 0.0085 0.9230
vn -0.3848 0.0087 0.9230
vn -0.3257 -0.5012 0.8017
vn -0.3215 -0.5062 0.8002
vn -0.1871 -0.8671 0.4616
vn -0.1882 -0.8667 0.4621
vn -0.0020 -1.0000 0.0038
vn 0.0010 -1.0000 -0.0005
vn 0.3282 0.5008 -0.8009
vn 0.3305 0.5029 -0.7987
vn 0.1883 0.8703 -0.4552
vn 0.1882 0.8695 -0.4567
vn -0.0008 1.0000 0.0038
vn -0.0000 1.0000 -0.0012
vn -0.1867 0.8690 0.4583
vn -0.1862 0.8685 0.4594
vn 0.1881 -0.8660 -0.4633
vn 0.1856 -0.8677 -0.4612
vn 0.3292 -0.5070 -0.7966
vn 0.3353 -0.5022 -0.7971
vn 0.3931 0.0069 -0.9195
vn 0.3931 0.0067 -0.9195
vn -0.3417 0.5046 0.7928
vn -0.3390 0.5061 0.7931
vn -0.3958 0.0038 0.9183
vn -0.3427 -0.5006 0.7950
vn -0.3406 -0.4992 0.7967
vn -0.1930 -0.8668 0.4597
vn -0.1898 -0.8683 0.4582
vn 0.0016 -1.0000 -0.0033
vn -0.0005 -1.0000 -0.0014
vn 0.3335 0.5101 -0.7928
vn 0.3296 0.5052 -0.7976
vn 0.1881 0.8660 -0.4634
vn 0.1877 0.8643 -0.4667
vn 0.0002 1.0000 -0.0030
vn 0.0003 1.0000 -0.0003
vn -0.1917 0.8655 0.4628
vn -0.1929 0.8670 0.4594
vn 0.9202 0.0231 0.3909
vn -0.3301 0.4990 0.8013
vn -0.3775 0.1710 0.9101
vn -0.3762 0.1732 0.9102
vn -0.3296 0.5003 0.8007
vn -0.2459 0.7650 0.5953
vn -0.2469 0.7640 0.5961
vn -0.1310 0.9394 0.3169
vn -0.1302 0.9398 0.3159
vn -0.0003 1.0000 0.0007
vn 0.0003 1.0000 -0.0007
vn 0.1302 0.9398 -0.3159
vn 0.1317 0.9391 -0.3174
vn 0.2480 0.7637 -0.5961
vn 0.2469 0.7653 -0.5944
vn 0.3315 0.4984 -0.8011
vn 0.3302 0.5000 -0.8006
vn 0.3758 0.1726 -0.9105
vn 0.3761 0.1714 -0.9106
vn 0.3759 -0.1743 -0.9101
vn 0.3758 -0.1731 -0.9104
vn 0.3308 -0.4974 -0.8020
vn 0.3313 -0.4990 -0.8008
vn 0.2470 -0.7651 -0.5947
vn 0.2466 -0.7667 -0.5927
vn 0.1305 -0.9403 -0.3145
vn 0.1305 -0.9395 -0.3166
vn -0.0003 -1.0000 0.0007
vn 0.0003 -1.0000 -0.0007
vn -0.1301 -0.9399 0.3156
vn -0.1300 -0.9404 0.3143
vn -0.2459 -0.7661 0.5939
vn -0.2458 -0.7651 0.5951
vn -0.3303 -0.4974 0.8022
vn -0.3302 -0.4987 0.8014
vn -0.3762 -0.1737 0.9101
vn -0.3772 -0.1766 0.9092
vn 0.7811 0.5412 0.3113
vn 0.8885 0.2607 0.3776
vn 0.8903 0.2632 0.3716
vn 0.7796 0.5447 0.3091
vn 0.3145 0.9401 0.1315
vn 0.3172 0.9388 0.1346
vn -0.3170 0.9389 -0.1340
vn -0.3149 0.9400 -0.1312
vn -0.7798 0.5445 -0.3090
vn -0.7813 0.5410 -0.3111
vn -0.8909 0.2633 -0.3702
vn -0.8892 0.2610 -0.3758
vn -0.8664 0.2921 0.4049
vn 0.3243 0.2986 0.8976
vn 0.0702 0.6013 0.7959
vn -0.6123 0.6042 0.5099
vn -0.2714 0.7080 0.6520
vn -0.3825 0.0000 0.9240
vn 0.0000 0.0000 1.0000
vn -0.7068 0.0000 0.7074
vn 0.3834 0.0000 -0.9236
vn 0.0000 0.0000 -1.0000
vn 0.7083 0.0000 -0.7059
vn -0.9303 0.0271 -0.3657
vn -0.9220 0.0000 -0.3872
vn -0.9227 0.0126 -0.3853
vn 0.9210 -0.0129 0.3893
vn 0.9462 0.0406 0.3211
vn -0.9201 -0.0234 -0.3909
vn -0.9206 0.0182 -0.3901
vn 0.4433 0.7724 0.4548
vn 0.2901 0.5851 -0.7573
vn -0.6829 0.7295 -0.0385
vn -0.3070 0.7426 -0.5953
vn 0.6026 0.7588 -0.2472
vn 0.8088 -0.1489 -0.5689
vn -0.1088 -0.1724 -0.9790
vn 0.7533 -0.6414 -0.1455
vn -0.3800 -0.6844 -0.6222
vn 0.6720 -0.7387 0.0522
vn -0.4584 -0.7864 -0.4140
vn 0.3131 -0.7483 0.5848
vn -0.6208 -0.7495 0.2298
vn 0.1093 0.2122 0.9711
vn -0.8228 0.1800 0.5391
vn 0.2778 0.7443 0.6073
vn -0.7367 0.6579 0.1562
vn 0.4565 0.7872 0.4147
vn -0.6733 0.7377 -0.0490
vn -0.9267 -0.1566 -0.3415
vn -0.9524 0.0943 -0.2898
vn -0.9149 0.0886 -0.3938
vn -0.8660 -0.1389 -0.4803
vn 0.7736 0.5072 -0.3798
vn 0.7732 -0.5078 -0.3798
vn -0.1654 -0.4858 -0.8583
vn -0.1657 0.4852 -0.8585
vn -0.7082 -0.5331 -0.4629
vn -0.7077 0.5315 -0.4655
vn -0.8401 -0.4430 -0.3130
vn -0.8427 0.4401 -0.3100
vn -0.7778 -0.5035 0.3761
vn -0.7775 0.5041 0.3761
vn 0.1666 -0.4932 0.8538
vn 0.1664 0.4937 0.8536
vn 0.7071 -0.5432 0.4528
vn 0.7064 0.5415 0.4558
vn 0.8468 -0.4274 0.3168
vn 0.8498 0.4242 0.3130
vn 0.1572 0.9769 0.1449
vn 0.3328 0.9397 0.0791
vn -0.3205 0.9446 -0.0705
vn -0.1663 0.9733 -0.1581
vn -0.3850 -0.0096 0.9229
vn -0.3836 -0.0048 0.9235
vn -0.3836 0.0000 0.9235
vn -0.3836 0.0049 0.9235
vn -0.3850 0.0097 0.9229
vn -0.1676 -0.9733 -0.1571
vn 0.3328 -0.9394 0.0826
vn -0.3208 -0.9443 -0.0738
vn 0.1604 -0.9766 0.1432
vn -0.6544 0.0000 0.7562
vn 0.5255 0.0000 0.8508
vn -0.9210 0.0000 -0.3895
vn 0.0791 0.0000 -0.9969
vn 0.9716 0.0000 -0.2365
vn -0.0854 0.9012 0.4250
vn -0.6101 -0.1764 0.7724
vn 0.6028 -0.1046 0.7910
vn -0.4591 0.8674 -0.1920
vn 0.4584 0.8678 0.1918
vn 0.9225 0.0000 0.3859
vn 0.4584 -0.8678 0.1918
vn -0.9225 0.0000 -0.3859
vn -0.4591 -0.8674 -0.1920
vn -0.3813 0.0009 0.9244
vn -0.3813 0.0037 0.9244
vn -0.3811 0.0005 0.9245
vn -0.3818 -0.0009 0.9242
vn -0.3816 -0.0014 0.9243
vn -0.3794 0.0000 0.9253
vn 0.7605 0.6491 0.0181
vn -0.3783 0.7911 -0.4808
vn -0.4361 0.4663 0.7697
vn -0.3331 -0.4241 0.8422
vn -0.0532 -0.9432 0.3281
vn 0.8594 0.3523 0.3705
vn 0.9847 0.1671 0.0503
vn -0.7259 0.1419 -0.6730
vn -0.8465 0.1405 -0.5135
vn 0.8830 -0.4661 -0.0553
vn -0.6942 -0.4055 0.5947
vn 0.7170 -0.6633 -0.2144
vn -0.3970 0.0392 0.9170
vn 0.4747 -0.8501 -0.2278
vn 0.0110 0.3015 0.9534
vn 0.2397 -0.9616 -0.1336
vn 0.4032 0.5992 0.6917
vn -0.0012 0.8172 -0.5764
vn -0.2768 0.6095 -0.7429
vn -0.4281 0.4056 -0.8076
vn -0.7069 0.3079 -0.6367
vn 0.3811 -0.0005 -0.9245
vn 0.3813 -0.0037 -0.9244
vn 0.3813 -0.0009 -0.9244
vn 0.3818 0.0009 -0.9242
vn 0.3816 0.0014 -0.9243
vn 0.3794 0.0000 -0.9253
vn -0.3840 -0.0000 0.9233
vn -0.3821 -0.0109 0.9241
vn -0.3849 -0.0163 0.9228
vn -0.3859 0.0000 0.9226
vn -0.3849 0.0163 0.9228
vn -0.3821 0.0109 0.9241
vn -0.9723 0.0000 0.2336
vn -0.5255 0.0000 -0.8508
vn 0.6428 0.0000 -0.7661
vn 0.9251 0.0000 0.3798
vn -0.0868 0.0000 0.9962
vn -0.3919 0.0000 0.9200
vn -0.9247 0.0000 -0.3807
vn 0.3657 0.0000 -0.9308
vn -0.3846 0.0000 0.9231
vn -0.9257 0.0000 -0.3784
vn 0.3846 0.0000 -0.9231
vn 0.1072 -0.1508 -0.9827
vn 0.4521 -0.5620 0.6926
vn 0.2804 -0.7574 0.5897
vn 0.5665 0.2077 -0.7974
vn 0.2278 -0.8842 0.4078
vn 0.6822 0.4258 -0.5943
vn 0.1082 -0.9837 0.1438
vn 0.7997 0.5798 -0.1559
vn 0.1986 -0.8276 -0.5250
vn 0.8267 0.2552 0.5015
vn 0.3516 -0.2994 -0.8870
vn -0.9795 0.2011 -0.0145
vn -0.9721 0.1918 -0.1348
vn 0.7419 0.0370 0.6695
vn 0.3438 0.7032 -0.6223
vn 0.5091 0.6398 0.5757
vn -0.9861 0.1580 -0.0507
vn -0.9019 0.3962 0.1721
vn -0.8274 0.4783 0.2942
vn -0.6025 0.7894 0.1178
vn -0.2398 -0.5368 -0.8089
vn 0.6873 -0.3925 0.6112
vn -0.2968 0.9056 0.3029
vn -0.5728 0.7040 0.4199
vn 0.9825 -0.1105 -0.1498
vn 0.2498 0.8529 -0.4584
vn 0.0814 -0.2553 -0.9634
vn -0.6999 -0.5495 0.4562
vn 0.2388 -0.5327 0.8119
vn 0.1875 0.5009 0.8449
vn -0.7360 0.5091 0.4461
vn -0.9161 -0.2283 -0.3295
vn -0.9145 0.2520 -0.3166
vn -0.8913 0.2531 -0.3762
vn -0.8873 -0.2185 -0.4062
vn -0.5166 0.8526 -0.0791
vn -0.5124 -0.8498 -0.1234
vn -0.4348 -0.8441 -0.3138
vn -0.2404 -0.5014 -0.8312
vn -0.2698 0.5835 -0.7659
vn -0.4624 0.8615 -0.2096
vn 0.1373 0.9302 -0.3403
vn 0.1378 0.9355 -0.3255
vn 0.3501 -0.4001 -0.8469
vn 0.3428 -0.4215 -0.8395
vn -0.1535 -0.9138 0.3760
vn -0.1467 -0.9216 0.3593
vn -0.3539 0.3517 0.8666
vn -0.3568 0.3426 0.8691
vn -0.3032 0.5729 0.7615
vn 0.6570 0.7071 0.2616
vn 0.2616 0.7071 -0.6570
vn -0.6570 0.7071 -0.2616
vn 0.6570 -0.7071 0.2616
vn -0.3032 -0.5729 0.7615
vn -0.6570 -0.7071 -0.2616
vn 0.2616 -0.7071 -0.6570
vn 0.9999 0.0000 0.0102
vn -0.0000 0.0000 -1.0000
vn -0.9999 0.0000 0.0102
vn 0.6572 0.7071 0.2609
vn 0.2985 0.5726 -0.7636
vn -0.6491 0.7071 -0.2805
vn -0.2839 0.7071 0.6476
vn 0.3813 0.0000 -0.9245
vn 0.3818 -0.0019 -0.9243
vn 0.3769 -0.0005 -0.9262
vn 0.3769 0.0005 -0.9262
vn 0.3644 0.0000 -0.9312
vn 0.3818 0.0019 -0.9243
vn -0.4656 -0.8620 -0.2004
vn -0.8970 -0.0064 -0.4421
vn -0.8969 -0.0068 -0.4422
vn -0.4690 -0.8613 -0.1954
vn 0.4598 -0.8671 0.1916
vn 0.4612 -0.8668 0.1896
vn 0.9325 0.0026 0.3611
vn 0.4625 0.8654 0.1927
vn -0.4625 0.8654 -0.1927
vn -0.4613 0.8647 -0.1986
vn 0.3870 0.0000 -0.9221
vn 0.3817 0.0196 -0.9241
vn 0.3863 0.0050 -0.9224
vn 0.3863 -0.0050 -0.9224
vn 0.3786 0.0000 -0.9255
vn 0.3817 -0.0196 -0.9241
vn -0.4535 -0.8627 -0.2236
vn -0.9068 0.0030 -0.4215
vn -0.9068 0.0031 -0.4215
vn -0.4518 -0.8630 -0.2259
vn 0.4398 -0.8708 0.2199
vn 0.4480 -0.8694 0.2086
vn 0.9514 0.0154 0.3075
vn 0.9516 0.0166 0.3070
vn 0.4582 0.8629 0.2132
vn 0.4549 0.8610 0.2274
vn -0.4549 0.8610 -0.2274
vn -0.4556 0.8614 -0.2246
vn 0.3792 0.0049 -0.9253
vn 0.3792 -0.0049 -0.9253
vn 0.3511 0.0000 -0.9363
vn -0.4747 -0.8638 -0.1687
vn -0.9116 -0.0100 -0.4109
vn -0.9115 -0.0103 -0.4111
vn -0.4801 -0.8625 -0.1600
vn 0.4801 -0.8625 0.1600
vn 0.4747 -0.8638 0.1687
vn 0.9115 -0.0103 0.4111
vn 0.9116 -0.0100 0.4109
vn 0.4672 0.8684 0.1659
vn 0.4687 0.8694 0.1562
vn -0.4687 0.8694 -0.1562
vn -0.4672 0.8684 -0.1659
vn 0.3823 0.0000 -0.9241
vn 0.3815 0.0005 -0.9244
vn 0.3815 -0.0005 -0.9244
vn -0.4480 -0.8694 -0.2086
vn -0.9516 0.0166 -0.3070
vn -0.9514 0.0154 -0.3075
vn -0.4398 -0.8708 -0.2199
vn 0.4427 -0.8689 0.2214
vn 0.4492 -0.8678 0.2122
vn 0.9447 0.0136 0.3276
vn 0.9448 0.0142 0.3273
vn 0.4576 0.8626 0.2159
vn -0.4582 0.8629 -0.2132
vn -0.1316 0.0000 -0.9913
vn -0.9219 0.0000 -0.3874
vn 0.7958 0.0000 -0.6056
vn 0.9254 0.0000 0.3790
vn 0.1395 0.0000 0.9902
vn -0.7965 0.0000 0.6046
vn -0.1379 0.0000 -0.9905
vn -0.9248 0.0000 -0.3805
vn 0.9248 0.0000 0.3805
vn 0.1379 0.0000 0.9905
vn -0.7958 0.0000 0.6056
vn -0.1256 0.0000 -0.9921
vn -0.9200 0.0000 -0.3919
vn 0.9200 0.0000 0.3919
vn 0.1256 0.0000 0.9921
vn 0.7105 0.0002 -0.7037
vn 0.7070 0.0168 -0.7070
vn 0.7054 0.0041 -0.7088
vn 0.7055 -0.0041 -0.7087
vn 0.6866 0.0000 -0.7270
vn 0.7070 -0.0161 -0.7070
vn -0.3570 -0.8632 -0.3570
vn -0.7071 0.0101 -0.7071
vn 0.3533 -0.8662 0.3533
vn 0.3569 -0.8658 0.3508
vn 0.7404 0.0149 0.6720
vn 0.7404 0.0150 0.6720
vn 0.3533 0.8688 0.3470
vn 0.3508 0.8682 0.3508
vn -0.3508 0.8682 -0.3508
vn 0.7155 -0.0001 -0.6986
vn 0.7173 -0.0088 -0.6968
vn 0.7079 -0.0021 -0.7063
vn 0.7081 0.0022 -0.7061
vn 0.7173 0.0084 -0.6968
vn -0.3383 -0.8656 -0.3691
vn -0.7038 0.0151 -0.7102
vn -0.7039 0.0153 -0.7101
vn -0.3344 -0.8661 -0.3716
vn 0.3344 -0.8661 0.3716
vn 0.3383 -0.8656 0.3691
vn 0.7039 0.0153 0.7101
vn 0.7038 0.0151 0.7102
vn 0.3350 0.8686 0.3652
vn 0.3323 0.8679 0.3692
vn -0.3323 0.8679 -0.3692
vn -0.3350 0.8686 -0.3652
vn 1.0000 0.0099 -0.0000
vn 0.5105 -0.8599 -0.0000
vn 0.5019 0.8649 -0.0000
vn -0.5019 0.8649 -0.0000
vn -1.0000 0.0099 -0.0000
vn -0.2652 0.7045 0.6583
vn -0.2161 0.8208 0.5288
vn 0.3685 -0.0040 0.9296
vn 0.9638 -0.1947 0.1823
vn -0.2683 -0.7071 0.6542
vn 0.2702 -0.7071 -0.6534
vn -0.8103 -0.1959 -0.5523
vn -0.9220 -0.0047 0.3871
vn -0.2683 0.7071 0.6542
vn -0.9220 0.0003 0.3871
vn -0.2143 -0.8239 0.5246
vn 0.3685 -0.0003 0.9296
vn -0.3134 -0.5685 0.7607
vn -0.6516 -0.7071 -0.2747
vn 0.2724 -0.7071 -0.6525
vn 0.6547 -0.7071 0.2671
vn 0.0046 1.0000 0.0018
vn -0.0122 0.9999 -0.0053
vn 0.9237 -0.0043 0.3830
vn 0.9237 -0.0045 0.3830
vn -0.0082 -1.0000 -0.0033
vn 0.0158 -0.9999 0.0068
vn -0.9237 0.0043 -0.3830
vn -0.9237 0.0045 -0.3830
vn -0.2381 0.7094 -0.6634
vn -0.4311 0.7123 0.5538
vn 0.7007 0.7031 0.1212
vn -0.2636 -0.7087 0.6545
vn 0.9633 0.1947 0.1846
vn 0.2702 0.7071 -0.6534
vn -0.8116 0.1960 -0.5504
vn 0.9294 0.0000 0.3690
vn 0.3641 0.0000 -0.9314
vn -0.4015 0.0000 0.9158
vn -0.9179 0.0000 -0.3967
vn 0.0073 1.0000 0.0030
vn -0.9235 0.0000 -0.3837
vn 0.0010 1.0000 0.0002
vn 0.9235 0.0001 0.3835
vn 0.0073 -1.0000 0.0029
vn 0.0009 -1.0000 0.0004
vn 0.9231 0.0000 0.3846
vn 0.0124 -0.9999 0.0052
vn 0.9231 -0.0000 0.3846
vn 0.0137 0.9999 0.0057
vn 0.0111 0.9999 0.0046
vn -0.9231 -0.0000 -0.3846
vn 0.9259 0.0000 0.3778
vn -0.3778 0.0000 0.9259
vn 0.3778 0.0000 -0.9259
vn -0.9259 0.0000 -0.3778
vn 0.9263 0.0031 0.3768
vn -0.0158 -0.9999 -0.0066
vn -0.0007 -1.0000 -0.0066
vn -0.0168 0.9998 -0.0130
vn -0.9231 0.0000 -0.3846
vn -0.3186 0.5662 0.7602
vn 0.6623 0.6979 0.2725
vn 0.2807 0.7044 -0.6520
vn -0.6500 0.7071 -0.2785
vn -0.2680 -0.7100 0.6512
vn 0.3891 -0.0067 0.9212
vn -0.2180 0.8235 0.5237
vn -0.2719 0.7060 0.6539
vn -0.8053 -0.1997 -0.5582
vn 0.2871 -0.7070 -0.6463
vn 0.9619 -0.1994 0.1872
vn 0.9219 0.0000 0.3873
vn -0.3873 0.0000 0.9219
vn 0.3873 0.0000 -0.9219
vn -0.9219 0.0000 -0.3873
vn 0.4614 -0.8668 0.1892
vn 0.8908 -0.3532 -0.2857
vn 0.4303 -0.3542 0.8303
vn 0.8886 0.3561 -0.2892
vn 0.6526 0.7084 0.2690
vn 0.4252 0.3576 0.8315
vn 0.0670 -0.7151 0.6958
vn -0.5749 -0.7087 0.4089
vn 0.7891 -0.5205 0.3263
vn -0.6541 -0.7059 -0.2719
vn -0.1148 -0.7100 -0.6948
vn 0.5392 -0.7150 -0.4450
vn 0.9242 -0.0004 0.3818
vn 0.9242 -0.0000 0.3819
vn 0.9243 -0.0000 0.3818
vn 0.9241 0.0000 0.3820
vn 0.9242 0.0001 0.3818
vn 0.9243 0.0000 0.3816
vn 0.9223 -0.0072 0.3864
vn 0.9218 -0.0005 0.3876
vn 0.9228 -0.0005 0.3853
vn 0.9205 0.0000 0.3908
vn 0.9223 0.0016 0.3864
vn 0.1454 0.9221 -0.3585
vn 0.3502 -0.3842 -0.8542
vn 0.3512 -0.3888 -0.8517
vn 0.1541 0.9157 -0.3711
vn -0.3524 0.3945 0.8486
vn -0.3537 0.3864 0.8518
vn -0.1497 -0.9207 0.3604
vn -0.1468 -0.9252 0.3500
vn -0.6268 -0.7037 -0.3345
vn -0.2370 -0.5384 -0.8087
vn 0.7178 -0.5498 -0.4272
vn 0.5156 -0.8443 0.1461
vn -0.5207 -0.8507 -0.0724
vn 0.4295 -0.8317 0.3519
vn -0.7534 -0.4917 0.4366
vn 0.1573 -0.4988 0.8523
vn -0.4879 0.8634 -0.1282
vn -0.7146 0.5567 0.4236
vn 0.2355 0.5552 0.7977
vn 0.4444 0.8631 0.2398
vn -0.4368 0.8367 -0.3305
vn 0.5171 0.8533 0.0670
vn -0.2130 0.4974 -0.8410
vn 0.7261 0.5026 -0.4692
vn 0.3860 0.0035 -0.9225
vn 0.0020 -1.0000 0.0056
vn -0.5300 -0.8167 -0.2280
vn -0.3928 0.0026 -0.9196
vn -0.0062 1.0000 0.0045
vn -0.6481 0.7085 -0.2792
vn -0.3860 0.0036 0.9225
vn -0.9319 0.0025 0.3626
vn -0.3162 -0.7776 -0.5435
vn -0.2130 -0.2395 -0.9472
vn 0.7463 -0.2696 -0.6086
vn 0.5387 -0.8200 -0.1936
vn -0.3961 -0.8452 -0.3589
vn 0.6445 -0.7629 0.0518
vn -0.6097 -0.7459 0.2680
vn 0.3075 -0.7221 0.6197
vn -0.2861 -0.7071 0.6466
vn 0.7500 -0.5836 0.3112
vn -0.4046 0.0000 0.9145
vn -0.6493 -0.7071 -0.2800
vn -0.9183 0.0000 -0.3960
vn 0.2649 -0.7071 -0.6556
vn 0.3746 0.0000 -0.9272
vn 0.0066 1.0000 -0.0057
vn 0.3902 -0.0026 -0.9207
vn -0.2065 -0.0020 -0.9785
vn -0.6547 0.7057 -0.2709
vn -0.3902 -0.0025 0.9207
vn -0.9205 -0.0018 0.3907
vn -0.0006 -1.0000 -0.0088
vn -0.6521 -0.7085 -0.2697
vn 0.4931 0.8521 0.1757
vn 0.4244 0.8412 0.3349
vn 0.8625 0.2126 0.4592
vn 0.8797 -0.2522 0.4033
vn 0.4374 -0.8593 0.2650
vn 0.9145 -0.2520 0.3166
vn 0.5161 -0.8532 0.0758
vn 0.7079 -0.5221 -0.4757
vn 0.9134 0.2179 0.3439
vn 0.7022 0.5787 -0.4149
vn -0.0033 -1.0000 -0.0014
vn -0.0022 1.0000 -0.0009
vn -0.0044 1.0000 -0.0018
vn 0.9191 0.0000 0.3939
vn -0.3939 0.0000 0.9191
vn 0.3939 0.0000 -0.9191
vn -0.9191 0.0000 -0.3939
vn -0.0190 -0.9998 -0.0079
vn -0.0178 0.9998 -0.0074
vn -0.0201 0.9998 -0.0084
vn -0.2680 0.7100 0.6512
vn -0.2163 -0.8266 0.5196
vn 0.3892 0.0024 0.9212
vn -0.3186 -0.5662 0.7602
vn -0.6500 -0.7071 -0.2785
vn 0.2807 -0.7044 -0.6520
vn 0.6623 -0.6980 0.2724
vn 0.0084 0.9999 -0.0087
vn 0.0126 0.9999 0.0051
vn 0.9278 -0.0011 0.3731
vn 0.0178 -0.9998 -0.0045
vn -0.0038 -1.0000 -0.0015
vn -0.9197 -0.0056 -0.3925
vn -0.9197 -0.0052 -0.3926
vn 0.9172 0.0000 0.3983
vn -0.3983 0.0000 0.9172
vn 0.3983 0.0000 -0.9172
vn -0.9172 0.0000 -0.3983
vn -0.9039 -0.2130 -0.3710
vn -0.9038 -0.2129 -0.3712
vn -0.9038 -0.2129 -0.3713
vn -0.9038 -0.2128 -0.3714
vn -0.9039 -0.2128 -0.3711
vn -0.2702 -0.7101 0.6502
vn 0.9614 0.1995 0.1895
vn 0.2871 0.7070 -0.6463
vn -0.8066 0.1998 -0.5563
vn 0.4645 0.7990 0.3819
vn 0.6260 0.7379 -0.2523
vn -0.2942 0.7115 -0.6382
vn -0.6521 0.7497 -0.1126
vn 0.3881 0.7100 0.5876
vn -0.7336 0.6724 0.0985
vn 0.1416 0.2318 0.9624
vn -0.7669 0.2240 0.6014
vn -0.9139 -0.1731 -0.3672
vn -0.8302 -0.4349 -0.3486
vn -0.4810 -0.8530 -0.2024
vn 0.0006 -1.0000 0.0002
vn 0.4884 -0.8482 0.2051
vn 0.8412 -0.4248 0.3345
vn 0.9049 -0.1915 0.3800
vn 0.9113 0.1839 0.3684
vn 0.8394 0.4285 0.3344
vn 0.4875 0.8498 0.2005
vn -0.4914 0.8482 -0.1976
vn -0.8378 0.4265 -0.3408
vn -0.9112 0.1928 -0.3640
vn -0.9223 0.0000 -0.3864
vn 0.0787 0.0000 -0.9969
vn 0.9723 0.0000 -0.2336
vn 0.9193 0.1644 0.3575
vn 0.9483 -0.0960 0.3026
vn 0.9161 -0.0961 0.3892
vn 0.8211 0.2258 0.5242
vn 0.6363 -0.7256 0.2621
vn -0.2477 -0.1471 0.9576
vn -0.7095 0.3988 0.5811
vn -0.6540 0.7071 -0.2689
vn -0.0901 0.3977 -0.9131
vn 0.5036 -0.1497 -0.8509
vn 0.3801 -0.1798 -0.9073
vn -0.9893 0.0626 0.1320
vn 0.6442 0.0866 0.7600
vn -0.9877 0.1461 0.0553
vn 0.6839 0.1110 0.7211
vn -0.9372 0.2986 -0.1806
vn 0.7435 0.1984 0.6386
vn -0.8094 0.2223 -0.5436
vn 0.7844 -0.0648 0.6168
vn 0.3847 -0.3124 -0.8686
vn 0.2917 -0.6947 -0.6575
vn -0.3385 -0.9213 0.1915
vn 0.9564 0.0382 0.2896
vn -0.5989 -0.1961 0.7764
vn -0.4283 0.0929 -0.8988
vn -0.3265 -0.1027 -0.9396
vn 0.9666 -0.0040 0.2562
vn -0.5510 -0.2963 -0.7801
vn 0.9466 -0.0823 0.3116
vn -0.2962 -0.3681 -0.8813
vn 0.9797 -0.1694 0.1067
vn -0.2430 -0.0739 -0.9672
vn 0.9899 -0.0410 0.1357
vn -0.6791 0.1278 0.7229
vn -0.5510 0.4872 0.6775
vn -0.6313 0.4641 0.6214
vn -0.6783 0.1089 0.7266
vn 0.0004 -1.0000 -0.0010
vn -0.3311 -0.4997 0.8004
vn -0.3311 0.4997 0.8004
vn 0.0005 1.0000 -0.0012
vn 0.3313 0.4990 -0.8007
vn 0.3314 0.4986 -0.8010
vn 0.3313 -0.4990 -0.8007
vn 0.3314 -0.4986 -0.8010
vn 0.9246 0.0000 0.3809
vn 0.7930 0.0000 -0.6093
vn -0.1308 0.0000 -0.9914
vn -0.9236 0.0000 -0.3834
vn -0.7934 0.0000 0.6087
vn 0.1328 0.0000 0.9911
vn 0.9892 0.0288 -0.1435
vn 0.9872 0.0446 -0.1534
vn 0.9899 0.0231 -0.1398
vn 0.9921 0.0000 -0.1251
vn 0.3705 -0.0081 -0.9288
vn 0.3667 0.0174 -0.9302
vn 0.3747 0.0093 -0.9271
vn 0.3815 -0.0177 -0.9242
vn -0.6737 0.0235 -0.7386
vn -0.6347 0.0000 -0.7727
vn -0.6458 0.0065 -0.7635
vn -0.6877 0.0321 -0.7253
vn -0.9958 0.0001 0.0918
vn -0.9958 0.0000 0.0920
vn -0.9958 0.0002 0.0915
vn -0.9958 0.0003 0.0913
vn -0.3902 0.0085 0.9207
vn -0.3976 0.0160 0.9174
vn -0.3934 -0.0098 0.9193
vn -0.3821 -0.0189 0.9239
vn 0.5633 -0.0052 0.8262
vn 0.5659 -0.0102 0.8244
vn 0.5641 -0.0067 0.8257
vn 0.5607 0.0000 0.8280
vn -0.0004 -1.0000 -0.0001
vn -0.0004 -1.0000 0.0010
vn -0.3325 -0.4993 0.8001
vn -0.3323 -0.5002 0.7996
vn -0.3325 0.4993 0.8001
vn -0.3323 0.5001 0.7996
vn -0.0007 1.0000 0.0005
vn 0.3311 0.4998 -0.8004
vn 0.3307 0.4999 -0.8005
vn 0.3308 -0.4995 -0.8007
vn 0.3312 -0.4996 -0.8005
vn -0.9692 0.0000 0.2463
vn -0.0691 0.0000 0.9976
vn 0.9269 0.0000 0.3754
vn -0.3134 0.5685 0.7607
vn -0.6516 0.7071 -0.2747
vn 0.2724 0.7071 -0.6525
vn 0.6547 0.7071 0.2671
vn 0.2173 -0.8368 -0.5025
vn 0.2090 -0.8343 -0.5102
vn 0.2139 -0.8358 -0.5057
vn 0.2202 -0.8377 -0.4999
vn 0.3915 0.0139 -0.9201
vn 0.4031 0.0000 -0.9152
vn 0.1905 0.8650 -0.4642
vn 0.1894 0.8657 -0.4634
vn 0.1921 0.8640 -0.4654
vn 0.1929 0.8635 -0.4660
vn -0.1926 0.8646 0.4640
vn -0.1929 0.8659 0.4614
vn -0.1928 0.8654 0.4625
vn -0.1924 0.8642 0.4649
vn -0.3616 0.0000 0.9323
vn -0.3729 0.0135 0.9278
vn -0.2040 -0.8357 0.5100
vn -0.2088 -0.8346 0.5098
vn -0.2007 -0.8364 0.5101
vn -0.1979 -0.8370 0.5102
vn 0.9227 0.0000 0.3856
vn 0.7935 0.0000 -0.6085
vn -0.1320 0.0000 -0.9913
vn -0.9246 0.0000 -0.3809
vn -0.7918 0.0000 0.6107
vn 0.1297 0.0000 0.9915
vn -0.3791 -0.0024 0.9253
vn -0.8536 -0.0020 0.5210
vn -0.6474 -0.7085 -0.2809
vn -0.0027 -1.0000 -0.0039
vn -0.3932 -0.0018 -0.9195
vn 0.3791 -0.0024 -0.9253
vn -0.6500 0.7057 -0.2819
vn 0.0046 1.0000 -0.0008
vn -0.0136 -0.8433 0.5372
vn -0.3904 -0.0015 0.9207
vn -0.3925 -0.0026 0.9197
vn -0.0134 -0.8433 0.5373
vn 0.3664 -0.8442 -0.3912
vn 0.3667 -0.8442 -0.3910
vn -0.3203 0.8561 0.4057
vn -0.3236 0.8551 0.4051
vn 0.0656 0.8549 -0.5146
vn 0.0687 0.8551 -0.5139
vn 0.3772 0.0034 -0.9261
vn 0.3803 0.0034 -0.9249
vn -0.9028 -0.2171 -0.3711
vn -0.9028 -0.2171 -0.3712
vn -0.9024 -0.2162 -0.3727
vn -0.9020 -0.2153 -0.3743
vn -0.9020 -0.2151 -0.3743
vn 0.3852 0.0056 -0.9228
vn 0.1918 -0.8628 -0.4677
vn 0.1924 -0.8629 -0.4672
vn 0.1901 0.8665 -0.4616
vn 0.1893 0.8666 -0.4617
vn -0.1925 0.8667 0.4602
vn -0.1917 0.8668 0.4603
vn -0.3800 0.0073 0.9249
vn -0.1943 -0.8640 0.4644
vn -0.1937 -0.8639 0.4649
vn -0.9244 0.0000 -0.3815
vn -0.9202 0.0000 -0.3916
vn -0.9238 -0.0009 -0.3828
vn -0.9246 0.0017 -0.3809
vn -0.9240 0.0009 -0.3823
vn -0.9257 -0.0068 -0.3781
vn -0.0112 -0.8455 0.5338
vn -0.3836 -0.0050 0.9235
vn -0.3832 -0.0048 0.9236
vn -0.0110 -0.8454 0.5339
vn 0.3679 -0.8462 -0.3856
vn 0.3684 -0.8461 -0.3852
vn -0.3722 0.8431 0.3882
vn -0.3725 0.8430 0.3882
vn 0.0126 0.8435 -0.5370
vn 0.0123 0.8434 -0.5371
vn 0.3795 -0.0046 -0.9252
vn 0.3789 -0.0046 -0.9254
vn 0.9225 0.0000 0.3861
vn -0.7914 0.0000 0.6113
vn 0.1298 0.0000 0.9915
vn 0.3842 0.0000 -0.9233
vn 0.9914 0.0000 -0.1308
vn -0.6107 0.0000 -0.7919
vn -0.9915 0.0000 0.1298
vn -0.3861 0.0000 0.9225
vn 0.6099 0.0000 0.7925
vn -0.2053 -0.8360 0.5089
vn -0.2114 -0.8343 0.5092
vn -0.2028 -0.8366 0.5088
vn -0.1988 -0.8377 0.5087
vn -0.3917 0.0099 0.9201
vn -0.3640 0.0000 0.9314
vn -0.3733 0.0129 0.9276
vn -0.3984 0.0170 0.9171
vn -0.1824 0.8799 0.4387
vn -0.1827 0.8810 0.4364
vn -0.1826 0.8806 0.4372
vn -0.1824 0.8796 0.4394
vn 0.1796 0.8811 -0.4376
vn 0.1783 0.8818 -0.4366
vn 0.1817 0.8797 -0.4394
vn 0.1827 0.8791 -0.4401
vn 0.3908 0.0129 -0.9204
vn 0.4000 0.0000 -0.9165
vn 0.3733 0.0104 -0.9277
vn 0.3662 0.0176 -0.9304
vn 0.2158 -0.8373 -0.5023
vn 0.2109 -0.8353 -0.5078
vn 0.2144 -0.8367 -0.5039
vn 0.2181 -0.8382 -0.4998
vn -0.0000 -1.0000 0.0009
vn -0.0000 -1.0000 0.0000
vn -0.3313 -0.4998 0.8003
vn -0.3311 -0.5004 0.8000
vn -0.3313 0.4998 0.8003
vn -0.3311 0.5004 0.8000
vn -0.0000 1.0000 0.0010
vn -0.0009 1.0000 0.0021
vn 0.3316 0.5020 -0.7988
vn 0.3323 0.5006 -0.7994
vn 0.3319 -0.5022 -0.7986
vn 0.3319 -0.5008 -0.7994
vn 0.3824 0.0000 -0.9240
vn 0.9912 0.0000 -0.1326
vn -0.6099 0.0000 -0.7925
vn -0.9911 0.0000 0.1334
vn -0.3815 0.0000 0.9244
vn 0.6100 0.0000 0.7924
vn 0.5639 -0.0055 0.8258
vn 0.5667 -0.0101 0.8239
vn 0.5643 -0.0061 0.8255
vn -0.3935 -0.0099 0.9193
vn -0.3825 -0.0182 0.9238
vn -0.9961 0.0016 0.0882
vn -0.9969 0.0059 0.0785
vn -0.9972 0.0080 0.0737
vn -0.6494 0.0084 -0.7604
vn -0.6388 0.0023 -0.7693
vn -0.6545 0.0114 -0.7559
vn 0.3730 -0.0094 -0.9278
vn 0.3846 -0.0182 -0.9229
vn 0.9827 -0.0059 -0.1853
vn 0.9831 -0.0097 -0.1826
vn 0.9826 -0.0053 -0.1857
vn 0.9819 0.0000 -0.1895
vn -0.2682 -0.7140 0.6468
vn -0.9224 -0.0008 0.3862
vn -0.8069 0.2012 -0.5554
vn -0.2727 0.7071 0.6524
vn 0.2784 0.7071 -0.6500
vn 0.9609 0.2008 0.1907
vn 0.3763 0.0008 0.9265
vn 0.3830 0.0000 -0.9237
vn 0.9913 0.0000 -0.1315
vn -0.9911 0.0000 0.1330
vn -0.3813 0.0000 0.9244
vn 0.6101 0.0000 0.7923
vn -0.3142 -0.5703 0.7589
vn 0.6552 -0.7071 0.2660
vn 0.2762 -0.7071 -0.6509
vn -0.6490 -0.7071 -0.2807
vn 0.2115 0.5515 0.8069
vn -0.7159 0.5479 0.4328
vn -0.7286 -0.4895 0.4791
vn 0.1981 -0.4824 0.8533
vn -0.5951 -0.7990 -0.0860
vn 0.4249 -0.8431 0.3297
vn -0.4368 -0.8630 -0.2539
vn 0.5022 -0.8541 0.1356
vn -0.2140 -0.5504 -0.8070
vn 0.7124 -0.5543 -0.4304
vn -0.1820 0.4886 -0.8533
vn 0.7442 0.4838 -0.4606
vn -0.4958 0.7890 -0.3629
vn 0.6092 0.7872 0.0960
vn -0.5175 0.8422 -0.1513
vn 0.4476 0.8530 0.2683
vn 0.9368 0.1453 0.3183
vn 0.8775 0.2445 0.4126
vn 0.9158 -0.2316 0.3282
vn 0.8734 -0.2254 0.4317
vn -0.0068 1.0000 -0.0030
vn 0.0191 0.9998 0.0076
vn 0.9204 0.0067 0.3908
vn 0.9204 0.0064 0.3908
vn 0.0139 -0.9999 0.0060
vn -0.0262 -0.9996 -0.0105
vn -0.9204 -0.0067 -0.3908
vn -0.9204 -0.0064 -0.3908
vn -0.9329 -0.1622 -0.3216
vn -0.9175 0.2180 -0.3327
vn -0.8766 -0.2473 -0.4128
vn -0.8857 0.1509 -0.4390
vn -0.2698 0.7099 0.6505
vn 0.3763 -0.0051 0.9265
vn 0.9614 -0.2007 0.1885
vn -0.2727 -0.7071 0.6524
vn 0.2784 -0.7071 -0.6500
vn -0.8056 -0.2010 -0.5574
vn -0.9224 -0.0036 0.3862
vn 0.6512 0.7079 0.2735
vn 0.3776 0.0018 0.9260
vn 0.5303 -0.8176 0.2243
vn 0.9250 0.0008 -0.3800
vn -0.0032 -1.0000 0.0015
vn -0.3859 0.0026 0.9226
vn -0.0037 1.0000 0.0091
vn 0.3812 0.0011 -0.9245
vn 0.7071 0.7071 -0.0000
vn 0.7071 -0.7071 -0.0000
vn -0.7071 0.7071 -0.0000
vn -0.7071 -0.7071 -0.0000
vn -0.7071 0.0000 0.7071
vn 0.5522 0.7071 0.4417
vn 0.5522 -0.7071 0.4417
vn -0.5285 0.7071 -0.4698
vn -0.5285 -0.7071 -0.4698
vn -0.9133 -0.2613 -0.3124
vn -0.9094 0.2473 -0.3344
vn -0.9169 -0.0135 -0.3988
vn -0.8906 0.2077 -0.4046
vn -0.3142 0.5703 0.7589
vn -0.6490 0.7071 -0.2807
vn 0.2762 0.7071 -0.6509
vn 0.6552 0.7071 0.2660
vn 0.9148 0.2540 0.3142
vn 0.8841 0.2540 0.3923
vn 0.9151 -0.2181 0.3392
vn 0.8692 -0.2001 0.4522
vn -0.2649 -0.7130 0.6492
vn -0.2154 -0.8252 0.5221
vn -0.9245 0.0003 0.3813
vn -0.8073 0.2007 -0.5550
vn -0.2716 0.7083 0.6516
vn 0.2715 0.7071 -0.6529
vn 0.9619 0.1992 0.1872
vn 0.3721 0.0008 0.9282
vn 0.3541 -0.3904 -0.8498
vn -0.1547 -0.9155 0.3713
vn -0.1455 -0.9257 0.3493
vn -0.3535 0.3943 0.8483
vn -0.3547 0.3866 0.8513
vn 0.1455 0.9257 -0.3493
vn 0.1547 0.9155 -0.3713
vn -0.8908 -0.2683 -0.3667
vn -0.9486 0.0802 -0.3063
vn -0.8396 -0.2176 -0.4977
vn -0.9125 0.1168 -0.3920
vn -0.3115 -0.5715 0.7592
vn 0.6560 -0.7071 0.2639
vn 0.2737 -0.7065 -0.6527
vn -0.6531 -0.7036 -0.2800
vn 0.9008 0.1913 0.3899
vn 0.8633 0.1206 0.4901
vn 0.9330 -0.2811 0.2247
vn 0.9208 -0.1362 0.3655
vn -0.0030 1.0000 0.0008
vn 0.0000 1.0000 0.0000
vn 0.9221 0.0012 0.3870
vn 0.9221 0.0011 0.3870
vn -0.0072 -1.0000 -0.0010
vn -0.0049 -1.0000 -0.0020
vn -0.9235 0.0000 -0.3836
vn -0.9235 -0.0000 -0.3836
vn -0.2720 -0.7071 0.6527
vn -0.2751 0.6989 0.6602
vn -0.2780 0.6911 0.6672
vn 0.2756 0.7177 -0.6395
vn 0.2749 0.7195 -0.6377
vn 0.2756 -0.7177 -0.6395
vn 0.2749 -0.7195 -0.6377
vn -0.2632 -0.7071 0.6563
vn -0.6538 -0.7071 -0.2694
vn 0.2846 -0.7071 -0.6473
vn 0.7540 -0.5719 0.3231
vn 0.9192 0.0000 0.3939
vn -0.3723 0.0000 0.9281
vn -0.9246 0.0000 -0.3810
vn 0.4025 0.0000 -0.9154
vn -0.2572 -0.7071 0.6587
vn -0.7554 -0.5799 -0.3051
vn 0.6600 -0.7071 0.2538
vn -0.9272 0.0000 -0.3746
vn 0.3699 0.0000 -0.9291
vn 0.9333 0.0000 0.3590
vn -0.3637 0.0000 0.9315
vn -0.2083 0.5257 -0.8248
vn 0.7299 0.5155 -0.4489
vn 0.7631 -0.4529 -0.4610
vn -0.1703 -0.4713 -0.8654
vn 0.7111 -0.6916 0.1264
vn -0.5939 -0.6964 -0.4029
vn 0.3948 -0.8890 0.2321
vn -0.4422 -0.8904 -0.1076
vn 0.1634 -0.5455 0.8220
vn -0.7409 -0.5327 0.4091
vn 0.1812 0.4937 0.8506
vn -0.7166 0.5180 0.4672
vn 0.4103 0.8515 0.3264
vn -0.5162 0.8537 -0.0691
vn 0.6838 0.7072 0.1796
vn -0.4408 0.8599 -0.2575
vn -0.9185 0.2515 -0.3052
vn -0.8695 0.2118 -0.4462
vn -0.8984 -0.3066 -0.3144
vn -0.9072 -0.0249 -0.4199
vn -0.2665 0.7089 0.6531
vn -0.2171 0.8222 0.5262
vn 0.3721 -0.0052 0.9282
vn 0.9624 -0.1991 0.1849
vn -0.2716 -0.7083 0.6516
vn 0.2715 -0.7071 -0.6529
vn -0.8060 -0.2005 -0.5569
vn -0.9244 -0.0047 0.3813
vn 0.9419 -0.0118 0.3358
vn 0.9463 -0.0053 0.3234
vn 0.8497 -0.3201 0.4190
vn 0.8566 0.2303 0.4618
vn -0.3115 0.5715 0.7592
vn -0.6531 0.7036 -0.2800
vn 0.2737 0.7065 -0.6527
vn 0.6560 0.7071 0.2639
vn -0.1574 -0.9175 0.3652
vn -0.3471 0.3810 0.8569
vn -0.3539 0.4477 0.8211
vn -0.1287 0.9496 0.2859
vn -0.1360 0.9271 0.3492
vn 0.3563 0.3556 -0.8641
vn 0.3618 0.3800 -0.8513
vn 0.3544 -0.3985 -0.8459
vn 0.3683 -0.3665 -0.8544
vn -0.6521 0.7085 -0.2697
vn -0.3605 0.0018 -0.9328
vn -0.6533 -0.7088 -0.2661
vn -0.8361 -0.0025 0.5486
vn -0.3731 -0.0030 0.9278
vn -0.0037 -0.9998 0.0194
vn 0.3902 0.0026 -0.9207
vn -0.0007 0.9999 0.0146
vn 0.1379 -0.9374 -0.3198
vn -0.3505 -0.4208 0.8367
vn -0.3649 -0.3873 0.8466
vn -0.3662 0.3502 0.8621
vn -0.3592 0.3577 0.8620
vn 0.1370 0.9344 -0.3289
vn 0.1342 0.9429 -0.3049
vn 0.3615 0.3544 -0.8624
vn 0.3653 0.3851 -0.8475
vn -0.5105 -0.8599 -0.0000
vn -0.4956 -0.8685 -0.0000
vn -0.9999 0.0103 -0.0000
vn -0.4866 0.8736 -0.0000
# 1473 vertex normals

vt 0.9028 0.1167 0.1167
vt 0.8892 0.1284 0.1284
vt 0.8721 0.1343 0.1343
vt 0.0066 0.9800 0.9800
vt 0.2944 0.9800 0.9800
vt 0.2944 0.9974 0.9974
vt 0.0066 0.9974 0.9974
vt 0.5903 0.9815 0.9815
vt 0.3025 0.9815 0.9815
vt 0.3025 0.9989 0.9989
vt 0.5903 0.9989 0.9989
vt 0.8579 0.3091 0.3091
vt 0.8726 0.3442 0.3442
vt 0.8579 0.3799 0.3799
vt 0.7876 0.3091 0.3091
vt 0.7876 0.3799 0.3799
vt 0.7729 0.3442 0.3442
vt 0.8579 0.3857 0.3857
vt 0.7876 0.3857 0.3857
vt 0.4001 0.4019 0.4019
vt 0.4707 0.4019 0.4019
vt 0.4854 0.4370 0.4370
vt 0.4001 0.4722 0.4722
vt 0.3855 0.4370 0.4370
vt 0.4707 0.4722 0.4722
vt 0.4707 0.4780 0.4780
vt 0.4001 0.4780 0.4780
vt 0.9502 0.9343 0.9343
vt 0.9390 0.9343 0.9343
vt 0.9390 0.8706 0.8706
vt 0.9614 0.9343 0.9343
vt 0.9502 0.8706 0.8706
vt 0.9390 0.8069 0.8069
vt 0.9727 0.9343 0.9343
vt 0.9614 0.8706 0.8706
vt 0.9502 0.8069 0.8069
vt 0.9390 0.7432 0.7432
vt 0.9839 0.9343 0.9343
vt 0.9727 0.8706 0.8706
vt 0.9614 0.8069 0.8069
vt 0.9502 0.7432 0.7432
vt 0.9390 0.6794 0.6794
vt 0.9951 0.9343 0.9343
vt 0.9839 0.8706 0.8706
vt 0.9727 0.8069 0.8069
vt 0.9614 0.7432 0.7432
vt 0.9502 0.6794 0.6794
vt 0.9390 0.6157 0.6157
vt 0.9502 0.6157 0.6157
vt 0.9614 0.6794 0.6794
vt 0.9727 0.7432 0.7432
vt 0.9839 0.8069 0.8069
vt 0.9839 0.7432 0.7432
vt 0.9727 0.6794 0.6794
vt 0.9614 0.6157 0.6157
vt 0.9502 0.5518 0.5518
vt 0.9951 0.7432 0.7432
vt 0.9951 0.8069 0.8069
vt 0.9951 0.8706 0.8706
vt 0.9502 0.4243 0.4243
vt 0.9614 0.4243 0.4243
vt 0.9614 0.4883 0.4883
vt 0.9502 0.4883 0.4883
vt 0.9614 0.5518 0.5518
vt 0.9727 0.6157 0.6157
vt 0.9839 0.6794 0.6794
vt 0.9727 0.5518 0.5518
vt 0.9839 0.6157 0.6157
vt 0.9951 0.6794 0.6794
vt 0.9727 0.4243 0.4243
vt 0.9839 0.4243 0.4243
vt 0.9839 0.4883 0.4883
vt 0.9727 0.4883 0.4883
vt 0.9839 0.5518 0.5518
vt 0.9951 0.6157 0.6157
vt 0.9951 0.4243 0.4243
vt 0.9951 0.4883 0.4883
vt 0.9951 0.5518 0.5518
vt 0.9839 0.3608 0.3608
vt 0.9951 0.3608 0.3608
vt 0.9727 0.3608 0.3608
vt 0.9614 0.3608 0.3608
vt 0.9839 0.2969 0.2969
vt 0.9951 0.2969 0.2969
vt 0.9727 0.2969 0.2969
vt 0.9614 0.2969 0.2969
vt 0.9502 0.2969 0.2969
vt 0.9502 0.3608 0.3608
vt 0.9390 0.2969 0.2969
vt 0.9390 0.2329 0.2329
vt 0.9502 0.2329 0.2329
vt 0.9614 0.2329 0.2329
vt 0.9727 0.2329 0.2329
vt 0.9839 0.2329 0.2329
vt 0.9951 0.2329 0.2329
vt 0.1240 0.1699 0.1699
vt 0.1288 0.1709 0.1709
vt 0.1288 0.1973 0.1973
vt 0.1191 0.1694 0.1694
vt 0.1240 0.1973 0.1973
vt 0.1288 0.2236 0.2236
vt 0.1144 0.1699 0.1699
vt 0.1191 0.1968 0.1968
vt 0.1240 0.2236 0.2236
vt 0.1288 0.2500 0.2500
vt 0.1246 0.1431 0.1431
vt 0.1299 0.1465 0.1465
vt 0.1191 0.1401 0.1401
vt 0.1138 0.1436 0.1436
vt 0.1085 0.1470 0.1470
vt 0.1097 0.1709 0.1709
vt 0.1144 0.1973 0.1973
vt 0.1191 0.2241 0.2241
vt 0.1240 0.2510 0.2510
vt 0.1299 0.2739 0.2739
vt 0.1144 0.2241 0.2241
vt 0.1191 0.2515 0.2515
vt 0.1246 0.2778 0.2778
vt 0.1191 0.2813 0.2813
vt 0.1144 0.2510 0.2510
vt 0.1097 0.2241 0.2241
vt 0.1097 0.1973 0.1973
vt 0.1138 0.2778 0.2778
vt 0.1097 0.2500 0.2500
vt 0.1085 0.2744 0.2744
vt 0.5034 0.4165 0.4165
vt 0.4805 0.3755 0.3755
vt 0.4976 0.3623 0.3623
vt 0.5171 0.4048 0.4048
vt 0.5088 0.4429 0.4429
vt 0.4734 0.3838 0.3838
vt 0.5308 0.4487 0.4487
vt 0.5410 0.4355 0.4355
vt 0.5649 0.4736 0.4736
vt 0.5723 0.4580 0.4580
vt 0.6045 0.4863 0.4863
vt 0.6074 0.4697 0.4697
vt 0.6465 0.4863 0.4863
vt 0.5815 0.4937 0.4937
vt 0.6694 0.4937 0.4937
vt 0.6846 0.4741 0.4741
vt 0.7393 0.4429 0.4429
vt 0.7173 0.4487 0.4487
vt 0.7422 0.4165 0.4165
vt 0.7676 0.3838 0.3838
vt 0.7593 0.3755 0.3755
vt 0.6440 0.4697 0.4697
vt 0.6787 0.4580 0.4580
vt 0.7061 0.4355 0.4355
vt 0.7271 0.4048 0.4048
vt 0.7393 0.3623 0.3623
vt 0.7178 0.2993 0.2993
vt 0.7358 0.3584 0.3584
vt 0.5078 0.3584 0.3584
vt 0.7236 0.2939 0.2939
vt 0.6621 0.2437 0.2437
vt 0.7466 0.3550 0.3550
vt 0.7495 0.3022 0.3022
vt 0.7651 0.3477 0.3477
vt 0.7236 0.2661 0.2661
vt 0.6885 0.2373 0.2373
vt 0.6460 0.2217 0.2217
vt 0.5996 0.2217 0.2217
vt 0.5830 0.2437 0.2437
vt 0.5566 0.2368 0.2368
vt 0.5215 0.2656 0.2656
vt 0.6597 0.2510 0.2510
vt 0.5854 0.2510 0.2510
vt 0.5215 0.2935 0.2935
vt 0.5273 0.2983 0.2983
vt 0.4956 0.3013 0.3013
vt 0.4790 0.3462 0.3462
vt 0.4971 0.3545 0.3545
vt 0.4316 0.5105 0.5105
vt 0.4465 0.4956 0.4956
vt 0.4316 0.7178 0.7178
vt 0.5947 0.4956 0.4956
vt 0.6094 0.5105 0.5105
vt 0.5947 0.7645 0.7645
vt 0.4465 0.7645 0.7645
vt 0.6094 0.7178 0.7178
vt 0.3345 0.3013 0.3013
vt 0.2493 0.3013 0.3013
vt 0.2493 0.1475 0.1475
vt 0.1608 0.3013 0.3013
vt 0.1003 0.3013 0.3013
vt 0.1003 0.2886 0.2886
vt 0.1608 0.2910 0.2910
vt 0.1852 0.2632 0.2632
vt 0.1915 0.2134 0.2134
vt 0.1870 0.1626 0.1626
vt 0.1608 0.1333 0.1333
vt 0.0048 0.3013 0.3013
vt 0.0048 0.2866 0.2866
vt 0.0048 0.1333 0.1333
vt 0.1003 0.1333 0.1333
vt 0.1003 0.0376 0.0376
vt 0.1608 0.0376 0.0376
vt 0.2493 0.0376 0.0376
vt 0.3345 0.1475 0.1475
vt 0.0048 0.0376 0.0376
vt 0.3933 0.3013 0.3013
vt 0.3933 0.1475 0.1475
vt 0.4890 0.3013 0.3013
vt 0.4890 0.1475 0.1475
vt 0.4890 0.0376 0.0376
vt 0.3933 0.0376 0.0376
vt 0.3345 0.0376 0.0376
vt 0.6230 0.2114 0.2114
vt 0.5366 0.1865 0.1865
vt 0.5313 0.1563 0.1563
vt 0.4985 0.1362 0.1362
vt 0.7261 0.0371 0.0371
vt 0.7520 0.0371 0.0371
vt 0.7471 0.1362 0.1362
vt 0.7139 0.1553 0.1553
vt 0.7095 0.1865 0.1865
vt 0.6226 0.1807 0.1807
vt 0.5181 0.0371 0.0371
vt 0.4924 0.0371 0.0371
vt 0.5308 0.1460 0.1460
vt 0.7144 0.1450 0.1450
vt 0.6230 0.1826 0.1826
vt 0.4382 0.0059 0.0059
vt 0.4883 0.0059 0.0059
vt 0.4883 0.0313 0.0313
vt 0.4382 0.0313 0.0313
vt 0.2791 0.0059 0.0059
vt 0.2791 0.0313 0.0313
vt 0.2289 0.0313 0.0313
vt 0.2289 0.0059 0.0059
vt 0.7271 0.0313 0.0313
vt 0.7109 0.0313 0.0313
vt 0.7109 0.0059 0.0059
vt 0.7271 0.0059 0.0059
vt 0.8857 0.0059 0.0059
vt 0.9019 0.0059 0.0059
vt 0.9019 0.0313 0.0313
vt 0.8857 0.0313 0.0313
vt 0.0063 0.0059 0.0059
vt 0.0063 0.0313 0.0313
vt 0.2378 0.3066 0.3066
vt 0.3843 0.3066 0.3066
vt 0.3843 0.4531 0.4531
vt 0.2378 0.4531 0.4531
vt 0.0047 0.3066 0.3066
vt 0.2345 0.3066 0.3066
vt 0.2345 0.4531 0.4531
vt 0.0047 0.4531 0.4531
vt 0.8770 0.1777 0.1777
vt 0.8877 0.2158 0.2158
vt 0.8760 0.2539 0.2539
vt 0.7700 0.2852 0.2852
vt 0.8091 0.2930 0.2930
vt 0.8481 0.2827 0.2827
vt 0.8564 0.2964 0.2964
vt 0.8096 0.3091 0.3091
vt 0.7627 0.2988 0.2988
vt 0.8486 0.1499 0.1499
vt 0.8096 0.1406 0.1406
vt 0.8096 0.1245 0.1245
vt 0.8564 0.1357 0.1357
vt 0.8906 0.1694 0.1694
vt 0.9033 0.2158 0.2158
vt 0.8901 0.2622 0.2622
vt 0.7705 0.1494 0.1494
vt 0.7432 0.2563 0.2563
vt 0.7441 0.1792 0.1792
vt 0.7329 0.2178 0.2178
vt 0.7290 0.2642 0.2642
vt 0.7168 0.2178 0.2178
vt 0.7300 0.1714 0.1714
vt 0.7627 0.1357 0.1357
vt 0.8892 0.0391 0.0391
vt 0.9116 0.0659 0.0659
vt 0.9116 0.1011 0.1011
vt 0.8545 0.1343 0.1343
vt 0.8237 0.1167 0.1167
vt 0.8237 0.0503 0.0503
vt 0.8545 0.0327 0.0327
vt 0.8721 0.0327 0.0327
vt 0.8115 0.0835 0.0835
vt 0.9028 0.0503 0.0503
vt 0.9150 0.0835 0.0835
vt 0.8374 0.1284 0.1284
vt 0.8145 0.1011 0.1011
vt 0.8374 0.0391 0.0391
vt 0.8145 0.0659 0.0659
vt 0.6108 0.6760 0.6760
vt 0.6255 0.6216 0.6216
vt 0.6655 0.5815 0.5815
vt 0.7744 0.5815 0.5815
vt 0.7197 0.5669 0.5669
vt 0.8145 0.6216 0.6216
vt 0.8291 0.6760 0.6760
vt 0.7744 0.7706 0.7706
vt 0.6655 0.7706 0.7706
vt 0.6255 0.7307 0.7307
vt 0.8145 0.7307 0.7307
vt 0.7197 0.7853 0.7853
vt 0.6055 0.8950 0.8950
vt 0.6201 0.8422 0.8422
vt 0.6602 0.8036 0.8036
vt 0.7695 0.8036 0.8036
vt 0.7148 0.7893 0.7893
vt 0.8096 0.8422 0.8422
vt 0.8237 0.8950 0.8950
vt 0.7695 0.9865 0.9865
vt 0.6602 0.9865 0.9865
vt 0.6201 0.9478 0.9478
vt 0.8096 0.9478 0.9478
vt 0.7148 1.0007 1.0007
vt 0.3225 0.4561 0.4561
vt 0.3225 0.4766 0.4766
vt 0.3545 0.4766 0.4766
vt 0.3545 0.4561 0.4561
vt 0.3862 0.4766 0.4766
vt 0.3862 0.4561 0.4561
vt 0.1636 0.4561 0.4561
vt 0.1636 0.4766 0.4766
vt 0.1953 0.4766 0.4766
vt 0.1953 0.4561 0.4561
vt 0.2272 0.4766 0.4766
vt 0.2272 0.4561 0.4561
vt 0.2588 0.4766 0.4766
vt 0.2588 0.4561 0.4561
vt 0.2908 0.4766 0.4766
vt 0.2908 0.4561 0.4561
vt 0.0045 0.4561 0.4561
vt 0.0045 0.4766 0.4766
vt 0.0363 0.4766 0.4766
vt 0.0363 0.4561 0.4561
vt 0.0681 0.4766 0.4766
vt 0.0681 0.4561 0.4561
vt 0.0999 0.4766 0.4766
vt 0.0999 0.4561 0.4561
vt 0.1317 0.4766 0.4766
vt 0.1317 0.4561 0.4561
vt 0.0061 0.4795 0.4795
vt 0.2146 0.4795 0.4795
vt 0.2146 0.7672 0.7672
vt 0.0061 0.7672 0.7672
vt 0.4277 0.7672 0.7672
vt 0.2192 0.7672 0.7672
vt 0.2192 0.4795 0.4795
vt 0.4277 0.4795 0.4795
vt 0.8252 0.5525 0.5525
vt 0.6279 0.5525 0.5525
vt 0.6279 0.5483 0.5483
vt 0.8252 0.5483 0.5483
vt 0.8252 0.5464 0.5464
vt 0.6279 0.5464 0.5464
vt 0.6279 0.4990 0.4990
vt 0.8252 0.4990 0.4990
vt 0.9570 0.2324 0.2324
vt 0.9429 0.2324 0.2324
vt 0.9429 0.0005 0.0005
vt 0.9570 0.0005 0.0005
vt 0.9707 0.2324 0.2324
vt 0.9707 0.0005 0.0005
vt 0.9844 0.2324 0.2324
vt 0.9844 0.0005 0.0005
vt 0.9980 0.2324 0.2324
vt 0.9980 0.0005 0.0005
vt 0.9292 0.2324 0.2324
vt 0.9155 0.2324 0.2324
vt 0.9155 0.0005 0.0005
vt 0.9292 0.0005 0.0005
vt 0.3887 0.3804 0.3804
vt 0.3887 0.3623 0.3623
vt 0.4746 0.3623 0.3623
vt 0.4746 0.3804 0.3804
vt 0.3887 0.3989 0.3989
vt 0.4746 0.3989 0.3989
vt 0.3887 0.3257 0.3257
vt 0.3887 0.3076 0.3076
vt 0.4746 0.3076 0.3076
vt 0.4746 0.3257 0.3257
vt 0.3887 0.3438 0.3438
vt 0.4746 0.3438 0.3438
vt 0.8491 0.4902 0.4902
vt 0.8213 0.4971 0.4971
vt 0.7930 0.4902 0.4902
vt 0.7681 0.4609 0.4609
vt 0.8740 0.4609 0.4609
vt 0.8774 0.4414 0.4414
vt 0.7646 0.4414 0.4414
vt 0.9390 0.5518 0.5518
vt 0.9390 0.4883 0.4883
vt 0.9390 0.4243 0.4243
vt 0.9390 0.3608 0.3608
vt 0.9502 0.9981 0.9981
vt 0.9390 0.9981 0.9981
vt 0.9614 0.9981 0.9981
vt 0.9727 0.9981 0.9981
vt 0.9839 0.9981 0.9981
vt 0.9951 0.9981 0.9981
vt 0.8755 0.9665 0.9665
vt 0.8755 0.9938 0.9938
vt 0.8306 0.9938 0.9938
vt 0.8306 0.9665 0.9665
vt 0.8755 0.9392 0.9392
vt 0.8306 0.9392 0.9392
vt 0.8755 0.9119 0.9119
vt 0.8306 0.9119 0.9119
vt 0.8755 0.8846 0.8846
vt 0.8306 0.8846 0.8846
vt 0.8755 0.8574 0.8574
vt 0.8306 0.8574 0.8574
vt 0.8755 0.8301 0.8301
vt 0.8306 0.8301 0.8301
vt 0.8755 0.8027 0.8027
vt 0.8306 0.8027 0.8027
vt 0.8755 0.7755 0.7755
vt 0.8306 0.7755 0.7755
vt 0.8755 0.7483 0.7483
vt 0.8306 0.7483 0.7483
vt 0.8755 0.7209 0.7209
vt 0.8306 0.7209 0.7209
vt 0.8755 0.6936 0.6936
vt 0.8306 0.6936 0.6936
vt 0.8755 0.6663 0.6663
vt 0.8306 0.6663 0.6663
vt 0.8755 0.6389 0.6389
vt 0.8306 0.6389 0.6389
vt 0.8755 0.6118 0.6118
vt 0.8306 0.6118 0.6118
vt 0.8755 0.5845 0.5845
vt 0.8306 0.5845 0.5845
vt 0.8755 0.5571 0.5571
vt 0.8306 0.5571 0.5571
vt 0.8755 0.5298 0.5298
vt 0.8306 0.5298 0.5298
vt 0.8755 0.5024 0.5024
vt 0.8306 0.5024 0.5024
vt 0.8799 0.4307 0.4307
vt 0.8799 0.2896 0.2896
vt 0.9312 0.2896 0.2896
vt 0.9312 0.4307 0.4307
vt 0.8799 0.5720 0.5720
vt 0.9312 0.5720 0.5720
vt 0.8799 0.7131 0.7131
vt 0.9312 0.7131 0.7131
vt 0.8799 0.8545 0.8545
vt 0.9312 0.8545 0.8545
vt 0.8799 0.9956 0.9956
vt 0.9312 0.9956 0.9956
vt 0.8740 0.4224 0.4224
vt 0.7681 0.4224 0.4224
vt 0.7930 0.3931 0.3931
vt 0.8491 0.3931 0.3931
vt 0.8213 0.3862 0.3862
vt 0.5903 0.8773 0.8773
vt 0.5903 0.7729 0.7729
vt 0.3025 0.7729 0.7729
vt 0.3025 0.8773 0.8773
vt 0.2944 0.8757 0.8757
vt 0.0066 0.8757 0.8757
vt 0.2944 0.7715 0.7715
vt 0.0066 0.7715 0.7715
vt 2.0410 0.9994 0.9994
vt 2.5918 0.8005 0.8005
vt 2.5625 0.8005 0.8005
vt 2.5625 0.7310 0.7310
vt 2.5918 0.7310 0.7310
vt 2.1855 0.3452 0.3452
vt 2.2148 0.3452 0.3452
vt 2.2148 0.3887 0.3887
vt 2.1855 0.3887 0.3887
vt 2.2148 0.6338 0.6338
vt 2.1855 0.6338 0.6338
vt 2.2148 0.6768 0.6768
vt 2.1855 0.6768 0.6768
vt 2.2480 0.3682 0.3682
vt 2.3184 0.3682 0.3682
vt 2.3184 0.6284 0.6284
vt 2.2480 0.6284 0.6284
vt 2.2363 0.6284 0.6284
vt 2.2480 0.6743 0.6743
vt 2.3184 0.6743 0.6743
vt 2.3320 0.6284 0.6284
vt 2.3320 0.3682 0.3682
vt 2.3184 0.3223 0.3223
vt 2.2480 0.3223 0.3223
vt 2.2363 0.3682 0.3682
vt 2.0723 0.9114 0.9114
vt 2.0918 0.8502 0.8502
vt 2.1230 0.9492 0.9492
vt 2.1563 0.8502 0.8502
vt 2.1758 0.9114 0.9114
vt 2.5313 0.2993 0.2993
vt 2.5801 0.2993 0.2993
vt 2.5801 0.6323 0.6323
vt 2.5313 0.6323 0.6323
vt 2.4844 0.2993 0.2993
vt 2.4844 0.6323 0.6323
vt 2.4355 0.2993 0.2993
vt 2.4355 0.6323 0.6323
vt 2.3867 0.2993 0.2993
vt 2.3867 0.6323 0.6323
vt 2.3398 0.2993 0.2993
vt 2.3398 0.6323 0.6323
vt 2.0410 0.2920 0.2920
vt 2.4766 0.2949 0.2949
vt 2.4160 0.2949 0.2949
vt 2.4160 0.2549 0.2549
vt 2.4766 0.2549 0.2549
vt 2.5352 0.2949 0.2949
vt 2.5371 0.2549 0.2549
vt 2.5957 0.2949 0.2949
vt 2.5957 0.2549 0.2549
vt 2.2969 0.2949 0.2949
vt 2.2383 0.2949 0.2949
vt 2.2383 0.2549 0.2549
vt 2.2969 0.2549 0.2549
vt 2.3574 0.2549 0.2549
vt 2.3574 0.2949 0.2949
vt 2.2285 0.2837 0.2837
vt 2.2461 0.3135 0.3135
vt 2.2285 0.3433 0.3433
vt 2.1953 0.2837 0.2837
vt 2.1777 0.3135 0.3135
vt 2.1953 0.3433 0.3433
vt 2.0410 0.1694 0.1694
vt 2.0410 0.0864 0.0864
vt 2.0273 0.0864 0.0864
vt 2.0273 0.1694 0.1694
vt 2.0273 0.2920 0.2920
vt 2.0156 0.1694 0.1694
vt 2.0156 0.2920 0.2920
vt 2.0020 0.1694 0.1694
vt 2.0020 0.2920 0.2920
vt 2.0156 0.0864 0.0864
vt 2.0020 0.0864 0.0864
vt 2.0410 -0.2080 -0.2080
vt 2.0410 -0.2500 -0.2500
vt 2.0273 -0.2500 -0.2500
vt 2.0273 -0.2080 -0.2080
vt 2.0410 -0.1670 -0.1670
vt 2.0273 -0.1670 -0.1670
vt 2.0410 -0.1045 -0.1045
vt 2.0273 -0.1045 -0.1045
vt 2.0410 -0.0225 -0.0225
vt 2.0273 -0.0225 -0.0225
vt 2.0156 -0.2500 -0.2500
vt 2.0156 -0.2080 -0.2080
vt 2.0156 -0.1670 -0.1670
vt 2.0156 -0.1045 -0.1045
vt 2.0156 -0.0225 -0.0225
vt 2.0020 -0.2500 -0.2500
vt 2.0020 -0.2080 -0.2080
vt 2.0020 -0.1670 -0.1670
vt 2.0020 -0.1045 -0.1045
vt 2.0020 -0.0225 -0.0225
vt 2.0918 0.8499 0.8499
vt 2.0723 0.8381 0.8381
vt 2.0723 0.8148 0.8148
vt 2.0918 0.8031 0.8031
vt 2.1113 0.8148 0.8148
vt 2.1113 0.8381 0.8381
vt 2.3145 0.6907 0.6907
vt 2.3477 0.6907 0.6907
vt 2.3477 0.7473 0.7473
vt 2.3145 0.7473 0.7473
vt 2.2520 0.6907 0.6907
vt 2.3105 0.6907 0.6907
vt 2.3105 0.7473 0.7473
vt 2.2520 0.7473 0.7473
vt 2.0273 -0.1914 -0.1914
vt 2.0410 -0.1914 -0.1914
vt 2.0410 -0.1426 -0.1426
vt 2.0273 -0.1426 -0.1426
vt 2.0410 -0.0781 -0.0781
vt 2.0273 -0.0781 -0.0781
vt 2.0410 0.0210 0.0210
vt 2.0273 0.0210 0.0210
vt 2.0410 0.1079 0.1079
vt 2.0273 0.1079 0.1079
vt 2.0410 0.2007 0.2007
vt 2.0156 0.0210 0.0210
vt 2.0156 0.1079 0.1079
vt 2.0273 0.2007 0.2007
vt 2.0410 0.2656 0.2656
vt 2.0273 0.2656 0.2656
vt 2.0156 0.2007 0.2007
vt 2.0020 0.1079 0.1079
vt 2.0020 0.0210 0.0210
vt 2.0020 -0.0781 -0.0781
vt 2.0156 -0.0781 -0.0781
vt 2.0020 -0.1426 -0.1426
vt 2.0156 -0.1426 -0.1426
vt 2.0156 0.2656 0.2656
vt 2.0020 0.2007 0.2007
vt 2.0020 0.2656 0.2656
vt 2.0273 -0.2285 -0.2285
vt 2.0410 -0.2285 -0.2285
vt 2.0156 -0.2285 -0.2285
vt 2.0156 -0.1914 -0.1914
vt 2.0020 -0.1914 -0.1914
vt 2.0020 -0.2285 -0.2285
vt 2.3633 0.0073 0.0073
vt 2.3633 0.2236 0.2236
vt 2.3184 0.2236 0.2236
vt 2.3184 0.0073 0.0073
vt 2.2734 0.2236 0.2236
vt 2.2734 0.0073 0.0073
vt 2.2285 0.2236 0.2236
vt 2.2285 0.0073 0.0073
vt 2.1836 0.2236 0.2236
vt 2.1836 0.0073 0.0073
vt 2.2480 0.7498 0.7498
vt 2.1836 0.7498 0.7498
vt 2.1836 0.6860 0.6860
vt 2.2480 0.6860 0.6860
vt 2.5938 0.1011 0.1011
vt 2.5371 0.1987 0.1987
vt 2.4238 0.1987 0.1987
vt 2.4238 0.0034 0.0034
vt 2.3672 0.1011 0.1011
vt 2.5371 0.0034 0.0034
vt 2.5586 0.6848 0.6848
vt 2.3887 0.6848 0.6848
vt 2.3887 0.6389 0.6389
vt 2.5586 0.6389 0.6389
vt 2.3320 0.8035 0.8035
vt 2.3320 0.7615 0.7615
vt 2.2734 0.7615 0.7615
vt 2.2734 0.8574 0.8574
vt 2.2168 0.7615 0.7615
vt 2.2168 0.9102 0.9102
vt 2.1602 0.8574 0.8574
vt 2.1602 0.7615 0.7615
vt 2.1035 0.8035 0.8035
vt 2.1035 0.7615 0.7615
vt 2.5156 0.9012 0.9012
vt 2.5156 0.8229 0.8229
vt 2.5938 0.8229 0.8229
vt 2.5938 0.9012 0.9012
vt 2.5977 0.0586 0.0586
vt 2.5977 0.0107 0.0107
vt 2.6250 0.0107 0.0107
vt 2.6250 0.0586 0.0586
vt 2.6504 0.0107 0.0107
vt 2.6504 0.0586 0.0586
vt 2.6758 0.0586 0.0586
vt 2.6758 0.0107 0.0107
vt 2.7031 0.0586 0.0586
vt 2.7031 0.0107 0.0107
vt 2.1445 0.0127 0.0127
vt 2.1777 0.0127 0.0127
vt 2.1777 0.7521 0.7521
vt 2.1445 0.7521 0.7521
vt 2.1113 0.0127 0.0127
vt 2.1113 0.7521 0.7521
vt 2.0781 0.0127 0.0127
vt 2.0781 0.7521 0.7521
vt 2.0469 0.0127 0.0127
vt 2.0469 0.7521 0.7521
vt 2.6250 0.1099 0.1099
vt 2.5977 0.1099 0.1099
vt 2.6504 0.1099 0.1099
vt 2.6758 0.1099 0.1099
vt 2.7031 0.1099 0.1099
vt 2.6250 0.9920 0.9920
vt 2.5977 0.9920 0.9920
vt 2.6504 0.9920 0.9920
vt 2.6758 0.9920 0.9920
vt 2.7031 0.9920 0.9920
vt 2.4043 0.8004 0.8004
vt 2.3535 0.8004 0.8004
vt 2.3535 0.6895 0.6895
vt 2.4043 0.6895 0.6895
vt 2.4531 0.8004 0.8004
vt 2.4531 0.6895 0.6895
vt 2.5039 0.8004 0.8004
vt 2.5039 0.6895 0.6895
vt 2.5547 0.8004 0.8004
vt 2.5547 0.6895 0.6895
vt 2.0449 0.7767 0.7767
vt 2.0449 0.7550 0.7550
vt 2.0664 0.7550 0.7550
vt 2.0664 0.7767 0.7767
vt 2.0664 0.8196 0.8196
vt 2.0449 0.8196 0.8196
vt 2.0664 0.8518 0.8518
vt 2.0449 0.8518 0.8518
vt 2.0664 0.8839 0.8839
vt 2.0449 0.8839 0.8839
vt 2.0664 0.9268 0.9268
vt 2.0449 0.9268 0.9268
vt 2.0449 0.9485 0.9485
vt 2.0664 0.9485 0.9485
vt 2.5723 0.2012 0.2012
vt 2.5957 0.2012 0.2012
vt 2.5957 0.2534 0.2534
vt 2.5723 0.2534 0.2534
vt 2.5254 0.2534 0.2534
vt 2.5254 0.2012 0.2012
vt 2.4902 0.2534 0.2534
vt 2.4902 0.2012 0.2012
vt 2.4570 0.2534 0.2534
vt 2.4570 0.2012 0.2012
vt 2.4102 0.2534 0.2534
vt 2.4102 0.2012 0.2012
vt 2.3867 0.2012 0.2012
vt 2.3867 0.2534 0.2534
vt 2.2461 0.9929 0.9929
vt 2.1797 0.9929 0.9929
vt 2.1797 0.9476 0.9476
vt 2.2461 0.9056 0.9056
vt 2.3145 0.9929 0.9929
vt 2.3145 0.8391 0.8391
vt 2.3809 0.9929 0.9929
vt 2.3809 0.8046 0.8046
vt 2.4473 0.8391 0.8391
vt 2.4473 0.9929 0.9929
vt 2.5156 0.9056 0.9056
vt 2.5156 0.9929 0.9929
vt 2.5820 0.9476 0.9476
vt 2.5820 0.9929 0.9929
vt 2.0156 0.9994 0.9994
vt 2.0020 0.9994 0.9994
vt 2.0020 0.9648 0.9648
vt 2.0156 0.9648 0.9648
vt 2.0273 0.9994 0.9994
vt 2.0273 0.9648 0.9648
vt 2.0156 0.9063 0.9063
vt 2.0273 0.9063 0.9063
vt 2.0156 0.8284 0.8284
vt 2.0273 0.8284 0.8284
vt 2.0156 0.7689 0.7689
vt 2.0273 0.7689 0.7689
vt 2.0410 0.9648 0.9648
vt 2.0410 0.9063 0.9063
vt 2.0410 0.8284 0.8284
vt 2.0410 0.7689 0.7689
vt 2.0273 0.6738 0.6738
vt 2.0410 0.6738 0.6738
vt 2.0156 0.6738 0.6738
vt 2.0156 0.4292 0.4292
vt 2.0273 0.4292 0.4292
vt 2.0156 0.2524 0.2524
vt 2.0273 0.2524 0.2524
vt 2.0156 0.1348 0.1348
vt 2.0273 0.1348 0.1348
vt 2.0156 -0.0303 -0.0303
vt 2.0273 -0.0303 -0.0303
vt 2.0410 0.4292 0.4292
vt 2.0410 0.2524 0.2524
vt 2.0410 0.1348 0.1348
vt 2.0410 -0.0303 -0.0303
vt 2.0020 0.4292 0.4292
vt 2.0020 0.2524 0.2524
vt 2.0020 0.1348 0.1348
vt 2.0020 -0.0303 -0.0303
vt 2.0020 0.9063 0.9063
vt 2.0020 0.8284 0.8284
vt 2.0020 0.7689 0.7689
vt 2.0020 0.6738 0.6738
vt 2.7090 0.8809 0.8809
vt 2.7090 0.9916 0.9916
vt 2.7559 0.9916 0.9916
vt 2.7559 0.8809 0.8809
vt 2.8047 0.9916 0.9916
vt 2.8047 0.8809 0.8809
vt 2.8516 0.9916 0.9916
vt 2.8516 0.8809 0.8809
vt 2.9004 0.8809 0.8809
vt 2.9004 0.9916 0.9916
vt 2.9492 0.8809 0.8809
vt 2.9492 0.9916 0.9916
vt 2.9980 0.8809 0.8809
vt 2.9980 0.9916 0.9916
vt 2.9980 0.1646 0.1646
vt 2.9492 0.1646 0.1646
vt 2.9004 0.1646 0.1646
vt 2.8516 0.1646 0.1646
vt 2.8047 0.1646 0.1646
vt 2.7559 0.1646 0.1646
vt 2.7090 0.1646 0.1646
vt 2.7090 1.0415 1.0415
vt 2.7090 1.1075 1.1075
vt 2.7559 1.1075 1.1075
vt 2.7559 1.0415 1.0415
vt 2.8047 1.1075 1.1075
vt 2.8047 1.0415 1.0415
vt 2.8516 1.1075 1.1075
vt 2.8516 1.0415 1.0415
vt 2.9004 1.0415 1.0415
vt 2.9004 1.1075 1.1075
vt 2.9492 1.0415 1.0415
vt 2.9492 1.1075 1.1075
vt 2.9980 1.0415 1.0415
vt 2.9980 1.1075 1.1075
vt 2.9980 -0.1289 -0.1289
vt 2.9492 -0.1289 -0.1289
vt 2.9004 -0.1289 -0.1289
vt 2.8516 -0.1289 -0.1289
vt 2.8047 -0.1289 -0.1289
vt 2.7559 -0.1289 -0.1289
vt 2.7090 -0.1289 -0.1289
vt 2.0449 0.9508 0.9508
vt 2.1621 0.9508 0.9508
vt 2.1621 0.9961 0.9961
vt 2.0449 0.9961 0.9961
vt 2.9980 0.0361 0.0361
vt 2.9492 0.0361 0.0361
vt 2.9004 0.0361 0.0361
vt 2.8516 0.0361 0.0361
vt 2.8047 0.0361 0.0361
vt 2.7559 0.0361 0.0361
vt 2.7090 0.0361 0.0361
vt 2.7090 0.8820 0.8820
vt 2.7559 0.8820 0.8820
vt 2.8047 0.8820 0.8820
vt 2.8516 0.8820 0.8820
vt 2.9004 0.8820 0.8820
vt 2.9492 0.8820 0.8820
vt 2.9980 0.8820 0.8820
vt 2.3359 0.6824 0.6824
vt 2.3770 0.6824 0.6824
vt 2.3770 0.6428 0.6428
vt 2.3359 0.6428 0.6428
vt 2.3828 0.6824 0.6824
vt 2.3828 0.6428 0.6428
# 825 texture coords

g GUL_Architecture_Aquarium_Machinery
usemtl Aquarium_Machine2
s 1
f 1/1/1 2/2/2 3/3/3 
s 2
f 4/4/4 5/5/4 6/6/4 
s 3
f 6/6/4 7/7/4 4/4/4 
s 4
f 8/8/5 9/9/5 10/10/5 
s 5
f 10/10/5 11/11/5 8/8/5 
s 6
f 12/12/6 13/13/6 4/14/6 
s 7
f 14/15/6 12/12/6 4/14/6 
s 8
f 9/16/6 15/17/6 14/15/6 
s 9
f 9/16/6 14/15/6 4/14/6 
s 10
f 9/16/6 4/14/6 7/18/6 
s 11
f 7/18/6 10/19/6 9/16/6 
s 12
f 16/20/7 17/21/7 18/22/7 
s 13
f 5/23/7 19/24/7 16/20/7 
s 14
f 5/23/7 16/20/7 18/22/7 
s 15
f 5/23/7 18/22/7 8/25/7 
s 16
f 5/23/7 8/25/7 11/26/7 
s 17
f 11/26/7 6/27/7 5/23/7 
s 18
f 20/28/8 21/29/9 22/30/10 
s 19
f 23/31/11 20/28/8 24/32/12 
s 20
f 22/30/10 24/32/12 20/28/8 
s 21
f 24/32/12 22/30/10 25/33/13 
s 22
f 26/34/14 23/31/11 27/35/15 
s 23
f 24/32/12 27/35/15 23/31/11 
s 24
f 27/35/15 24/32/12 28/36/16 
s 25
f 25/33/13 28/36/16 24/32/12 
s 26
f 28/36/16 25/33/13 29/37/17 
s 27
f 30/38/18 26/34/14 31/39/19 
s 28
f 27/35/15 31/39/19 26/34/14 
s 29
f 31/39/19 27/35/15 32/40/20 
s 30
f 28/36/16 32/40/20 27/35/15 
s 31
f 32/40/20 28/36/16 33/41/21 
s 32
f 29/37/17 33/41/22 28/36/22 
s 33
f 33/41/21 29/37/17 34/42/23 
s 34
f 21/43/9 30/38/18 35/44/24 
s 35
f 31/39/19 35/44/24 30/38/18 
s 36
f 35/44/24 31/39/19 36/45/25 
s 37
f 32/40/20 36/45/25 31/39/19 
s 38
f 36/45/25 32/40/20 37/46/26 
s 39
f 33/41/21 37/46/26 32/40/20 
s 40
f 37/46/26 33/41/21 38/47/27 
s 41
f 34/42/23 38/47/27 33/41/21 
s 42
f 38/47/27 34/42/23 39/48/28 
s 43
f 39/48/28 40/49/29 38/47/27 
s 44
f 41/50/30 38/47/27 40/49/29 
s 45
f 38/47/27 41/50/30 37/46/26 
s 46
f 42/51/31 37/46/26 41/50/30 
s 47
f 37/46/26 42/51/31 36/45/25 
s 48
f 36/45/25 43/52/32 35/44/24 
s 49
f 43/52/32 36/45/25 42/51/31 
s 50
f 42/51/31 44/53/33 43/52/32 
s 51
f 44/53/33 42/51/31 45/54/34 
s 52
f 41/50/30 45/54/34 42/51/31 
s 53
f 45/54/34 41/50/30 46/55/35 
s 54
f 40/49/29 46/55/35 41/50/30 
s 55
f 46/55/35 40/49/29 47/56/36 
s 56
f 44/53/33 29/57/17 25/58/13 
s 57
f 25/58/13 43/52/32 44/53/33 
s 58
f 43/52/32 25/58/13 22/59/10 
s 59
f 22/59/10 35/44/24 43/52/32 
s 60
f 35/44/24 22/59/10 21/43/9 
s 61
f 48/60/37 49/61/38 50/62/39 
s 62
f 50/62/39 51/63/40 48/60/37 
s 63
f 51/63/40 50/62/39 52/64/41 
s 64
f 52/64/42 47/56/42 51/63/42 
s 65
f 47/56/36 52/64/41 46/55/35 
s 66
f 53/65/43 46/55/35 52/64/41 
s 67
f 46/55/35 53/65/43 45/54/34 
s 68
f 54/66/44 45/54/34 53/65/43 
s 69
f 45/54/34 54/66/44 44/53/33 
s 70
f 29/57/17 44/53/33 54/66/44 
s 71
f 52/64/41 55/67/45 53/65/43 
s 72
f 56/68/46 53/65/43 55/67/45 
s 73
f 53/65/43 56/68/46 54/66/44 
s 74
f 34/69/23 54/66/44 56/68/46 
s 75
f 54/66/44 34/69/23 29/57/17 
s 76
f 57/70/47 58/71/48 59/72/49 
s 77
f 59/72/49 60/73/50 57/70/47 
s 78
f 60/73/50 59/72/49 61/74/51 
s 79
f 61/74/51 55/67/45 60/73/50 
s 80
f 55/67/45 61/74/51 56/68/46 
s 81
f 39/75/28 56/68/46 61/74/51 
s 82
f 56/68/46 39/75/28 34/69/23 
s 83
f 58/71/48 62/76/52 63/77/53 
s 84
f 63/77/53 59/72/49 58/71/48 
s 85
f 59/72/49 63/77/53 64/78/54 
s 86
f 64/78/54 61/74/51 59/72/49 
s 87
f 61/74/51 64/78/54 39/75/28 
s 88
f 65/79/55 66/80/56 62/76/52 
s 89
f 62/76/52 58/71/48 65/79/55 
s 90
f 67/81/57 65/79/55 58/71/48 
s 91
f 58/71/48 57/70/47 67/81/57 
s 92
f 68/82/58 67/81/57 57/70/47 
s 93
f 57/70/47 49/61/38 68/82/58 
s 94
f 49/61/38 57/70/47 60/73/50 
s 95
f 60/73/50 50/62/39 49/61/38 
s 96
f 50/62/39 60/73/50 55/67/45 
s 97
f 55/67/45 52/64/41 50/62/39 
s 98
f 69/83/59 70/84/60 66/80/56 
s 99
f 66/80/56 65/79/55 69/83/59 
s 100
f 71/85/61 69/83/59 65/79/55 
s 101
f 65/79/55 67/81/57 71/85/61 
s 102
f 72/86/62 71/85/61 67/81/57 
s 103
f 67/81/57 68/82/58 72/86/62 
s 104
f 73/87/63 72/86/62 68/82/58 
s 105
f 68/82/58 74/88/64 73/87/63 
s 106
f 74/88/64 68/82/58 49/61/38 
s 107
f 49/61/38 48/60/37 74/88/64 
s 108
f 73/87/63 70/89/60 75/90/65 
s 109
f 75/90/65 76/91/66 73/87/63 
s 110
f 72/86/62 73/87/63 76/91/66 
s 111
f 76/91/66 77/92/67 72/86/62 
s 112
f 71/85/61 72/86/62 77/92/67 
s 113
f 77/92/67 78/93/68 71/85/61 
s 114
f 69/83/59 71/85/61 78/93/68 
s 115
f 78/93/68 79/94/69 69/83/59 
s 116
f 70/84/60 69/83/59 79/94/69 
s 117
f 79/94/69 75/95/65 70/84/60 
s 118
f 80/96/70 81/97/71 82/98/72 
s 119
f 83/99/73 80/96/70 84/100/74 
s 120
f 82/98/72 84/100/74 80/96/70 
s 121
f 84/100/74 82/98/72 85/101/75 
s 122
f 86/102/76 83/99/73 87/103/77 
s 123
f 84/100/74 87/103/77 83/99/73 
s 124
f 87/103/77 84/100/74 88/104/78 
s 125
f 85/101/75 88/104/78 84/100/74 
s 126
f 88/104/78 85/101/75 89/105/79 
s 127
f 90/106/80 91/107/81 81/97/71 
s 128
f 81/97/71 80/96/82 90/106/80 
s 129
f 92/108/83 90/106/80 80/96/70 
s 130
f 80/96/70 83/99/73 92/108/83 
s 131
f 93/109/84 92/108/83 83/99/73 
s 132
f 83/99/73 86/102/85 93/109/84 
s 133
f 91/110/81 93/109/84 86/102/85 
s 134
f 86/102/76 81/111/71 91/110/81 
s 135
f 81/111/71 86/102/76 94/112/86 
s 136
f 87/103/77 94/112/86 86/102/76 
s 137
f 94/112/86 87/103/77 95/113/87 
s 138
f 88/104/78 95/113/87 87/103/77 
s 139
f 95/113/87 88/104/78 96/114/88 
s 140
f 89/105/79 96/114/88 88/104/78 
s 141
f 96/114/88 89/105/79 91/115/81 
s 142
f 95/113/87 97/116/89 94/112/86 
s 143
f 97/116/89 95/113/87 98/117/90 
s 144
f 96/114/88 98/117/90 95/113/87 
s 145
f 98/117/90 96/114/88 90/118/80 
s 146
f 91/115/81 90/118/80 96/114/88 
s 147
f 90/118/80 92/119/83 98/117/90 
s 148
f 99/120/91 98/117/90 92/119/83 
s 149
f 98/117/90 99/120/91 97/116/89 
s 150
f 85/121/75 97/116/89 99/120/91 
s 151
f 97/116/89 85/121/75 82/122/72 
s 152
f 82/122/72 94/112/86 97/116/89 
s 153
f 94/112/86 82/122/72 81/111/71 
s 154
f 92/119/83 93/123/84 99/120/91 
s 155
f 89/124/79 99/120/91 93/123/84 
s 156
f 99/120/91 89/124/79 85/121/75 
s 157
f 93/123/84 91/125/81 89/124/79 
s 158
f 100/126/92 101/127/93 102/128/94 
s 159
f 102/128/94 103/129/95 100/126/92 
s 160
f 104/130/96 105/131/97 101/127/93 
s 161
f 101/127/93 100/126/92 104/130/96 
s 162
f 104/130/96 100/126/92 106/132/98 
s 163
f 106/132/98 100/126/92 103/129/95 
s 164
f 103/129/95 107/133/99 106/132/98 
s 165
f 108/134/100 106/132/98 107/133/99 
s 166
f 107/133/99 109/135/101 108/134/100 
s 167
f 110/136/102 108/134/100 109/135/101 
s 168
f 109/135/101 111/137/103 110/136/102 
s 169
f 112/138/104 110/136/102 111/137/103 
s 170
f 113/139/105 104/130/96 106/132/98 
s 171
f 106/132/98 108/134/100 113/139/105 
s 172
f 113/139/105 108/134/100 110/136/102 
s 173
f 114/140/106 113/139/105 110/136/102 
s 174
f 110/136/102 112/138/104 114/140/106 
s 175
f 114/140/106 112/138/104 115/141/107 
s 176
f 116/142/108 114/140/106 115/141/107 
s 177
f 115/141/107 117/143/109 116/142/108 
s 178
f 116/142/108 117/143/109 118/144/110 
s 179
f 119/145/111 116/142/108 118/144/110 
s 180
f 118/144/110 120/146/112 119/145/111 
s 181
f 111/137/103 121/147/113 112/138/104 
s 182
f 115/141/107 112/138/104 121/147/113 
s 183
f 121/147/113 122/148/114 115/141/107 
s 184
f 117/143/109 115/141/107 122/148/114 
s 185
f 122/148/114 123/149/115 117/143/109 
s 186
f 118/144/110 117/143/109 123/149/115 
s 187
f 123/149/115 124/150/116 118/144/110 
s 188
f 120/146/112 118/144/110 124/150/116 
s 189
f 124/150/116 125/151/117 120/146/112 
s 190
f 126/152/118 127/153/119 128/154/120 
s 191
f 127/153/119 126/152/118 129/155/121 
s 192
f 130/156/122 129/155/121 126/152/118 
s 193
f 129/155/121 131/157/123 127/153/119 
s 194
f 132/158/124 133/159/125 131/157/123 
s 195
f 131/157/123 129/155/121 132/158/124 
s 196
f 129/155/121 134/160/126 132/158/124 
s 197
f 135/161/127 134/160/126 129/155/121 
s 198
f 129/155/121 130/156/122 135/161/127 
s 199
f 130/156/122 136/162/128 135/161/127 
s 200
f 137/163/129 136/162/128 130/156/122 
s 201
f 130/156/122 138/164/130 137/163/129 
s 202
f 138/164/130 139/165/131 137/163/129 
s 203
f 140/166/132 139/165/131 138/164/130 
s 204
f 138/164/130 130/156/122 141/167/133 
s 205
f 141/167/133 142/168/134 138/164/130 
s 206
f 143/169/135 138/164/130 142/168/134 
s 207
f 142/168/134 144/170/136 143/169/135 
s 208
f 138/164/130 143/169/135 140/166/132 
s 209
f 143/169/135 145/171/137 140/166/132 
s 210
f 146/172/138 145/171/137 143/169/135 
s 211
f 143/169/135 147/173/139 146/172/138 
s 212
f 147/173/139 143/169/135 144/170/136 
s 213
f 144/170/136 128/154/120 147/173/139 
s 214
f 144/170/136 142/168/134 128/154/120 
s 215
f 126/152/118 128/154/120 142/168/134 
s 216
f 142/168/134 141/167/133 126/152/118 
s 217
f 126/152/118 141/167/133 130/156/122 
s 218
f 125/151/140 124/150/141 102/128/142 
s 219
f 124/150/141 123/149/143 122/148/144 
s 220
f 122/148/144 102/128/142 124/150/141 
s 221
f 111/137/145 102/128/142 122/148/144 
s 222
f 107/133/146 102/128/142 111/137/145 
s 223
f 111/137/145 109/135/147 107/133/146 
s 224
f 107/133/146 103/129/148 102/128/142 
s 225
f 122/148/144 121/147/149 111/137/145 
s 226
f 148/174/6 149/175/6 150/176/6 
s 227
f 149/175/6 151/177/6 152/178/6 
s 228
f 149/175/6 152/178/6 153/179/6 
s 229
f 149/175/6 153/179/6 150/176/6 
s 230
f 153/179/6 154/180/6 150/176/6 
s 231
f 152/178/6 155/181/6 153/179/6 
s 232
f 156/175/7 157/174/7 158/177/7 
s 233
f 157/174/7 159/176/7 160/180/7 
s 234
f 157/174/7 160/180/7 161/181/7 
s 235
f 157/174/7 161/181/7 158/177/7 
s 236
f 161/181/7 162/178/7 158/177/7 
s 237
f 160/180/7 163/179/7 161/181/7 
s 238
f 164/174/6 165/175/6 166/176/6 
s 239
f 165/175/6 167/177/6 168/178/6 
s 240
f 165/175/6 168/178/6 169/179/6 
s 241
f 165/175/6 169/179/6 166/176/6 
s 242
f 169/179/6 170/180/6 166/176/6 
s 243
f 168/178/6 171/181/6 169/179/6 
s 244
f 172/182/150 173/183/151 174/184/152 
s 245
f 175/185/153 176/186/154 177/187/155 
s 246
f 177/187/155 178/188/156 175/185/153 
s 247
f 173/183/151 175/185/153 178/188/156 
s 248
f 173/183/151 178/188/156 179/189/157 
s 249
f 173/183/151 179/189/157 180/190/158 
s 250
f 180/190/158 174/184/152 173/183/151 
s 251
f 174/184/152 180/190/158 181/191/159 
s 252
f 181/191/159 182/192/160 174/184/152 
s 253
f 176/186/154 183/193/161 184/194/162 
s 254
f 184/194/162 177/187/155 176/186/154 
s 255
f 177/187/155 184/194/162 185/195/163 
s 256
f 185/195/164 186/196/165 177/187/164 
s 257
f 187/197/166 186/196/165 185/195/163 
s 258
f 186/196/165 187/197/166 188/198/167 
s 259
f 188/198/167 182/192/168 186/196/165 
s 260
f 182/192/160 188/198/167 189/199/169 
s 261
f 189/199/169 174/184/152 182/192/160 
s 262
f 190/200/170 174/184/152 189/199/169 
s 263
f 185/195/163 191/201/171 187/197/166 
s 264
f 174/184/152 190/200/170 172/182/150 
s 265
f 192/202/172 172/182/150 190/200/170 
s 266
f 190/200/170 193/203/173 192/202/172 
s 267
f 194/204/174 192/202/172 193/203/173 
s 268
f 193/203/173 195/205/175 194/204/174 
s 269
f 196/206/176 195/205/175 193/203/173 
s 270
f 193/203/173 197/207/177 196/206/176 
s 271
f 198/208/178 197/207/177 193/203/173 
s 272
f 193/203/173 190/200/170 198/208/178 
s 273
f 189/199/169 198/208/178 190/200/170 
s 274
f 173/209/151 172/210/150 199/211/179 
s 275
f 199/211/179 172/210/150 192/212/172 
s 276
f 200/213/180 183/214/161 176/215/154 
s 277
f 176/215/154 201/216/181 200/213/180 
s 278
f 176/215/154 175/217/153 201/216/181 
s 279
f 201/216/181 175/217/153 173/209/151 
s 280
f 173/209/151 202/218/182 201/216/181 
s 281
f 199/211/179 202/218/182 173/209/151 
s 282
f 202/218/182 199/211/179 201/216/181 
s 283
f 200/213/180 201/216/181 199/211/179 
s 284
f 199/211/179 203/219/183 200/213/180 
s 285
f 203/219/183 199/211/179 192/212/172 
s 286
f 192/212/172 194/220/174 203/219/183 
s 287
f 204/213/184 196/214/176 197/215/177 
s 288
f 187/212/166 191/220/171 205/219/185 
s 289
f 205/219/185 206/221/186 187/212/166 
s 290
f 206/221/186 205/219/185 204/213/184 
s 291
f 204/213/184 207/222/187 206/221/186 
s 292
f 197/215/177 207/222/187 204/213/184 
s 293
f 197/215/177 198/217/178 207/222/187 
s 294
f 207/222/187 198/217/178 189/209/169 
s 295
f 189/209/169 208/223/188 207/222/187 
s 296
f 206/221/186 208/223/188 189/209/169 
s 297
f 208/223/188 206/221/186 207/222/187 
s 298
f 189/209/169 188/210/167 206/221/186 
s 299
f 206/221/186 188/210/167 187/212/166 
s 300
f 160/224/189 159/225/189 150/226/189 
s 301
f 150/226/189 154/227/189 160/224/189 
s 302
f 163/228/190 153/229/190 155/230/190 
s 303
f 155/230/190 161/231/190 163/228/190 
s 304
f 149/232/191 148/233/191 157/234/191 
s 305
f 157/234/191 156/235/191 149/232/191 
s 306
f 158/236/192 162/237/192 152/238/192 
s 307
f 152/238/192 151/239/192 158/236/192 
s 308
f 159/225/193 157/234/193 148/233/193 
s 309
f 148/233/193 150/226/193 159/225/193 
s 310
f 163/228/194 160/224/194 154/227/194 
s 311
f 154/227/194 153/229/194 163/228/194 
s 312
f 162/240/195 161/231/195 155/230/195 
s 313
f 155/230/195 152/241/195 162/240/195 
s 314
f 156/235/196 158/236/196 151/239/196 
s 315
f 151/239/196 149/232/196 156/235/196 
s 316
f 209/224/189 210/225/189 166/226/189 
s 317
f 166/226/189 170/227/189 209/224/189 
s 318
f 211/228/190 169/229/190 171/230/190 
s 319
f 171/230/190 212/231/190 211/228/190 
s 320
f 165/232/191 164/233/191 213/234/191 
s 321
f 213/234/191 214/235/191 165/232/191 
s 322
f 215/236/192 216/237/192 168/238/192 
s 323
f 168/238/192 167/239/192 215/236/192 
s 324
f 210/225/193 213/234/193 164/233/193 
s 325
f 164/233/193 166/226/193 210/225/193 
s 326
f 211/228/194 209/224/194 170/227/194 
s 327
f 170/227/194 169/229/194 211/228/194 
s 328
f 216/240/195 212/231/195 171/230/195 
s 329
f 171/230/195 168/241/195 216/240/195 
s 330
f 214/235/196 215/236/196 167/239/196 
s 331
f 167/239/196 165/232/196 214/235/196 
s 332
f 217/242/197 218/243/197 219/244/197 
s 333
f 219/244/197 220/245/197 217/242/197 
s 334
f 221/246/198 217/247/198 220/248/198 
s 335
f 220/248/198 222/249/198 221/246/198 
s 336
f 223/242/199 221/243/199 222/244/199 
s 337
f 222/244/199 224/245/199 223/242/199 
s 338
f 225/250/200 226/251/201 227/252/202 
s 339
f 227/252/202 228/253/203 225/250/200 
s 340
f 229/254/204 228/253/203 227/252/202 
s 341
f 227/252/202 230/255/205 229/254/204 
s 342
f 229/254/204 230/255/205 231/256/206 
s 343
f 231/256/206 232/257/207 229/254/204 
s 344
f 228/253/203 229/254/204 232/257/207 
s 345
f 232/257/207 233/258/208 228/253/203 
s 346
f 234/259/209 235/260/210 236/261/211 
s 347
f 236/261/211 237/262/212 234/259/209 
s 348
f 225/250/200 234/259/209 237/262/212 
s 349
f 237/262/212 238/263/213 225/250/200 
s 350
f 226/251/201 225/250/200 238/263/213 
s 351
f 238/263/213 239/264/214 226/251/201 
s 352
f 227/252/202 226/251/201 239/264/214 
s 353
f 239/264/214 240/265/215 227/252/202 
s 354
f 230/255/205 227/252/202 240/265/215 
s 355
f 240/265/215 231/256/206 230/255/205 
s 356
f 235/260/210 234/259/209 225/250/200 
s 357
f 225/250/200 241/266/216 235/260/210 
s 358
f 241/266/216 225/250/200 228/253/203 
s 359
f 228/253/203 242/267/217 241/266/216 
s 360
f 243/268/218 241/266/216 242/267/217 
s 361
f 242/267/217 244/269/219 243/268/218 
s 362
f 242/267/217 228/253/203 233/258/208 
s 363
f 233/258/208 245/270/220 242/267/217 
s 364
f 244/269/219 242/267/217 245/270/220 
s 365
f 245/270/220 246/271/221 244/269/219 
s 366
f 243/268/218 244/269/219 246/271/221 
s 367
f 246/271/221 247/272/222 243/268/218 
s 368
f 241/266/216 243/268/218 247/272/222 
s 369
f 247/272/222 248/273/223 241/266/216 
s 370
f 235/260/210 241/266/216 248/273/223 
s 371
f 248/273/223 236/261/211 235/260/210 
s 372
f 249/2/224 250/274/225 251/275/226 
s 373
f 252/276/227 249/2/224 251/275/226 
s 374
f 249/2/224 253/3/228 254/277/229 
s 375
f 249/2/224 254/277/229 255/278/230 
s 376
f 249/2/224 255/278/230 250/274/225 
s 377
f 255/278/230 256/279/231 250/274/225 
s 378
f 256/279/231 257/280/232 250/274/225 
s 379
f 257/280/232 258/281/233 250/274/225 
s 380
f 255/278/230 259/282/234 256/279/231 
s 381
f 3/3/3 260/283/235 261/284/236 
s 382
f 1/1/1 3/3/3 261/284/236 
s 383
f 3/3/3 262/277/237 263/285/238 
s 384
f 3/3/3 263/285/238 264/286/239 
s 385
f 3/3/3 264/286/239 260/283/235 
s 386
f 264/286/239 265/287/240 260/283/235 
s 387
f 265/287/240 266/281/241 260/283/235 
s 388
f 265/287/240 267/280/241 266/281/241 
s 389
f 264/286/239 268/288/242 265/287/240 
s 390
f 269/284/243 252/276/227 251/275/226 
s 391
f 252/276/227 270/1/244 249/2/224 
s 392
f 250/274/225 271/283/245 251/275/226 
s 393
f 272/289/246 273/290/247 274/291/248 
s 394
f 275/292/249 272/289/246 274/291/248 
s 395
f 276/293/250 275/292/249 274/291/248 
s 396
f 275/292/249 277/294/251 278/295/252 
s 397
f 275/292/249 278/295/252 279/296/253 
s 398
f 275/292/249 279/296/253 272/289/246 
s 399
f 279/296/253 280/297/254 272/289/246 
s 400
f 280/297/254 281/298/255 272/289/246 
s 401
f 278/295/252 282/299/256 279/296/253 
s 402
f 279/296/253 283/300/257 280/297/254 
s 403
f 284/301/258 285/302/259 286/303/260 
s 404
f 287/304/261 284/301/258 286/303/260 
s 405
f 288/305/262 287/304/261 286/303/260 
s 406
f 287/304/261 289/306/263 290/307/264 
s 407
f 287/304/261 290/307/264 291/308/265 
s 408
f 287/304/261 291/308/265 284/301/258 
s 409
f 291/308/265 292/309/266 284/301/258 
s 410
f 292/309/266 293/310/267 284/301/258 
s 411
f 290/307/264 294/311/268 291/308/265 
s 412
f 291/308/265 295/312/269 292/309/266 
s 413
f 296/313/270 286/314/271 285/315/272 
s 414
f 285/315/272 297/316/273 296/313/270 
s 415
f 297/316/273 285/315/272 284/317/274 
s 416
f 284/317/274 298/318/274 297/316/273 
s 417
f 299/319/275 294/320/276 290/321/277 
s 418
f 290/321/277 300/322/277 299/319/275 
s 419
f 300/322/277 290/321/277 289/323/278 
s 420
f 289/323/278 301/324/279 300/322/277 
s 421
f 301/324/279 289/323/278 287/325/280 
s 422
f 287/325/280 302/326/281 301/324/279 
s 423
f 302/326/281 287/325/280 288/327/282 
s 424
f 288/327/282 303/328/283 302/326/281 
s 425
f 303/328/283 288/327/282 286/314/271 
s 426
f 286/314/271 296/313/270 303/328/283 
s 427
f 298/329/274 284/330/274 293/331/284 
s 428
f 293/331/284 304/332/285 298/329/274 
s 429
f 304/332/285 293/331/284 292/333/286 
s 430
f 292/333/286 305/334/287 304/332/285 
s 431
f 305/334/287 292/333/286 295/335/288 
s 432
f 295/335/288 306/336/289 305/334/287 
s 433
f 306/336/289 295/335/288 291/337/290 
s 434
f 291/337/290 307/338/291 306/336/289 
s 435
f 307/338/291 291/337/290 294/320/276 
s 436
f 294/320/276 299/319/275 307/338/291 
s 437
f 308/301/292 309/302/293 310/303/294 
s 438
f 311/304/295 308/301/292 310/303/294 
s 439
f 312/305/296 311/304/295 310/303/294 
s 440
f 311/304/295 313/306/297 314/307/298 
s 441
f 311/304/295 314/307/298 315/308/299 
s 442
f 311/304/295 315/308/299 308/301/292 
s 443
f 315/308/299 316/309/300 308/301/292 
s 444
f 316/309/300 317/310/301 308/301/292 
s 445
f 314/307/298 318/311/302 315/308/299 
s 446
f 315/308/299 319/312/303 316/309/300 
s 447
f 17/339/304 16/340/304 12/341/304 
s 448
f 12/341/304 14/342/304 17/339/304 
s 449
f 10/343/305 7/344/305 6/345/305 
s 450
f 6/345/305 11/346/305 10/343/305 
s 451
f 320/347/306 321/348/307 322/349/307 
s 452
f 322/349/307 323/350/308 320/347/306 
s 453
f 324/347/309 325/348/310 326/349/310 
s 454
f 326/349/310 327/350/311 324/347/309 
s 455
f 321/351/312 320/352/313 325/353/314 
s 456
f 325/353/314 324/354/315 321/351/312 
s 457
f 322/354/316 327/351/317 326/352/318 
s 458
f 326/352/318 323/353/319 322/354/316 
s 459
f 328/347/320 329/348/321 330/349/322 
s 460
f 330/349/322 331/350/323 328/347/320 
s 461
f 332/349/324 333/350/325 334/347/326 
s 462
f 334/347/326 335/348/324 332/349/324 
s 463
f 335/353/327 334/354/328 331/351/329 
s 464
f 331/351/329 330/352/330 335/353/327 
s 465
f 332/352/331 329/353/332 328/354/333 
s 466
f 328/354/333 333/351/334 332/352/331 
s 467
f 336/347/335 337/348/336 338/349/337 
s 468
f 338/349/337 339/350/338 336/347/335 
s 469
f 340/349/339 341/350/340 342/347/341 
s 470
f 342/347/341 343/348/342 340/349/339 
s 471
f 343/353/343 342/354/344 339/351/345 
s 472
f 339/351/345 338/352/346 343/353/343 
s 473
f 340/352/347 337/353/347 336/354/347 
s 474
f 336/354/347 341/351/347 340/352/347 
s 475
f 344/347/7 345/348/7 346/349/7 
s 476
f 346/349/7 347/350/7 344/347/7 
s 477
f 348/349/6 349/350/6 350/347/6 
s 478
f 350/347/6 351/348/6 348/349/6 
s 479
f 351/353/348 350/354/348 347/351/348 
s 480
f 347/351/348 346/352/348 351/353/348 
s 481
f 348/352/349 345/353/349 344/354/349 
s 482
f 344/354/349 349/351/349 348/352/349 
s 483
f 352/349/350 353/350/351 354/347/352 
s 484
f 354/347/352 355/348/353 352/349/350 
s 485
f 356/347/354 357/348/355 358/349/356 
s 486
f 358/349/356 359/350/357 356/347/354 
s 487
f 359/351/358 358/352/359 355/353/360 
s 488
f 355/353/360 354/354/361 359/351/358 
s 489
f 356/354/362 353/351/362 352/352/362 
s 490
f 352/352/362 357/353/362 356/354/362 
s 491
f 360/355/363 361/356/364 362/357/365 
s 492
f 362/357/365 363/358/365 360/355/363 
s 493
f 364/359/6 360/355/6 363/358/6 
s 494
f 363/358/6 365/360/6 364/359/6 
s 495
f 366/361/366 364/359/366 365/360/367 
s 496
f 365/360/367 367/362/368 366/361/366 
s 497
f 368/363/369 366/361/369 367/362/370 
s 498
f 367/362/370 369/364/371 368/363/369 
s 499
f 370/365/7 368/366/7 369/367/7 
s 500
f 369/367/7 371/368/7 370/365/7 
s 501
f 371/368/372 362/357/372 361/356/373 
s 502
f 361/356/373 370/365/374 371/368/372 
s 503
f 372/369/375 373/370/376 374/371/377 
s 504
f 374/371/377 375/372/378 372/369/375 
s 505
f 376/373/379 372/369/380 375/372/381 
s 506
f 375/372/381 377/374/382 376/373/379 
s 507
f 378/375/383 376/376/383 377/377/383 
s 508
f 377/377/383 379/378/383 378/375/383 
s 509
f 380/379/384 378/375/385 379/378/386 
s 510
f 379/378/386 381/380/387 380/379/384 
s 511
f 373/370/388 380/379/388 381/380/388 
s 512
f 381/380/389 374/371/389 373/370/389 
s 513
f 218/246/390 223/247/390 224/248/390 
s 514
f 224/248/390 219/249/390 218/246/390 
s 515
f 382/381/391 383/382/392 384/383/393 
s 516
f 384/383/393 385/384/394 382/381/391 
s 517
f 386/385/395 382/381/391 385/384/394 
s 518
f 385/384/394 387/386/396 386/385/395 
s 519
f 388/387/397 387/386/396 385/384/394 
s 520
f 256/279/231 389/287/398 257/280/232 
s 521
f 390/313/399 274/314/400 273/315/401 
s 522
f 273/315/401 391/316/402 390/313/399 
s 523
f 391/316/402 273/315/401 272/317/403 
s 524
f 272/317/403 392/318/404 391/316/402 
s 525
f 393/319/405 282/320/406 278/321/407 
s 526
f 278/321/407 394/322/408 393/319/405 
s 527
f 394/322/408 278/321/407 277/323/409 
s 528
f 277/323/409 395/324/410 394/322/408 
s 529
f 395/324/410 277/323/409 275/325/411 
s 530
f 275/325/411 396/326/412 395/324/410 
s 531
f 396/326/412 275/325/411 276/327/413 
s 532
f 276/327/413 397/328/414 396/326/412 
s 533
f 397/328/414 276/327/413 274/314/400 
s 534
f 274/314/400 390/313/399 397/328/414 
s 535
f 392/329/404 272/330/403 281/331/415 
s 536
f 281/331/415 398/332/416 392/329/404 
s 537
f 398/332/416 281/331/415 280/333/417 
s 538
f 280/333/417 399/334/418 398/332/416 
s 539
f 399/334/418 280/333/417 283/335/419 
s 540
f 283/335/419 400/336/420 399/334/418 
s 541
f 400/336/420 283/335/419 279/337/421 
s 542
f 279/337/421 401/338/422 400/336/420 
s 543
f 401/338/422 279/337/421 282/320/406 
s 544
f 282/320/406 393/319/405 401/338/422 
s 545
f 402/313/423 310/314/424 309/315/425 
s 546
f 309/315/425 403/316/426 402/313/423 
s 547
f 403/316/426 309/315/425 308/317/427 
s 548
f 308/317/427 404/318/428 403/316/426 
s 549
f 405/319/429 318/320/430 314/321/431 
s 550
f 314/321/431 406/322/431 405/319/429 
s 551
f 406/322/431 314/321/431 313/323/432 
s 552
f 313/323/432 407/324/433 406/322/431 
s 553
f 407/324/433 313/323/432 311/325/434 
s 554
f 311/325/434 408/326/435 407/324/433 
s 555
f 408/326/435 311/325/434 312/327/436 
s 556
f 312/327/436 409/328/437 408/326/435 
s 557
f 409/328/437 312/327/436 310/314/424 
s 558
f 310/314/424 402/313/423 409/328/437 
s 559
f 404/329/428 308/330/427 317/331/438 
s 560
f 317/331/438 410/332/439 404/329/428 
s 561
f 410/332/439 317/331/438 316/333/440 
s 562
f 316/333/440 411/334/441 410/332/439 
s 563
f 411/334/441 316/333/440 319/335/442 
s 564
f 319/335/442 412/336/443 411/334/441 
s 565
f 412/336/443 319/335/442 315/337/444 
s 566
f 315/337/444 413/338/445 412/336/443 
s 567
f 413/338/445 315/337/444 318/320/430 
s 568
f 318/320/430 405/319/429 413/338/445 
s 569
f 40/49/29 39/48/28 64/388/54 
s 570
f 64/388/54 47/56/36 40/49/29 
s 571
f 47/56/36 64/388/54 63/389/53 
s 572
f 63/389/53 51/63/40 47/56/36 
s 573
f 51/63/40 63/389/53 62/390/52 
s 574
f 62/390/52 48/60/37 51/63/40 
s 575
f 48/60/37 62/390/52 66/391/56 
s 576
f 66/391/56 74/88/64 48/60/37 
s 577
f 74/88/64 66/391/56 70/89/60 
s 578
f 70/89/60 73/87/63 74/88/64 
s 579
f 76/392/66 75/393/65 21/29/9 
s 580
f 21/29/9 20/28/8 76/392/66 
s 581
f 77/394/67 76/392/66 20/28/8 
s 582
f 20/28/8 23/31/11 77/394/67 
s 583
f 78/395/68 77/394/67 23/31/11 
s 584
f 23/31/11 26/34/14 78/395/68 
s 585
f 79/396/69 78/395/68 26/34/14 
s 586
f 26/34/14 30/38/18 79/396/69 
s 587
f 75/397/65 79/396/69 30/38/18 
s 588
f 30/38/18 21/43/9 75/397/65 
s 589
f 259/282/234 414/288/446 256/279/231 
s 590
f 263/398/447 262/399/448 257/400/449 
s 591
f 257/400/449 389/401/450 263/398/447 
s 592
f 415/402/451 263/398/447 389/401/450 
s 593
f 389/401/450 256/403/452 415/402/451 
s 594
f 264/404/453 415/402/451 256/403/452 
s 595
f 256/403/452 414/405/454 264/404/453 
s 596
f 416/406/455 264/404/453 414/405/454 
s 597
f 414/405/454 259/407/456 416/406/455 
s 598
f 268/408/457 416/406/455 259/407/456 
s 599
f 259/407/456 417/409/458 268/408/457 
s 600
f 418/410/459 268/408/457 417/409/458 
s 601
f 417/409/458 255/411/460 418/410/459 
s 602
f 265/412/461 418/410/459 255/411/460 
s 603
f 255/411/460 419/413/462 265/412/461 
s 604
f 267/414/463 265/412/461 419/413/462 
s 605
f 419/413/462 254/415/464 267/414/463 
s 606
f 266/416/465 267/414/463 254/415/464 
s 607
f 254/415/464 253/417/466 266/416/465 
s 608
f 420/418/467 266/416/465 253/417/466 
s 609
f 253/417/466 249/419/468 420/418/467 
s 610
f 260/420/469 420/418/467 249/419/468 
s 611
f 249/419/468 270/421/470 260/420/469 
s 612
f 421/422/471 260/420/469 270/421/470 
s 613
f 270/421/470 252/423/472 421/422/471 
s 614
f 261/424/473 421/422/471 252/423/472 
s 615
f 252/423/472 269/425/474 261/424/473 
s 616
f 422/426/475 261/424/473 269/425/474 
s 617
f 269/425/474 251/427/476 422/426/475 
s 618
f 1/428/477 422/426/475 251/427/476 
s 619
f 251/427/476 271/429/478 1/428/477 
s 620
f 2/430/479 1/428/477 271/429/478 
s 621
f 271/429/478 250/431/480 2/430/479 
s 622
f 3/432/481 2/430/479 250/431/480 
s 623
f 250/431/480 258/433/482 3/432/481 
s 624
f 262/434/448 3/432/481 258/433/482 
s 625
f 258/433/482 257/435/449 262/434/448 
s 626
f 116/436/483 119/437/484 423/438/485 
s 627
f 423/438/485 424/439/486 116/436/483 
s 628
f 114/440/487 116/436/483 424/439/486 
s 629
f 424/439/486 425/441/488 114/440/487 
s 630
f 113/442/489 114/440/487 425/441/488 
s 631
f 425/441/488 426/443/490 113/442/489 
s 632
f 104/444/491 113/442/489 426/443/490 
s 633
f 426/443/490 427/445/492 104/444/491 
s 634
f 105/446/493 104/444/491 427/445/492 
s 635
f 427/445/492 428/447/494 105/446/493 
s 636
f 387/386/396 388/387/397 429/448/495 
s 637
f 429/448/495 388/387/397 430/449/496 
s 638
f 430/449/496 431/450/497 429/448/495 
s 639
f 432/451/498 429/448/495 431/450/497 
s 640
f 431/450/497 433/452/499 432/451/498 
s 641
f 18/453/500 17/454/501 14/455/501 
s 642
f 14/455/501 15/456/500 18/453/500 
s 643
f 8/8/502 18/453/500 15/456/500 
s 644
f 15/456/500 9/9/502 8/8/502 
s 645
f 19/457/503 5/5/504 4/4/504 
s 646
f 4/4/504 13/458/503 19/457/503 
s 647
f 16/459/505 19/457/503 13/458/503 
s 648
f 13/458/503 12/460/505 16/459/505 
s 649
f 263/285/238 415/278/506 264/286/239 
s 650
f 264/286/239 416/282/507 268/288/242 
s 651
f 268/288/242 418/279/508 265/287/240 
s 652
f 255/278/230 417/286/509 259/282/234 
s 653
f 266/281/241 420/274/241 260/283/235 
s 654
f 254/277/229 419/285/510 255/278/230 
s 655
f 260/283/235 421/275/511 261/284/236 
s 656
f 422/276/512 1/1/1 261/284/236 
usemtl Aquarium_Machine1
s 657
f 434/461/513 435/461/514 436/461/515 
s 658
f 437/462/516 438/463/517 439/464/518 
s 659
f 439/464/518 440/465/519 437/462/516 
s 660
f 440/466/519 439/467/518 441/468/520 
s 661
f 441/468/520 442/469/521 440/466/519 
s 662
f 442/469/521 441/468/520 443/470/522 
s 663
f 443/470/522 444/471/523 442/469/521 
s 664
f 444/471/523 443/470/522 445/472/524 
s 665
f 445/472/524 446/473/525 444/471/523 
s 666
f 446/462/525 445/463/524 447/464/526 
s 667
f 447/464/526 448/465/527 446/462/525 
s 668
f 448/472/527 447/473/526 449/471/528 
s 669
f 449/471/528 450/470/529 448/472/527 
s 670
f 450/470/529 449/471/528 451/469/530 
s 671
f 451/469/530 452/468/531 450/470/529 
s 672
f 452/468/531 451/469/530 438/466/517 
s 673
f 438/466/517 437/467/516 452/468/531 
s 674
f 453/474/532 454/475/533 455/476/534 
s 675
f 455/476/534 456/477/535 453/474/532 
s 676
f 453/474/532 456/477/535 442/478/521 
s 677
f 440/479/519 442/478/521 456/477/535 
s 678
f 437/480/516 440/479/519 456/477/535 
s 679
f 456/477/535 455/476/534 437/480/516 
s 680
f 452/481/531 437/480/516 455/476/534 
s 681
f 450/482/529 452/481/531 455/476/534 
s 682
f 455/476/534 454/475/533 450/482/529 
s 683
f 448/483/527 450/482/529 454/475/533 
s 684
f 446/484/525 448/483/527 454/475/533 
s 685
f 454/475/533 453/474/532 446/484/525 
s 686
f 444/485/523 446/484/525 453/474/532 
s 687
f 442/478/521 444/485/523 453/474/532 
s 688
f 457/462/536 458/463/537 459/464/538 
s 689
f 459/464/538 460/465/539 457/462/536 
s 690
f 460/466/539 459/467/538 461/468/540 
s 691
f 461/468/540 462/469/541 460/466/539 
s 692
f 462/469/541 461/468/540 463/470/542 
s 693
f 463/470/542 464/471/543 462/469/541 
s 694
f 464/471/543 463/470/542 465/472/544 
s 695
f 465/472/544 466/473/545 464/471/543 
s 696
f 466/462/545 465/463/544 467/464/546 
s 697
f 467/464/546 468/465/547 466/462/545 
s 698
f 468/472/547 467/473/546 469/471/548 
s 699
f 469/471/548 470/470/549 468/472/547 
s 700
f 470/470/549 469/471/548 471/469/550 
s 701
f 471/469/550 472/468/551 470/470/549 
s 702
f 472/468/551 471/469/550 458/466/537 
s 703
f 458/466/537 457/467/536 472/468/551 
s 704
f 468/483/547 470/482/549 473/475/552 
s 705
f 474/476/553 473/475/552 470/482/549 
s 706
f 470/482/549 472/481/551 474/476/553 
s 707
f 472/481/551 457/480/536 474/476/553 
s 708
f 475/474/554 473/475/552 474/476/553 
s 709
f 474/476/553 476/477/555 475/474/554 
s 710
f 476/477/555 474/476/553 457/480/536 
s 711
f 457/480/536 460/479/539 476/477/555 
s 712
f 460/479/539 462/478/541 476/477/555 
s 713
f 475/474/554 476/477/555 462/478/541 
s 714
f 462/478/541 464/485/543 475/474/554 
s 715
f 464/485/543 466/484/545 475/474/554 
s 716
f 473/475/552 475/474/554 466/484/545 
s 717
f 466/484/545 468/483/547 473/475/552 
s 718
f 372/486/556 376/487/557 373/488/558 
s 719
f 378/489/559 380/490/560 373/488/558 
s 720
f 373/488/558 376/487/557 378/489/559 
s 721
f 459/484/538 477/474/561 461/485/540 
s 722
f 478/475/562 477/474/561 459/484/538 
s 723
f 459/484/538 458/483/537 478/475/562 
s 724
f 471/482/550 478/475/562 458/483/537 
s 725
f 479/477/563 477/474/561 478/475/562 
s 726
f 478/475/562 480/476/564 479/477/563 
s 727
f 480/476/564 478/475/562 471/482/550 
s 728
f 471/482/550 469/481/548 480/476/564 
s 729
f 480/476/564 469/481/548 467/480/546 
s 730
f 479/477/563 480/476/564 467/480/546 
s 731
f 467/480/546 465/479/544 479/477/563 
s 732
f 479/477/563 465/479/544 463/478/542 
s 733
f 477/474/561 479/477/563 463/478/542 
s 734
f 463/478/542 461/485/540 477/474/561 
s 735
f 481/491/565 482/492/566 483/493/566 
s 736
f 483/493/566 484/494/565 481/491/565 
s 737
f 485/495/567 481/491/565 484/494/565 
s 738
f 484/494/565 486/496/567 485/495/567 
s 739
f 487/497/568 485/495/567 486/496/567 
s 740
f 486/496/567 488/498/568 487/497/568 
s 741
f 489/499/569 487/497/568 488/498/568 
s 742
f 488/498/568 490/500/569 489/499/569 
s 743
f 482/501/566 489/499/569 490/500/569 
s 744
f 490/500/569 483/502/566 482/501/566 
s 745
f 491/503/570 492/503/571 493/503/572 
s 746
f 494/504/573 495/505/573 496/506/573 
s 747
f 496/506/573 497/507/573 494/504/573 
s 748
f 498/508/574 494/504/574 497/507/574 
s 749
f 497/507/574 499/509/574 498/508/574 
s 750
f 500/510/575 498/508/575 499/509/575 
s 751
f 499/509/575 501/511/575 500/510/575 
s 752
f 502/512/576 500/513/576 501/514/576 
s 753
f 501/514/576 503/515/576 502/512/576 
s 754
f 504/516/577 496/506/577 495/505/577 
s 755
f 495/505/577 505/517/577 504/516/577 
s 756
f 505/517/578 502/512/578 503/515/578 
s 757
f 503/515/578 504/516/578 505/517/578 
s 758
f 499/518/579 497/519/580 496/520/581 
s 759
f 496/520/581 501/521/582 499/518/579 
s 760
f 503/522/583 501/521/582 496/520/581 
s 761
f 496/520/581 504/523/584 503/522/583 
s 762
f 506/503/585 507/503/586 508/503/587 
s 763
f 509/524/588 510/525/589 511/526/590 
s 764
f 511/526/590 512/527/591 509/524/588 
s 765
f 508/503/587 509/524/588 512/527/591 
s 766
f 512/527/591 506/528/585 508/503/587 
s 767
f 506/528/585 512/527/591 513/529/592 
s 768
f 513/529/592 507/530/586 506/528/585 
s 769
f 507/530/586 513/529/592 509/531/588 
s 770
f 509/531/588 508/532/587 507/530/586 
s 771
f 512/527/591 511/526/590 514/533/593 
s 772
f 514/533/593 513/529/592 512/527/591 
s 773
f 513/529/592 514/533/593 510/534/589 
s 774
f 510/534/589 509/531/588 513/529/592 
s 775
f 515/535/594 493/536/572 492/537/571 
s 776
f 492/537/571 516/538/595 515/535/594 
s 777
f 517/539/596 515/535/594 516/538/595 
s 778
f 516/538/595 518/540/597 517/539/596 
s 779
f 519/541/598 517/539/596 518/540/597 
s 780
f 518/540/597 520/542/599 519/541/598 
s 781
f 521/543/600 519/541/598 520/542/599 
s 782
f 520/542/599 522/544/601 521/543/600 
s 783
f 510/525/589 521/543/600 522/544/601 
s 784
f 522/544/601 511/526/590 510/525/589 
s 785
f 516/538/595 492/537/571 491/545/570 
s 786
f 491/545/570 523/546/602 516/538/595 
s 787
f 518/540/597 516/538/595 523/546/602 
s 788
f 523/546/602 524/547/603 518/540/597 
s 789
f 520/542/599 518/540/597 524/547/603 
s 790
f 524/547/603 525/548/604 520/542/599 
s 791
f 522/544/601 520/542/599 525/548/604 
s 792
f 525/548/604 526/549/605 522/544/601 
s 793
f 511/526/590 522/544/601 526/549/605 
s 794
f 526/549/605 514/533/593 511/526/590 
s 795
f 523/546/602 491/545/570 493/550/572 
s 796
f 493/550/572 515/551/594 523/546/602 
s 797
f 524/547/603 523/546/602 515/551/594 
s 798
f 515/551/594 517/552/596 524/547/603 
s 799
f 525/548/604 524/547/603 517/552/596 
s 800
f 517/552/596 519/553/598 525/548/604 
s 801
f 526/549/605 525/548/604 519/553/598 
s 802
f 519/553/598 521/554/600 526/549/605 
s 803
f 514/533/593 526/549/605 521/554/600 
s 804
f 521/554/600 510/534/589 514/533/593 
s 805
f 495/523/606 494/522/607 498/521/608 
s 806
f 498/521/608 500/518/609 495/523/606 
s 807
f 495/523/606 500/518/609 502/519/610 
s 808
f 502/519/610 505/520/611 495/523/606 
s 809
f 362/555/612 371/556/613 369/557/614 
s 810
f 369/557/614 367/558/615 362/555/612 
s 811
f 362/555/612 367/558/615 365/559/616 
s 812
f 365/559/616 363/560/617 362/555/612 
s 813
f 527/501/618 528/502/618 529/500/619 
s 814
f 529/500/619 530/499/619 527/501/618 
s 815
f 530/499/619 529/500/619 531/498/620 
s 816
f 531/498/620 532/497/620 530/499/619 
s 817
f 532/497/620 531/498/620 533/496/621 
s 818
f 533/496/621 534/495/621 532/497/620 
s 819
f 534/495/621 533/496/621 535/494/622 
s 820
f 535/494/622 536/491/622 534/495/621 
s 821
f 536/491/622 535/494/622 528/493/618 
s 822
f 528/493/618 527/492/618 536/491/622 
s 823
f 537/561/623 538/562/623 539/563/623 
s 824
f 539/563/623 540/564/623 537/561/623 
s 825
f 541/565/624 537/566/624 540/567/624 
s 826
f 540/567/624 542/568/624 541/565/624 
s 827
f 543/561/625 541/562/625 542/563/625 
s 828
f 542/563/625 544/564/625 543/561/625 
s 829
f 544/561/6 542/562/6 540/563/6 
s 830
f 540/563/6 539/564/6 544/561/6 
s 831
f 543/562/7 538/563/7 537/564/7 
s 832
f 537/564/7 541/561/7 543/562/7 
s 833
f 545/561/626 546/562/626 547/563/626 
s 834
f 547/563/626 548/564/626 545/561/626 
s 835
f 549/566/627 545/565/627 548/568/627 
s 836
f 548/568/627 550/567/627 549/566/627 
s 837
f 551/561/628 549/562/628 550/563/628 
s 838
f 550/563/628 552/564/628 551/561/628 
s 839
f 552/561/6 550/562/6 548/563/6 
s 840
f 548/563/6 547/564/6 552/561/6 
s 841
f 551/562/7 546/563/7 545/564/7 
s 842
f 545/564/7 549/561/7 551/562/7 
s 843
f 553/569/629 554/570/630 555/571/631 
s 844
f 555/571/631 556/572/632 553/569/629 
s 845
f 556/572/632 555/571/631 557/573/633 
s 846
f 557/573/633 558/574/634 556/572/632 
s 847
f 558/574/634 557/573/633 559/575/635 
s 848
f 559/575/635 560/576/636 558/574/634 
s 849
f 560/576/636 559/575/635 561/577/637 
s 850
f 561/577/637 562/578/638 560/576/636 
s 851
f 562/578/638 561/577/637 563/579/639 
s 852
f 564/580/640 560/576/636 562/578/638 
s 853
f 562/578/638 565/581/641 564/580/640 
s 854
f 565/581/641 562/578/638 566/582/642 
s 855
f 563/579/639 566/582/642 562/578/638 
s 856
f 566/582/642 563/579/639 567/583/643 
s 857
f 567/583/643 568/584/644 566/582/642 
s 858
f 569/585/645 566/582/642 568/584/644 
s 859
f 566/582/642 569/585/645 565/581/641 
s 860
f 561/586/637 565/581/641 569/585/645 
s 861
f 565/581/641 561/586/637 559/587/635 
s 862
f 559/587/635 564/580/640 565/581/641 
s 863
f 564/580/640 559/587/635 557/588/633 
s 864
f 557/588/633 570/589/646 564/580/640 
s 865
f 570/589/646 557/588/633 555/590/631 
s 866
f 555/590/631 571/591/647 570/589/646 
s 867
f 568/584/644 572/592/648 569/585/645 
s 868
f 563/593/639 569/585/645 572/592/648 
s 869
f 569/585/645 563/593/639 561/586/637 
s 870
f 572/592/648 567/594/643 563/593/639 
s 871
f 573/595/649 574/596/650 554/570/630 
s 872
f 554/570/630 553/569/629 573/595/649 
s 873
f 575/597/651 573/595/649 553/569/629 
s 874
f 553/569/629 576/598/652 575/597/651 
s 875
f 576/598/652 553/569/629 556/572/632 
s 876
f 556/572/632 571/591/647 576/598/652 
s 877
f 571/591/647 556/572/632 558/574/634 
s 878
f 558/574/634 570/589/646 571/591/647 
s 879
f 570/589/646 558/574/634 560/576/636 
s 880
f 560/576/636 564/580/640 570/589/646 
s 881
f 571/591/647 555/590/631 554/599/630 
s 882
f 554/599/630 576/598/652 571/591/647 
s 883
f 576/598/652 554/599/630 574/600/650 
s 884
f 574/600/650 575/597/651 576/598/652 
s 885
f 575/597/651 574/600/650 577/550/653 
s 886
f 577/550/653 578/545/654 575/597/651 
s 887
f 573/595/649 575/597/651 578/545/654 
s 888
f 578/545/654 579/537/655 573/595/649 
s 889
f 574/596/650 573/595/649 579/537/655 
s 890
f 579/537/655 577/536/653 574/596/650 
s 891
f 578/583/654 577/583/653 579/583/655 
s 892
f 580/462/656 581/463/657 582/464/658 
s 893
f 582/464/658 583/465/659 580/462/656 
s 894
f 584/474/660 585/475/661 586/476/662 
s 895
f 586/476/662 587/477/663 584/474/660 
s 896
f 586/476/662 585/475/661 588/482/664 
s 897
f 583/483/659 588/482/664 585/475/661 
s 898
f 580/484/656 583/483/659 585/475/661 
s 899
f 585/475/661 584/474/660 580/484/656 
s 900
f 589/485/665 580/484/656 584/474/660 
s 901
f 590/478/666 589/485/665 584/474/660 
s 902
f 584/474/660 587/477/663 590/478/666 
s 903
f 591/479/667 590/478/666 587/477/663 
s 904
f 592/480/668 591/479/667 587/477/663 
s 905
f 587/477/663 586/476/662 592/480/668 
s 906
f 593/481/669 592/480/668 586/476/662 
s 907
f 588/482/664 593/481/669 586/476/662 
s 908
f 594/601/670 595/602/671 596/603/672 
s 909
f 596/603/672 597/604/673 594/601/670 
s 910
f 597/604/673 596/603/672 598/605/674 
s 911
f 598/605/674 599/606/675 597/604/673 
s 912
f 599/606/675 598/605/674 600/607/676 
s 913
f 600/607/676 601/608/677 599/606/675 
s 914
f 601/608/677 600/607/676 595/609/671 
s 915
f 595/609/671 594/610/670 601/608/677 
s 916
f 602/611/678 603/612/679 604/613/680 
s 917
f 604/613/680 605/614/681 602/611/678 
s 918
f 606/614/682 607/611/683 608/612/684 
s 919
f 608/612/684 609/613/685 606/614/682 
s 920
f 610/601/501 611/602/501 612/603/686 
s 921
f 612/603/686 613/604/686 610/601/501 
s 922
f 613/604/686 612/603/686 614/605/687 
s 923
f 614/605/687 615/606/504 613/604/686 
s 924
f 615/606/504 614/605/687 616/607/688 
s 925
f 616/607/688 617/608/688 615/606/504 
s 926
f 617/608/688 616/607/688 611/609/501 
s 927
f 611/609/501 610/610/501 617/608/688 
s 928
f 618/612/689 619/613/690 620/614/691 
s 929
f 620/614/691 621/611/692 618/612/689 
s 930
f 622/615/693 623/616/694 624/617/695 
s 931
f 622/615/693 624/617/695 625/618/696 
s 932
f 624/617/695 626/619/697 625/618/696 
s 933
f 627/620/698 622/615/693 625/618/696 
s 934
f 628/621/699 629/622/700 622/623/701 
s 935
f 622/623/701 627/624/702 628/621/699 
s 936
f 630/621/703 628/622/699 627/623/702 
s 937
f 627/623/702 625/624/704 630/621/703 
s 938
f 631/621/705 630/622/703 625/623/704 
s 939
f 625/623/704 626/624/705 631/621/705 
s 940
f 632/621/114 631/622/705 626/623/705 
s 941
f 626/623/705 624/624/706 632/621/114 
s 942
f 633/621/707 632/622/114 624/623/706 
s 943
f 624/623/706 623/624/708 633/621/707 
s 944
f 629/621/700 633/622/707 623/623/708 
s 945
f 623/623/708 622/624/701 629/621/700 
s 946
f 634/615/709 635/616/710 636/617/711 
s 947
f 634/615/709 636/617/711 637/618/712 
s 948
f 636/617/711 638/619/713 637/618/712 
s 949
f 639/620/714 634/615/709 637/618/712 
s 950
f 640/621/715 641/622/716 634/623/717 
s 951
f 634/623/717 639/624/718 640/621/715 
s 952
f 642/621/719 640/622/715 639/623/718 
s 953
f 639/623/718 637/624/720 642/621/719 
s 954
f 643/621/721 642/622/719 637/623/720 
s 955
f 637/623/720 638/624/722 643/621/721 
s 956
f 644/621/723 643/622/721 638/623/722 
s 957
f 638/623/722 636/624/724 644/621/723 
s 958
f 645/621/725 644/622/723 636/623/724 
s 959
f 636/623/724 635/624/726 645/621/725 
s 960
f 641/621/716 645/622/725 635/623/726 
s 961
f 635/623/726 634/624/717 641/621/716 
s 962
f 646/615/709 647/616/710 648/617/727 
s 963
f 646/615/709 648/617/727 649/618/728 
s 964
f 648/617/727 650/619/729 649/618/728 
s 965
f 651/620/714 646/615/709 649/618/728 
s 966
f 652/621/730 653/622/731 646/623/732 
s 967
f 646/623/732 651/624/733 652/621/730 
s 968
f 654/621/734 652/622/730 651/623/733 
s 969
f 651/623/733 649/624/735 654/621/734 
s 970
f 655/621/736 654/622/734 649/623/735 
s 971
f 649/623/735 650/624/737 655/621/736 
s 972
f 656/621/738 655/622/736 650/623/737 
s 973
f 650/623/737 648/624/739 656/621/738 
s 974
f 657/621/740 656/622/738 648/623/739 
s 975
f 648/623/739 647/624/741 657/621/740 
s 976
f 653/621/731 657/622/740 647/623/741 
s 977
f 647/623/741 646/624/732 653/621/731 
s 978
f 658/615/742 659/616/698 660/617/743 
s 979
f 658/615/742 660/617/743 661/618/744 
s 980
f 660/617/743 662/619/713 661/618/744 
s 981
f 663/620/694 658/615/742 661/618/744 
s 982
f 664/621/745 665/622/746 658/623/747 
s 983
f 658/623/747 663/624/748 664/621/745 
s 984
f 666/621/749 664/622/745 663/623/748 
s 985
f 663/623/748 661/624/750 666/621/749 
s 986
f 667/621/751 666/622/749 661/623/750 
s 987
f 661/623/750 662/624/752 667/621/751 
s 988
f 668/621/753 667/622/751 662/623/752 
s 989
f 662/623/752 660/624/724 668/621/753 
s 990
f 669/621/725 668/622/753 660/623/724 
s 991
f 660/623/724 659/624/754 669/621/725 
s 992
f 665/621/746 669/622/725 659/623/754 
s 993
f 659/623/754 658/624/747 665/621/746 
s 994
f 670/615/6 671/616/6 672/617/6 
s 995
f 670/615/6 672/617/6 673/618/6 
s 996
f 672/617/6 674/619/6 673/618/6 
s 997
f 675/620/6 670/615/6 673/618/6 
s 998
f 676/621/755 677/622/756 670/623/756 
s 999
f 670/623/756 675/624/755 676/621/755 
s 1000
f 678/621/757 676/622/755 675/623/755 
s 1001
f 675/623/755 673/624/757 678/621/757 
s 1002
f 679/621/758 678/622/757 673/623/757 
s 1003
f 673/623/757 674/624/758 679/621/758 
s 1004
f 680/621/759 679/622/758 674/623/758 
s 1005
f 674/623/758 672/624/759 680/621/759 
s 1006
f 681/621/760 680/622/759 672/623/759 
s 1007
f 672/623/759 671/624/760 681/621/760 
s 1008
f 677/621/756 681/622/760 671/623/760 
s 1009
f 671/623/760 670/624/756 677/621/756 
s 1010
f 678/617/7 679/619/7 680/618/7 
s 1011
f 678/617/7 680/618/7 677/615/7 
s 1012
f 680/618/7 681/620/7 677/615/7 
s 1013
f 676/616/7 678/617/7 677/615/7 
s 1014
f 682/615/6 683/616/6 684/617/6 
s 1015
f 682/615/6 684/617/6 685/618/6 
s 1016
f 684/617/6 686/619/6 685/618/6 
s 1017
f 687/620/6 682/615/6 685/618/6 
s 1018
f 688/621/761 689/622/762 682/623/762 
s 1019
f 682/623/762 687/624/761 688/621/761 
s 1020
f 690/621/757 688/622/761 687/623/761 
s 1021
f 687/623/761 685/624/757 690/621/757 
s 1022
f 691/621/763 690/622/757 685/623/757 
s 1023
f 685/623/757 686/624/763 691/621/763 
s 1024
f 692/621/764 691/622/763 686/623/763 
s 1025
f 686/623/763 684/624/764 692/621/764 
s 1026
f 693/621/765 692/622/764 684/623/764 
s 1027
f 684/623/764 683/624/765 693/621/765 
s 1028
f 689/621/762 693/622/765 683/623/765 
s 1029
f 683/623/765 682/624/762 689/621/762 
s 1030
f 694/621/766 695/622/767 696/623/767 
s 1031
f 696/623/767 697/624/766 694/621/766 
s 1032
f 698/621/757 694/622/766 697/623/766 
s 1033
f 697/623/766 699/624/757 698/621/757 
s 1034
f 700/621/768 698/622/757 699/623/757 
s 1035
f 699/623/757 701/624/768 700/621/768 
s 1036
f 702/621/769 700/622/768 701/623/768 
s 1037
f 701/623/768 703/624/769 702/621/769 
s 1038
f 704/621/765 702/622/769 703/623/769 
s 1039
f 703/623/769 705/624/765 704/621/765 
s 1040
f 695/621/767 704/622/765 705/623/765 
s 1041
f 705/623/765 696/624/767 695/621/767 
s 1042
f 698/617/7 700/619/7 702/618/7 
s 1043
f 698/617/7 702/618/7 695/615/7 
s 1044
f 702/618/7 704/620/7 695/615/7 
s 1045
f 694/616/7 698/617/7 695/615/7 
s 1046
f 706/615/6 707/616/6 708/617/6 
s 1047
f 706/615/6 708/617/6 709/618/6 
s 1048
f 708/617/6 710/619/6 709/618/6 
s 1049
f 711/620/6 706/615/6 709/618/6 
s 1050
f 712/621/761 713/622/762 706/623/762 
s 1051
f 706/623/762 711/624/761 712/621/761 
s 1052
f 714/621/757 712/622/761 711/623/761 
s 1053
f 711/623/761 709/624/757 714/621/757 
s 1054
f 715/621/763 714/622/757 709/623/757 
s 1055
f 709/623/757 710/624/763 715/621/763 
s 1056
f 716/621/764 715/622/763 710/623/763 
s 1057
f 710/623/763 708/624/764 716/621/764 
s 1058
f 717/621/765 716/622/764 708/623/764 
s 1059
f 708/623/764 707/624/765 717/621/765 
s 1060
f 713/621/762 717/622/765 707/623/765 
s 1061
f 707/623/765 706/624/762 713/621/762 
s 1062
f 714/617/7 715/619/7 716/618/7 
s 1063
f 714/617/7 716/618/7 713/615/7 
s 1064
f 716/618/7 717/620/7 713/615/7 
s 1065
f 712/616/7 714/617/7 713/615/7 
s 1066
f 718/615/6 719/616/6 720/617/6 
s 1067
f 718/615/6 720/617/6 721/618/6 
s 1068
f 720/617/6 722/619/6 721/618/6 
s 1069
f 723/620/6 718/615/6 721/618/6 
s 1070
f 724/621/755 725/622/756 718/623/756 
s 1071
f 718/623/756 723/624/755 724/621/755 
s 1072
f 726/621/757 724/622/755 723/623/755 
s 1073
f 723/623/755 721/624/757 726/621/757 
s 1074
f 727/621/758 726/622/757 721/623/757 
s 1075
f 721/623/757 722/624/758 727/621/758 
s 1076
f 728/621/759 727/622/758 722/623/758 
s 1077
f 722/623/758 720/624/759 728/621/759 
s 1078
f 729/621/760 728/622/759 720/623/759 
s 1079
f 720/623/759 719/624/760 729/621/760 
s 1080
f 725/621/756 729/622/760 719/623/760 
s 1081
f 719/623/760 718/624/756 725/621/756 
s 1082
f 726/617/7 727/619/7 728/618/7 
s 1083
f 726/617/7 728/618/7 725/615/7 
s 1084
f 728/618/7 729/620/7 725/615/7 
s 1085
f 724/616/7 726/617/7 725/615/7 
s 1086
f 730/615/6 731/616/6 732/617/6 
s 1087
f 730/615/6 732/617/6 733/618/6 
s 1088
f 732/617/6 734/619/6 733/618/6 
s 1089
f 735/620/6 730/615/6 733/618/6 
s 1090
f 736/621/761 737/622/762 730/623/762 
s 1091
f 730/623/762 735/624/761 736/621/761 
s 1092
f 738/621/757 736/622/761 735/623/761 
s 1093
f 735/623/761 733/624/757 738/621/757 
s 1094
f 739/621/763 738/622/757 733/623/757 
s 1095
f 733/623/757 734/624/763 739/621/763 
s 1096
f 740/621/764 739/622/763 734/623/763 
s 1097
f 734/623/763 732/624/764 740/621/764 
s 1098
f 741/621/765 740/622/764 732/623/764 
s 1099
f 732/623/764 731/624/765 741/621/765 
s 1100
f 737/621/762 741/622/765 731/623/765 
s 1101
f 731/623/765 730/624/762 737/621/762 
s 1102
f 738/617/7 739/619/7 740/618/7 
s 1103
f 738/617/7 740/618/7 737/615/7 
s 1104
f 740/618/7 741/620/7 737/615/7 
s 1105
f 736/616/7 738/617/7 737/615/7 
s 1106
f 742/615/6 743/616/6 744/617/6 
s 1107
f 742/615/6 744/617/6 745/618/6 
s 1108
f 744/617/6 746/619/6 745/618/6 
s 1109
f 747/620/6 742/615/6 745/618/6 
s 1110
f 748/621/766 749/622/767 742/623/767 
s 1111
f 742/623/767 747/624/766 748/621/766 
s 1112
f 750/621/757 748/622/766 747/623/766 
s 1113
f 747/623/766 745/624/757 750/621/757 
s 1114
f 751/621/768 750/622/757 745/623/757 
s 1115
f 745/623/757 746/624/768 751/621/768 
s 1116
f 752/621/769 751/622/768 746/623/768 
s 1117
f 746/623/768 744/624/769 752/621/769 
s 1118
f 753/621/765 752/622/769 744/623/769 
s 1119
f 744/623/769 743/624/765 753/621/765 
s 1120
f 749/621/767 753/622/765 743/623/765 
s 1121
f 743/623/765 742/624/767 749/621/767 
s 1122
f 750/617/7 751/619/7 752/618/7 
s 1123
f 750/617/7 752/618/7 749/615/7 
s 1124
f 752/618/7 753/620/7 749/615/7 
s 1125
f 748/616/7 750/617/7 749/615/7 
s 1126
f 754/615/6 755/616/6 756/617/6 
s 1127
f 754/615/6 756/617/6 757/618/6 
s 1128
f 756/617/6 758/619/6 757/618/6 
s 1129
f 759/620/6 754/615/6 757/618/6 
s 1130
f 760/621/761 761/622/762 754/623/762 
s 1131
f 754/623/762 759/624/761 760/621/761 
s 1132
f 762/621/757 760/622/761 759/623/761 
s 1133
f 759/623/761 757/624/757 762/621/757 
s 1134
f 763/621/763 762/622/757 757/623/757 
s 1135
f 757/623/757 758/624/763 763/621/763 
s 1136
f 764/621/764 763/622/763 758/623/763 
s 1137
f 758/623/763 756/624/764 764/621/764 
s 1138
f 765/621/765 764/622/764 756/623/764 
s 1139
f 756/623/764 755/624/765 765/621/765 
s 1140
f 761/621/762 765/622/765 755/623/765 
s 1141
f 755/623/765 754/624/762 761/621/762 
s 1142
f 762/617/7 763/619/7 764/618/7 
s 1143
f 762/617/7 764/618/7 761/615/7 
s 1144
f 764/618/7 765/620/7 761/615/7 
s 1145
f 760/616/7 762/617/7 761/615/7 
s 1146
f 766/615/770 767/616/771 768/617/772 
s 1147
f 766/615/770 768/617/772 769/618/773 
s 1148
f 768/617/772 770/619/774 769/618/773 
s 1149
f 771/620/775 766/615/770 769/618/773 
s 1150
f 772/621/776 773/622/777 766/623/777 
s 1151
f 766/623/777 771/624/776 772/621/776 
s 1152
f 774/621/778 772/622/776 771/623/776 
s 1153
f 771/623/776 769/624/779 774/621/778 
s 1154
f 775/621/780 774/622/778 769/623/779 
s 1155
f 769/623/779 770/624/781 775/621/780 
s 1156
f 776/621/782 775/622/780 770/623/781 
s 1157
f 770/623/781 768/624/783 776/621/782 
s 1158
f 777/621/784 776/622/782 768/623/783 
s 1159
f 768/623/783 767/624/784 777/621/784 
s 1160
f 773/621/777 777/622/784 767/623/784 
s 1161
f 767/623/784 766/624/777 773/621/777 
s 1162
f 778/615/785 779/616/786 780/617/787 
s 1163
f 778/615/785 780/617/787 781/618/788 
s 1164
f 780/617/787 782/619/774 781/618/788 
s 1165
f 783/620/789 778/615/785 781/618/788 
s 1166
f 784/621/790 785/622/791 778/623/792 
s 1167
f 778/623/792 783/624/793 784/621/790 
s 1168
f 786/621/794 784/622/790 783/623/793 
s 1169
f 783/623/793 781/624/795 786/621/794 
s 1170
f 787/621/796 786/622/794 781/623/795 
s 1171
f 781/623/795 782/624/797 787/621/796 
s 1172
f 788/621/798 787/622/796 782/623/797 
s 1173
f 782/623/797 780/624/799 788/621/798 
s 1174
f 789/621/800 788/622/798 780/623/799 
s 1175
f 780/623/799 779/624/801 789/621/800 
s 1176
f 785/621/791 789/622/800 779/623/801 
s 1177
f 779/623/801 778/624/792 785/621/791 
s 1178
f 790/621/802 791/622/803 792/623/803 
s 1179
f 792/623/803 793/624/802 790/621/802 
s 1180
f 794/621/804 790/622/802 793/623/802 
s 1181
f 793/623/802 795/624/804 794/621/804 
s 1182
f 796/621/805 794/622/804 795/623/804 
s 1183
f 795/623/804 797/624/805 796/621/805 
s 1184
f 798/621/806 796/622/805 797/623/805 
s 1185
f 797/623/805 799/624/806 798/621/806 
s 1186
f 800/625/807 801/626/808 802/627/809 
s 1187
f 802/627/809 803/628/810 800/625/807 
s 1188
f 803/628/810 802/627/809 804/629/811 
s 1189
f 804/629/811 805/630/812 803/628/810 
s 1190
f 806/631/813 805/630/812 804/629/811 
s 1191
f 804/629/811 807/632/814 806/631/813 
s 1192
f 800/633/807 806/631/813 807/632/814 
s 1193
f 807/632/814 801/634/808 800/633/807 
s 1194
f 568/583/644 567/583/643 572/583/648 
s 1195
f 808/635/815 809/636/816 810/637/817 
s 1196
f 810/637/817 811/638/818 808/635/815 
s 1197
f 812/635/819 813/636/820 814/637/821 
s 1198
f 814/637/821 815/638/822 812/635/819 
s 1199
f 816/639/823 817/640/824 818/641/825 
s 1200
f 818/641/825 819/642/826 816/639/823 
s 1201
f 819/642/826 818/641/825 820/643/827 
s 1202
f 820/643/827 821/644/828 819/642/826 
s 1203
f 822/645/829 821/644/828 820/643/827 
s 1204
f 820/643/827 823/646/830 822/645/829 
s 1205
f 816/647/823 822/645/829 823/646/830 
s 1206
f 823/646/830 817/648/824 816/647/823 
s 1207
f 824/461/831 825/461/832 826/461/833 
s 1208
f 827/625/834 812/626/819 815/627/822 
s 1209
f 815/627/822 828/628/835 827/625/834 
s 1210
f 828/628/835 815/627/822 814/629/821 
s 1211
f 814/629/821 829/630/836 828/628/835 
s 1212
f 830/631/837 829/630/836 814/629/821 
s 1213
f 814/629/821 813/632/820 830/631/837 
s 1214
f 827/633/834 830/631/837 813/632/820 
s 1215
f 813/632/820 812/634/819 827/633/834 
s 1216
f 603/604/679 602/601/678 607/602/683 
s 1217
f 607/602/683 606/603/682 603/604/679 
s 1218
f 604/606/680 603/604/679 606/603/682 
s 1219
f 606/603/682 609/605/685 604/606/680 
s 1220
f 605/608/681 604/606/680 609/605/685 
s 1221
f 609/605/685 608/607/684 605/608/681 
s 1222
f 602/610/678 605/608/681 608/607/684 
s 1223
f 608/607/684 607/609/683 602/610/678 
s 1224
f 831/607/838 832/609/839 619/610/690 
s 1225
f 619/610/690 618/608/689 831/607/838 
s 1226
f 833/605/840 831/607/838 618/608/689 
s 1227
f 618/608/689 621/606/692 833/605/840 
s 1228
f 834/603/841 833/605/840 621/606/692 
s 1229
f 621/606/692 620/604/691 834/603/841 
s 1230
f 832/602/839 834/603/841 620/604/691 
s 1231
f 620/604/691 619/601/690 832/602/839 
s 1232
f 835/649/842 836/650/843 837/651/843 
s 1233
f 837/651/843 838/652/844 835/649/842 
s 1234
f 839/653/845 835/649/842 838/652/844 
s 1235
f 838/652/844 840/654/845 839/653/845 
s 1236
f 841/655/846 839/653/845 840/654/845 
s 1237
f 840/654/845 842/656/847 841/655/846 
s 1238
f 836/657/843 841/655/846 842/656/847 
s 1239
f 842/656/847 837/658/843 836/657/843 
s 1240
f 688/616/7 690/617/7 689/615/7 
s 1241
f 690/617/7 691/619/7 692/618/7 
s 1242
f 690/617/7 692/618/7 689/615/7 
s 1243
f 692/618/7 693/620/7 689/615/7 
s 1244
f 696/615/6 705/616/6 703/617/6 
s 1245
f 697/620/6 696/615/6 699/618/6 
s 1246
f 696/615/6 703/617/6 699/618/6 
s 1247
f 703/617/6 701/619/6 699/618/6 
s 1248
f 843/620/504 799/615/504 792/618/504 
s 1249
f 799/615/504 797/616/504 795/617/504 
s 1250
f 799/615/504 795/617/504 792/618/504 
s 1251
f 795/617/504 793/619/504 792/618/504 
s 1252
f 844/620/504 845/615/504 846/618/504 
s 1253
f 845/615/504 847/616/504 848/617/504 
s 1254
f 845/615/504 848/617/504 846/618/504 
s 1255
f 848/617/504 849/619/504 846/618/504 
s 1256
f 850/659/848 851/660/849 852/640/849 
s 1257
f 852/640/849 853/641/850 850/659/848 
s 1258
f 854/661/851 850/659/848 853/641/850 
s 1259
f 853/641/850 855/643/852 854/661/851 
s 1260
f 854/661/851 855/643/852 856/646/853 
s 1261
f 856/646/853 857/662/853 854/661/851 
s 1262
f 857/662/853 856/646/853 852/648/849 
s 1263
f 852/648/849 851/663/849 857/662/853 
s 1264
f 827/625/834 810/626/817 809/627/816 
s 1265
f 809/627/816 830/628/837 827/625/834 
s 1266
f 830/628/837 809/627/816 808/629/815 
s 1267
f 808/629/815 829/630/836 830/628/837 
s 1268
f 828/631/835 829/630/836 808/629/815 
s 1269
f 808/629/815 811/632/818 828/631/835 
s 1270
f 827/633/834 828/631/835 811/632/818 
s 1271
f 811/632/818 810/634/817 827/633/834 
s 1272
f 858/664/854 859/665/855 860/640/855 
s 1273
f 860/640/855 861/641/854 858/664/854 
s 1274
f 862/666/856 858/664/854 861/641/854 
s 1275
f 861/641/854 863/643/856 862/666/856 
s 1276
f 864/667/857 862/666/856 863/643/856 
s 1277
f 863/643/856 865/646/857 864/667/857 
s 1278
f 859/668/855 864/667/857 865/646/857 
s 1279
f 865/646/857 860/648/855 859/668/855 
s 1280
f 866/659/858 867/660/859 868/640/860 
s 1281
f 868/640/860 869/641/858 866/659/858 
s 1282
f 870/661/861 866/659/858 869/641/858 
s 1283
f 869/641/858 871/643/6 870/661/861 
s 1284
f 870/661/861 871/643/6 872/646/862 
s 1285
f 872/646/862 873/662/862 870/661/861 
s 1286
f 873/662/862 872/646/862 868/648/860 
s 1287
f 868/648/860 867/663/859 873/662/862 
s 1288
f 874/637/863 875/638/864 876/635/865 
s 1289
f 876/635/865 877/636/866 874/637/863 
s 1290
f 878/637/867 879/638/868 880/635/869 
s 1291
f 880/635/869 881/636/814 878/637/867 
s 1292
f 882/633/870 874/634/863 877/632/866 
s 1293
f 877/632/866 883/631/871 882/633/870 
s 1294
f 883/631/871 877/632/866 876/629/865 
s 1295
f 876/629/865 884/630/872 883/631/871 
s 1296
f 885/628/873 884/630/872 876/629/865 
s 1297
f 876/629/865 875/627/864 885/628/873 
s 1298
f 882/625/870 885/628/873 875/627/864 
s 1299
f 875/627/864 874/626/863 882/625/870 
s 1300
f 886/664/874 887/665/875 888/640/875 
s 1301
f 888/640/875 889/641/874 886/664/874 
s 1302
f 890/666/876 886/664/874 889/641/874 
s 1303
f 889/641/874 891/643/876 890/666/876 
s 1304
f 892/667/877 890/666/876 891/643/876 
s 1305
f 891/643/876 893/646/877 892/667/877 
s 1306
f 887/668/875 892/667/877 893/646/877 
s 1307
f 893/646/877 888/648/875 887/668/875 
s 1308
f 894/619/878 895/618/879 896/617/880 
s 1309
f 895/618/879 897/620/881 898/615/882 
s 1310
f 895/618/879 898/615/882 896/617/880 
s 1311
f 898/615/882 899/616/883 896/617/880 
s 1312
f 900/617/884 901/619/885 902/616/886 
s 1313
f 901/619/885 903/618/887 904/620/888 
s 1314
f 901/619/885 904/620/888 902/616/886 
s 1315
f 904/620/888 905/615/889 902/616/886 
s 1316
f 906/616/7 907/617/7 908/615/7 
s 1317
f 907/617/7 909/619/7 910/618/7 
s 1318
f 907/617/7 910/618/7 908/615/7 
s 1319
f 910/618/7 911/620/7 908/615/7 
s 1320
f 912/619/890 913/618/891 914/617/892 
s 1321
f 913/618/891 915/620/893 916/615/894 
s 1322
f 913/618/891 916/615/894 914/617/892 
s 1323
f 916/615/894 917/616/895 914/617/892 
s 1324
f 918/616/7 919/617/7 920/615/7 
s 1325
f 919/617/7 921/619/7 922/618/7 
s 1326
f 919/617/7 922/618/7 920/615/7 
s 1327
f 922/618/7 923/620/7 920/615/7 
s 1328
f 924/619/896 925/618/897 926/617/898 
s 1329
f 925/618/897 927/620/899 928/615/900 
s 1330
f 925/618/897 928/615/900 926/617/898 
s 1331
f 928/615/900 929/616/893 926/617/898 
s 1332
f 930/603/901 931/602/902 932/601/903 
s 1333
f 932/601/903 933/604/904 930/603/901 
s 1334
f 934/605/905 930/603/901 933/604/904 
s 1335
f 933/604/904 935/606/906 934/605/905 
s 1336
f 936/607/907 934/605/905 935/606/906 
s 1337
f 935/606/906 937/608/908 936/607/907 
s 1338
f 931/609/902 936/607/907 937/608/908 
s 1339
f 937/608/908 932/610/903 931/609/902 
s 1340
f 938/469/909 939/466/910 940/467/911 
s 1341
f 940/467/911 941/468/912 938/469/909 
s 1342
f 942/471/913 938/469/909 941/468/912 
s 1343
f 941/468/912 943/470/914 942/471/913 
s 1344
f 944/473/915 942/471/913 943/470/914 
s 1345
f 943/470/914 945/472/916 944/473/915 
s 1346
f 946/470/917 947/472/918 948/473/919 
s 1347
f 948/473/919 949/471/920 946/470/917 
s 1348
f 950/468/921 946/470/917 949/471/920 
s 1349
f 949/471/920 951/469/922 950/468/921 
s 1350
f 952/467/923 950/468/921 951/469/922 
s 1351
f 951/469/922 953/466/924 952/467/923 
s 1352
f 954/669/925 955/670/926 956/671/927 
s 1353
f 956/671/927 957/672/928 954/669/925 
s 1354
f 958/673/929 954/669/925 957/672/928 
s 1355
f 957/672/928 959/674/930 958/673/929 
s 1356
f 960/675/931 958/673/929 959/674/930 
s 1357
f 959/674/930 961/676/932 960/675/931 
s 1358
f 955/677/926 960/675/931 961/676/932 
s 1359
f 961/676/932 956/678/927 955/677/926 
s 1360
f 962/469/933 963/466/934 964/467/935 
s 1361
f 964/467/935 965/468/936 962/469/933 
s 1362
f 966/471/937 962/469/933 965/468/936 
s 1363
f 965/468/936 967/470/938 966/471/937 
s 1364
f 968/473/939 966/471/937 967/470/938 
s 1365
f 967/470/938 969/472/940 968/473/939 
s 1366
f 970/604/941 971/601/942 972/602/383 
s 1367
f 972/602/383 973/603/943 970/604/941 
s 1368
f 974/606/944 970/604/941 973/603/943 
s 1369
f 973/603/943 975/605/945 974/606/944 
s 1370
f 976/608/946 974/606/944 975/605/945 
s 1371
f 975/605/945 977/607/947 976/608/946 
s 1372
f 971/610/942 976/608/946 977/607/947 
s 1373
f 977/607/947 972/609/383 971/610/942 
s 1374
f 978/669/948 979/670/949 980/671/950 
s 1375
f 980/671/950 981/672/951 978/669/948 
s 1376
f 982/673/952 978/669/948 981/672/951 
s 1377
f 981/672/951 983/674/953 982/673/952 
s 1378
f 984/675/954 982/673/952 983/674/953 
s 1379
f 983/674/953 985/676/955 984/675/954 
s 1380
f 979/677/949 984/675/954 985/676/955 
s 1381
f 985/676/955 980/678/950 979/677/949 
s 1382
f 986/482/956 987/481/957 988/476/958 
s 1383
f 988/476/958 987/481/957 582/480/658 
s 1384
f 989/477/959 988/476/958 582/480/658 
s 1385
f 582/480/658 581/479/657 989/477/959 
s 1386
f 989/477/959 581/479/657 990/478/960 
s 1387
f 991/474/961 989/477/959 990/478/960 
s 1388
f 990/478/960 992/485/962 991/474/961 
s 1389
f 993/484/963 991/474/961 992/485/962 
s 1390
f 994/475/964 991/474/961 993/484/963 
s 1391
f 993/484/963 995/483/965 994/475/964 
s 1392
f 986/482/956 994/475/964 995/483/965 
s 1393
f 988/476/958 994/475/964 986/482/956 
s 1394
f 994/475/964 988/476/958 989/477/959 
s 1395
f 989/477/959 991/474/961 994/475/964 
s 1396
f 996/659/848 997/660/966 998/640/966 
s 1397
f 998/640/966 999/641/848 996/659/848 
s 1398
f 1000/661/967 996/659/848 999/641/848 
s 1399
f 999/641/848 1001/643/968 1000/661/967 
s 1400
f 1000/661/967 1001/643/968 1002/646/862 
s 1401
f 1002/646/862 1003/662/862 1000/661/967 
s 1402
f 1003/662/862 1002/646/862 998/648/966 
s 1403
f 998/648/966 997/663/966 1003/662/862 
s 1404
f 882/625/870 880/626/869 879/627/868 
s 1405
f 879/627/868 885/628/873 882/625/870 
s 1406
f 885/628/873 879/627/868 878/629/867 
s 1407
f 878/629/867 884/630/872 885/628/873 
s 1408
f 883/631/871 884/630/872 878/629/867 
s 1409
f 878/629/867 881/632/814 883/631/871 
s 1410
f 882/633/870 883/631/871 881/632/814 
s 1411
f 881/632/814 880/634/869 882/633/870 
s 1412
f 1004/664/969 1005/665/970 1006/640/970 
s 1413
f 1006/640/970 1007/641/969 1004/664/969 
s 1414
f 1008/666/971 1004/664/969 1007/641/969 
s 1415
f 1007/641/969 1009/643/971 1008/666/971 
s 1416
f 1010/667/972 1008/666/971 1009/643/971 
s 1417
f 1009/643/971 1011/646/972 1010/667/972 
s 1418
f 1005/668/970 1010/667/972 1011/646/972 
s 1419
f 1011/646/972 1006/648/970 1005/668/970 
s 1420
f 1012/659/848 1013/660/973 1014/640/973 
s 1421
f 1014/640/973 1015/641/848 1012/659/848 
s 1422
f 1016/661/974 1012/659/848 1015/641/848 
s 1423
f 1015/641/848 1017/643/975 1016/661/974 
s 1424
f 1016/661/974 1017/643/975 1018/646/862 
s 1425
f 1018/646/862 1019/662/862 1016/661/974 
s 1426
f 1019/662/862 1018/646/862 1014/648/973 
s 1427
f 1014/648/973 1013/663/973 1019/662/862 
s 1428
f 1020/635/976 1021/636/816 1022/637/977 
s 1429
f 1022/637/977 1023/638/978 1020/635/976 
s 1430
f 1024/635/979 1025/636/980 1026/637/981 
s 1431
f 1026/637/981 1027/638/982 1024/635/979 
s 1432
f 1028/639/983 1029/640/984 1030/641/985 
s 1433
f 1030/641/985 1031/642/985 1028/639/983 
s 1434
f 1031/642/985 1030/641/985 1032/643/986 
s 1435
f 1032/643/986 1033/644/987 1031/642/985 
s 1436
f 1034/645/988 1033/644/987 1032/643/986 
s 1437
f 1032/643/986 1035/646/989 1034/645/988 
s 1438
f 1028/647/983 1034/645/988 1035/646/989 
s 1439
f 1035/646/989 1029/648/984 1028/647/983 
s 1440
f 1036/664/990 1037/665/991 1038/640/991 
s 1441
f 1038/640/991 1039/641/990 1036/664/990 
s 1442
f 1040/666/992 1036/664/990 1039/641/990 
s 1443
f 1039/641/990 1041/643/992 1040/666/992 
s 1444
f 1042/667/993 1040/666/992 1041/643/992 
s 1445
f 1041/643/992 1043/646/993 1042/667/993 
s 1446
f 1037/668/991 1042/667/993 1043/646/993 
s 1447
f 1043/646/993 1038/648/991 1037/668/991 
s 1448
f 1044/620/994 1045/615/994 1046/618/995 
s 1449
f 1045/615/994 1047/616/996 1046/618/995 
s 1450
f 1047/616/996 1048/617/997 1046/618/995 
s 1451
f 1048/617/997 1049/619/998 1046/618/995 
s 1452
f 1050/625/999 1024/626/979 1027/627/982 
s 1453
f 1027/627/982 1051/628/1000 1050/625/999 
s 1454
f 1051/628/1000 1027/627/982 1026/629/981 
s 1455
f 1026/629/981 1052/630/1001 1051/628/1000 
s 1456
f 1053/631/1002 1052/630/1001 1026/629/981 
s 1457
f 1026/629/981 1025/632/980 1053/631/1002 
s 1458
f 1050/633/999 1053/631/1002 1025/632/980 
s 1459
f 1025/632/980 1024/634/979 1050/633/999 
s 1460
f 1054/469/1003 1055/466/1004 1056/467/1005 
s 1461
f 1056/467/1005 1057/468/1006 1054/469/1003 
s 1462
f 1058/471/1007 1054/469/1003 1057/468/1006 
s 1463
f 1057/468/1006 1059/470/1008 1058/471/1007 
s 1464
f 1060/473/1009 1058/471/1007 1059/470/1008 
s 1465
f 1059/470/1008 1061/472/1010 1060/473/1009 
s 1466
f 386/679/395 387/680/396 1062/681/1011 
s 1467
f 1062/681/1011 1063/682/1012 386/679/395 
s 1468
f 386/679/395 1063/682/1012 1064/683/1013 
s 1469
f 1064/683/1013 382/684/391 386/679/395 
s 1470
f 382/684/391 1064/683/1013 1065/685/1014 
s 1471
f 1065/685/1014 383/686/392 382/684/391 
s 1472
f 383/686/392 1065/685/1014 1066/687/1015 
s 1473
f 1066/687/1015 384/688/393 383/686/392 
s 1474
f 384/688/393 1066/687/1015 1067/689/1016 
s 1475
f 1067/689/1016 385/690/394 384/688/393 
s 1476
f 388/691/397 385/690/394 1067/689/1016 
s 1477
f 1067/689/1016 1068/692/1017 388/691/397 
s 1478
f 430/693/496 388/694/397 1069/695/1018 
s 1479
f 1069/695/1018 1070/696/1019 430/693/496 
s 1480
f 430/693/496 1070/696/1019 1071/697/1020 
s 1481
f 1071/697/1020 431/698/497 430/693/496 
s 1482
f 431/698/497 1071/697/1020 1072/699/823 
s 1483
f 1072/699/823 433/700/499 431/698/497 
s 1484
f 433/700/499 1072/699/823 1073/701/1021 
s 1485
f 1073/701/1021 432/702/498 433/700/499 
s 1486
f 432/702/498 1073/701/1021 1074/703/1022 
s 1487
f 1074/703/1022 429/704/495 432/702/498 
s 1488
f 387/705/396 429/704/495 1074/703/1022 
s 1489
f 1074/703/1022 1075/706/1023 387/705/396 
s 1490
f 1076/491/565 1077/492/566 1078/493/566 
s 1491
f 1078/493/566 1079/494/565 1076/491/565 
s 1492
f 1080/495/1024 1076/491/565 1079/494/565 
s 1493
f 1079/494/565 1081/496/1024 1080/495/1024 
s 1494
f 1082/497/1025 1080/495/1024 1081/496/1024 
s 1495
f 1081/496/1024 1083/498/1025 1082/497/1025 
s 1496
f 1084/499/1026 1082/497/1025 1083/498/1025 
s 1497
f 1083/498/1025 1085/500/1026 1084/499/1026 
s 1498
f 1077/501/566 1084/499/1026 1085/500/1026 
s 1499
f 1085/500/1026 1078/502/566 1077/501/566 
s 1500
f 1086/491/565 1087/492/566 1088/493/566 
s 1501
f 1088/493/566 1089/494/565 1086/491/565 
s 1502
f 1090/495/1024 1086/491/565 1089/494/565 
s 1503
f 1089/494/565 1091/496/1024 1090/495/1024 
s 1504
f 1092/497/1025 1090/495/1024 1091/496/1024 
s 1505
f 1091/496/1024 1093/498/1025 1092/497/1025 
s 1506
f 1094/499/1026 1092/497/1025 1093/498/1025 
s 1507
f 1093/498/1025 1095/500/1026 1094/499/1026 
s 1508
f 1087/501/566 1094/499/1026 1095/500/1026 
s 1509
f 1095/500/1026 1088/502/566 1087/501/566 
s 1510
f 451/482/530 1096/475/1027 438/483/517 
s 1511
f 439/484/518 438/483/517 1096/475/1027 
s 1512
f 1096/475/1027 1097/474/1028 439/484/518 
s 1513
f 439/484/518 1097/474/1028 441/485/520 
s 1514
f 443/478/522 441/485/520 1097/474/1028 
s 1515
f 1097/474/1028 1098/477/1029 443/478/522 
s 1516
f 1098/477/1029 445/479/524 443/478/522 
s 1517
f 447/480/526 445/479/524 1098/477/1029 
s 1518
f 1098/477/1029 1099/476/1030 447/480/526 
s 1519
f 1099/476/1030 449/481/528 447/480/526 
s 1520
f 451/482/530 449/481/528 1099/476/1030 
s 1521
f 1099/476/1030 1096/475/1027 451/482/530 
s 1522
f 1096/475/1027 1099/476/1030 1098/477/1029 
s 1523
f 1098/477/1029 1097/474/1028 1096/475/1027 
s 1524
f 900/707/884 902/708/886 1100/709/1031 
s 1525
f 1100/709/1031 1101/710/1032 900/707/884 
s 1526
f 901/711/885 900/707/884 1101/710/1032 
s 1527
f 1101/710/1032 1102/712/1033 901/711/885 
s 1528
f 903/713/887 901/711/885 1102/712/1033 
s 1529
f 1102/712/1033 1103/714/1034 903/713/887 
s 1530
f 903/713/887 1103/714/1034 1104/715/1035 
s 1531
f 1104/715/1035 904/716/888 903/713/887 
s 1532
f 904/716/888 1104/715/1035 1105/717/1036 
s 1533
f 1105/717/1036 905/718/889 904/716/888 
s 1534
f 905/718/889 1105/717/1036 1100/719/1031 
s 1535
f 1100/719/1031 902/720/886 905/718/889 
s 1536
f 1050/625/999 1022/626/977 1021/627/816 
s 1537
f 1021/627/816 1053/628/1002 1050/625/999 
s 1538
f 1053/628/1002 1021/627/816 1020/629/976 
s 1539
f 1020/629/976 1052/630/1001 1053/628/1002 
s 1540
f 1051/631/1000 1052/630/1001 1020/629/976 
s 1541
f 1020/629/976 1023/632/978 1051/631/1000 
s 1542
f 1050/633/999 1051/631/1000 1023/632/978 
s 1543
f 1023/632/978 1022/634/977 1050/633/999 
s 1544
f 436/721/515 435/722/514 1106/723/1037 
s 1545
f 1106/723/1037 1107/724/1038 436/721/515 
s 1546
f 434/725/513 436/721/515 1107/724/1038 
s 1547
f 1107/724/1038 1108/726/1039 434/725/513 
s 1548
f 1108/726/1039 1107/724/1038 1109/727/1040 
s 1549
f 1109/727/1040 1110/728/1041 1108/726/1039 
s 1550
f 1110/728/1041 1109/727/1040 1111/729/1042 
s 1551
f 1111/729/1042 1112/730/1043 1110/728/1041 
s 1552
f 1112/730/1043 1111/729/1042 1113/731/1044 
s 1553
f 1113/731/1044 1114/732/1045 1112/730/1043 
s 1554
f 435/461/514 434/725/513 1108/726/1039 
s 1555
f 1108/726/1039 1106/733/1037 435/461/514 
s 1556
f 1106/733/1037 1108/726/1039 1110/728/1041 
s 1557
f 1110/728/1041 1115/734/1046 1106/733/1037 
s 1558
f 1115/734/1046 1110/728/1041 1112/730/1043 
s 1559
f 1112/730/1043 1116/735/1047 1115/734/1046 
s 1560
f 1116/735/1047 1112/730/1043 1114/732/1045 
s 1561
f 1114/732/1045 1117/736/1048 1116/735/1047 
s 1562
f 1117/736/1048 1114/732/1045 1118/737/1049 
s 1563
f 1118/737/1049 1119/738/1050 1117/736/1048 
s 1564
f 1114/732/1045 1113/731/1044 1120/739/1051 
s 1565
f 1120/739/1051 1118/737/1049 1114/732/1045 
s 1566
f 1118/737/1049 1120/739/1051 1121/740/1052 
s 1567
f 1121/740/1052 1122/741/1053 1118/737/1049 
s 1568
f 1122/741/1053 1121/740/1052 1123/742/1054 
s 1569
f 1123/742/1054 1124/743/1055 1122/741/1053 
s 1570
f 1124/743/1055 1123/742/1054 1125/744/1056 
s 1571
f 1125/744/1056 1126/745/1057 1124/743/1055 
s 1572
f 1126/745/1057 1125/744/1056 1127/746/1058 
s 1573
f 1127/746/1058 1128/747/1059 1126/745/1057 
s 1574
f 1119/738/1050 1118/737/1049 1122/741/1053 
s 1575
f 1122/741/1053 1129/748/1060 1119/738/1050 
s 1576
f 1129/748/1060 1122/741/1053 1124/743/1055 
s 1577
f 1124/743/1055 1130/749/1061 1129/748/1060 
s 1578
f 1130/749/1061 1124/743/1055 1126/745/1057 
s 1579
f 1126/745/1057 1131/750/1062 1130/749/1061 
s 1580
f 1131/750/1062 1126/745/1057 1128/747/1059 
s 1581
f 1128/747/1059 1132/751/1063 1131/750/1062 
s 1582
f 1128/747/1059 1127/746/1058 824/545/831 
s 1583
f 824/545/831 826/537/833 1128/747/1059 
s 1584
f 1132/751/1063 1128/747/1059 826/537/833 
s 1585
f 826/537/833 825/536/832 1132/751/1063 
s 1586
f 1121/740/1052 1129/752/1060 1130/753/1061 
s 1587
f 1130/753/1061 1123/742/1054 1121/740/1052 
s 1588
f 1123/742/1054 1130/753/1061 1131/754/1062 
s 1589
f 1131/754/1062 1125/744/1056 1123/742/1054 
s 1590
f 1125/744/1056 1131/754/1062 1132/755/1063 
s 1591
f 1132/755/1063 1127/746/1058 1125/744/1056 
s 1592
f 1127/746/1058 1132/755/1063 825/550/832 
s 1593
f 825/550/832 824/545/831 1127/746/1058 
s 1594
f 1107/724/1038 1106/723/1037 1115/756/1046 
s 1595
f 1115/756/1046 1109/727/1040 1107/724/1038 
s 1596
f 1109/727/1040 1115/756/1046 1116/757/1047 
s 1597
f 1116/757/1047 1111/729/1042 1109/727/1040 
s 1598
f 1111/729/1042 1116/757/1047 1117/758/1048 
s 1599
f 1117/758/1048 1113/731/1044 1111/729/1042 
s 1600
f 1113/731/1044 1117/758/1048 1119/759/1050 
s 1601
f 1119/759/1050 1120/739/1051 1113/731/1044 
s 1602
f 1120/739/1051 1119/759/1050 1129/752/1060 
s 1603
f 1129/752/1060 1121/740/1052 1120/739/1051 
s 1604
f 1133/760/1064 1134/761/1064 1135/762/1065 
s 1605
f 1135/762/1065 1136/763/1065 1133/760/1064 
s 1606
f 1136/763/1065 1135/762/1065 1137/764/1066 
s 1607
f 1137/764/1066 1138/765/1066 1136/763/1065 
s 1608
f 1138/765/1066 1137/764/1066 1139/766/1067 
s 1609
f 1139/766/1067 1140/767/456 1138/765/1066 
s 1610
f 1141/768/1068 1140/767/456 1139/766/1067 
s 1611
f 1139/766/1067 1142/769/1069 1141/768/1068 
s 1612
f 1143/770/1070 1141/768/1068 1142/769/1069 
s 1613
f 1142/769/1069 1144/771/1071 1143/770/1070 
s 1614
f 1133/772/1064 1143/770/1070 1144/771/1071 
s 1615
f 1144/771/1071 1134/773/1064 1133/772/1064 
s 1616
f 1145/773/1072 1146/774/1072 1147/775/1073 
s 1617
f 1147/775/1073 1148/771/1073 1145/773/1072 
s 1618
f 1148/771/1073 1147/775/1073 1149/776/1074 
s 1619
f 1149/776/1074 1150/769/1074 1148/771/1073 
s 1620
f 1150/769/1074 1149/776/1074 1151/777/1075 
s 1621
f 1151/777/1075 1152/766/1075 1150/769/1074 
s 1622
f 1153/764/1076 1152/766/1075 1151/777/1075 
s 1623
f 1151/777/1075 1154/778/1076 1153/764/1076 
s 1624
f 1155/762/1077 1153/764/1076 1154/778/1076 
s 1625
f 1154/778/1076 1156/779/1077 1155/762/1077 
s 1626
f 1145/761/1072 1155/762/1077 1156/779/1077 
s 1627
f 1156/779/1077 1146/780/1072 1145/761/1072 
s 1628
f 1100/719/1031 894/720/878 896/718/880 
s 1629
f 896/718/880 1101/717/1032 1100/719/1031 
s 1630
f 1101/717/1032 896/718/880 899/716/883 
s 1631
f 899/716/883 1102/715/1033 1101/717/1032 
s 1632
f 1102/715/1033 899/716/883 898/713/882 
s 1633
f 898/713/882 1103/714/1034 1102/715/1033 
s 1634
f 1104/712/1035 1103/714/1034 898/713/882 
s 1635
f 898/713/882 897/711/881 1104/712/1035 
s 1636
f 1105/710/1036 1104/712/1035 897/711/881 
s 1637
f 897/711/881 895/707/879 1105/710/1036 
s 1638
f 1100/709/1031 1105/710/1036 895/707/879 
s 1639
f 895/707/879 894/708/878 1100/709/1031 
s 1640
f 911/718/1078 1157/717/1079 1158/719/1080 
s 1641
f 1158/719/1080 908/720/1081 911/718/1078 
s 1642
f 910/716/1082 1159/715/1083 1157/717/1084 
s 1643
f 1157/717/1084 911/718/1085 910/716/1082 
s 1644
f 909/713/1086 1160/714/1087 1159/715/1088 
s 1645
f 1159/715/1088 910/716/1089 909/713/1086 
s 1646
f 1161/712/1090 1160/714/1091 909/713/1092 
s 1647
f 909/713/1092 907/711/1093 1161/712/1090 
s 1648
f 1162/710/1094 1161/712/1095 907/711/1096 
s 1649
f 907/711/1096 906/707/1097 1162/710/1094 
s 1650
f 1158/709/1098 1162/710/1099 906/707/1100 
s 1651
f 906/707/1100 908/708/1101 1158/709/1098 
s 1652
f 1163/781/1102 1164/782/1103 1165/783/1104 
s 1653
f 1165/783/1104 1166/784/1105 1163/781/1102 
s 1654
f 1166/784/1105 1165/783/1104 1167/785/1106 
s 1655
f 1167/785/1106 1168/786/1107 1166/784/1105 
s 1656
f 1168/786/1107 1167/785/1106 1169/787/1108 
s 1657
f 1169/787/1108 1170/788/1067 1168/786/1107 
s 1658
f 1171/789/1109 1170/788/1067 1169/787/1108 
s 1659
f 1169/787/1108 1172/790/1110 1171/789/1109 
s 1660
f 1173/791/1111 1171/789/1109 1172/790/1110 
s 1661
f 1172/790/1110 1174/792/1112 1173/791/1111 
s 1662
f 1163/793/1102 1173/791/1111 1174/792/1112 
s 1663
f 1174/792/1112 1164/794/1103 1163/793/1102 
s 1664
f 1175/493/1113 1176/492/1113 1177/491/1114 
s 1665
f 1177/491/1114 1178/494/1114 1175/493/1113 
s 1666
f 1178/494/1114 1177/491/1114 1179/495/1115 
s 1667
f 1179/495/1115 1180/496/1115 1178/494/1114 
s 1668
f 1180/496/1115 1179/495/1115 1181/497/620 
s 1669
f 1181/497/620 1182/498/620 1180/496/1115 
s 1670
f 1182/498/620 1181/497/620 1183/499/619 
s 1671
f 1183/499/619 1184/500/619 1182/498/620 
s 1672
f 1184/500/619 1183/499/619 1176/501/1113 
s 1673
f 1176/501/1113 1175/502/1113 1184/500/619 
s 1674
f 800/633/807 1185/634/1116 1186/632/1117 
s 1675
f 1186/632/1117 806/631/813 800/633/807 
s 1676
f 806/631/813 1186/632/1117 1187/629/1118 
s 1677
f 1187/629/1118 805/630/812 806/631/813 
s 1678
f 803/628/810 805/630/812 1187/629/1118 
s 1679
f 1187/629/1118 1188/627/1119 803/628/810 
s 1680
f 800/625/807 803/628/810 1188/627/1119 
s 1681
f 1188/627/1119 1185/626/1116 800/625/807 
s 1682
f 913/707/1120 912/708/1121 1158/709/1122 
s 1683
f 1158/709/1122 1157/710/1123 913/707/1120 
s 1684
f 915/711/1124 913/707/1125 1157/710/1084 
s 1685
f 1157/710/1084 1159/712/1083 915/711/1124 
s 1686
f 916/713/1126 915/711/1127 1159/712/1128 
s 1687
f 1159/712/1128 1160/714/1129 916/713/1126 
s 1688
f 1161/715/1130 917/716/1131 916/713/1132 
s 1689
f 916/713/1132 1160/714/1133 1161/715/1130 
s 1690
f 1162/717/1094 914/718/1134 917/716/1135 
s 1691
f 917/716/1135 1161/715/1095 1162/717/1094 
s 1692
f 1158/719/1136 912/720/1137 914/718/1138 
s 1693
f 914/718/1138 1162/717/1139 1158/719/1136 
s 1694
f 1189/773/1140 1190/795/1140 1191/796/1141 
s 1695
f 1191/796/1141 1192/771/1141 1189/773/1140 
s 1696
f 1192/771/1141 1191/796/1141 1193/797/1142 
s 1697
f 1193/797/1142 1194/769/1142 1192/771/1141 
s 1698
f 1194/769/1142 1193/797/1142 1195/798/1143 
s 1699
f 1195/798/1143 1196/766/1143 1194/769/1142 
s 1700
f 1197/764/1144 1196/766/1143 1195/798/1143 
s 1701
f 1195/798/1143 1198/799/1144 1197/764/1144 
s 1702
f 1199/762/1145 1197/764/1144 1198/799/1144 
s 1703
f 1198/799/1144 1200/800/1145 1199/762/1145 
s 1704
f 1189/761/1140 1199/762/1145 1200/800/1145 
s 1705
f 1200/800/1145 1190/801/1140 1189/761/1140 
s 1706
f 1201/670/1146 1202/671/1147 1203/672/1148 
s 1707
f 1203/672/1148 1204/669/1149 1201/670/1146 
s 1708
f 1204/669/1149 1203/672/1148 1205/674/1150 
s 1709
f 1205/674/1150 1206/673/1151 1204/669/1149 
s 1710
f 1206/673/1151 1205/674/1150 1207/676/1152 
s 1711
f 1207/676/1152 1208/675/1153 1206/673/1151 
s 1712
f 1208/675/1153 1207/676/1152 1202/678/1147 
s 1713
f 1202/678/1147 1201/677/1146 1208/675/1153 
s 1714
f 591/466/667 993/467/963 992/468/962 
s 1715
f 992/468/962 590/469/666 591/466/667 
s 1716
f 590/469/666 992/468/962 990/470/960 
s 1717
f 990/470/960 589/471/665 590/469/666 
s 1718
f 589/471/665 990/470/960 581/472/657 
s 1719
f 581/472/657 580/473/656 589/471/665 
s 1720
f 1209/802/1154 1210/803/1155 1045/804/1156 
s 1721
f 1045/804/1156 1044/805/1157 1209/802/1154 
s 1722
f 1044/804/1157 1046/805/1158 1211/802/1159 
s 1723
f 1211/802/1159 1209/803/1154 1044/804/1157 
s 1724
f 1210/802/1155 1212/803/1160 1047/804/1161 
s 1725
f 1047/804/1161 1045/805/1156 1210/802/1155 
s 1726
f 1212/804/1160 1213/805/1162 1048/802/1163 
s 1727
f 1048/802/1163 1047/803/1161 1212/804/1160 
s 1728
f 1213/802/1162 1214/803/1164 1049/804/1165 
s 1729
f 1049/804/1165 1048/805/1163 1213/802/1162 
s 1730
f 1214/802/1164 1211/803/1159 1046/804/1158 
s 1731
f 1046/804/1158 1049/805/1165 1214/802/1164 
s 1732
f 1215/617/1166 1216/619/1167 1217/618/1168 
s 1733
f 1218/616/1168 1215/617/1166 1217/618/1168 
s 1734
f 1219/615/1169 1218/616/1168 1217/618/1168 
s 1735
f 1220/620/1170 1219/615/1169 1217/618/1168 
s 1736
f 1221/802/1171 1222/803/1172 1223/804/1173 
s 1737
f 1223/804/1173 1224/805/1171 1221/802/1171 
s 1738
f 1225/802/1174 1221/803/1171 1224/804/1171 
s 1739
f 1224/804/1171 1226/805/1175 1225/802/1174 
s 1740
f 1227/804/1176 1225/805/1174 1226/802/1175 
s 1741
f 1226/802/1175 1228/803/1177 1227/804/1176 
s 1742
f 1229/802/1178 1227/803/1176 1228/804/1177 
s 1743
f 1228/804/1177 1230/805/1178 1229/802/1178 
s 1744
f 1231/804/1179 1223/805/1173 1222/802/1172 
s 1745
f 1222/802/1172 1232/803/1180 1231/804/1179 
s 1746
f 1232/802/1180 1229/803/1178 1230/804/1178 
s 1747
f 1230/804/1178 1231/805/1179 1232/802/1180 
s 1748
f 1226/617/1181 1224/619/1182 1223/618/1183 
s 1749
f 1228/616/1184 1226/617/1181 1223/618/1183 
s 1750
f 1230/615/1185 1228/616/1184 1223/618/1183 
s 1751
f 1231/620/1186 1230/615/1185 1223/618/1183 
s 1752
f 1233/802/1187 1234/803/1188 1219/804/1189 
s 1753
f 1219/804/1189 1220/805/1190 1233/802/1187 
s 1754
f 1220/804/1190 1217/805/1191 1235/802/1192 
s 1755
f 1235/802/1192 1233/803/1187 1220/804/1190 
s 1756
f 1234/802/1188 1236/803/1193 1218/804/1194 
s 1757
f 1218/804/1194 1219/805/1189 1234/802/1188 
s 1758
f 1236/804/1193 1237/805/1195 1215/802/1196 
s 1759
f 1215/802/1196 1218/803/1194 1236/804/1193 
s 1760
f 1237/802/1195 1238/803/1197 1216/804/1198 
s 1761
f 1216/804/1198 1215/805/1196 1237/802/1195 
s 1762
f 1238/802/1197 1235/803/1192 1217/804/1191 
s 1763
f 1217/804/1191 1216/805/1198 1238/802/1197 
s 1764
f 1239/794/1199 1240/806/1199 1241/807/1141 
s 1765
f 1241/807/1141 1242/792/1141 1239/794/1199 
s 1766
f 1242/792/1141 1241/807/1141 1243/808/1142 
s 1767
f 1243/808/1142 1244/790/1142 1242/792/1141 
s 1768
f 1244/790/1142 1243/808/1142 1245/809/1143 
s 1769
f 1245/809/1143 1246/787/1143 1244/790/1142 
s 1770
f 1247/785/1200 1246/787/1143 1245/809/1143 
s 1771
f 1245/809/1143 1248/810/1200 1247/785/1200 
s 1772
f 1249/783/1201 1247/785/1200 1248/810/1200 
s 1773
f 1248/810/1200 1250/811/1201 1249/783/1201 
s 1774
f 1239/782/1199 1249/783/1201 1250/811/1201 
s 1775
f 1250/811/1201 1240/812/1199 1239/782/1199 
s 1776
f 1251/802/1202 1252/803/1203 1253/804/1203 
s 1777
f 1253/804/1203 1254/805/1202 1251/802/1202 
s 1778
f 1255/802/1204 1251/803/1202 1254/804/1202 
s 1779
f 1254/804/1202 1256/805/1204 1255/802/1204 
s 1780
f 1257/804/1205 1255/805/1204 1256/802/1204 
s 1781
f 1256/802/1204 1258/803/1205 1257/804/1205 
s 1782
f 1259/802/1206 1257/803/1205 1258/804/1205 
s 1783
f 1258/804/1205 1260/805/1206 1259/802/1206 
s 1784
f 1261/804/1207 1253/805/1203 1252/802/1203 
s 1785
f 1252/802/1203 1262/803/1207 1261/804/1207 
s 1786
f 1262/802/1207 1259/803/1206 1260/804/1206 
s 1787
f 1260/804/1206 1261/805/1207 1262/802/1207 
s 1788
f 1256/617/7 1254/619/7 1253/618/7 
s 1789
f 1258/616/7 1256/617/7 1253/618/7 
s 1790
f 1260/615/7 1258/616/7 1253/618/7 
s 1791
f 1261/620/7 1260/615/7 1253/618/7 
s 1792
f 1263/719/1208 924/720/1209 926/718/1210 
s 1793
f 926/718/1210 1264/717/1211 1263/719/1208 
s 1794
f 1264/717/1212 926/718/1213 929/716/1214 
s 1795
f 929/716/1214 1265/715/1215 1264/717/1212 
s 1796
f 1265/715/1216 929/716/1217 928/713/1218 
s 1797
f 928/713/1218 1266/714/1219 1265/715/1216 
s 1798
f 928/713/1220 927/711/1221 1267/712/1222 
s 1799
f 1267/712/1222 1266/714/1223 928/713/1220 
s 1800
f 927/711/1224 925/707/1225 1268/710/1226 
s 1801
f 1268/710/1226 1267/712/1227 927/711/1224 
s 1802
f 925/707/1228 924/708/1229 1263/709/1230 
s 1803
f 1263/709/1230 1268/710/1231 925/707/1228 
s 1804
f 1269/813/1232 1270/761/1233 1271/762/1234 
s 1805
f 1271/762/1234 1272/814/1235 1269/813/1232 
s 1806
f 1272/814/1235 1271/762/1234 1273/764/1236 
s 1807
f 1273/764/1236 1274/815/1237 1272/814/1235 
s 1808
f 1274/815/1237 1273/764/1236 1275/766/1238 
s 1809
f 1275/766/1238 1276/816/1239 1274/815/1237 
s 1810
f 1277/817/1240 1276/816/1239 1275/766/1238 
s 1811
f 1275/766/1238 1278/769/1241 1277/817/1240 
s 1812
f 1279/818/1242 1277/817/1240 1278/769/1241 
s 1813
f 1278/769/1241 1280/771/1243 1279/818/1242 
s 1814
f 1269/819/1232 1279/818/1242 1280/771/1243 
s 1815
f 1280/771/1243 1270/773/1233 1269/819/1232 
s 1816
f 1252/617/6 1251/619/6 1255/618/6 
s 1817
f 1252/617/6 1255/618/6 1257/620/6 
s 1818
f 1252/617/6 1257/620/6 1259/615/6 
s 1819
f 1262/616/6 1252/617/6 1259/615/6 
s 1820
f 1281/802/1244 1282/803/1245 1283/804/1245 
s 1821
f 1283/804/1245 1284/805/1244 1281/802/1244 
s 1822
f 1285/802/1246 1281/803/1244 1284/804/1244 
s 1823
f 1284/804/1244 1286/805/1246 1285/802/1246 
s 1824
f 1287/804/1247 1285/805/1246 1286/802/1246 
s 1825
f 1286/802/1246 1288/803/1247 1287/804/1247 
s 1826
f 1289/802/1248 1287/803/1247 1288/804/1247 
s 1827
f 1288/804/1247 1290/805/1248 1289/802/1248 
s 1828
f 1291/804/1249 1283/805/1245 1282/802/1245 
s 1829
f 1282/802/1245 1292/803/1249 1291/804/1249 
s 1830
f 1292/802/1249 1289/803/1248 1290/804/1248 
s 1831
f 1290/804/1248 1291/805/1249 1292/802/1249 
s 1832
f 1286/617/7 1284/619/7 1283/618/7 
s 1833
f 1288/616/7 1286/617/7 1283/618/7 
s 1834
f 1290/615/7 1288/616/7 1283/618/7 
s 1835
f 1291/620/7 1290/615/7 1283/618/7 
s 1836
f 1263/709/1250 1264/710/1251 918/707/1252 
s 1837
f 918/707/1252 920/708/1101 1263/709/1250 
s 1838
f 1264/710/1212 1265/712/1215 919/711/1253 
s 1839
f 919/711/1253 918/707/1254 1264/710/1212 
s 1840
f 1265/712/1255 1266/714/1091 921/713/1256 
s 1841
f 921/713/1256 919/711/1257 1265/712/1255 
s 1842
f 921/713/1258 1266/714/1087 1267/715/1259 
s 1843
f 1267/715/1259 922/716/1260 921/713/1258 
s 1844
f 922/716/1261 1267/715/1227 1268/717/1226 
s 1845
f 1268/717/1226 923/718/1262 922/716/1261 
s 1846
f 923/718/1263 1268/717/1264 1263/719/1265 
s 1847
f 1263/719/1265 920/720/1266 923/718/1263 
s 1848
f 804/637/811 802/638/809 801/635/808 
s 1849
f 801/635/808 807/636/814 804/637/811 
s 1850
f 1185/637/1116 1188/638/1119 1187/635/1118 
s 1851
f 1187/635/1118 1186/636/1117 1185/637/1116 
s 1852
f 1293/625/1267 1294/626/977 1295/627/1268 
s 1853
f 1295/627/1268 1296/628/1269 1293/625/1267 
s 1854
f 1296/628/1269 1295/627/1268 1297/629/1270 
s 1855
f 1297/629/1270 1298/630/1271 1296/628/1269 
s 1856
f 1299/631/1272 1298/630/1271 1297/629/1270 
s 1857
f 1297/629/1270 1300/632/1273 1299/631/1272 
s 1858
f 1293/633/1267 1299/631/1272 1300/632/1273 
s 1859
f 1300/632/1273 1294/634/977 1293/633/1267 
s 1860
f 1282/617/6 1281/619/6 1285/618/6 
s 1861
f 1282/617/6 1285/618/6 1287/620/6 
s 1862
f 1282/617/6 1287/620/6 1289/615/6 
s 1863
f 1292/616/6 1282/617/6 1289/615/6 
s 1864
f 1301/802/1274 1302/803/1275 1303/804/1275 
s 1865
f 1303/804/1275 1304/805/1274 1301/802/1274 
s 1866
f 1305/802/1246 1301/803/1274 1304/804/1274 
s 1867
f 1304/804/1274 1306/805/1246 1305/802/1246 
s 1868
f 1307/804/1276 1305/805/1246 1306/802/1246 
s 1869
f 1306/802/1246 1308/803/1276 1307/804/1276 
s 1870
f 1309/802/1277 1307/803/1276 1308/804/1276 
s 1871
f 1308/804/1276 1310/805/1277 1309/802/1277 
s 1872
f 1311/804/1278 1303/805/1275 1302/802/1275 
s 1873
f 1302/802/1275 1312/803/1278 1311/804/1278 
s 1874
f 1312/802/1278 1309/803/1277 1310/804/1277 
s 1875
f 1310/804/1277 1311/805/1278 1312/802/1278 
s 1876
f 1306/617/7 1304/619/7 1303/618/7 
s 1877
f 1308/616/7 1306/617/7 1303/618/7 
s 1878
f 1310/615/7 1308/616/7 1303/618/7 
s 1879
f 1311/620/7 1310/615/7 1303/618/7 
s 1880
f 1293/625/1267 1313/626/1279 1314/627/1280 
s 1881
f 1314/627/1280 1299/628/1272 1293/625/1267 
s 1882
f 1299/628/1272 1314/627/1280 1315/629/1281 
s 1883
f 1315/629/1281 1298/630/1271 1299/628/1272 
s 1884
f 1296/631/1269 1298/630/1271 1315/629/1281 
s 1885
f 1315/629/1281 1316/632/1282 1296/631/1269 
s 1886
f 1293/633/1267 1296/631/1269 1316/632/1282 
s 1887
f 1316/632/1282 1313/634/1279 1293/633/1267 
s 1888
f 1302/617/6 1301/619/6 1305/618/6 
s 1889
f 1302/617/6 1305/618/6 1307/620/6 
s 1890
f 1302/617/6 1307/620/6 1309/615/6 
s 1891
f 1312/616/6 1302/617/6 1309/615/6 
s 1892
f 1317/465/1283 1318/464/1284 1319/463/1285 
s 1893
f 1319/463/1285 1320/462/1286 1317/465/1283 
s 1894
f 1320/473/1286 1319/472/1285 1321/470/1287 
s 1895
f 1321/470/1287 1322/471/1288 1320/473/1286 
s 1896
f 1322/471/1288 1321/470/1287 1323/468/1289 
s 1897
f 1323/468/1289 1324/469/1290 1322/471/1288 
s 1898
f 1324/469/1290 1323/468/1289 1325/467/1291 
s 1899
f 1325/467/1291 1326/466/1292 1324/469/1290 
s 1900
f 1326/465/1292 1325/464/1291 1327/463/1293 
s 1901
f 1327/463/1293 1328/462/1294 1326/465/1292 
s 1902
f 1328/467/1294 1327/466/1293 1329/469/1295 
s 1903
f 1329/469/1295 1330/468/1296 1328/467/1294 
s 1904
f 1330/468/1296 1329/469/1295 1331/471/1297 
s 1905
f 1331/471/1297 1332/470/1298 1330/468/1296 
s 1906
f 1332/470/1298 1331/471/1297 1318/473/1284 
s 1907
f 1318/473/1284 1317/472/1283 1332/470/1298 
s 1908
f 1328/484/1294 1330/485/1296 1333/474/1299 
s 1909
f 1334/477/1300 1333/474/1299 1330/485/1296 
s 1910
f 1330/485/1296 1332/478/1298 1334/477/1300 
s 1911
f 1332/478/1298 1317/479/1283 1334/477/1300 
s 1912
f 1335/475/1301 1333/474/1299 1334/477/1300 
s 1913
f 1334/477/1300 1336/476/1302 1335/475/1301 
s 1914
f 1336/476/1302 1334/477/1300 1317/479/1283 
s 1915
f 1317/479/1283 1320/480/1286 1336/476/1302 
s 1916
f 1320/480/1286 1322/481/1288 1336/476/1302 
s 1917
f 1335/475/1301 1336/476/1302 1322/481/1288 
s 1918
f 1322/481/1288 1324/482/1290 1335/475/1301 
s 1919
f 1324/482/1290 1326/483/1292 1335/475/1301 
s 1920
f 1333/474/1299 1335/475/1301 1326/483/1292 
s 1921
f 1326/483/1292 1328/484/1294 1333/474/1299 
s 1922
f 1337/639/1303 1338/640/1304 1339/641/1305 
s 1923
f 1339/641/1305 1340/642/1306 1337/639/1303 
s 1924
f 1340/642/1306 1339/641/1305 1341/643/1307 
s 1925
f 1341/643/1307 1342/644/1308 1340/642/1306 
s 1926
f 1343/645/1309 1342/644/1308 1341/643/1307 
s 1927
f 1341/643/1307 1344/646/1310 1343/645/1309 
s 1928
f 1337/647/1303 1343/645/1309 1344/646/1310 
s 1929
f 1344/646/1310 1338/648/1304 1337/647/1303 
s 1930
f 1319/483/1285 1345/475/1311 1321/482/1287 
s 1931
f 1346/474/1312 1345/475/1311 1319/483/1285 
s 1932
f 1319/483/1285 1318/484/1284 1346/474/1312 
s 1933
f 1331/485/1297 1346/474/1312 1318/484/1284 
s 1934
f 1347/476/1313 1345/475/1311 1346/474/1312 
s 1935
f 1346/474/1312 1348/477/1314 1347/476/1313 
s 1936
f 1348/477/1314 1346/474/1312 1331/485/1297 
s 1937
f 1331/485/1297 1329/478/1295 1348/477/1314 
s 1938
f 1348/477/1314 1329/478/1295 1327/479/1293 
s 1939
f 1347/476/1313 1348/477/1314 1327/479/1293 
s 1940
f 1327/479/1293 1325/480/1291 1347/476/1313 
s 1941
f 1347/476/1313 1325/480/1291 1323/481/1289 
s 1942
f 1345/475/1311 1347/476/1313 1323/481/1289 
s 1943
f 1323/481/1289 1321/482/1287 1345/475/1311 
s 1944
f 1313/635/1279 1316/636/1282 1315/637/1281 
s 1945
f 1315/637/1281 1314/638/1280 1313/635/1279 
s 1946
f 1297/635/1270 1295/636/1268 1294/637/977 
s 1947
f 1294/637/977 1300/638/1273 1297/635/1270 
s 1948
f 1349/625/1315 1350/626/869 1351/627/1316 
s 1949
f 1351/627/1316 1352/628/1317 1349/625/1315 
s 1950
f 1352/628/1317 1351/627/1316 1353/629/1318 
s 1951
f 1353/629/1318 1354/630/1319 1352/628/1317 
s 1952
f 1355/631/1320 1354/630/1319 1353/629/1318 
s 1953
f 1353/629/1318 1356/632/1321 1355/631/1320 
s 1954
f 1349/633/1315 1355/631/1320 1356/632/1321 
s 1955
f 1356/632/1321 1350/634/869 1349/633/1315 
s 1956
f 1357/612/1322 1358/611/1323 1359/614/1324 
s 1957
f 1359/614/1324 1360/613/1325 1357/612/1322 
s 1958
f 1361/677/1326 1359/678/1324 1358/676/1323 
s 1959
f 1358/676/1323 1362/675/1327 1361/677/1326 
s 1960
f 1362/675/1327 1358/676/1323 1357/674/1322 
s 1961
f 1357/674/1322 1363/673/1328 1362/675/1327 
s 1962
f 1363/673/1328 1357/674/1322 1360/672/1325 
s 1963
f 1360/672/1325 1364/669/1329 1363/673/1328 
s 1964
f 1364/669/1329 1360/672/1325 1359/671/1324 
s 1965
f 1359/671/1324 1361/670/1326 1364/669/1329 
s 1966
f 1207/612/1152 1205/613/1150 1203/614/1148 
s 1967
f 1203/614/1148 1202/611/1147 1207/612/1152 
s 1968
f 1365/820/504 1366/821/504 1367/822/504 
s 1969
f 1367/822/504 1368/823/504 1365/820/504 
s 1970
f 1369/824/1330 1370/825/1331 1367/822/1331 
s 1971
f 1367/822/1331 1366/821/1330 1369/824/1330 
s 1972
f 1371/822/1332 1369/821/1330 1366/824/1330 
s 1973
f 1366/824/1330 1365/825/1332 1371/822/1332 
s 1974
f 1372/822/1333 1371/821/1332 1365/824/1332 
s 1975
f 1365/824/1332 1368/825/1333 1372/822/1333 
s 1976
f 1367/825/1331 1370/822/1331 1372/821/1333 
s 1977
f 1372/821/1333 1368/824/1333 1367/825/1331 
s 1978
f 1373/820/1334 1374/821/1334 1375/822/1334 
s 1979
f 1375/822/1334 1376/823/1334 1373/820/1334 
s 1980
f 1377/821/1335 1376/824/1335 1375/825/1336 
s 1981
f 1375/825/1336 1378/822/1336 1377/821/1335 
s 1982
f 1379/821/1337 1373/824/1337 1376/825/1335 
s 1983
f 1376/825/1335 1377/822/1335 1379/821/1337 
s 1984
f 1380/821/1338 1374/824/1338 1373/825/1337 
s 1985
f 1373/825/1337 1379/822/1337 1380/821/1338 
s 1986
f 1375/824/1336 1374/825/1338 1380/822/1338 
s 1987
f 1380/822/1338 1378/821/1336 1375/824/1336 
s 1988
f 947/465/918 944/462/915 945/463/916 
s 1989
f 945/463/916 948/464/919 947/465/918 
s 1990
f 939/465/910 952/462/923 953/463/924 
s 1991
f 953/463/924 940/464/911 939/465/910 
s 1992
f 1381/476/1339 944/480/915 947/479/918 
s 1993
f 947/479/918 1382/477/1340 1381/476/1339 
s 1994
f 946/478/917 1382/477/1340 947/479/918 
s 1995
f 1382/477/1340 946/478/917 950/485/921 
s 1996
f 1383/475/1341 1381/476/1339 1382/477/1340 
s 1997
f 1382/477/1340 1384/474/1342 1383/475/1341 
s 1998
f 950/485/921 1384/474/1342 1382/477/1340 
s 1999
f 952/484/923 1384/474/1342 950/485/921 
s 2000
f 1384/474/1342 952/484/923 939/483/910 
s 2001
f 939/483/910 1383/475/1341 1384/474/1342 
s 2002
f 938/482/909 1383/475/1341 939/483/910 
s 2003
f 1383/475/1341 938/482/909 942/481/913 
s 2004
f 942/481/913 1381/476/1339 1383/475/1341 
s 2005
f 944/480/915 1381/476/1339 942/481/913 
s 2006
f 1349/633/1315 1385/634/1343 1386/632/1344 
s 2007
f 1386/632/1344 1355/631/1320 1349/633/1315 
s 2008
f 1355/631/1320 1386/632/1344 1387/629/1345 
s 2009
f 1387/629/1345 1354/630/1319 1355/631/1320 
s 2010
f 1352/628/1317 1354/630/1319 1387/629/1345 
s 2011
f 1387/629/1345 1388/627/1346 1352/628/1317 
s 2012
f 1349/625/1315 1352/628/1317 1388/627/1346 
s 2013
f 1388/627/1346 1385/626/1343 1349/625/1315 
s 2014
f 1389/477/1347 951/478/922 949/485/920 
s 2015
f 949/485/920 1390/474/1348 1389/477/1347 
s 2016
f 949/485/920 948/484/919 1390/474/1348 
s 2017
f 1390/474/1348 948/484/919 945/483/916 
s 2018
f 1391/476/1349 1389/477/1347 1390/474/1348 
s 2019
f 1390/474/1348 1392/475/1350 1391/476/1349 
s 2020
f 945/483/916 1392/475/1350 1390/474/1348 
s 2021
f 945/483/916 943/482/914 1392/475/1350 
s 2022
f 1392/475/1350 943/482/914 941/481/912 
s 2023
f 941/481/912 1391/476/1349 1392/475/1350 
s 2024
f 1391/476/1349 941/481/912 940/480/911 
s 2025
f 1391/476/1349 940/480/911 953/479/924 
s 2026
f 953/479/924 1389/477/1347 1391/476/1349 
s 2027
f 1389/477/1347 953/479/924 951/478/922 
s 2028
f 1353/637/1318 1351/638/1316 1350/635/869 
s 2029
f 1350/635/869 1356/636/1321 1353/637/1318 
s 2030
f 1385/637/1343 1388/638/1346 1387/635/1345 
s 2031
f 1387/635/1345 1386/636/1344 1385/637/1343 
s 2032
f 1393/625/1351 1394/626/1352 1395/627/1353 
s 2033
f 1395/627/1353 1396/628/1354 1393/625/1351 
s 2034
f 1396/628/1354 1395/627/1353 1397/629/1355 
s 2035
f 1397/629/1355 1398/630/1356 1396/628/1354 
s 2036
f 1399/631/1357 1398/630/1356 1397/629/1355 
s 2037
f 1397/629/1355 1400/632/1358 1399/631/1357 
s 2038
f 1393/633/1351 1399/631/1357 1400/632/1358 
s 2039
f 1400/632/1358 1394/634/1352 1393/633/1351 
s 2040
f 1401/609/1359 1402/610/1359 1403/608/1360 
s 2041
f 1403/608/1360 1404/607/1361 1401/609/1359 
s 2042
f 1404/607/1361 1403/608/1360 1405/606/1362 
s 2043
f 1405/606/1362 1406/605/1363 1404/607/1361 
s 2044
f 1406/605/1363 1405/606/1362 1407/604/1364 
s 2045
f 1407/604/1364 1408/603/1365 1406/605/1363 
s 2046
f 1408/603/1365 1407/604/1364 1402/601/1359 
s 2047
f 1402/601/1359 1401/602/1359 1408/603/1365 
s 2048
f 959/612/930 957/613/928 956/614/927 
s 2049
f 956/614/927 961/611/932 959/612/930 
s 2050
f 1061/465/1010 968/462/939 969/463/940 
s 2051
f 969/463/940 1060/464/1009 1061/465/1010 
s 2052
f 963/465/934 1056/462/1005 1055/463/1004 
s 2053
f 1055/463/1004 964/464/935 963/465/934 
s 2054
f 1409/474/1366 968/484/939 1061/483/1010 
s 2055
f 1061/483/1010 1410/475/1367 1409/474/1366 
s 2056
f 1059/482/1008 1410/475/1367 1061/483/1010 
s 2057
f 1410/475/1367 1059/482/1008 1057/481/1006 
s 2058
f 1411/477/1368 1409/474/1366 1410/475/1367 
s 2059
f 1410/475/1367 1412/476/1369 1411/477/1368 
s 2060
f 1057/481/1006 1412/476/1369 1410/475/1367 
s 2061
f 1056/480/1005 1412/476/1369 1057/481/1006 
s 2062
f 1412/476/1369 1056/480/1005 963/479/934 
s 2063
f 963/479/934 1411/477/1368 1412/476/1369 
s 2064
f 962/478/933 1411/477/1368 963/479/934 
s 2065
f 1411/477/1368 962/478/933 966/485/937 
s 2066
f 966/485/937 1409/474/1366 1411/477/1368 
s 2067
f 968/484/939 1409/474/1366 966/485/937 
s 2068
f 1393/625/1351 1413/626/1370 1414/627/1371 
s 2069
f 1414/627/1371 1399/628/1357 1393/625/1351 
s 2070
f 1399/628/1357 1414/627/1371 1415/629/1372 
s 2071
f 1415/629/1372 1398/630/1356 1399/628/1357 
s 2072
f 1396/631/1354 1398/630/1356 1415/629/1372 
s 2073
f 1415/629/1372 1416/632/1373 1396/631/1354 
s 2074
f 1393/633/1351 1396/631/1354 1416/632/1373 
s 2075
f 1416/632/1373 1413/634/1370 1393/633/1351 
s 2076
f 1417/475/1374 1054/482/1003 1058/481/1007 
s 2077
f 1058/481/1007 1418/476/1375 1417/475/1374 
s 2078
f 1058/481/1007 1060/480/1009 1418/476/1375 
s 2079
f 1418/476/1375 1060/480/1009 969/479/940 
s 2080
f 1419/474/1376 1417/475/1374 1418/476/1375 
s 2081
f 1418/476/1375 1420/477/1377 1419/474/1376 
s 2082
f 969/479/940 1420/477/1377 1418/476/1375 
s 2083
f 969/479/940 967/478/938 1420/477/1377 
s 2084
f 1420/477/1377 967/478/938 965/485/936 
s 2085
f 965/485/936 1419/474/1376 1420/477/1377 
s 2086
f 1419/474/1376 965/485/936 964/484/935 
s 2087
f 1419/474/1376 964/484/935 1055/483/1004 
s 2088
f 1055/483/1004 1417/475/1374 1419/474/1376 
s 2089
f 1417/475/1374 1055/483/1004 1054/482/1003 
s 2090
f 1421/639/1378 1422/640/1379 1423/641/1380 
s 2091
f 1423/641/1380 1424/642/1381 1421/639/1378 
s 2092
f 1424/642/1381 1423/641/1380 1425/643/1382 
s 2093
f 1425/643/1382 1426/644/1383 1424/642/1381 
s 2094
f 1427/645/1384 1426/644/1383 1425/643/1382 
s 2095
f 1425/643/1382 1428/646/1385 1427/645/1384 
s 2096
f 1421/647/1378 1427/645/1384 1428/646/1385 
s 2097
f 1428/646/1385 1422/648/1379 1421/647/1378 
s 2098
f 1429/601/1386 1430/602/1386 1431/603/1387 
s 2099
f 1431/603/1387 1432/604/1388 1429/601/1386 
s 2100
f 1432/604/1388 1431/603/1387 1433/605/1389 
s 2101
f 1433/605/1389 1434/606/1390 1432/604/1388 
s 2102
f 1434/606/1390 1433/605/1389 1435/607/1391 
s 2103
f 1435/607/1391 1436/608/1392 1434/606/1390 
s 2104
f 1436/608/1392 1435/607/1391 1430/609/1386 
s 2105
f 1430/609/1386 1429/610/1386 1436/608/1392 
s 2106
f 1437/614/1393 1438/611/1394 1439/612/1395 
s 2107
f 1439/612/1395 1440/613/1396 1437/614/1393 
s 2108
f 1440/609/1396 1441/610/1397 1442/608/1398 
s 2109
f 1442/608/1398 1437/607/1393 1440/609/1396 
s 2110
f 1437/607/1393 1442/608/1398 1443/606/1399 
s 2111
f 1443/606/1399 1438/605/1394 1437/607/1393 
s 2112
f 1438/605/1394 1443/606/1399 1444/604/1400 
s 2113
f 1444/604/1400 1439/603/1395 1438/605/1394 
s 2114
f 1439/603/1395 1444/604/1400 1441/601/1397 
s 2115
f 1441/601/1397 1440/602/1396 1439/603/1395 
s 2116
f 1445/614/1401 1446/611/1402 1447/612/685 
s 2117
f 1447/612/685 1448/613/1403 1445/614/1401 
s 2118
f 1446/609/1402 1449/610/1404 1450/608/1405 
s 2119
f 1450/608/1405 1447/607/685 1446/609/1402 
s 2120
f 1447/607/685 1450/608/1405 1451/606/1406 
s 2121
f 1451/606/1406 1448/605/1403 1447/607/685 
s 2122
f 1448/605/1403 1451/606/1406 1452/604/1407 
s 2123
f 1452/604/1407 1445/603/1401 1448/605/1403 
s 2124
f 1445/603/1401 1452/604/1407 1449/601/1404 
s 2125
f 1449/601/1404 1446/602/1402 1445/603/1401 
s 2126
f 976/612/946 971/613/942 970/614/941 
s 2127
f 970/614/941 974/611/944 976/612/946 
s 2128
f 1453/462/1408 1454/463/1409 1455/464/1410 
s 2129
f 1455/464/1410 1456/465/1411 1453/462/1408 
s 2130
f 1456/466/1411 1455/467/1410 1457/468/1412 
s 2131
f 1457/468/1412 1458/469/1413 1456/466/1411 
s 2132
f 1458/469/1413 1457/468/1412 1459/470/1414 
s 2133
f 1459/470/1414 1460/471/1415 1458/469/1413 
s 2134
f 1460/471/1415 1459/470/1414 1461/472/1416 
s 2135
f 1461/472/1416 1462/473/1417 1460/471/1415 
s 2136
f 1462/462/1417 1461/463/1416 1463/464/1418 
s 2137
f 1463/464/1418 1464/465/1419 1462/462/1417 
s 2138
f 1464/472/1419 1463/473/1418 1465/471/1420 
s 2139
f 1465/471/1420 1466/470/1421 1464/472/1419 
s 2140
f 1466/470/1421 1465/471/1420 1467/469/1422 
s 2141
f 1467/469/1422 1468/468/1423 1466/470/1421 
s 2142
f 1468/468/1423 1467/469/1422 1454/466/1409 
s 2143
f 1454/466/1409 1453/467/1408 1468/468/1423 
s 2144
f 1464/483/1419 1466/482/1421 1469/475/1424 
s 2145
f 1470/476/1425 1469/475/1424 1466/482/1421 
s 2146
f 1466/482/1421 1468/481/1423 1470/476/1425 
s 2147
f 1468/481/1423 1453/480/1408 1470/476/1425 
s 2148
f 1471/474/1426 1469/475/1424 1470/476/1425 
s 2149
f 1470/476/1425 1472/477/1427 1471/474/1426 
s 2150
f 1472/477/1427 1470/476/1425 1453/480/1408 
s 2151
f 1453/480/1408 1456/479/1411 1472/477/1427 
s 2152
f 1456/479/1411 1458/478/1413 1472/477/1427 
s 2153
f 1471/474/1426 1472/477/1427 1458/478/1413 
s 2154
f 1458/478/1413 1460/485/1415 1471/474/1426 
s 2155
f 1460/485/1415 1462/484/1417 1471/474/1426 
s 2156
f 1469/475/1424 1471/474/1426 1462/484/1417 
s 2157
f 1462/484/1417 1464/483/1419 1469/475/1424 
s 2158
f 1413/635/1370 1416/636/1373 1415/637/1372 
s 2159
f 1415/637/1372 1414/638/1371 1413/635/1370 
s 2160
f 1397/635/1355 1395/636/1353 1394/637/1352 
s 2161
f 1394/637/1352 1400/638/1358 1397/635/1355 
s 2162
f 1473/625/1428 1474/626/1429 1475/627/1430 
s 2163
f 1475/627/1430 1476/628/1431 1473/625/1428 
s 2164
f 1476/628/1431 1475/627/1430 1477/629/1432 
s 2165
f 1477/629/1432 1478/630/1433 1476/628/1431 
s 2166
f 1479/631/1434 1478/630/1433 1477/629/1432 
s 2167
f 1477/629/1432 1480/632/1435 1479/631/1434 
s 2168
f 1473/633/1428 1479/631/1434 1480/632/1435 
s 2169
f 1480/632/1435 1474/634/1429 1473/633/1428 
s 2170
f 1455/484/1410 1481/474/1436 1457/485/1412 
s 2171
f 1482/475/1437 1481/474/1436 1455/484/1410 
s 2172
f 1455/484/1410 1454/483/1409 1482/475/1437 
s 2173
f 1467/482/1422 1482/475/1437 1454/483/1409 
s 2174
f 1483/477/1438 1481/474/1436 1482/475/1437 
s 2175
f 1482/475/1437 1484/476/1439 1483/477/1438 
s 2176
f 1484/476/1439 1482/475/1437 1467/482/1422 
s 2177
f 1467/482/1422 1465/481/1420 1484/476/1439 
s 2178
f 1484/476/1439 1465/481/1420 1463/480/1418 
s 2179
f 1483/477/1438 1484/476/1439 1463/480/1418 
s 2180
f 1463/480/1418 1461/479/1416 1483/477/1438 
s 2181
f 1483/477/1438 1461/479/1416 1459/478/1414 
s 2182
f 1481/474/1436 1483/477/1438 1459/478/1414 
s 2183
f 1459/478/1414 1457/485/1412 1481/474/1436 
s 2184
f 1473/633/1428 1485/634/1440 1486/632/1441 
s 2185
f 1486/632/1441 1479/631/1434 1473/633/1428 
s 2186
f 1479/631/1434 1486/632/1441 1487/629/1442 
s 2187
f 1487/629/1442 1478/630/1433 1479/631/1434 
s 2188
f 1476/628/1431 1478/630/1433 1487/629/1442 
s 2189
f 1487/629/1442 1488/627/1443 1476/628/1431 
s 2190
f 1473/625/1428 1476/628/1431 1488/627/1443 
s 2191
f 1488/627/1443 1485/626/1440 1473/625/1428 
s 2192
f 1489/604/1444 1490/603/1444 1491/605/1444 
s 2193
f 1491/605/1444 1492/606/1444 1489/604/1444 
s 2194
f 1492/606/1445 1491/605/1446 1493/607/1447 
s 2195
f 1493/607/1447 1494/608/1448 1492/606/1445 
s 2196
f 1494/608/1448 1493/607/1447 1495/609/1449 
s 2197
f 1495/609/1449 1496/610/1450 1494/608/1448 
s 2198
f 1496/601/1450 1495/602/1449 1490/603/1451 
s 2199
f 1490/603/1451 1489/604/1452 1496/601/1450 
s 2200
f 1497/612/1453 1498/613/1454 1499/614/1455 
s 2201
f 1499/614/1455 1500/611/1456 1497/612/1453 
s 2202
f 1501/670/1457 1500/671/1456 1499/672/1455 
s 2203
f 1499/672/1455 1502/669/1458 1501/670/1457 
s 2204
f 1502/669/1458 1499/672/1455 1498/674/1454 
s 2205
f 1498/674/1454 1503/673/1459 1502/669/1458 
s 2206
f 1503/673/1459 1498/674/1454 1497/676/1453 
s 2207
f 1497/676/1453 1504/675/1460 1503/673/1459 
s 2208
f 1504/675/1460 1497/676/1453 1500/678/1456 
s 2209
f 1500/678/1456 1501/677/1457 1504/675/1460 
s 2210
f 981/611/951 980/612/950 985/613/955 
s 2211
f 985/613/955 983/614/953 981/611/951 
s 2212
f 1505/608/1461 1506/607/1461 1507/609/1461 
s 2213
f 1507/609/1461 1508/610/1461 1505/608/1461 
s 2214
f 1508/601/1462 1507/602/1463 1509/603/1464 
s 2215
f 1509/603/1464 1510/604/1465 1508/601/1462 
s 2216
f 1510/604/1465 1509/603/1464 1511/605/1466 
s 2217
f 1511/605/1466 1512/606/1467 1510/604/1465 
s 2218
f 1512/606/1467 1511/605/1466 1506/607/1468 
s 2219
f 1506/607/1468 1505/608/1469 1512/606/1467 
s 2220
f 995/466/965 592/467/668 593/468/669 
s 2221
f 593/468/669 986/469/956 995/466/965 
s 2222
f 986/469/956 593/468/669 588/470/664 
s 2223
f 588/470/664 987/471/957 986/469/956 
s 2224
f 987/471/957 588/470/664 583/472/659 
s 2225
f 583/472/659 582/473/658 987/471/957 
s 2226
f 592/462/668 995/463/965 993/464/963 
s 2227
f 993/464/963 591/465/667 592/462/668 
s 2228
f 1513/621/1470 798/622/806 799/623/806 
s 2229
f 799/623/806 843/624/1470 1513/621/1470 
s 2230
f 791/621/803 1513/622/1470 843/623/1470 
s 2231
f 843/623/1470 792/624/803 791/621/803 
s 2232
f 1514/621/1471 1515/622/1472 845/623/1472 
s 2233
f 845/623/1472 844/624/1471 1514/621/1471 
s 2234
f 1516/621/803 1514/622/1471 844/623/1471 
s 2235
f 844/623/1471 846/624/803 1516/621/803 
s 2236
f 1517/621/802 1516/622/803 846/623/803 
s 2237
f 846/623/803 849/624/802 1517/621/802 
s 2238
f 1518/621/804 1517/622/802 849/623/802 
s 2239
f 849/623/802 848/624/804 1518/621/804 
s 2240
f 1519/621/1473 1518/622/804 848/623/804 
s 2241
f 848/623/804 847/624/1473 1519/621/1473 
s 2242
f 1515/621/1472 1519/622/1473 847/623/1473 
s 2243
f 847/623/1473 845/624/1472 1515/621/1472 
s 2244
f 1485/637/1440 1488/638/1443 1487/635/1442 
s 2245
f 1487/635/1442 1486/636/1441 1485/637/1440 
s 2246
f 1477/637/1432 1475/638/1430 1474/635/1429 
s 2247
f 1474/635/1429 1480/636/1435 1477/637/1432 
# 2247 faces

