# Noesis .obj export.
#
mtllib diningtable01a.mtl
g
v  28.616158 78.693100 62.594341
v  -28.622862 76.381775 62.594360
v  28.622845 76.381775 62.594360
v  -28.630346 78.693100 62.594288
v  28.608673 79.047485 62.215923
v  -28.644028 79.047485 62.215866
v  28.579685 79.047485 -62.215942
v  -28.644129 79.047485 -62.216030
v  28.576227 78.693100 -62.594360
v  -28.643286 78.693100 -62.594448
v  -28.622862 76.381775 -62.594360
v  28.622845 76.381775 -62.594360
v  -28.622862 76.381775 62.594360
v  28.622845 76.381775 59.818817
v  28.622845 76.381775 62.594360
v  -28.622862 76.381775 59.818817
v  28.622845 76.381775 60.891109
v  28.616158 78.693100 62.594341
v  28.622845 76.381775 62.594360
v  28.608673 79.047485 62.215923
v  28.622845 76.381775 -60.891109
v  28.579685 79.047485 -62.215942
v  28.576227 78.693100 -62.594360
v  28.622845 76.381775 -62.594360
v  62.562572 76.381775 60.385609
v  28.770369 76.381775 60.594440
v  28.770369 73.053429 60.594440
v  62.562572 73.053429 60.385609
v  77.436340 76.381775 59.550297
v  62.298920 72.505981 59.692062
v  28.770369 72.505981 59.898491
v  77.056641 72.505981 58.866344
v  77.436340 73.053429 59.550297
v  81.959274 76.381775 58.780151
v  61.711838 72.505981 58.147736
v  76.211151 72.505981 57.343380
v  28.770369 72.505981 58.348824
v  81.544281 72.505981 58.105042
v  80.620209 72.505981 56.601768
v  81.959274 73.053429 58.780151
v  85.246918 76.381775 57.722694
v  84.806274 72.505981 57.059731
v  83.825073 72.505981 55.583500
v  85.246918 73.053429 57.722694
v  87.829803 76.381775 56.338657
v  87.368988 72.505981 55.691589
v  86.342926 72.505981 54.250759
v  87.829803 73.053429 56.338657
v  90.238419 76.381775 54.588818
v  89.758820 72.505981 53.961842
v  88.690918 72.505981 52.565765
v  90.238419 73.053429 54.588818
v  92.428818 76.381775 52.515022
v  92.428818 73.053429 52.515022
v  91.932121 72.505981 51.911865
v  90.826172 72.505981 50.568825
v  94.356987 76.381775 50.159149
v  94.356987 73.053429 50.159149
v  93.845276 72.505981 49.583054
v  92.705811 72.505981 48.300259
v  95.978989 76.381775 47.563042
v  95.978989 73.053429 47.563042
v  95.454605 72.505981 47.016762
v  94.286957 72.505981 45.800365
v  98.244370 76.381775 41.723255
v  98.244370 73.053429 41.723255
v  97.702316 72.505981 41.244049
v  96.495316 72.505981 40.176998
v  99.684349 76.381775 34.669842
v  99.684349 73.053429 34.669842
v  99.131073 72.505981 34.271641
v  97.899040 72.505981 33.384983
v  100.797020 76.381775 26.170292
v  100.797020 73.053429 26.170292
v  100.235046 72.505981 25.869715
v  98.983696 72.505981 25.200426
v  101.617035 76.381775 17.118271
v  101.617035 73.053429 17.118271
v  101.048660 72.505981 16.921659
v  99.783066 72.505981 16.483871
v  102.107880 76.381775 8.426907
v  102.107880 73.053429 8.426907
v  101.535675 72.505981 8.330124
v  100.261543 72.505981 8.114609
v  102.269867 76.381775 -0.000015
v  102.269867 73.053429 -0.000015
v  101.696411 72.505981 -0.000015
v  100.419464 72.505981 -0.000015
v  28.770369 73.053429 60.594440
v  28.770369 76.381775 60.594440
v  28.770369 76.381775 58.348824
v  28.770369 72.505981 59.898491
v  28.770369 72.505981 58.348824
v  90.301819 0.630898 59.771095
v  89.519051 0.187325 59.710831
v  87.939384 3.346634 56.974785
v  89.221397 4.408655 57.460945
v  90.801048 1.249348 60.196991
v  87.065872 5.546026 55.461807
v  90.920273 1.867782 60.842262
v  89.001442 5.470648 58.814217
v  88.406265 6.455845 56.049103
v  86.273575 8.080416 54.089504
v  90.581093 2.311337 61.550259
v  88.244698 7.365639 57.503517
v  87.674919 8.831379 54.782372
v  87.499489 5.470627 59.681343
v  89.917564 2.486206 62.135269
v  85.680305 11.355381 53.061928
v  86.742760 7.365622 58.370644
v  87.574303 9.582320 56.342339
v  87.156662 11.744109 53.884731
v  89.079132 2.311317 62.417381
v  85.493881 14.205019 52.739037
v  87.131073 12.132826 55.574642
v  86.072350 9.582306 57.209461
v  86.995819 14.205019 53.606152
v  85.402367 6.455803 57.783340
v  84.671005 8.831345 56.516602
v  88.296379 1.867744 62.357121
v  85.629112 12.132818 56.441765
v  86.995819 14.205019 55.340385
v  84.152763 11.744091 55.618954
v  86.995819 65.268883 53.606152
v  86.995819 65.268883 55.340378
v  85.493874 65.268883 52.739029
v  85.493866 14.205019 56.207500
v  83.991928 14.205019 55.340378
v  84.178352 11.355374 53.929054
v  84.771622 8.080402 54.956635
v  83.991920 14.205019 53.606152
v  86.576897 67.864143 53.606152
v  85.493866 65.268883 56.207500
v  86.576881 67.864143 55.340378
v  83.991920 65.268883 55.340378
v  85.126122 67.475410 52.739029
v  85.126114 67.475410 56.207500
v  85.680305 11.355381 53.061928
v  85.493881 14.205019 52.739037
v  83.991920 65.268883 53.606152
v  85.493874 65.268883 52.739029
v  83.675346 67.086670 55.340378
v  84.227165 69.652191 52.739029
v  85.527893 70.403168 53.606152
v  85.527893 70.403168 55.340378
v  84.227165 69.652191 56.207500
v  82.926437 68.901215 55.340378
v  83.675346 67.086678 53.606152
v  85.126122 67.475410 52.739029
v  82.926437 68.901215 53.606152
v  81.612411 70.662132 55.340378
v  82.674446 71.724167 56.207500
v  82.674446 71.724167 52.739029
v  83.736488 72.786209 53.606152
v  83.736488 72.786209 55.340378
v  84.227165 69.652191 52.739029
v  81.612411 70.662132 53.606152
v  79.880417 72.032700 53.606152
v  79.880409 72.032700 55.340378
v  80.631378 73.333420 56.207500
v  82.674446 71.724167 52.739029
v  80.631393 73.333420 52.739029
v  81.382355 74.634155 53.606152
v  81.382355 74.634148 55.340378
v  77.872696 73.114029 53.606152
v  80.631393 73.333420 52.739029
v  77.872696 73.114029 55.340378
v  78.261436 74.564804 56.207500
v  78.261444 74.564804 52.739029
v  78.650169 76.015579 53.606152
v  78.650169 76.015564 55.340378
v  75.851692 76.381775 55.340378
v  75.851685 74.879822 56.207500
v  75.851669 76.381775 53.606152
v  78.261444 74.564804 52.739029
v  75.851700 73.377869 53.606152
v  75.851669 74.879822 52.739029
v  75.851669 73.377869 55.340378
v  0.000000 76.381775 55.340378
v  0.000000 74.879822 56.207500
v  75.851669 74.879822 52.739029
v  0.000000 73.377876 53.606152
v  0.000000 73.377869 55.340378
v  0.000000 74.879822 52.739029
v  0.000000 76.381775 53.606152
v  0.000000 74.879822 52.739029
v  -99.684349 73.053429 34.669868
v  -100.797020 76.381775 26.170322
v  -100.797020 73.053429 26.170322
v  -101.617035 76.381775 17.118301
v  -97.702316 72.505981 41.244080
v  -99.131073 72.505981 34.271675
v  -96.495316 72.505981 40.176998
v  -94.286957 72.505981 45.800365
v  -98.244370 73.053429 41.723286
v  -99.684349 76.381775 34.669868
v  -95.454605 72.505981 47.016796
v  -92.705811 72.505981 48.300259
v  -95.978989 73.053429 47.563076
v  -98.244370 76.381775 41.723286
v  -93.845276 72.505981 49.583084
v  -90.826172 72.505981 50.568825
v  -94.356987 73.053429 50.159180
v  -95.978989 76.381775 47.563076
v  -91.932121 72.505981 51.911896
v  -88.690918 72.505981 52.565765
v  -92.428818 73.053429 52.515053
v  -94.356987 76.381775 50.159180
v  -89.758820 72.505981 53.961872
v  -90.238419 73.053429 54.588848
v  -92.428818 76.381775 52.515053
v  -87.829803 73.053429 56.338684
v  -87.368988 72.505981 55.691616
v  -90.238419 76.381775 54.588848
v  -86.342926 72.505981 54.250759
v  -85.246918 73.053429 57.722725
v  -87.829803 76.381775 56.338684
v  -84.806274 72.505981 57.059757
v  -83.825073 72.505981 55.583500
v  -81.959274 73.053429 58.780182
v  -85.246918 76.381775 57.722725
v  -81.544281 72.505981 58.105068
v  -80.620209 72.505981 56.601768
v  -77.436340 73.053429 59.550327
v  -81.959274 76.381775 58.780182
v  -77.056641 72.505981 58.866375
v  -76.211151 72.505981 57.343376
v  -62.562572 73.053429 60.385643
v  -77.436340 76.381775 59.550327
v  -62.298920 72.505981 59.692089
v  -61.711838 72.505981 58.147736
v  -28.770369 73.053429 60.594471
v  -62.562572 76.381775 60.385643
v  -28.770369 72.505981 59.898521
v  -28.770369 72.505981 58.348824
v  -28.770369 76.381775 60.594471
v  -28.770369 73.053429 -60.594440
v  -28.770369 76.381775 -60.594440
v  -28.770369 76.381775 -58.348824
v  -28.770369 72.505981 -59.898491
v  -28.770369 72.505981 -58.348824
v  -100.419464 72.505981 0.000000
v  -100.261543 72.505981 -8.114609
v  -100.419464 76.381775 -0.000015
v  -100.261543 76.381775 -8.114609
v  -99.783066 72.505981 -16.483871
v  -99.783066 76.381775 -16.483871
v  -98.983696 72.505981 -25.200426
v  -98.983696 76.381775 -25.200426
v  -97.899040 72.505981 -33.384983
v  -97.899040 76.381775 -33.384983
v  -96.495316 72.505981 -40.176998
v  -96.495316 76.381775 -40.176998
v  -94.286957 72.505981 -45.800365
v  -94.286957 76.381775 -45.800365
v  -92.705811 72.505981 -48.300259
v  -92.705811 76.381775 -48.300259
v  -90.826172 72.505981 -50.568825
v  -90.826172 76.381775 -50.568825
v  -88.690918 72.505981 -52.565765
v  -88.690918 76.381775 -52.565765
v  -86.342926 72.505981 -54.250759
v  -86.342926 76.381775 -54.250759
v  -83.825073 72.505981 -55.583500
v  -83.825073 76.381775 -55.583500
v  -80.620209 72.505981 -56.601768
v  -80.620209 76.381775 -56.601768
v  -76.211151 72.505981 -57.343376
v  -76.211151 76.381775 -57.343376
v  -61.711838 72.505981 -58.147736
v  -61.711838 76.381775 -58.147736
v  -28.770369 72.505981 -58.348824
v  -28.770369 76.381775 -58.348824
v  -28.770372 76.381775 -60.352844
v  -62.329357 76.381767 -60.144867
v  -28.770372 76.381775 -62.594360
v  -63.575733 76.381775 -62.378632
v  -79.346336 76.381775 -58.929348
v  -78.895454 76.381775 -61.515747
v  -83.553986 76.381775 -60.720181
v  -86.940201 76.381775 -59.627808
v  -89.380737 76.381790 -53.725857
v  -89.600517 76.381767 -58.198120
v  -92.081352 76.381775 -56.390499
v  -94.337425 76.381775 -54.248272
v  -96.323410 76.381775 -51.814632
v  -97.994041 76.381775 -49.132874
v  -97.355049 76.381775 -40.952511
v  -100.327339 76.381775 -43.100323
v  -101.810501 76.381775 -35.814114
v  -102.956535 76.381775 -27.034040
v  -100.950829 76.381775 -17.229630
v  -103.801117 76.381775 -17.683258
v  -104.306671 76.381767 -8.705032
v  -101.762604 76.381775 0.000000
v  -104.473534 76.381775 0.000000
v  -28.770369 73.053429 60.594471
v  -28.770369 76.381775 58.348824
v  -28.770369 76.381775 60.594471
v  -28.770369 72.505981 59.898521
v  -28.770369 72.505981 58.348824
v  -28.770369 72.505981 58.348824
v  -61.711838 76.381775 58.147705
v  -28.770369 76.381775 58.348824
v  -61.711838 72.505981 58.147736
v  -76.211151 76.381775 57.343346
v  -76.211151 72.505981 57.343376
v  -80.620209 76.381775 56.601738
v  -80.620209 72.505981 56.601768
v  -83.825073 76.381775 55.583469
v  -83.825073 72.505981 55.583500
v  -86.342926 76.381775 54.250729
v  -86.342926 72.505981 54.250759
v  -88.690918 76.381775 52.565735
v  -88.690918 72.505981 52.565765
v  -90.826172 76.381775 50.568794
v  -90.826172 72.505981 50.568825
v  -92.705811 72.505981 48.300259
v  -92.705811 76.381775 48.300232
v  -94.286957 72.505981 45.800365
v  -94.286957 76.381775 45.800339
v  -96.495316 72.505981 40.176998
v  -96.495316 76.381775 40.176968
v  -97.899040 72.505981 33.384983
v  -97.899040 76.381775 33.384953
v  -98.983696 72.505981 25.200426
v  -98.983696 76.381775 25.200397
v  -99.783066 72.505981 16.483871
v  -99.783066 76.381775 16.483841
v  -100.261543 72.505981 8.114609
v  -100.261543 76.381775 8.114578
v  -100.419464 72.505981 0.000000
v  -100.419464 76.381775 -0.000015
v  -28.770372 76.381775 62.594391
v  -62.329357 76.381767 60.144894
v  -28.770372 76.381775 60.352875
v  -63.575733 76.381775 62.378662
v  -79.346336 76.381775 58.929382
v  -78.895454 76.381775 61.515778
v  -83.553986 76.381775 60.720211
v  -86.940201 76.381775 59.627838
v  -89.380737 76.381790 53.725891
v  -89.600517 76.381767 58.198147
v  -92.081352 76.381775 56.390530
v  -94.337425 76.381775 54.248302
v  -96.323410 76.381775 51.814663
v  -97.994041 76.381775 49.132904
v  -97.355049 76.381775 40.952545
v  -100.327339 76.381775 43.100357
v  -101.810501 76.381775 35.814148
v  -102.956535 76.381775 27.034071
v  -100.950829 76.381775 17.229660
v  -103.801117 76.381775 17.683289
v  -104.306671 76.381767 8.705063
v  -101.762604 76.381775 0.000031
v  -104.473534 76.381775 0.000031
v  -90.301811 0.630898 -58.036846
v  -89.519051 0.187325 -57.976574
v  -87.939384 3.346634 -55.240536
v  -89.221397 4.408655 -55.726696
v  -90.801048 1.249348 -58.462738
v  -87.065872 5.546026 -53.727554
v  -90.920273 1.867782 -59.108006
v  -89.001442 5.470648 -57.079964
v  -88.406273 6.455845 -54.314846
v  -86.273582 8.080416 -52.355255
v  -90.581093 2.311337 -59.816010
v  -88.244713 7.365639 -55.769264
v  -87.674919 8.831379 -53.048115
v  -87.499489 5.470627 -57.947086
v  -89.917564 2.486206 -60.401016
v  -85.680305 11.355381 -51.327675
v  -86.742760 7.365622 -56.636387
v  -87.574303 9.582320 -54.608082
v  -87.156662 11.744109 -52.150482
v  -89.079132 2.311317 -60.683132
v  -85.493889 14.205019 -51.004784
v  -87.131065 12.132826 -53.840393
v  -86.072350 9.582306 -55.475212
v  -86.995819 14.205019 -51.871902
v  -85.402367 6.455803 -56.049084
v  -84.671005 8.831345 -54.782349
v  -88.296379 1.867744 -60.622864
v  -85.629112 12.132818 -54.707508
v  -86.995811 14.205019 -53.606129
v  -84.152763 11.744091 -53.884705
v  -86.995819 65.268883 -51.871895
v  -86.995811 65.268883 -53.606129
v  -85.493874 65.268883 -51.004772
v  -85.493858 14.205019 -54.473251
v  -83.991936 14.205019 -53.606121
v  -84.178352 11.355374 -52.194798
v  -84.771629 8.080402 -53.222382
v  -83.991920 14.205019 -51.871895
v  -86.576897 67.864143 -51.871895
v  -85.493858 65.268883 -54.473251
v  -86.576897 67.864143 -53.606129
v  -83.991920 65.268883 -53.606121
v  -85.126122 67.475410 -51.004772
v  -85.126122 67.475410 -54.473251
v  -85.680305 11.355381 -51.327675
v  -85.493889 14.205019 -51.004784
v  -83.991920 65.268883 -51.871895
v  -85.493874 65.268883 -51.004772
v  -83.675346 67.086670 -53.606121
v  -84.227165 69.652191 -51.004772
v  -85.527893 70.403168 -51.871895
v  -85.527893 70.403168 -53.606129
v  -84.227165 69.652191 -54.473251
v  -82.926437 68.901215 -53.606121
v  -83.675346 67.086678 -51.871895
v  89.519051 0.187325 59.710831
v  88.680634 0.012436 59.992950
v  87.939384 3.346634 56.974785
v  86.437447 3.346615 57.841919
v  88.017097 0.187305 60.577965
v  87.065872 5.546026 55.461807
v  87.677917 0.630863 61.285961
v  86.217499 4.408607 59.195183
v  85.563919 5.546009 56.328934
v  86.273575 8.080416 54.089504
v  87.797150 1.249298 61.931229
v  86.128723 74.879822 42.462002
v  86.128723 74.879822 0.867137
v  86.995850 73.377869 0.867122
v  86.995850 73.377869 42.462029
v  86.995850 73.114029 44.483028
v  86.128723 74.564796 44.871773
v  88.730034 73.377869 42.462002
v  88.730034 73.114037 44.483028
v  88.730034 73.377869 0.867122
v  89.597168 74.879822 42.462009
v  86.128723 73.333420 47.241718
v  88.730034 72.032700 46.490738
v  86.995819 72.032700 46.490742
v  89.597168 74.564804 44.871758
v  89.597168 73.333420 47.241707
v  89.597168 74.879822 0.867107
v  88.730072 76.381775 0.867122
v  88.730072 76.381775 42.462013
v  86.128685 71.724167 49.284786
v  86.995819 70.662140 48.222736
v  88.730034 70.662132 48.222740
v  89.597168 71.724167 49.284779
v  88.730034 76.015564 45.260498
v  88.730072 74.634140 47.992687
v  88.730034 72.786209 50.346809
v  86.995850 76.381775 0.867137
v  86.995850 76.381775 42.462002
v  86.995819 74.634148 47.992687
v  86.995819 76.015579 45.260498
v  86.128685 69.652191 50.837498
v  86.995819 68.901215 49.536766
v  88.730034 68.901215 49.536774
v  89.597168 69.652191 50.837498
v  88.730072 70.403168 52.138226
v  86.128723 74.564796 44.871773
v  86.995819 72.786209 50.346817
v  86.995819 70.403168 52.138226
v  86.128723 73.333420 47.241718
v  86.128723 74.879822 0.867137
v  86.128723 74.879822 42.462002
v  88.730034 67.864151 53.187214
v  89.597168 67.475410 51.736439
v  86.128723 67.475410 51.736443
v  86.995819 67.086678 50.285667
v  88.730034 67.086670 50.285667
v  86.128685 71.724167 49.284786
v  86.128685 69.652191 50.837498
v  86.995819 67.864136 53.187222
v  86.995819 65.268883 50.602245
v  88.730034 65.268883 50.602245
v  89.597168 65.268883 52.104195
v  88.730034 65.268883 53.606140
v  86.128723 65.268883 52.104198
v  86.995819 14.205019 50.602245
v  89.597168 14.205022 52.104195
v  88.730034 14.205019 50.602257
v  86.128723 67.475410 51.736443
v  86.128723 65.268883 52.104198
v  86.995819 65.268883 53.606152
v  86.995819 14.205022 53.606152
v  88.730072 14.205019 53.606148
v  89.831451 12.132820 52.239437
v  89.008636 11.744092 50.763088
v  86.128723 14.205021 52.104210
v  87.318726 11.355377 50.788677
v  88.964325 12.132827 53.741402
v  90.599152 9.582303 52.682678
v  89.906281 8.831345 51.281338
v  86.128723 14.205021 52.104210
v  87.274414 11.744108 53.766994
v  89.732018 9.582323 54.184628
v  91.760315 7.365619 53.353088
v  86.451599 11.355378 52.290630
v  88.346313 8.080402 51.381947
v  91.173035 6.455804 52.012688
v  86.451599 11.355378 52.290630
v  88.172058 8.831380 54.285240
v  90.893188 7.365640 54.855030
v  93.071014 5.470631 54.109810
v  87.479187 8.080414 52.883900
v  89.718597 5.546007 52.174248
v  92.584869 4.408607 52.827827
v  87.479187 8.080414 52.883900
v  89.438782 6.455843 55.016594
v  92.203888 5.470648 55.611767
v  88.851471 5.546026 53.676193
v  91.231598 3.346607 53.047771
v  95.524933 2.486206 56.527893
v  95.746788 1.867748 54.906708
v  95.807060 2.311325 55.689465
v  94.675621 0.630859 54.288246
v  95.320892 1.249290 54.407482
v  88.851471 5.546026 53.676193
v  90.850647 4.408649 55.831718
v  94.231934 1.867782 57.530605
v  94.939941 2.311337 57.191414
v  90.364471 3.346638 54.549717
v  93.382629 0.012432 55.290955
v  93.967644 0.187298 54.627419
v  90.364471 3.346638 54.549717
v  93.160767 0.630898 56.912144
v  93.586662 1.249344 57.411377
v  93.100494 0.187325 56.129372
v  93.100494 0.187325 56.129372
v  28.622833 76.381775 60.594421
v  -28.622862 76.381775 60.594421
v  -28.622862 73.053429 60.594421
v  28.622833 73.053429 60.594421
v  -28.622862 72.505981 59.898495
v  28.622833 72.505981 59.898495
v  -28.622862 72.505981 58.348816
v  28.622849 72.505981 58.348816
v  58.348827 75.589027 34.665890
v  -58.348827 75.589027 34.665890
v  -58.348824 73.053429 34.665890
v  58.348835 73.053429 34.665890
v  58.348827 73.053429 33.490997
v  -58.348835 73.053429 33.490963
v  58.348827 76.381775 37.317719
v  -58.348827 76.381775 37.317719
v  -58.348827 75.589027 37.317719
v  58.348827 75.589027 37.317719
v  -58.348827 75.589027 34.665890
v  58.348827 75.589027 34.665890
v  -58.348835 76.381775 33.490963
v  58.348827 76.381775 33.490997
v  -58.348835 73.053429 33.490963
v  58.348827 73.053429 33.490997
v  58.348827 75.589027 34.665890
v  58.348835 73.053429 34.665890
v  58.348835 73.053429 33.490997
v  58.348827 76.381775 33.490997
v  58.348827 76.381775 37.317719
v  58.348827 75.589027 37.317719
v  62.329357 76.381775 60.144867
v  28.770372 76.381775 62.594360
v  28.770372 76.381775 60.352856
v  63.575733 76.381775 62.378632
v  79.346336 76.381775 58.929348
v  78.895454 76.381775 61.515747
v  83.553986 76.381775 60.720181
v  86.940201 76.381775 59.627819
v  89.380737 76.381775 53.725857
v  89.600517 76.381775 58.198120
v  92.081352 76.381775 56.390518
v  94.337425 76.381775 54.248272
v  96.323410 76.381775 51.814651
v  97.994041 76.381775 49.132858
v  97.355049 76.381775 40.952511
v  100.327339 76.381775 43.100323
v  101.810501 76.381775 35.814114
v  102.956535 76.381775 27.034040
v  100.950829 76.381775 17.229630
v  103.801117 76.381775 17.683258
v  104.306671 76.381775 8.705032
v  101.762604 76.381775 0.000000
v  104.473534 76.381775 0.000000
v  28.622841 76.381775 59.078735
v  -28.622862 76.381767 -59.078735
v  28.622841 76.381767 -59.078735
v  -28.622866 76.381775 59.078735
v  62.562572 76.381775 -60.385609
v  28.770369 73.053429 -60.594440
v  28.770369 76.381775 -60.594440
v  62.562572 73.053429 -60.385609
v  77.436340 76.381775 -59.550297
v  62.298920 72.505981 -59.692062
v  28.770369 72.505981 -59.898491
v  77.056641 72.505981 -58.866344
v  77.436340 73.053429 -59.550297
v  81.959274 76.381775 -58.780151
v  61.711838 72.505981 -58.147736
v  76.211151 72.505981 -57.343376
v  28.770369 72.505981 -58.348824
v  81.544281 72.505981 -58.105042
v  80.620209 72.505981 -56.601768
v  81.959274 73.053429 -58.780151
v  85.246918 76.381775 -57.722694
v  84.806274 72.505981 -57.059731
v  83.825073 72.505981 -55.583500
v  85.246918 73.053429 -57.722694
v  87.829803 76.381775 -56.338657
v  87.368988 72.505981 -55.691589
v  86.342926 72.505981 -54.250759
v  87.829803 73.053429 -56.338657
v  90.238419 76.381775 -54.588818
v  89.758820 72.505981 -53.961842
v  88.690918 72.505981 -52.565765
v  -85.126122 67.475410 -51.004772
v  -82.926437 68.901215 -51.871895
v  -81.612419 70.662132 -53.606121
v  -82.674446 71.724167 -54.473251
v  -82.674461 71.724167 -51.004772
v  -83.736488 72.786209 -51.871895
v  -83.736488 72.786209 -53.606129
v  -84.227165 69.652191 -51.004772
v  -81.612419 70.662132 -51.871895
v  -79.880424 72.032700 -51.871895
v  -79.880409 72.032700 -53.606121
v  -80.631378 73.333420 -54.473251
v  -82.674461 71.724167 -51.004772
v  -80.631401 73.333420 -51.004772
v  -81.382355 74.634155 -51.871895
v  -81.382355 74.634148 -53.606129
v  -77.872696 73.114029 -51.871895
v  -80.631401 73.333420 -51.004772
v  -77.872696 73.114029 -53.606121
v  -78.261436 74.564804 -54.473251
v  -78.261436 74.564804 -51.004772
v  -78.650169 76.015579 -51.871895
v  -78.650169 76.015564 -53.606129
v  -75.851692 76.381775 -53.606129
v  -75.851669 74.879822 -54.473251
v  -75.851669 76.381775 -51.871902
v  -78.261436 74.564804 -51.004772
v  -75.851707 73.377869 -51.871902
v  -75.851669 74.879822 -51.004772
v  -75.851669 73.377869 -53.606121
v  -0.000000 76.381775 -53.606129
v  -75.851669 74.879822 -51.004772
v  -0.000000 73.377876 -51.871902
v  -0.000000 74.879822 -54.473251
v  -0.000000 73.377869 -53.606121
v  -0.000000 74.879822 -51.004772
v  -0.000000 76.381775 -51.871902
v  -0.000000 74.879822 -51.004772
v  75.851669 73.377869 -53.606121
v  75.851669 74.879822 -54.473251
v  75.851669 76.381775 -51.871902
v  75.851692 76.381775 -53.606129
v  75.851669 74.879822 -51.004772
v  75.851707 73.377869 -51.871902
v  75.851669 74.879822 -51.004772
v  77.872696 73.114029 -53.606121
v  78.261436 74.564804 -54.473251
v  77.872696 73.114029 -51.871895
v  78.261436 74.564804 -51.004772
v  78.650169 76.015579 -51.871895
v  78.650169 76.015564 -53.606129
v  78.261436 74.564804 -51.004772
v  79.880409 72.032700 -53.606121
v  80.631378 73.333420 -54.473251
v  81.382355 74.634148 -53.606129
v  81.382355 74.634155 -51.871895
v  79.880424 72.032700 -51.871895
v  80.631401 73.333420 -51.004772
v  80.631401 73.333420 -51.004772
v  83.736488 72.786209 -53.606129
v  82.674446 71.724167 -54.473251
v  81.612419 70.662132 -53.606121
v  83.736488 72.786209 -51.871895
v  85.527893 70.403168 -53.606129
v  84.227165 69.652191 -54.473251
v  81.612419 70.662132 -51.871895
v  82.674461 71.724167 -51.004772
v  82.674461 71.724167 -51.004772
v  85.527893 70.403168 -51.871895
v  86.576897 67.864143 -53.606129
v  82.926437 68.901215 -51.871895
v  82.926437 68.901215 -53.606121
v  85.126122 67.475410 -54.473251
v  84.227165 69.652191 -51.004772
v  84.227165 69.652191 -51.004772
v  86.576897 67.864143 -51.871895
v  86.995811 65.268883 -53.606129
v  85.493858 65.268883 -54.473251
v  83.675346 67.086678 -51.871895
v  85.126122 67.475410 -51.004772
v  83.675346 67.086670 -53.606121
v  83.991920 65.268883 -53.606121
v  83.991920 65.268883 -51.871895
v  85.126122 67.475410 -51.004772
v  85.493874 65.268883 -51.004772
v  86.995819 65.268883 -51.871895
v  85.493858 14.205019 -54.473251
v  83.991936 14.205019 -53.606121
v  86.995819 14.205019 -51.871902
v  86.995811 14.205019 -53.606129
v  83.991920 14.205019 -51.871895
v  85.493874 65.268883 -51.004772
v  85.493889 14.205019 -51.004784
v  85.629112 12.132818 -54.707508
v  84.152763 11.744091 -53.884705
v  87.131065 12.132826 -53.840393
v  87.156662 11.744109 -52.150482
v  86.072350 9.582306 -55.475212
v  84.178352 11.355374 -52.194798
v  85.493889 14.205019 -51.004784
v  84.671005 8.831345 -54.782349
v  87.574303 9.582320 -54.608082
v  86.742760 7.365622 -56.636387
v  85.680305 11.355381 -51.327675
v  87.674919 8.831379 -53.048115
v  88.244713 7.365639 -55.769264
v  84.771629 8.080402 -53.222382
v  85.680305 11.355381 -51.327675
v  85.402367 6.455803 -56.049084
v  87.499489 5.470627 -57.947086
v  86.273582 8.080416 -52.355255
v  88.406273 6.455845 -54.314846
v  89.001442 5.470648 -57.079964
v  86.273582 8.080416 -52.355255
v  85.563919 5.546009 -54.594677
v  86.217484 4.408607 -57.460934
v  87.065872 5.546026 -53.727554
v  89.221397 4.408655 -55.726696
v  89.917564 2.486206 -60.401016
v  88.296379 1.867744 -60.622864
v  89.079132 2.311317 -60.683132
v  90.920273 1.867782 -59.108006
v  90.581093 2.311337 -59.816010
v  87.065872 5.546026 -53.727554
v  86.437447 3.346615 -56.107670
v  87.677910 0.630863 -59.551708
v  87.797150 1.249298 -60.196972
v  87.939384 3.346634 -55.240536
v  90.301811 0.630898 -58.036846
v  90.801048 1.249348 -58.462738
v  87.939384 3.346634 -55.240536
v  88.680626 0.012436 -58.258694
v  88.017097 0.187305 -58.843708
v  89.519051 0.187325 -57.976574
v  89.519051 0.187325 -57.976574
v  -86.273582 8.080416 -52.355255
v  -85.563919 5.546009 -54.594677
v  -87.065872 5.546026 -53.727554
v  -86.217484 4.408607 -57.460934
v  -86.437447 3.346615 -56.107670
v  -87.939384 3.346634 -55.240536
v  -87.677910 0.630863 -59.551708
v  -87.797150 1.249298 -60.196972
v  -88.680626 0.012436 -58.258694
v  -88.017097 0.187305 -58.843708
v  -89.519051 0.187325 -57.976574
v  86.128731 74.879822 0.867126
v  86.128723 74.879822 -40.727737
v  86.995857 73.377869 0.867126
v  86.995850 73.377869 -40.727768
v  86.995857 73.114029 -42.748772
v  86.128738 74.564796 -43.137516
v  88.730049 73.377869 -40.727745
v  88.730049 73.114037 -42.748779
v  88.730049 73.377869 0.867126
v  86.128738 73.333420 -45.507458
v  88.730034 72.032700 -44.756481
v  86.995819 72.032700 -44.756481
v  90.238419 73.053429 -54.588818
v  92.428818 76.381775 -52.515022
v  92.428818 73.053429 -52.515022
v  91.932121 72.505981 -51.911865
v  90.826172 72.505981 -50.568825
v  94.356987 76.381775 -50.159149
v  94.356987 73.053429 -50.159149
v  93.845276 72.505981 -49.583054
v  92.705811 72.505981 -48.300259
v  95.978989 76.381775 -47.563042
v  95.978989 73.053429 -47.563042
v  95.454605 72.505981 -47.016762
v  94.286957 72.505981 -45.800365
v  98.244370 76.381775 -41.723255
v  98.244370 73.053429 -41.723255
v  97.702316 72.505981 -41.244049
v  96.495316 72.505981 -40.176998
v  99.684349 76.381775 -34.669842
v  99.684349 73.053429 -34.669842
v  99.131073 72.505981 -34.271641
v  97.899040 72.505981 -33.384983
v  100.797020 76.381775 -26.170292
v  100.797020 73.053429 -26.170292
v  100.235046 72.505981 -25.869715
v  98.983696 72.505981 -25.200426
v  101.617035 76.381775 -17.118271
v  101.617035 73.053429 -17.118271
v  101.048660 72.505981 -16.921659
v  99.783066 72.505981 -16.483871
v  102.107880 76.381775 -8.426907
v  102.107880 73.053429 -8.426907
v  101.535675 72.505981 -8.330124
v  100.261543 72.505981 -8.114609
v  102.269867 76.381775 0.000015
v  102.269867 73.053429 0.000015
v  101.696411 72.505981 0.000015
v  100.419464 72.505981 -0.000005
v  28.770369 73.053429 -60.594440
v  28.770369 76.381775 -58.348824
v  28.770369 76.381775 -60.594440
v  28.770369 72.505981 -59.898491
v  28.770369 72.505981 -58.348824
v  100.261543 72.505981 -8.114609
v  100.419464 72.505981 -0.000005
v  100.419464 76.381775 -0.000015
v  100.261543 76.381775 -8.114609
v  99.783066 72.505981 -16.483871
v  99.783066 76.381775 -16.483871
v  98.983696 72.505981 -25.200426
v  98.983696 76.381775 -25.200426
v  97.899040 72.505981 -33.384983
v  97.899040 76.381775 -33.384983
v  96.495316 72.505981 -40.176998
v  96.495316 76.381775 -40.176998
v  94.286957 72.505981 -45.800365
v  94.286957 76.381775 -45.800365
v  92.705811 72.505981 -48.300259
v  92.705811 76.381775 -48.300259
v  90.826172 72.505981 -50.568825
v  90.826172 76.381775 -50.568825
v  88.690918 72.505981 -52.565765
v  88.690918 76.381775 -52.565765
v  86.342926 72.505981 -54.250759
v  86.342926 76.381775 -54.250759
v  83.825073 72.505981 -55.583500
v  83.825073 76.381775 -55.583500
v  80.620209 72.505981 -56.601768
v  80.620209 76.381775 -56.601768
v  76.211151 72.505981 -57.343376
v  76.211151 76.381775 -57.343376
v  61.711838 72.505981 -58.147736
v  61.711838 76.381775 -58.147736
v  28.770369 72.505981 -58.348824
v  28.770369 76.381775 -58.348824
v  -90.301811 0.630898 59.771095
v  -87.939384 3.346634 56.974785
v  -89.519051 0.187325 59.710831
v  -89.221397 4.408655 57.460945
v  -90.801048 1.249348 60.196991
v  -87.065872 5.546026 55.461807
v  -90.920273 1.867782 60.842262
v  -89.001442 5.470648 58.814217
v  -88.406273 6.455845 56.049103
v  -86.273582 8.080416 54.089504
v  -90.581093 2.311337 61.550259
v  -88.244713 7.365639 57.503517
v  -87.674919 8.831379 54.782372
v  -87.499489 5.470627 59.681343
v  -89.917564 2.486206 62.135269
v  -85.680305 11.355381 53.061928
v  -86.742760 7.365622 58.370644
v  -87.574303 9.582320 56.342339
v  -87.156662 11.744109 53.884731
v  -89.079132 2.311317 62.417381
v  -85.493889 14.205019 52.739037
v  -87.131065 12.132826 55.574642
v  -86.072350 9.582306 57.209461
v  -86.995819 14.205019 53.606152
v  -85.402367 6.455803 57.783340
v  -84.671005 8.831345 56.516602
v  -88.296379 1.867744 62.357121
v  -85.629112 12.132818 56.441765
v  -86.995811 14.205019 55.340385
v  -84.152763 11.744091 55.618954
v  -86.995819 65.268883 53.606152
v  -86.995811 65.268883 55.340378
v  -85.493874 65.268883 52.739029
v  -85.493858 14.205019 56.207500
v  -83.991936 14.205019 55.340378
v  -84.178352 11.355374 53.929054
v  -84.771629 8.080402 54.956635
v  -83.991920 14.205019 53.606152
v  -86.576897 67.864143 53.606152
v  -85.493858 65.268883 56.207500
v  -86.576897 67.864143 55.340378
v  -83.991920 65.268883 55.340378
v  -85.126122 67.475410 52.739029
v  -85.126122 67.475410 56.207500
v  -85.680305 11.355381 53.061928
v  -85.493889 14.205019 52.739037
v  -83.991920 65.268883 53.606152
v  -85.493874 65.268883 52.739029
v  -83.675346 67.086670 55.340378
v  -84.227165 69.652191 52.739029
v  -85.527893 70.403168 53.606152
v  -85.527893 70.403168 55.340378
v  -84.227165 69.652191 56.207500
v  -82.926437 68.901215 55.340378
v  -83.675346 67.086678 53.606152
v  -85.126122 67.475410 52.739029
v  -82.926437 68.901215 53.606152
v  -81.612419 70.662132 55.340378
v  -82.674446 71.724167 56.207500
v  -82.674461 71.724167 52.739029
v  -83.736488 72.786209 53.606152
v  -83.736488 72.786209 55.340378
v  -84.227165 69.652191 52.739029
v  -81.612419 70.662132 53.606152
v  -79.880424 72.032700 53.606152
v  -79.880409 72.032700 55.340378
v  -80.631378 73.333420 56.207500
v  -82.674461 71.724167 52.739029
v  -80.631401 73.333420 52.739029
v  -81.382355 74.634155 53.606152
v  -81.382355 74.634148 55.340378
v  -77.872696 73.114029 53.606152
v  -80.631401 73.333420 52.739029
v  -77.872696 73.114029 55.340378
v  -78.261436 74.564804 56.207500
v  -78.261436 74.564804 52.739029
v  -78.650169 76.015579 53.606152
v  -78.650169 76.015564 55.340378
v  -75.851692 76.381775 55.340378
v  -75.851669 74.879822 56.207500
v  -75.851669 76.381775 53.606152
v  -78.261436 74.564804 52.739029
v  -75.851707 73.377869 53.606152
v  -75.851669 74.879822 52.739029
v  -75.851669 73.377869 55.340378
v  0.000000 76.381775 55.340378
v  0.000000 74.879822 56.207500
v  -75.851669 74.879822 52.739029
v  0.000000 73.377876 53.606152
v  0.000000 73.377869 55.340378
v  0.000000 74.879822 52.739029
v  0.000000 76.381775 53.606152
v  0.000000 74.879822 52.739029
v  -89.519051 0.187325 59.710831
v  -87.939384 3.346634 56.974785
v  -88.680626 0.012436 59.992950
v  -86.437447 3.346615 57.841919
v  -87.065872 5.546026 55.461807
v  -88.017097 0.187305 60.577965
v  -87.677910 0.630863 61.285961
v  -86.217484 4.408607 59.195183
v  -85.563919 5.546009 56.328934
v  -86.273582 8.080416 54.089504
v  -87.797150 1.249298 61.931229
v  -93.160774 0.630898 56.912136
v  -93.100494 0.187325 56.129368
v  -90.364479 3.346638 54.549717
v  -90.850647 4.408649 55.831699
v  -93.586685 1.249344 57.411366
v  -88.851471 5.546026 53.676193
v  -94.231941 1.867782 57.530594
v  89.597183 74.879822 0.867126
v  89.597183 74.879822 -40.727745
v  89.597168 74.564804 -43.137505
v  89.597168 73.333420 -45.507446
v  86.128708 71.724167 -47.550514
v  86.995819 70.662140 -46.488491
v  88.730057 70.662132 -46.488483
v  89.597183 71.724167 -47.550507
v  88.730080 76.381775 0.867126
v  88.730080 76.381775 -40.727760
v  88.730049 76.015564 -43.526245
v  88.730080 74.634140 -46.258427
v  88.730049 72.786209 -48.612560
v  86.995857 76.381775 -40.727741
v  86.128700 69.652191 -49.103252
v  86.995819 68.901215 -47.802509
v  88.730049 68.901215 -47.802509
v  89.597183 69.652191 -49.103249
v  88.730072 70.403168 -50.403969
v  86.995819 74.634148 -46.258430
v  86.995819 76.015579 -43.526234
v  86.995857 76.381775 0.867126
v  86.995819 72.786209 -48.612556
v  86.995834 70.403168 -50.403976
v  86.128723 74.879822 -40.727737
v  86.128738 74.564796 -43.137516
v  86.128738 73.333420 -45.507458
v  88.730049 67.864151 -51.452965
v  89.597168 67.475410 -50.002174
v  86.128708 71.724167 -47.550514
v  86.128731 74.879822 0.867126
v  86.128700 69.652191 -49.103252
v  86.995834 67.864136 -51.452957
v  88.730049 65.268883 -51.871883
v  89.597168 65.268883 -50.369942
v  86.128738 67.475410 -50.002174
v  86.128731 65.268883 -50.369938
v  86.995819 65.268883 -51.871895
v  86.995819 14.205022 -51.871914
v  88.730080 14.205019 -51.871902
v  89.597168 14.205022 -50.369942
v  88.730049 65.268883 -48.868004
v  86.128723 14.205021 -50.369953
v  87.274422 11.744108 -52.032738
v  88.964340 12.132827 -52.007145
v  89.831459 12.132820 -50.505192
v  88.730049 14.205019 -48.868008
v  86.451614 11.355378 -50.556366
v  88.172058 8.831380 -52.551003
v  89.732040 9.582323 -52.450378
v  90.599167 9.582303 -50.948421
v  89.008644 11.744092 -49.028851
v  86.995834 14.205019 -48.867996
v  87.479195 8.080414 -51.149635
v  89.438789 6.455843 -53.282337
v  90.893188 7.365640 -53.120773
v  91.760323 7.365619 -51.618820
v  89.906288 8.831345 -49.547077
v  87.318733 11.355377 -49.054424
v  88.851471 5.546026 -51.941936
v  90.850647 4.408649 -54.097450
v  92.203888 5.470648 -53.877510
v  93.071022 5.470631 -52.375568
v  91.173042 6.455804 -50.278431
v  88.346321 8.080402 -49.647678
v  86.451614 11.355378 -50.556366
v  86.128723 14.205021 -50.369953
v  90.364479 3.346638 -52.815460
v  92.584869 4.408607 -51.093559
v  89.718605 5.546007 -50.439995
v  87.479195 8.080414 -51.149635
v  94.231941 1.867782 -55.796345
v  93.160774 0.630898 -55.177879
v  93.586685 1.249344 -55.677116
v  93.100494 0.187325 -54.395115
v  91.231606 3.346607 -51.313519
v  88.851471 5.546026 -51.941936
v  86.128731 65.268883 -50.369938
v  90.364479 3.346638 -52.815460
v  93.382629 0.012432 -53.556698
v  94.675621 0.630859 -52.553982
v  93.967644 0.187298 -52.893162
v  93.100494 0.187325 -54.395115
v  86.995834 65.268883 -48.867996
v  86.128738 67.475410 -50.002174
v  88.730049 67.086670 -48.551411
v  86.995819 67.086678 -48.551414
v  95.320900 1.249290 -52.673214
v  95.746811 1.867748 -53.172451
v  95.807076 2.311325 -53.955204
v  95.524940 2.486206 -54.793636
v  94.939957 2.311337 -55.457150
v  100.419464 72.505981 -0.000005
v  100.261543 76.381775 8.114578
v  100.419464 76.381775 -0.000015
v  100.261543 72.505981 8.114578
v  99.783066 72.505981 16.483841
v  99.783066 76.381775 16.483841
v  98.983696 72.505981 25.200397
v  98.983696 76.381775 25.200397
v  97.899040 72.505981 33.384953
v  97.899040 76.381775 33.384953
v  96.495316 72.505981 40.176968
v  96.495316 76.381775 40.176968
v  94.286957 72.505981 45.800339
v  94.286957 76.381775 45.800339
v  92.705811 72.505981 48.300232
v  92.705811 76.381775 48.300232
v  90.826172 72.505981 50.568794
v  90.826172 76.381775 50.568794
v  88.690918 72.505981 52.565735
v  88.690918 76.381775 52.565735
v  86.342926 72.505981 54.250729
v  86.342926 76.381775 54.250729
v  83.825073 72.505981 55.583469
v  83.825073 76.381775 55.583469
v  80.620209 72.505981 56.601738
v  80.620209 76.381775 56.601738
v  76.211151 72.505981 57.343346
v  76.211151 76.381775 57.343346
v  61.711838 72.505981 58.147705
v  61.711838 76.381775 58.147705
v  28.770369 72.505981 58.348793
v  28.770369 76.381775 58.348793
v  28.770390 76.381805 0.000000
v  28.770372 76.381790 -59.446644
v  61.824512 76.381798 -59.241718
v  76.373413 76.381775 -58.422260
v  80.797554 76.381790 -57.666718
v  84.013405 76.381798 -56.629246
v  86.539864 76.381798 -55.271435
v  88.895866 76.381798 -53.554749
v  91.038437 76.381775 -51.520222
v  92.924507 76.381775 -49.209007
v  94.511070 76.381775 -46.662064
v  96.726974 76.381767 -40.932907
v  98.135521 76.381790 -34.013123
v  99.223885 76.381790 -25.674561
v  100.025963 76.381805 -16.794006
v  100.506088 76.381767 -8.267258
v  100.664543 76.381805 0.000000
v  100.506088 76.381805 8.267242
v  100.025963 76.381790 16.793961
v  99.223885 76.381775 25.674530
v  98.135521 76.381790 34.013153
v  96.726974 76.381798 40.932861
v  94.511070 76.381805 46.662003
v  92.924500 76.381744 49.208920
v  91.038437 76.381790 51.520245
v  88.895866 76.381775 53.554779
v  86.539864 76.381805 55.271454
v  84.013405 76.381775 56.629269
v  80.797554 76.381790 57.666718
v  76.373413 76.381798 58.422207
v  61.824512 76.381798 59.241791
v  28.770372 76.381744 59.446590
v  -28.770390 76.381760 -0.000092
v  -28.770372 76.381775 59.775715
v  -62.221821 76.381767 59.569698
v  -76.945610 76.381775 58.745693
v  -81.422897 76.381775 57.985985
v  -84.677406 76.381760 56.942783
v  -87.234253 76.381767 55.577438
v  -89.618561 76.381790 53.851212
v  -91.786888 76.381767 51.805412
v  -93.695618 76.381760 49.481384
v  -95.301254 76.381760 46.920334
v  -97.543770 76.381760 41.159492
v  -98.969254 76.381760 34.201355
v  -100.070702 76.381767 25.816589
v  -100.882431 76.381775 16.886917
v  -101.368332 76.381790 8.312958
v  -101.528702 76.381760 -0.000092
v  -101.368332 76.381775 -8.313095
v  -100.882431 76.381775 -16.887070
v  -100.070702 76.381790 -25.816727
v  -98.969254 76.381798 -34.201477
v  -97.543800 76.381790 -41.159607
v  -95.301254 76.381760 -46.920483
v  -93.695595 76.381798 -49.481537
v  -91.786888 76.381775 -51.805496
v  -89.618561 76.381805 -53.851406
v  -87.234253 76.381775 -55.577393
v  -84.677406 76.381790 -56.942837
v  -81.422897 76.381790 -57.985962
v  -76.945580 76.381760 -58.745724
v  -62.221821 76.381775 -59.569794
v  -28.770357 76.381798 -59.775723
v  -28.622875 76.381775 -60.891109
v  -28.643301 78.693100 -62.594448
v  -28.622875 76.381775 -62.594360
v  -28.644142 79.047485 -62.216030
v  -28.644041 79.047485 62.215866
v  -28.622875 76.381775 60.891109
v  -28.630348 78.693100 62.594288
v  -28.622862 76.381775 62.594360
v  63.575733 78.693100 62.378616
v  28.770372 78.693100 62.594341
v  28.770372 76.381775 62.594341
v  63.575733 76.381775 62.378616
v  78.895454 78.693100 61.515747
v  63.365318 79.047485 62.001495
v  78.592415 79.047485 61.143845
v  28.770372 79.047485 62.215923
v  28.770390 79.047485 0.000000
v  83.222778 79.047485 60.353100
v  -92.203888 5.470648 55.611759
v  -89.438789 6.455843 55.016590
v  -87.479195 8.080414 52.883892
v  -94.939957 2.311337 57.191402
v  -90.893188 7.365640 54.855026
v  -88.172058 8.831380 54.285252
v  -93.071022 5.470631 54.109818
v  -95.524940 2.486206 56.527893
v  -86.451614 11.355378 52.290619
v  -91.760323 7.365619 53.353073
v  -89.732040 9.582323 54.184628
v  -87.274422 11.744108 53.766991
v  -95.807076 2.311325 55.689453
v  -86.128723 14.205021 52.104206
v  -88.964340 12.132827 53.741394
v  -90.599167 9.582303 52.682674
v  -86.995819 14.205022 53.606163
v  -91.173042 6.455804 52.012688
v  -89.906288 8.831345 51.281326
v  -95.746811 1.867748 54.906700
v  -86.128731 65.268883 52.104187
v  -89.831459 12.132820 52.239441
v  -88.730080 14.205019 53.606152
v  -89.008644 11.744092 50.763100
v  -86.995819 65.268883 53.606152
v  -88.730049 65.268883 53.606136
v  -89.597168 14.205022 52.104195
v  -88.730049 14.205019 50.602264
v  -87.318733 11.355377 50.788681
v  -88.346321 8.080402 51.381935
v  -86.995834 14.205019 50.602245
v  -86.995834 67.864136 53.187214
v  -86.128738 67.475410 51.736427
v  -88.730049 65.268883 50.602257
v  -89.597168 65.268883 52.104195
v  -88.730049 67.864151 53.187214
v  -86.451614 11.355378 52.290619
v  -86.128723 14.205021 52.104206
v  -89.597168 67.475410 51.736431
v  -86.995834 65.268883 50.602245
v  -86.128731 65.268883 52.104187
v  -88.730049 67.086670 50.285660
v  -86.128700 69.652191 50.837505
v  -86.995834 70.403168 52.138226
v  -88.730072 70.403168 52.138222
v  -89.597183 69.652191 50.837498
v  -88.730049 68.901215 49.536762
v  -86.995819 67.086678 50.285667
v  -86.128738 67.475410 51.736427
v  -86.995819 68.901215 49.536762
v  -88.730057 70.662132 48.222740
v  -89.597183 71.724167 49.284763
v  -88.730049 72.786209 50.346809
v  -86.128708 71.724167 49.284763
v  -86.995819 72.786209 50.346809
v  -86.128700 69.652191 50.837505
v  -86.995819 70.662140 48.222740
v  -88.730034 72.032700 46.490730
v  -89.597168 73.333420 47.241695
v  -86.995819 74.634148 47.992683
v  -88.730080 74.634140 47.992680
v  -86.128738 73.333420 47.241707
v  -86.128708 71.724167 49.284763
v  -86.995819 72.032700 46.490730
v  -86.995857 73.114029 44.483025
v  -88.730049 73.114037 44.483028
v  -89.597168 74.564804 44.871758
v  -88.730049 76.015564 45.260498
v  -86.128738 73.333420 47.241707
v  -86.128738 74.564796 44.871769
v  -86.995819 76.015579 45.260490
v  -86.995857 76.381775 42.461994
v  -88.730080 76.381775 42.462013
v  -89.597183 74.879822 42.461998
v  -86.995850 73.377869 42.462021
v  -88.730049 73.377869 42.461998
v  -86.128723 74.879822 42.461987
v  -86.128738 74.564796 44.871769
v  -88.730080 76.381775 0.867126
v  -89.597183 74.879822 0.867126
v  -86.995857 73.377869 0.867126
v  -86.128723 74.879822 42.461987
v  -86.995857 76.381775 0.867126
v  -88.730049 73.377869 0.867126
v  -86.128731 74.879822 0.867126
v  -88.730049 73.377869 -40.727745
v  -89.597183 74.879822 -40.727745
v  -86.995857 76.381775 -40.727741
v  -88.730080 76.381775 -40.727760
v  -86.995850 73.377869 -40.727768
v  -86.128723 74.879822 -40.727737
v  -88.730049 73.114037 -42.748779
v  -89.597168 74.564804 -43.137505
v  -86.128731 74.879822 0.867126
v  -86.128723 74.879822 -40.727737
v  -88.730049 76.015564 -43.526245
v  -86.995857 73.114029 -42.748772
v  -86.128738 74.564796 -43.137516
v  -86.995819 76.015579 -43.526234
v  -86.128738 74.564796 -43.137516
v  -88.730034 72.032700 -44.756481
v  -89.597168 73.333420 -45.507446
v  -88.730080 74.634140 -46.258427
v  -86.995819 74.634148 -46.258430
v  -86.995819 72.032700 -44.756481
v  -86.128738 73.333420 -45.507458
v  -88.730049 72.786209 -48.612560
v  -89.597183 71.724167 -47.550507
v  -86.128738 73.333420 -45.507458
v  -86.995819 72.786209 -48.612556
v  -86.995819 70.662140 -46.488491
v  -88.730057 70.662132 -46.488483
v  -86.128708 71.724167 -47.550514
v  -86.995834 70.403168 -50.403976
v  -88.730072 70.403168 -50.403969
v  -89.597183 69.652191 -49.103249
v  -86.128708 71.724167 -47.550514
v  -88.730049 67.864151 -51.452965
v  -86.995819 68.901215 -47.802509
v  -86.128700 69.652191 -49.103252
v  -88.730049 68.901215 -47.802509
v  -89.597168 67.475410 -50.002174
v  -86.128700 69.652191 -49.103252
v  -86.995834 67.864136 -51.452957
v  -88.730049 65.268883 -51.871883
v  -89.597168 65.268883 -50.369942
v  -86.995819 67.086678 -48.551414
v  -86.128738 67.475410 -50.002174
v  -88.730049 67.086670 -48.551411
v  -88.730049 65.268883 -48.868004
v  -89.597168 14.205022 -50.369942
v  -86.995834 65.268883 -48.867996
v  -86.128738 67.475410 -50.002174
v  -86.128731 65.268883 -50.369938
v  -86.995819 65.268883 -51.871895
v  -86.995819 14.205022 -51.871914
v  -88.730080 14.205019 -51.871902
v  -86.128731 65.268883 -50.369938
v  -86.995834 14.205019 -48.867996
v  -88.730049 14.205019 -48.868008
v  -89.831459 12.132820 -50.505192
v  -88.964340 12.132827 -52.007145
v  -86.128723 14.205021 -50.369953
v  -87.274422 11.744108 -52.032738
v  -89.008644 11.744092 -49.028851
v  -90.599167 9.582303 -50.948421
v  -89.732040 9.582323 -52.450378
v  -86.128723 14.205021 -50.369953
v  -87.318733 11.355377 -49.054424
v  -89.906288 8.831345 -49.547077
v  -91.760323 7.365619 -51.618820
v  -86.451614 11.355378 -50.556366
v  -88.172058 8.831380 -52.551003
v  78.895454 76.381775 61.515747
v  83.553986 78.693100 60.720181
v  86.588531 79.047485 59.267319
v  83.553986 76.381775 60.720181
v  86.940201 78.693100 59.627808
v  89.232758 79.047485 57.846252
v  86.940201 76.381775 59.627808
v  89.600517 78.693100 58.198090
v  91.698593 79.047485 56.049591
v  89.600517 76.381775 58.198090
v  92.081352 78.693100 56.390499
v  93.941032 79.047485 53.920288
v  92.081352 76.381775 56.390499
v  94.337425 78.693100 54.248260
v  94.337425 76.381775 54.248260
v  96.323410 78.693100 51.814632
v  95.915016 79.047485 51.501389
v  96.323410 76.381775 51.814632
v  97.994041 78.693100 49.132843
v  97.575546 79.047485 48.835815
v  97.994041 76.381775 49.132843
v  100.327339 78.693100 43.100311
v  99.894730 79.047485 42.839752
v  100.327339 76.381775 43.100311
v  101.810501 78.693100 35.814102
v  101.368942 79.047485 35.597576
v  101.810501 76.381775 35.814102
v  102.956535 78.693100 27.034027
v  102.508041 79.047485 26.870605
v  102.956535 76.381775 27.034027
v  103.801117 78.693100 17.683243
v  103.801117 76.381775 17.683243
v  104.306671 78.693100 8.705017
v  103.347519 79.047485 17.576340
v  103.850021 79.047485 8.652405
v  104.306671 76.381775 8.705017
v  104.473534 78.693100 0.000000
v  104.015862 79.047485 0.000000
v  103.850021 79.047485 -8.652405
v  104.473534 76.381775 0.000000
v  104.306671 78.693100 -8.705032
v  103.347519 79.047485 -17.576340
v  104.306671 76.381775 -8.705032
v  103.801117 78.693100 -17.683243
v  102.508041 79.047485 -26.870590
v  103.801117 76.381775 -17.683243
v  102.956535 78.693100 -27.034027
v  101.368942 79.047485 -35.597595
v  102.956535 76.381775 -27.034027
v  101.810501 78.693100 -35.814114
v  101.810501 76.381775 -35.814114
v  100.327339 78.693100 -43.100323
v  99.894730 79.047485 -42.839752
v  97.575546 79.047485 -48.835800
v  100.327339 76.381775 -43.100323
v  97.994041 78.693100 -49.132843
v  95.915016 79.047485 -51.501369
v  97.994041 76.381775 -49.132843
v  96.323410 78.693100 -51.814632
v  93.941032 79.047485 -53.920334
v  94.337425 78.693100 -54.248291
v  96.323410 76.381775 -51.814632
v  91.698593 79.047485 -56.049652
v  92.081352 78.693100 -56.390564
v  94.337425 76.381775 -54.248291
v  89.232758 79.047485 -57.846252
v  89.600517 78.693100 -58.198120
v  92.081352 76.381775 -56.390564
v  89.600517 76.381775 -58.198120
v  86.940201 78.693100 -59.627838
v  86.940201 76.381775 -59.627838
v  83.553986 78.693100 -60.720211
v  86.588531 79.047485 -59.267365
v  83.222778 79.047485 -60.353149
v  83.553986 76.381775 -60.720211
v  78.895454 78.693100 -61.515778
v  78.592415 79.047485 -61.143856
v  78.895454 76.381775 -61.515778
v  63.575733 78.693100 -62.378693
v  63.365318 79.047485 -62.001587
v  28.770372 79.047485 -62.215942
v  28.770372 78.693100 -62.594360
v  63.575733 76.381775 -62.378693
v  28.770372 76.381775 -62.594360
v  89.521545 0.853859 61.449398
v  88.680634 0.012436 59.992950
v  89.519051 0.187325 59.710831
v  90.301819 0.630898 59.771095
v  88.017097 0.187305 60.577965
v  90.801048 1.249348 60.196991
v  87.677917 0.630863 61.285961
v  90.920273 1.867782 60.842262
v  87.797150 1.249298 61.931229
v  90.581093 2.311337 61.550259
v  88.296379 1.867744 62.357121
v  89.917564 2.486206 62.135269
v  89.079132 2.311317 62.417381
v  94.839081 0.853859 56.131874
v  93.100494 0.187325 56.129372
v  93.382629 0.012432 55.290955
v  93.967644 0.187298 54.627419
v  93.160767 0.630898 56.912144
v  94.675621 0.630859 54.288246
v  93.586662 1.249344 57.411377
v  95.320892 1.249290 54.407482
v  94.231934 1.867782 57.530605
v  95.746788 1.867748 54.906708
v  94.939941 2.311337 57.191414
v  95.524933 2.486206 56.527893
v  95.807060 2.311325 55.689465
v  -28.770363 76.381775 -62.594448
v  -63.575726 76.381775 -62.378723
v  -63.575726 78.693100 -62.378723
v  -28.770363 78.693100 -62.594448
v  -78.895470 78.693100 -61.515884
v  -78.895470 76.381775 -61.515884
v  -63.365322 79.047485 -62.001633
v  -78.592422 79.047485 -61.143951
v  -28.770372 79.047485 -62.216030
v  -28.770390 79.047485 -0.000015
v  -83.222778 79.047485 -60.353207
v  -83.553986 78.693100 -60.720318
v  -86.588531 79.047485 -59.267487
v  -83.553986 76.381775 -60.720318
v  -86.940201 78.693100 -59.627945
v  -89.232780 79.047485 -57.846390
v  -86.940201 76.381775 -59.627945
v  -89.600494 78.693100 -58.198227
v  -91.698593 79.047485 -56.049667
v  -89.600494 76.381775 -58.198227
v  -92.081367 78.693100 -56.390579
v  -93.941048 79.047485 -53.920364
v  -92.081367 76.381775 -56.390579
v  -94.337410 78.693100 -54.248333
v  -94.337410 76.381775 -54.248333
v  -96.323433 78.693100 -51.814739
v  -95.915016 79.047485 -51.501465
v  -96.323433 76.381775 -51.814739
v  -97.994026 78.693100 -49.132950
v  -97.575546 79.047485 -48.835857
v  -97.994026 76.381775 -49.132950
v  -100.327347 78.693100 -43.100418
v  -99.894722 79.047485 -42.839859
v  -100.327347 76.381775 -43.100418
v  -101.810493 78.693100 -35.814148
v  -101.368942 79.047485 -35.597626
v  -101.810493 76.381775 -35.814148
v  -102.956543 78.693100 -27.034040
v  -102.508041 79.047485 -26.870621
v  -102.956543 76.381775 -27.034040
v  -103.801140 78.693100 -17.683289
v  -103.801140 76.381775 -17.683289
v  -104.306664 78.693100 -8.705032
v  -103.347519 79.047485 -17.576385
v  -103.850021 79.047485 -8.652420
v  -104.306664 76.381775 -8.705032
v  -104.473541 78.693100 -0.000015
v  -104.015877 79.047485 -0.000015
v  -103.850021 79.047485 8.652390
v  -104.473541 76.381775 -0.000015
v  -104.306686 78.693100 8.705048
v  -103.347519 79.047485 17.576355
v  -104.306686 76.381775 8.705048
v  -103.801140 78.693100 17.683258
v  -102.508041 79.047485 26.870543
v  -103.801140 76.381775 17.683258
v  -102.956520 78.693100 27.033949
v  -101.368942 79.047485 35.597576
v  -102.956520 76.381775 27.033949
v  -90.893188 7.365640 -53.120773
v  -86.451614 11.355378 -50.556366
v  -88.346321 8.080402 -49.647678
v  -91.173042 6.455804 -50.278431
v  -93.071022 5.470631 -52.375568
v  -87.479195 8.080414 -51.149635
v  -89.438789 6.455843 -53.282337
v  -92.203888 5.470648 -53.877510
v  -87.479195 8.080414 -51.149635
v  -89.718605 5.546007 -50.439995
v  -92.584869 4.408607 -51.093559
v  -88.851471 5.546026 -51.941936
v  -90.850647 4.408649 -54.097450
v  -95.524940 2.486206 -54.793636
v  -95.746811 1.867748 -53.172451
v  -95.807076 2.311325 -53.955204
v  -94.231941 1.867782 -55.796345
v  -94.939957 2.311337 -55.457150
v  -88.851471 5.546026 -51.941936
v  -91.231606 3.346607 -51.313519
v  -94.675621 0.630859 -52.553982
v  -95.320900 1.249290 -52.673214
v  -90.364479 3.346638 -52.815460
v  -93.160774 0.630898 -55.177879
v  -93.586685 1.249344 -55.677116
v  -90.364479 3.346638 -52.815460
v  -93.382629 0.012432 -53.556698
v  -93.967644 0.187298 -52.893162
v  -93.100494 0.187325 -54.395115
v  -93.100494 0.187325 -54.395115
v  -87.479195 8.080414 52.883892
v  -89.718605 5.546007 52.174248
v  -88.851471 5.546026 53.676193
v  -92.584869 4.408607 52.827816
v  -91.231606 3.346607 53.047775
v  -90.364479 3.346638 54.549717
v  -94.675621 0.630859 54.288231
v  -95.320900 1.249290 54.407467
v  -93.382629 0.012432 55.290951
v  -93.967644 0.187298 54.627419
v  -93.100494 0.187325 56.129368
v  -28.622862 73.053429 -60.594421
v  -28.622860 76.381775 -58.348816
v  -28.622862 76.381775 -60.594421
v  -28.622856 72.505981 -59.898495
v  -28.622856 72.505981 -58.348816
v  28.622849 73.053429 -60.594421
v  -28.622862 76.381775 -60.594421
v  28.622849 76.381775 -60.594421
v  -28.622862 73.053429 -60.594421
v  -28.622856 72.505981 -59.898495
v  28.622845 72.505981 -59.898495
v  28.622845 72.505981 -58.348816
v  -28.622856 72.505981 -58.348816
v  28.622849 73.053429 -60.594421
v  28.622849 76.381775 -60.594421
v  28.622845 76.381775 -58.348816
v  28.622845 72.505981 -59.898495
v  28.622845 72.505981 -58.348816
v  28.622845 76.381775 -58.348816
v  -28.622856 72.505981 -58.348816
v  28.622845 72.505981 -58.348816
v  -28.622860 76.381775 -58.348816
v  58.348824 73.053429 -34.665890
v  -58.348827 75.589027 -34.665890
v  58.348827 75.589027 -34.665890
v  -58.348835 73.053429 -34.665890
v  -58.348827 73.053429 -33.490997
v  58.348827 73.053429 -33.490982
v  58.348827 75.589027 -37.317719
v  -58.348827 76.381775 -37.317719
v  58.348827 76.381775 -37.317719
v  -58.348827 75.589027 -37.317719
v  58.348827 75.589027 -34.665890
v  -58.348827 75.589027 -34.665890
v  58.348827 75.589027 -34.665890
v  58.348827 73.053429 -33.490982
v  58.348824 73.053429 -34.665890
v  58.348827 76.381775 -33.490982
v  58.348827 76.381775 -37.317719
v  58.348827 75.589027 -37.317719
v  -58.348827 76.381775 -33.490997
v  58.348827 73.053429 -33.490982
v  58.348827 76.381775 -33.490982
v  -58.348827 73.053429 -33.490997
v  -58.348827 73.053429 -33.490997
v  -58.348827 75.589027 -34.665890
v  -58.348835 73.053429 -34.665890
v  -58.348827 76.381775 -33.490997
v  -58.348827 76.381775 -37.317719
v  -58.348827 75.589027 -37.317719
v  62.329357 76.381767 -60.144867
v  28.770372 76.381775 -60.352844
v  28.770372 76.381775 -62.594360
v  63.575733 76.381775 -62.378632
v  79.346336 76.381775 -58.929348
v  78.895454 76.381775 -61.515747
v  83.553986 76.381775 -60.720181
v  86.940201 76.381775 -59.627808
v  89.380737 76.381790 -53.725857
v  89.600517 76.381767 -58.198120
v  92.081352 76.381775 -56.390499
v  94.337425 76.381775 -54.248272
v  96.323410 76.381775 -51.814632
v  97.994041 76.381775 -49.132874
v  97.355049 76.381775 -40.952511
v  100.327339 76.381775 -43.100323
v  101.810501 76.381775 -35.814114
v  102.956535 76.381775 -27.034040
v  100.950829 76.381775 -17.229630
v  103.801117 76.381775 -17.683258
v  104.306671 76.381767 -8.705032
v  101.762604 76.381775 0.000000
v  104.473534 76.381775 0.000000
v  -28.622850 76.381775 -62.594360
v  28.622841 76.381775 -59.818817
v  -28.622883 76.381775 -59.818817
v  28.622845 76.381775 -62.594360
v  -28.622866 76.381775 -60.891117
v  -28.643291 78.693100 -62.594448
v  -28.622866 76.381775 -62.594360
v  -28.644133 79.047485 -62.216030
v  -28.644033 79.047485 62.215866
v  -28.622866 76.381775 60.891109
v  -28.630341 78.693100 62.594276
v  -28.622856 76.381775 62.594349
v  28.770367 76.381775 -62.215935
v  28.770367 78.693100 -62.594360
v  28.770367 76.381775 -62.594360
v  28.770367 79.047485 -62.215935
v  28.770367 79.047485 62.215923
v  28.770367 76.381775 62.215923
v  28.770378 78.693100 62.594349
v  28.770378 76.381775 62.594349
v  -28.770363 76.381775 62.215923
v  -28.770363 78.693100 62.594372
v  -28.770363 76.381775 62.594372
v  -28.770363 79.047485 62.215923
v  -28.770363 79.047485 -62.215935
v  -28.770363 76.381775 -62.215935
v  -28.770367 78.693100 -62.594360
v  -28.770367 76.381775 -62.594360
v  28.622833 73.053429 60.594421
v  28.622839 76.381775 58.348816
v  28.622833 76.381775 60.594421
v  28.622841 72.505981 59.898495
v  28.622839 72.505981 58.348816
v  -28.622856 72.505981 58.348816
v  28.622839 76.381775 58.348816
v  28.622839 72.505981 58.348816
v  -28.622866 76.381775 58.348816
v  -28.622866 73.053429 60.594421
v  -28.622866 76.381775 60.594421
v  -28.622866 76.381775 58.348816
v  -28.622856 72.505981 59.898495
v  -28.622856 72.505981 58.348816
v  -28.770369 73.053429 -60.594440
v  -62.562572 76.381775 -60.385609
v  -28.770369 76.381775 -60.594440
v  -62.562572 73.053429 -60.385609
v  -77.436340 76.381775 -59.550297
v  -62.298920 72.505981 -59.692062
v  -28.770369 72.505981 -59.898491
v  -77.056641 72.505981 -58.866344
v  -77.436340 73.053429 -59.550297
v  -81.959274 76.381775 -58.780151
v  -61.711838 72.505981 -58.147736
v  -76.211151 72.505981 -57.343376
v  -28.770369 72.505981 -58.348824
v  -81.544281 72.505981 -58.105042
v  -80.620209 72.505981 -56.601768
v  -81.959274 73.053429 -58.780151
v  -85.246918 76.381775 -57.722694
v  -84.806274 72.505981 -57.059731
v  -83.825073 72.505981 -55.583500
v  -85.246918 73.053429 -57.722694
v  -87.829803 76.381775 -56.338657
v  -87.368988 72.505981 -55.691589
v  -86.342926 72.505981 -54.250759
v  -87.829803 73.053429 -56.338657
v  -90.238419 76.381775 -54.588818
v  -89.758820 72.505981 -53.961842
v  -88.690918 72.505981 -52.565765
v  -90.238419 73.053429 -54.588818
v  -92.428818 76.381775 -52.515022
v  -92.428818 73.053429 -52.515022
v  -91.932121 72.505981 -51.911865
v  -90.826172 72.505981 -50.568825
v  -94.356987 76.381775 -50.159149
v  -94.356987 73.053429 -50.159149
v  -93.845276 72.505981 -49.583054
v  -92.705811 72.505981 -48.300259
v  -95.978989 76.381775 -47.563042
v  -95.978989 73.053429 -47.563042
v  -95.454605 72.505981 -47.016762
v  -94.286957 72.505981 -45.800365
v  -98.244370 76.381775 -41.723255
v  -98.244370 73.053429 -41.723255
v  -97.702316 72.505981 -41.244049
v  -96.495316 72.505981 -40.176998
v  -99.684349 76.381775 -34.669842
v  -99.684349 73.053429 -34.669842
v  -99.131073 72.505981 -34.271641
v  -97.899040 72.505981 -33.384983
v  -100.797020 76.381775 -26.170292
v  -100.797020 73.053429 -26.170292
v  -100.235046 72.505981 -25.869715
v  -98.983696 72.505981 -25.200426
v  -101.617035 76.381775 -17.118271
v  -101.617035 73.053429 -17.118271
v  -101.048660 72.505981 -16.921659
v  -99.783066 72.505981 -16.483871
v  -102.107880 76.381775 -8.426907
v  -102.107880 73.053429 -8.426907
v  -101.535675 72.505981 -8.330124
v  -100.261543 72.505981 -8.114609
v  -102.269867 76.381775 0.000015
v  -102.269867 73.053429 0.000015
v  -101.696411 72.505981 0.000015
v  -100.419464 72.505981 0.000000
v  -100.261543 72.505981 8.114609
v  -101.696411 72.505981 0.000015
v  -101.535675 72.505981 8.330154
v  -99.783066 72.505981 16.483871
v  -102.269867 73.053429 0.000015
v  -102.107880 73.053429 8.426937
v  -101.048660 72.505981 16.921692
v  -98.983696 72.505981 25.200426
v  -102.269867 76.381775 0.000015
v  -101.617035 73.053429 17.118301
v  -102.107880 76.381775 8.426937
v  -100.235046 72.505981 25.869747
v  -97.899040 72.505981 33.384983
v  -101.810524 78.693100 35.814102
v  -101.810524 76.381775 35.814102
v  -100.327347 78.693100 43.100342
v  -99.894753 79.047485 42.839737
v  -97.575546 79.047485 48.835754
v  -100.327347 76.381775 43.100342
v  -97.994026 78.693100 49.132828
v  -95.915001 79.047485 51.501358
v  -97.994026 76.381775 49.132828
v  -96.323433 78.693100 51.814556
v  -93.941048 79.047485 53.920288
v  -94.337440 78.693100 54.248272
v  -96.323433 76.381775 51.814556
v  -91.698593 79.047485 56.049633
v  -92.081329 78.693100 56.390549
v  -94.337440 76.381775 54.248272
v  -89.232780 79.047485 57.846176
v  -89.600533 78.693100 58.198040
v  -92.081329 76.381775 56.390549
v  -89.600533 76.381775 58.198040
v  -86.940201 78.693100 59.627819
v  -86.940201 76.381775 59.627819
v  -83.553955 78.693100 60.720200
v  -86.588531 79.047485 59.267288
v  -83.222778 79.047485 60.353069
v  -83.553955 76.381775 60.720200
v  -78.895439 78.693100 61.515701
v  -78.592392 79.047485 61.143780
v  -78.895439 76.381775 61.515701
v  -63.575726 78.693100 62.378616
v  -63.365322 79.047485 62.001507
v  -28.770357 79.047485 62.215866
v  -28.770372 78.693100 62.594284
v  -63.575726 76.381775 62.378616
v  -28.770372 76.381775 62.594284
v  -89.521530 0.853859 61.449398
v  -89.519051 0.187325 59.710831
v  -88.680626 0.012436 59.992950
v  -90.301811 0.630898 59.771095
v  -88.017097 0.187305 60.577965
v  -90.801048 1.249348 60.196991
v  -87.677910 0.630863 61.285961
v  -90.920273 1.867782 60.842262
v  -87.797150 1.249298 61.931229
v  -90.581093 2.311337 61.550259
v  -88.296379 1.867744 62.357121
v  -89.917564 2.486206 62.135269
v  -89.079132 2.311317 62.417381
v  -94.839081 0.853859 56.131863
v  -93.382629 0.012432 55.290951
v  -93.100494 0.187325 56.129368
v  -93.967644 0.187298 54.627419
v  -93.160774 0.630898 56.912136
v  -94.675621 0.630859 54.288231
v  -93.586685 1.249344 57.411366
v  -95.320900 1.249290 54.407467
v  -94.231941 1.867782 57.530594
v  -95.746811 1.867748 54.906700
v  -94.939957 2.311337 57.191402
v  -95.524940 2.486206 56.527893
v  -95.807076 2.311325 55.689453
v  -89.521530 0.853859 -59.715145
v  -88.680626 0.012436 -58.258694
v  -89.519051 0.187325 -57.976574
v  -88.017097 0.187305 -58.843708
v  -90.301811 0.630898 -58.036846
v  -87.677910 0.630863 -59.551708
v  -90.801048 1.249348 -58.462738
v  -87.797150 1.249298 -60.196972
v  -90.920273 1.867782 -59.108006
v  -88.296379 1.867744 -60.622864
v  -90.581093 2.311337 -59.816010
v  -89.917564 2.486206 -60.401016
v  -89.079132 2.311317 -60.683132
v  -94.839081 0.853859 -54.397606
v  -93.100494 0.187325 -54.395115
v  -93.382629 0.012432 -53.556698
v  -93.967644 0.187298 -52.893162
v  -93.160774 0.630898 -55.177879
v  -94.675621 0.630859 -52.553982
v  -93.586685 1.249344 -55.677116
v  -95.320900 1.249290 -52.673214
v  -94.231941 1.867782 -55.796345
v  -95.746811 1.867748 -53.172451
v  -94.939957 2.311337 -55.457150
v  -95.524940 2.486206 -54.793636
v  -95.807076 2.311325 -53.955204
v  89.521530 0.853859 -59.715145
v  89.519051 0.187325 -57.976574
v  88.680626 0.012436 -58.258694
v  88.017097 0.187305 -58.843708
v  90.301811 0.630898 -58.036846
v  87.677910 0.630863 -59.551708
v  90.801048 1.249348 -58.462738
v  87.797150 1.249298 -60.196972
v  90.920273 1.867782 -59.108006
v  88.296379 1.867744 -60.622864
v  90.581093 2.311337 -59.816010
v  89.917564 2.486206 -60.401016
v  89.079132 2.311317 -60.683132
v  94.839081 0.853859 -54.397606
v  93.382629 0.012432 -53.556698
v  93.100494 0.187325 -54.395115
v  93.967644 0.187298 -52.893162
v  93.160774 0.630898 -55.177879
v  94.675621 0.630859 -52.553982
v  93.586685 1.249344 -55.677116
v  95.320900 1.249290 -52.673214
v  94.231941 1.867782 -55.796345
v  95.746811 1.867748 -53.172451
v  94.939957 2.311337 -55.457150
v  95.524940 2.486206 -54.793636
v  95.807076 2.311325 -53.955204

vt  0.628418 -0.586426 0.000000
vt  0.368896 -0.603027 0.000000
vt  0.628418 -0.603027 0.000000
vt  0.368896 -0.586426 0.000000
vt  0.628418 -0.584473 0.000000
vt  0.368896 -0.584473 0.000000
vt  0.628418 -0.020767 0.000000
vt  0.368896 -0.020905 0.000000
vt  0.628418 -0.019058 0.000000
vt  0.368896 -0.019058 0.000000
vt  0.368896 -0.004265 0.000000
vt  0.628418 -0.004265 0.000000
vt  0.288818 -0.690918 0.000000
vt  0.625488 -0.715820 0.000000
vt  0.625488 -0.690918 0.000000
vt  0.288818 -0.715820 0.000000
vt  0.013603 -0.686035 0.000000
vt  0.000000 -0.664551 0.000000
vt  0.000000 -0.686035 0.000000
vt  0.013603 -0.664551 0.000000
vt  0.986328 -0.686035 0.000000
vt  0.986328 -0.664551 0.000000
vt  1.000000 -0.664551 0.000000
vt  1.000000 -0.686035 0.000000
vt  0.171143 -0.757813 0.000000
vt  0.001847 -0.757813 0.000000
vt  0.001847 -0.790527 0.000000
vt  0.171143 -0.790527 0.000000
vt  0.275879 -0.757813 0.000000
vt  0.169678 -0.802734 0.000000
vt  0.001847 -0.802734 0.000000
vt  0.273682 -0.802734 0.000000
vt  0.275879 -0.790527 0.000000
vt  0.302490 -0.757813 0.000000
vt  0.166016 -0.814941 0.000000
vt  0.268799 -0.814941 0.000000
vt  0.001847 -0.814941 0.000000
vt  0.302002 -0.802734 0.000000
vt  0.300537 -0.814941 0.000000
vt  0.302490 -0.790527 0.000000
vt  0.322510 -0.757813 0.000000
vt  0.322754 -0.802734 0.000000
vt  0.323242 -0.814941 0.000000
vt  0.322510 -0.790527 0.000000
vt  0.340088 -0.757813 0.000000
vt  0.340576 -0.802734 0.000000
vt  0.341797 -0.814941 0.000000
vt  0.340088 -0.790527 0.000000
vt  0.358154 -0.757813 0.000000
vt  0.358643 -0.802734 0.000000
vt  0.360352 -0.814941 0.000000
vt  0.358154 -0.790527 0.000000
vt  0.375977 -0.757813 0.000000
vt  0.375977 -0.790527 0.000000
vt  0.376953 -0.802734 0.000000
vt  0.379150 -0.814941 0.000000
vt  0.394043 -0.757813 0.000000
vt  0.394043 -0.790527 0.000000
vt  0.395264 -0.802734 0.000000
vt  0.397949 -0.814941 0.000000
vt  0.412354 -0.757813 0.000000
vt  0.412354 -0.790527 0.000000
vt  0.413574 -0.802734 0.000000
vt  0.416748 -0.814941 0.000000
vt  0.449707 -0.757813 0.000000
vt  0.449707 -0.790527 0.000000
vt  0.451416 -0.802734 0.000000
vt  0.455322 -0.814941 0.000000
vt  0.493652 -0.757813 0.000000
vt  0.493652 -0.790527 0.000000
vt  0.495361 -0.802734 0.000000
vt  0.499512 -0.814941 0.000000
vt  0.544434 -0.757813 0.000000
vt  0.544434 -0.790527 0.000000
vt  0.546387 -0.802734 0.000000
vt  0.549805 -0.814941 0.000000
vt  0.594238 -0.757813 0.000000
vt  0.594238 -0.790527 0.000000
vt  0.595215 -0.802734 0.000000
vt  0.597168 -0.814941 0.000000
vt  0.634277 -0.757813 0.000000
vt  0.634277 -0.790527 0.000000
vt  0.634277 -0.802734 0.000000
vt  0.635254 -0.814941 0.000000
vt  0.667969 -0.757813 0.000000
vt  0.667969 -0.790527 0.000000
vt  0.667969 -0.802734 0.000000
vt  0.667969 -0.814941 0.000000
vt  0.907227 -0.718262 0.000000
vt  0.943848 -0.718262 0.000000
vt  0.943848 -0.693359 0.000000
vt  0.900879 -0.710449 0.000000
vt  0.900879 -0.693359 0.000000
vt  0.997070 -0.920898 0.000000
vt  0.997070 -0.913574 0.000000
vt  0.967285 -0.913574 0.000000
vt  0.967285 -0.927734 0.000000
vt  0.997070 -0.927734 0.000000
vt  0.948242 -0.913574 0.000000
vt  0.997070 -0.934570 0.000000
vt  0.967285 -0.941406 0.000000
vt  0.948242 -0.927734 0.000000
vt  0.929199 -0.913574 0.000000
vt  0.997070 -0.941406 0.000000
vt  0.948242 -0.941406 0.000000
vt  0.929199 -0.927734 0.000000
vt  0.967285 -0.955078 0.000000
vt  0.997070 -0.948242 0.000000
vt  0.908203 -0.913574 0.000000
vt  0.948242 -0.955078 0.000000
vt  0.929199 -0.941406 0.000000
vt  0.908203 -0.927734 0.000000
vt  0.997070 -0.955078 0.000000
vt  0.891113 -0.913574 0.000000
vt  0.908203 -0.941406 0.000000
vt  0.929199 -0.955078 0.000000
vt  0.891113 -0.927734 0.000000
vt  0.948242 -0.969238 0.000000
vt  0.929199 -0.969238 0.000000
vt  0.997070 -0.961914 0.000000
vt  0.908203 -0.955078 0.000000
vt  0.891113 -0.941406 0.000000
vt  0.908203 -0.969238 0.000000
vt  0.597656 -0.927734 0.000000
vt  0.597656 -0.941406 0.000000
vt  0.597656 -0.913574 0.000000
vt  0.891113 -0.955078 0.000000
vt  0.891113 -0.969238 0.000000
vt  0.908203 -0.982910 0.000000
vt  0.929199 -0.982910 0.000000
vt  0.891113 -0.982910 0.000000
vt  0.581055 -0.927734 0.000000
vt  0.597656 -0.955078 0.000000
vt  0.581055 -0.941406 0.000000
vt  0.597656 -0.969238 0.000000
vt  0.581055 -0.913574 0.000000
vt  0.581055 -0.955078 0.000000
vt  0.908203 -0.996582 0.000000
vt  0.891113 -0.996582 0.000000
vt  0.597656 -0.982910 0.000000
vt  0.597656 -0.996582 0.000000
vt  0.581055 -0.969238 0.000000
vt  0.564941 -0.913574 0.000000
vt  0.564941 -0.927734 0.000000
vt  0.564941 -0.941406 0.000000
vt  0.564941 -0.955078 0.000000
vt  0.564941 -0.969238 0.000000
vt  0.581055 -0.982910 0.000000
vt  0.581055 -0.996582 0.000000
vt  0.564941 -0.982910 0.000000
vt  0.545898 -0.969238 0.000000
vt  0.545898 -0.955078 0.000000
vt  0.545898 -0.913574 0.000000
vt  0.545898 -0.927734 0.000000
vt  0.545898 -0.941406 0.000000
vt  0.564941 -0.996582 0.000000
vt  0.545898 -0.982910 0.000000
vt  0.525879 -0.982910 0.000000
vt  0.525879 -0.969238 0.000000
vt  0.525879 -0.955078 0.000000
vt  0.545898 -0.996582 0.000000
vt  0.525879 -0.913574 0.000000
vt  0.525879 -0.927734 0.000000
vt  0.525879 -0.941406 0.000000
vt  0.505859 -0.982910 0.000000
vt  0.525879 -0.996582 0.000000
vt  0.505859 -0.969238 0.000000
vt  0.505859 -0.955078 0.000000
vt  0.505859 -0.913574 0.000000
vt  0.505859 -0.927734 0.000000
vt  0.505859 -0.941406 0.000000
vt  0.487305 -0.941406 0.000000
vt  0.487305 -0.955078 0.000000
vt  0.487305 -0.927734 0.000000
vt  0.505859 -0.996582 0.000000
vt  0.487305 -0.982910 0.000000
vt  0.487305 -0.996582 0.000000
vt  0.487305 -0.969238 0.000000
vt  0.003094 -0.941406 0.000000
vt  0.003094 -0.955078 0.000000
vt  0.487305 -0.913574 0.000000
vt  0.003094 -0.982910 0.000000
vt  0.003094 -0.969238 0.000000
vt  0.003094 -0.913574 0.000000
vt  0.003094 -0.927734 0.000000
vt  0.003094 -0.996582 0.000000
vt  0.493652 -0.790527 0.000000
vt  0.544434 -0.757813 0.000000
vt  0.544434 -0.790527 0.000000
vt  0.594238 -0.757813 0.000000
vt  0.451416 -0.802734 0.000000
vt  0.495361 -0.802734 0.000000
vt  0.455322 -0.814941 0.000000
vt  0.416748 -0.814941 0.000000
vt  0.449707 -0.790527 0.000000
vt  0.493652 -0.757813 0.000000
vt  0.413574 -0.802734 0.000000
vt  0.397949 -0.814941 0.000000
vt  0.412354 -0.790527 0.000000
vt  0.449707 -0.757813 0.000000
vt  0.395264 -0.802734 0.000000
vt  0.379150 -0.814941 0.000000
vt  0.394043 -0.790527 0.000000
vt  0.412354 -0.757813 0.000000
vt  0.376953 -0.802734 0.000000
vt  0.360352 -0.814941 0.000000
vt  0.375977 -0.790527 0.000000
vt  0.394043 -0.757813 0.000000
vt  0.358643 -0.802734 0.000000
vt  0.358154 -0.790527 0.000000
vt  0.375977 -0.757813 0.000000
vt  0.340088 -0.790527 0.000000
vt  0.340576 -0.802734 0.000000
vt  0.358154 -0.757813 0.000000
vt  0.341797 -0.814941 0.000000
vt  0.322510 -0.790527 0.000000
vt  0.340088 -0.757813 0.000000
vt  0.322754 -0.802734 0.000000
vt  0.323242 -0.814941 0.000000
vt  0.302490 -0.790527 0.000000
vt  0.322510 -0.757813 0.000000
vt  0.302002 -0.802734 0.000000
vt  0.300537 -0.814941 0.000000
vt  0.275879 -0.790527 0.000000
vt  0.302490 -0.757813 0.000000
vt  0.273682 -0.802734 0.000000
vt  0.268799 -0.814941 0.000000
vt  0.171143 -0.790527 0.000000
vt  0.275879 -0.757813 0.000000
vt  0.169678 -0.802734 0.000000
vt  0.166016 -0.814941 0.000000
vt  0.001847 -0.790527 0.000000
vt  0.171143 -0.757813 0.000000
vt  0.001847 -0.802734 0.000000
vt  0.001847 -0.814941 0.000000
vt  0.001847 -0.757813 0.000000
vt  0.907227 -0.718262 0.000000
vt  0.943848 -0.718262 0.000000
vt  0.943848 -0.693359 0.000000
vt  0.900879 -0.710449 0.000000
vt  0.900879 -0.693359 0.000000
vt  0.667969 -0.790527 0.000000
vt  0.634277 -0.790527 0.000000
vt  0.667969 -0.757813 0.000000
vt  0.634277 -0.757813 0.000000
vt  0.594238 -0.790527 0.000000
vt  0.594238 -0.757813 0.000000
vt  0.544434 -0.790527 0.000000
vt  0.544434 -0.757813 0.000000
vt  0.493652 -0.790527 0.000000
vt  0.493652 -0.757813 0.000000
vt  0.449707 -0.790527 0.000000
vt  0.449707 -0.757813 0.000000
vt  0.412354 -0.790527 0.000000
vt  0.412354 -0.757813 0.000000
vt  0.394043 -0.790527 0.000000
vt  0.394043 -0.757813 0.000000
vt  0.375977 -0.790527 0.000000
vt  0.375977 -0.757813 0.000000
vt  0.358154 -0.790527 0.000000
vt  0.358154 -0.757813 0.000000
vt  0.340088 -0.790527 0.000000
vt  0.340088 -0.757813 0.000000
vt  0.322510 -0.790527 0.000000
vt  0.322510 -0.757813 0.000000
vt  0.302490 -0.790527 0.000000
vt  0.302490 -0.757813 0.000000
vt  0.275879 -0.790527 0.000000
vt  0.275879 -0.757813 0.000000
vt  0.171143 -0.790527 0.000000
vt  0.171143 -0.757813 0.000000
vt  0.001847 -0.790527 0.000000
vt  0.001847 -0.757813 0.000000
vt  0.288818 -0.749023 0.000000
vt  0.479004 -0.749023 0.000000
vt  0.288818 -0.723633 0.000000
vt  0.486084 -0.723633 0.000000
vt  0.575195 -0.749023 0.000000
vt  0.572754 -0.723633 0.000000
vt  0.599121 -0.723633 0.000000
vt  0.618164 -0.723633 0.000000
vt  0.646973 -0.749023 0.000000
vt  0.633301 -0.723633 0.000000
vt  0.646973 -0.723633 0.000000
vt  0.664551 -0.723633 0.000000
vt  0.679688 -0.723633 0.000000
vt  0.696289 -0.723633 0.000000
vt  0.742188 -0.749023 0.000000
vt  0.731934 -0.723633 0.000000
vt  0.773926 -0.723633 0.000000
vt  0.824219 -0.723633 0.000000
vt  0.877930 -0.749023 0.000000
vt  0.877441 -0.723633 0.000000
vt  0.928223 -0.723633 0.000000
vt  0.975098 -0.749023 0.000000
vt  0.975098 -0.723633 0.000000
vt  0.907227 -0.718262 0.000000
vt  0.943848 -0.693359 0.000000
vt  0.943848 -0.718262 0.000000
vt  0.900879 -0.710449 0.000000
vt  0.900879 -0.693359 0.000000
vt  0.001847 -0.790527 0.000000
vt  0.171143 -0.757813 0.000000
vt  0.001847 -0.757813 0.000000
vt  0.171143 -0.790527 0.000000
vt  0.275879 -0.757813 0.000000
vt  0.275879 -0.790527 0.000000
vt  0.302490 -0.757813 0.000000
vt  0.302490 -0.790527 0.000000
vt  0.322510 -0.757813 0.000000
vt  0.322510 -0.790527 0.000000
vt  0.340088 -0.757813 0.000000
vt  0.340088 -0.790527 0.000000
vt  0.358154 -0.757813 0.000000
vt  0.358154 -0.790527 0.000000
vt  0.375977 -0.757813 0.000000
vt  0.375977 -0.790527 0.000000
vt  0.394043 -0.790527 0.000000
vt  0.394043 -0.757813 0.000000
vt  0.412354 -0.790527 0.000000
vt  0.412354 -0.757813 0.000000
vt  0.449707 -0.790527 0.000000
vt  0.449707 -0.757813 0.000000
vt  0.493652 -0.790527 0.000000
vt  0.493652 -0.757813 0.000000
vt  0.544434 -0.790527 0.000000
vt  0.544434 -0.757813 0.000000
vt  0.594238 -0.790527 0.000000
vt  0.594238 -0.757813 0.000000
vt  0.634277 -0.790527 0.000000
vt  0.634277 -0.757813 0.000000
vt  0.667969 -0.790527 0.000000
vt  0.667969 -0.757813 0.000000
vt  0.288818 -0.723633 0.000000
vt  0.479004 -0.749023 0.000000
vt  0.288818 -0.749023 0.000000
vt  0.486084 -0.723633 0.000000
vt  0.575195 -0.749023 0.000000
vt  0.572754 -0.723633 0.000000
vt  0.599121 -0.723633 0.000000
vt  0.618164 -0.723633 0.000000
vt  0.646973 -0.749023 0.000000
vt  0.633301 -0.723633 0.000000
vt  0.646973 -0.723633 0.000000
vt  0.664551 -0.723633 0.000000
vt  0.679688 -0.723633 0.000000
vt  0.696289 -0.723633 0.000000
vt  0.742188 -0.749023 0.000000
vt  0.731934 -0.723633 0.000000
vt  0.773926 -0.723633 0.000000
vt  0.824219 -0.723633 0.000000
vt  0.877930 -0.749023 0.000000
vt  0.877441 -0.723633 0.000000
vt  0.928223 -0.723633 0.000000
vt  0.975098 -0.749023 0.000000
vt  0.975098 -0.723633 0.000000
vt  0.997070 -0.920898 0.000000
vt  0.997070 -0.913574 0.000000
vt  0.967285 -0.913574 0.000000
vt  0.967285 -0.927734 0.000000
vt  0.997070 -0.927734 0.000000
vt  0.948242 -0.913574 0.000000
vt  0.997070 -0.934570 0.000000
vt  0.967285 -0.941406 0.000000
vt  0.948242 -0.927734 0.000000
vt  0.929199 -0.913574 0.000000
vt  0.997070 -0.941406 0.000000
vt  0.948242 -0.941406 0.000000
vt  0.929199 -0.927734 0.000000
vt  0.967285 -0.955078 0.000000
vt  0.997070 -0.948242 0.000000
vt  0.908203 -0.913574 0.000000
vt  0.948242 -0.955078 0.000000
vt  0.929199 -0.941406 0.000000
vt  0.908203 -0.927734 0.000000
vt  0.997070 -0.955078 0.000000
vt  0.891113 -0.913574 0.000000
vt  0.908203 -0.941406 0.000000
vt  0.929199 -0.955078 0.000000
vt  0.891113 -0.927734 0.000000
vt  0.948242 -0.969238 0.000000
vt  0.929199 -0.969238 0.000000
vt  0.997070 -0.961914 0.000000
vt  0.908203 -0.955078 0.000000
vt  0.891113 -0.941406 0.000000
vt  0.908203 -0.969238 0.000000
vt  0.597656 -0.927734 0.000000
vt  0.597656 -0.941406 0.000000
vt  0.597656 -0.913574 0.000000
vt  0.891113 -0.955078 0.000000
vt  0.891113 -0.969238 0.000000
vt  0.908203 -0.982910 0.000000
vt  0.929199 -0.982910 0.000000
vt  0.891113 -0.982910 0.000000
vt  0.581055 -0.927734 0.000000
vt  0.597656 -0.955078 0.000000
vt  0.581055 -0.941406 0.000000
vt  0.597656 -0.969238 0.000000
vt  0.581055 -0.913574 0.000000
vt  0.581055 -0.955078 0.000000
vt  0.908203 -0.996582 0.000000
vt  0.891113 -0.996582 0.000000
vt  0.597656 -0.982910 0.000000
vt  0.597656 -0.996582 0.000000
vt  0.581055 -0.969238 0.000000
vt  0.564941 -0.913574 0.000000
vt  0.564941 -0.927734 0.000000
vt  0.564941 -0.941406 0.000000
vt  0.564941 -0.955078 0.000000
vt  0.564941 -0.969238 0.000000
vt  0.581055 -0.982910 0.000000
vt  0.997070 -0.996582 0.000000
vt  0.997070 -0.989746 0.000000
vt  0.967285 -0.996582 0.000000
vt  0.967285 -0.982910 0.000000
vt  0.997070 -0.982910 0.000000
vt  0.948242 -0.996582 0.000000
vt  0.997070 -0.976074 0.000000
vt  0.967285 -0.969238 0.000000
vt  0.948242 -0.982910 0.000000
vt  0.929199 -0.996582 0.000000
vt  0.997070 -0.969238 0.000000
vt  0.487305 -0.821289 0.000000
vt  0.124939 -0.821289 0.000000
vt  0.124939 -0.834961 0.000000
vt  0.487305 -0.834961 0.000000
vt  0.505859 -0.834961 0.000000
vt  0.505859 -0.821289 0.000000
vt  0.487305 -0.848633 0.000000
vt  0.505859 -0.848633 0.000000
vt  0.124939 -0.848633 0.000000
vt  0.487305 -0.862793 0.000000
vt  0.525879 -0.821289 0.000000
vt  0.525879 -0.848633 0.000000
vt  0.525879 -0.834961 0.000000
vt  0.505859 -0.862793 0.000000
vt  0.525879 -0.862793 0.000000
vt  0.124939 -0.862793 0.000000
vt  0.124939 -0.876465 0.000000
vt  0.487305 -0.876465 0.000000
vt  0.545898 -0.821289 0.000000
vt  0.545898 -0.834961 0.000000
vt  0.545898 -0.848633 0.000000
vt  0.545898 -0.862793 0.000000
vt  0.505859 -0.876465 0.000000
vt  0.525879 -0.876465 0.000000
vt  0.545898 -0.876465 0.000000
vt  0.124939 -0.890137 0.000000
vt  0.487305 -0.890137 0.000000
vt  0.525879 -0.890137 0.000000
vt  0.505859 -0.890137 0.000000
vt  0.564941 -0.821289 0.000000
vt  0.564941 -0.834961 0.000000
vt  0.564941 -0.848633 0.000000
vt  0.564941 -0.862793 0.000000
vt  0.564941 -0.876465 0.000000
vt  0.505859 -0.904297 0.000000
vt  0.545898 -0.890137 0.000000
vt  0.564941 -0.890137 0.000000
vt  0.525879 -0.904297 0.000000
vt  0.124939 -0.904297 0.000000
vt  0.487305 -0.904297 0.000000
vt  0.581055 -0.876465 0.000000
vt  0.581055 -0.862793 0.000000
vt  0.581055 -0.821289 0.000000
vt  0.581055 -0.834961 0.000000
vt  0.581055 -0.848633 0.000000
vt  0.545898 -0.904297 0.000000
vt  0.564941 -0.904297 0.000000
vt  0.581055 -0.890137 0.000000
vt  0.597656 -0.834961 0.000000
vt  0.597656 -0.848633 0.000000
vt  0.597656 -0.862793 0.000000
vt  0.597656 -0.876465 0.000000
vt  0.597656 -0.821289 0.000000
vt  0.891113 -0.834961 0.000000
vt  0.891113 -0.862793 0.000000
vt  0.891113 -0.848633 0.000000
vt  0.581055 -0.904297 0.000000
vt  0.597656 -0.904297 0.000000
vt  0.597656 -0.890137 0.000000
vt  0.891113 -0.890137 0.000000
vt  0.891113 -0.876465 0.000000
vt  0.908203 -0.862793 0.000000
vt  0.908203 -0.848633 0.000000
vt  0.891113 -0.821289 0.000000
vt  0.908203 -0.834961 0.000000
vt  0.908203 -0.876465 0.000000
vt  0.929199 -0.862793 0.000000
vt  0.929199 -0.848633 0.000000
vt  0.891113 -0.904297 0.000000
vt  0.908203 -0.890137 0.000000
vt  0.929199 -0.876465 0.000000
vt  0.948242 -0.862793 0.000000
vt  0.908203 -0.821289 0.000000
vt  0.929199 -0.834961 0.000000
vt  0.948242 -0.848633 0.000000
vt  0.908203 -0.904297 0.000000
vt  0.929199 -0.890137 0.000000
vt  0.948242 -0.876465 0.000000
vt  0.967285 -0.862793 0.000000
vt  0.929199 -0.821289 0.000000
vt  0.948242 -0.834961 0.000000
vt  0.967285 -0.848633 0.000000
vt  0.929199 -0.904297 0.000000
vt  0.948242 -0.890137 0.000000
vt  0.967285 -0.876465 0.000000
vt  0.948242 -0.821289 0.000000
vt  0.967285 -0.834961 0.000000
vt  0.997070 -0.869629 0.000000
vt  0.997070 -0.855957 0.000000
vt  0.997070 -0.862793 0.000000
vt  0.997070 -0.841797 0.000000
vt  0.997070 -0.848633 0.000000
vt  0.948242 -0.904297 0.000000
vt  0.967285 -0.890137 0.000000
vt  0.997070 -0.883301 0.000000
vt  0.997070 -0.876465 0.000000
vt  0.967285 -0.821289 0.000000
vt  0.997070 -0.828125 0.000000
vt  0.997070 -0.834961 0.000000
vt  0.967285 -0.904297 0.000000
vt  0.997070 -0.897461 0.000000
vt  0.997070 -0.890137 0.000000
vt  0.997070 -0.821289 0.000000
vt  0.997070 -0.904297 0.000000
vt  0.275391 -0.692871 0.000000
vt  0.001847 -0.692871 0.000000
vt  0.001847 -0.725586 0.000000
vt  0.275391 -0.725586 0.000000
vt  0.001847 -0.737793 0.000000
vt  0.275391 -0.737793 0.000000
vt  0.001847 -0.750488 0.000000
vt  0.275391 -0.750488 0.000000
vt  0.993652 -0.777344 0.000000
vt  0.678223 -0.777344 0.000000
vt  0.678223 -0.783691 0.000000
vt  0.993652 -0.783691 0.000000
vt  0.993652 -0.790039 0.000000
vt  0.678223 -0.790039 0.000000
vt  0.993652 -0.754883 0.000000
vt  0.678223 -0.754883 0.000000
vt  0.678223 -0.761230 0.000000
vt  0.993652 -0.761230 0.000000
vt  0.678223 -0.772949 0.000000
vt  0.993652 -0.772949 0.000000
vt  0.678223 -0.812500 0.000000
vt  0.993652 -0.812500 0.000000
vt  0.678223 -0.793945 0.000000
vt  0.993652 -0.793945 0.000000
vt  0.985840 -0.717773 0.000000
vt  0.985840 -0.745605 0.000000
vt  0.998535 -0.745605 0.000000
vt  0.998535 -0.708984 0.000000
vt  0.956543 -0.708984 0.000000
vt  0.956543 -0.717773 0.000000
vt  0.479004 -0.749023 0.000000
vt  0.288818 -0.723633 0.000000
vt  0.288818 -0.749023 0.000000
vt  0.486084 -0.723633 0.000000
vt  0.575195 -0.749023 0.000000
vt  0.572754 -0.723633 0.000000
vt  0.599121 -0.723633 0.000000
vt  0.618164 -0.723633 0.000000
vt  0.646973 -0.749023 0.000000
vt  0.633301 -0.723633 0.000000
vt  0.646973 -0.723633 0.000000
vt  0.664551 -0.723633 0.000000
vt  0.679688 -0.723633 0.000000
vt  0.696289 -0.723633 0.000000
vt  0.742188 -0.749023 0.000000
vt  0.731934 -0.723633 0.000000
vt  0.773926 -0.723633 0.000000
vt  0.824219 -0.723633 0.000000
vt  0.877930 -0.749023 0.000000
vt  0.877441 -0.723633 0.000000
vt  0.928223 -0.723633 0.000000
vt  0.975098 -0.749023 0.000000
vt  0.975098 -0.723633 0.000000
vt  0.628418 -0.020767 0.000000
vt  0.368896 -0.584473 0.000000
vt  0.628418 -0.584473 0.000000
vt  0.368896 -0.020905 0.000000
vt  0.171143 -0.757813 0.000000
vt  0.001847 -0.790527 0.000000
vt  0.001847 -0.757813 0.000000
vt  0.171143 -0.790527 0.000000
vt  0.275879 -0.757813 0.000000
vt  0.169678 -0.802734 0.000000
vt  0.001847 -0.802734 0.000000
vt  0.273682 -0.802734 0.000000
vt  0.275879 -0.790527 0.000000
vt  0.302490 -0.757813 0.000000
vt  0.166016 -0.814941 0.000000
vt  0.268799 -0.814941 0.000000
vt  0.001847 -0.814941 0.000000
vt  0.302002 -0.802734 0.000000
vt  0.300537 -0.814941 0.000000
vt  0.302490 -0.790527 0.000000
vt  0.322510 -0.757813 0.000000
vt  0.322754 -0.802734 0.000000
vt  0.323242 -0.814941 0.000000
vt  0.322510 -0.790527 0.000000
vt  0.340088 -0.757813 0.000000
vt  0.340576 -0.802734 0.000000
vt  0.341797 -0.814941 0.000000
vt  0.340088 -0.790527 0.000000
vt  0.358154 -0.757813 0.000000
vt  0.358643 -0.802734 0.000000
vt  0.360352 -0.814941 0.000000
vt  0.581055 -0.996582 0.000000
vt  0.564941 -0.982910 0.000000
vt  0.545898 -0.969238 0.000000
vt  0.545898 -0.955078 0.000000
vt  0.545898 -0.913574 0.000000
vt  0.545898 -0.927734 0.000000
vt  0.545898 -0.941406 0.000000
vt  0.564941 -0.996582 0.000000
vt  0.545898 -0.982910 0.000000
vt  0.525879 -0.982910 0.000000
vt  0.525879 -0.969238 0.000000
vt  0.525879 -0.955078 0.000000
vt  0.545898 -0.996582 0.000000
vt  0.525879 -0.913574 0.000000
vt  0.525879 -0.927734 0.000000
vt  0.525879 -0.941406 0.000000
vt  0.505859 -0.982910 0.000000
vt  0.525879 -0.996582 0.000000
vt  0.505859 -0.969238 0.000000
vt  0.505859 -0.955078 0.000000
vt  0.505859 -0.913574 0.000000
vt  0.505859 -0.927734 0.000000
vt  0.505859 -0.941406 0.000000
vt  0.487305 -0.941406 0.000000
vt  0.487305 -0.955078 0.000000
vt  0.487305 -0.927734 0.000000
vt  0.505859 -0.996582 0.000000
vt  0.487305 -0.982910 0.000000
vt  0.487305 -0.996582 0.000000
vt  0.487305 -0.969238 0.000000
vt  0.003094 -0.941406 0.000000
vt  0.487305 -0.913574 0.000000
vt  0.003094 -0.982910 0.000000
vt  0.003094 -0.955078 0.000000
vt  0.003094 -0.969238 0.000000
vt  0.003094 -0.913574 0.000000
vt  0.003094 -0.927734 0.000000
vt  0.003094 -0.996582 0.000000
vt  0.487305 -0.969238 0.000000
vt  0.487305 -0.955078 0.000000
vt  0.487305 -0.927734 0.000000
vt  0.487305 -0.941406 0.000000
vt  0.487305 -0.913574 0.000000
vt  0.487305 -0.982910 0.000000
vt  0.487305 -0.996582 0.000000
vt  0.505859 -0.969238 0.000000
vt  0.505859 -0.955078 0.000000
vt  0.505859 -0.982910 0.000000
vt  0.505859 -0.913574 0.000000
vt  0.505859 -0.927734 0.000000
vt  0.505859 -0.941406 0.000000
vt  0.505859 -0.996582 0.000000
vt  0.525879 -0.969238 0.000000
vt  0.525879 -0.955078 0.000000
vt  0.525879 -0.941406 0.000000
vt  0.525879 -0.927734 0.000000
vt  0.525879 -0.982910 0.000000
vt  0.525879 -0.996582 0.000000
vt  0.525879 -0.913574 0.000000
vt  0.545898 -0.941406 0.000000
vt  0.545898 -0.955078 0.000000
vt  0.545898 -0.969238 0.000000
vt  0.545898 -0.927734 0.000000
vt  0.564941 -0.941406 0.000000
vt  0.564941 -0.955078 0.000000
vt  0.545898 -0.982910 0.000000
vt  0.545898 -0.996582 0.000000
vt  0.545898 -0.913574 0.000000
vt  0.564941 -0.927734 0.000000
vt  0.581055 -0.941406 0.000000
vt  0.564941 -0.982910 0.000000
vt  0.564941 -0.969238 0.000000
vt  0.581055 -0.955078 0.000000
vt  0.564941 -0.996582 0.000000
vt  0.564941 -0.913574 0.000000
vt  0.581055 -0.927734 0.000000
vt  0.597656 -0.941406 0.000000
vt  0.597656 -0.955078 0.000000
vt  0.581055 -0.982910 0.000000
vt  0.581055 -0.996582 0.000000
vt  0.581055 -0.969238 0.000000
vt  0.597656 -0.969238 0.000000
vt  0.597656 -0.982910 0.000000
vt  0.581055 -0.913574 0.000000
vt  0.597656 -0.913574 0.000000
vt  0.597656 -0.927734 0.000000
vt  0.891113 -0.955078 0.000000
vt  0.891113 -0.969238 0.000000
vt  0.891113 -0.927734 0.000000
vt  0.891113 -0.941406 0.000000
vt  0.891113 -0.982910 0.000000
vt  0.597656 -0.996582 0.000000
vt  0.891113 -0.913574 0.000000
vt  0.908203 -0.955078 0.000000
vt  0.908203 -0.969238 0.000000
vt  0.908203 -0.941406 0.000000
vt  0.908203 -0.927734 0.000000
vt  0.929199 -0.955078 0.000000
vt  0.908203 -0.982910 0.000000
vt  0.891113 -0.996582 0.000000
vt  0.929199 -0.969238 0.000000
vt  0.929199 -0.941406 0.000000
vt  0.948242 -0.955078 0.000000
vt  0.908203 -0.913574 0.000000
vt  0.929199 -0.927734 0.000000
vt  0.948242 -0.941406 0.000000
vt  0.929199 -0.982910 0.000000
vt  0.908203 -0.996582 0.000000
vt  0.948242 -0.969238 0.000000
vt  0.967285 -0.955078 0.000000
vt  0.929199 -0.913574 0.000000
vt  0.948242 -0.927734 0.000000
vt  0.967285 -0.941406 0.000000
vt  0.929199 -0.996582 0.000000
vt  0.948242 -0.982910 0.000000
vt  0.967285 -0.969238 0.000000
vt  0.948242 -0.913574 0.000000
vt  0.967285 -0.927734 0.000000
vt  0.997070 -0.948242 0.000000
vt  0.997070 -0.961914 0.000000
vt  0.997070 -0.955078 0.000000
vt  0.997070 -0.934570 0.000000
vt  0.997070 -0.941406 0.000000
vt  0.948242 -0.996582 0.000000
vt  0.967285 -0.982910 0.000000
vt  0.997070 -0.976074 0.000000
vt  0.997070 -0.969238 0.000000
vt  0.967285 -0.913574 0.000000
vt  0.997070 -0.920898 0.000000
vt  0.997070 -0.927734 0.000000
vt  0.967285 -0.996582 0.000000
vt  0.997070 -0.989746 0.000000
vt  0.997070 -0.982910 0.000000
vt  0.997070 -0.913574 0.000000
vt  0.997070 -0.996582 0.000000
vt  0.929199 -0.996582 0.000000
vt  0.948242 -0.982910 0.000000
vt  0.948242 -0.996582 0.000000
vt  0.967285 -0.969238 0.000000
vt  0.967285 -0.982910 0.000000
vt  0.967285 -0.996582 0.000000
vt  0.997070 -0.976074 0.000000
vt  0.997070 -0.969238 0.000000
vt  0.997070 -0.989746 0.000000
vt  0.997070 -0.982910 0.000000
vt  0.997070 -0.996582 0.000000
vt  0.124939 -0.821289 0.000000
vt  0.487305 -0.821289 0.000000
vt  0.124939 -0.834961 0.000000
vt  0.487305 -0.834961 0.000000
vt  0.505859 -0.834961 0.000000
vt  0.505859 -0.821289 0.000000
vt  0.487305 -0.848633 0.000000
vt  0.505859 -0.848633 0.000000
vt  0.124939 -0.848633 0.000000
vt  0.525879 -0.821289 0.000000
vt  0.525879 -0.848633 0.000000
vt  0.525879 -0.834961 0.000000
vt  0.358154 -0.790527 0.000000
vt  0.375977 -0.757813 0.000000
vt  0.375977 -0.790527 0.000000
vt  0.376953 -0.802734 0.000000
vt  0.379150 -0.814941 0.000000
vt  0.394043 -0.757813 0.000000
vt  0.394043 -0.790527 0.000000
vt  0.395264 -0.802734 0.000000
vt  0.397949 -0.814941 0.000000
vt  0.412354 -0.757813 0.000000
vt  0.412354 -0.790527 0.000000
vt  0.413574 -0.802734 0.000000
vt  0.416748 -0.814941 0.000000
vt  0.449707 -0.757813 0.000000
vt  0.449707 -0.790527 0.000000
vt  0.451416 -0.802734 0.000000
vt  0.455322 -0.814941 0.000000
vt  0.493652 -0.757813 0.000000
vt  0.493652 -0.790527 0.000000
vt  0.495361 -0.802734 0.000000
vt  0.499512 -0.814941 0.000000
vt  0.544434 -0.757813 0.000000
vt  0.544434 -0.790527 0.000000
vt  0.546387 -0.802734 0.000000
vt  0.549805 -0.814941 0.000000
vt  0.594238 -0.757813 0.000000
vt  0.594238 -0.790527 0.000000
vt  0.595215 -0.802734 0.000000
vt  0.597168 -0.814941 0.000000
vt  0.634277 -0.757813 0.000000
vt  0.634277 -0.790527 0.000000
vt  0.634277 -0.802734 0.000000
vt  0.635254 -0.814941 0.000000
vt  0.667969 -0.757813 0.000000
vt  0.667969 -0.790527 0.000000
vt  0.667969 -0.802734 0.000000
vt  0.667969 -0.814941 0.000000
vt  0.907227 -0.718262 0.000000
vt  0.943848 -0.693359 0.000000
vt  0.943848 -0.718262 0.000000
vt  0.900879 -0.710449 0.000000
vt  0.900879 -0.693359 0.000000
vt  0.634277 -0.790527 0.000000
vt  0.667969 -0.790527 0.000000
vt  0.667969 -0.757813 0.000000
vt  0.634277 -0.757813 0.000000
vt  0.594238 -0.790527 0.000000
vt  0.594238 -0.757813 0.000000
vt  0.544434 -0.790527 0.000000
vt  0.544434 -0.757813 0.000000
vt  0.493652 -0.790527 0.000000
vt  0.493652 -0.757813 0.000000
vt  0.449707 -0.790527 0.000000
vt  0.449707 -0.757813 0.000000
vt  0.412354 -0.790527 0.000000
vt  0.412354 -0.757813 0.000000
vt  0.394043 -0.790527 0.000000
vt  0.394043 -0.757813 0.000000
vt  0.375977 -0.790527 0.000000
vt  0.375977 -0.757813 0.000000
vt  0.358154 -0.790527 0.000000
vt  0.358154 -0.757813 0.000000
vt  0.340088 -0.790527 0.000000
vt  0.340088 -0.757813 0.000000
vt  0.322510 -0.790527 0.000000
vt  0.322510 -0.757813 0.000000
vt  0.302490 -0.790527 0.000000
vt  0.302490 -0.757813 0.000000
vt  0.275879 -0.790527 0.000000
vt  0.275879 -0.757813 0.000000
vt  0.171143 -0.790527 0.000000
vt  0.171143 -0.757813 0.000000
vt  0.001847 -0.790527 0.000000
vt  0.001847 -0.757813 0.000000
vt  0.997070 -0.920898 0.000000
vt  0.967285 -0.913574 0.000000
vt  0.997070 -0.913574 0.000000
vt  0.967285 -0.927734 0.000000
vt  0.997070 -0.927734 0.000000
vt  0.948242 -0.913574 0.000000
vt  0.997070 -0.934570 0.000000
vt  0.967285 -0.941406 0.000000
vt  0.948242 -0.927734 0.000000
vt  0.929199 -0.913574 0.000000
vt  0.997070 -0.941406 0.000000
vt  0.948242 -0.941406 0.000000
vt  0.929199 -0.927734 0.000000
vt  0.967285 -0.955078 0.000000
vt  0.997070 -0.948242 0.000000
vt  0.908203 -0.913574 0.000000
vt  0.948242 -0.955078 0.000000
vt  0.929199 -0.941406 0.000000
vt  0.908203 -0.927734 0.000000
vt  0.997070 -0.955078 0.000000
vt  0.891113 -0.913574 0.000000
vt  0.908203 -0.941406 0.000000
vt  0.929199 -0.955078 0.000000
vt  0.891113 -0.927734 0.000000
vt  0.948242 -0.969238 0.000000
vt  0.929199 -0.969238 0.000000
vt  0.997070 -0.961914 0.000000
vt  0.908203 -0.955078 0.000000
vt  0.891113 -0.941406 0.000000
vt  0.908203 -0.969238 0.000000
vt  0.597656 -0.927734 0.000000
vt  0.597656 -0.941406 0.000000
vt  0.597656 -0.913574 0.000000
vt  0.891113 -0.955078 0.000000
vt  0.891113 -0.969238 0.000000
vt  0.908203 -0.982910 0.000000
vt  0.929199 -0.982910 0.000000
vt  0.891113 -0.982910 0.000000
vt  0.581055 -0.927734 0.000000
vt  0.597656 -0.955078 0.000000
vt  0.581055 -0.941406 0.000000
vt  0.597656 -0.969238 0.000000
vt  0.581055 -0.913574 0.000000
vt  0.581055 -0.955078 0.000000
vt  0.908203 -0.996582 0.000000
vt  0.891113 -0.996582 0.000000
vt  0.597656 -0.982910 0.000000
vt  0.597656 -0.996582 0.000000
vt  0.581055 -0.969238 0.000000
vt  0.564941 -0.913574 0.000000
vt  0.564941 -0.927734 0.000000
vt  0.564941 -0.941406 0.000000
vt  0.564941 -0.955078 0.000000
vt  0.564941 -0.969238 0.000000
vt  0.581055 -0.982910 0.000000
vt  0.581055 -0.996582 0.000000
vt  0.564941 -0.982910 0.000000
vt  0.545898 -0.969238 0.000000
vt  0.545898 -0.955078 0.000000
vt  0.545898 -0.913574 0.000000
vt  0.545898 -0.927734 0.000000
vt  0.545898 -0.941406 0.000000
vt  0.564941 -0.996582 0.000000
vt  0.545898 -0.982910 0.000000
vt  0.525879 -0.982910 0.000000
vt  0.525879 -0.969238 0.000000
vt  0.525879 -0.955078 0.000000
vt  0.545898 -0.996582 0.000000
vt  0.525879 -0.913574 0.000000
vt  0.525879 -0.927734 0.000000
vt  0.525879 -0.941406 0.000000
vt  0.505859 -0.982910 0.000000
vt  0.525879 -0.996582 0.000000
vt  0.505859 -0.969238 0.000000
vt  0.505859 -0.955078 0.000000
vt  0.505859 -0.913574 0.000000
vt  0.505859 -0.927734 0.000000
vt  0.505859 -0.941406 0.000000
vt  0.487305 -0.941406 0.000000
vt  0.487305 -0.955078 0.000000
vt  0.487305 -0.927734 0.000000
vt  0.505859 -0.996582 0.000000
vt  0.487305 -0.982910 0.000000
vt  0.487305 -0.996582 0.000000
vt  0.487305 -0.969238 0.000000
vt  0.003094 -0.941406 0.000000
vt  0.003094 -0.955078 0.000000
vt  0.487305 -0.913574 0.000000
vt  0.003094 -0.982910 0.000000
vt  0.003094 -0.969238 0.000000
vt  0.003094 -0.913574 0.000000
vt  0.003094 -0.927734 0.000000
vt  0.003094 -0.996582 0.000000
vt  0.997070 -0.996582 0.000000
vt  0.967285 -0.996582 0.000000
vt  0.997070 -0.989746 0.000000
vt  0.967285 -0.982910 0.000000
vt  0.948242 -0.996582 0.000000
vt  0.997070 -0.982910 0.000000
vt  0.997070 -0.976074 0.000000
vt  0.967285 -0.969238 0.000000
vt  0.948242 -0.982910 0.000000
vt  0.929199 -0.996582 0.000000
vt  0.997070 -0.969238 0.000000
vt  0.997070 -0.897461 0.000000
vt  0.997070 -0.904297 0.000000
vt  0.967285 -0.904297 0.000000
vt  0.967285 -0.890137 0.000000
vt  0.997070 -0.890137 0.000000
vt  0.948242 -0.904297 0.000000
vt  0.997070 -0.883301 0.000000
vt  0.124939 -0.862793 0.000000
vt  0.487305 -0.862793 0.000000
vt  0.505859 -0.862793 0.000000
vt  0.525879 -0.862793 0.000000
vt  0.545898 -0.821289 0.000000
vt  0.545898 -0.834961 0.000000
vt  0.545898 -0.848633 0.000000
vt  0.545898 -0.862793 0.000000
vt  0.124939 -0.876465 0.000000
vt  0.487305 -0.876465 0.000000
vt  0.505859 -0.876465 0.000000
vt  0.525879 -0.876465 0.000000
vt  0.545898 -0.876465 0.000000
vt  0.487305 -0.890137 0.000000
vt  0.564941 -0.821289 0.000000
vt  0.564941 -0.834961 0.000000
vt  0.564941 -0.848633 0.000000
vt  0.564941 -0.862793 0.000000
vt  0.564941 -0.876465 0.000000
vt  0.525879 -0.890137 0.000000
vt  0.505859 -0.890137 0.000000
vt  0.124939 -0.890137 0.000000
vt  0.545898 -0.890137 0.000000
vt  0.564941 -0.890137 0.000000
vt  0.487305 -0.904297 0.000000
vt  0.505859 -0.904297 0.000000
vt  0.525879 -0.904297 0.000000
vt  0.581055 -0.876465 0.000000
vt  0.581055 -0.862793 0.000000
vt  0.545898 -0.904297 0.000000
vt  0.124939 -0.904297 0.000000
vt  0.564941 -0.904297 0.000000
vt  0.581055 -0.890137 0.000000
vt  0.597656 -0.876465 0.000000
vt  0.597656 -0.862793 0.000000
vt  0.581055 -0.904297 0.000000
vt  0.597656 -0.904297 0.000000
vt  0.597656 -0.890137 0.000000
vt  0.891113 -0.890137 0.000000
vt  0.891113 -0.876465 0.000000
vt  0.891113 -0.862793 0.000000
vt  0.597656 -0.848633 0.000000
vt  0.891113 -0.904297 0.000000
vt  0.908203 -0.890137 0.000000
vt  0.908203 -0.876465 0.000000
vt  0.908203 -0.862793 0.000000
vt  0.891113 -0.848633 0.000000
vt  0.908203 -0.904297 0.000000
vt  0.929199 -0.890137 0.000000
vt  0.929199 -0.876465 0.000000
vt  0.929199 -0.862793 0.000000
vt  0.908203 -0.848633 0.000000
vt  0.891113 -0.834961 0.000000
vt  0.929199 -0.904297 0.000000
vt  0.948242 -0.890137 0.000000
vt  0.948242 -0.876465 0.000000
vt  0.948242 -0.862793 0.000000
vt  0.929199 -0.848633 0.000000
vt  0.908203 -0.834961 0.000000
vt  0.948242 -0.904297 0.000000
vt  0.967285 -0.890137 0.000000
vt  0.967285 -0.876465 0.000000
vt  0.967285 -0.862793 0.000000
vt  0.948242 -0.848633 0.000000
vt  0.929199 -0.834961 0.000000
vt  0.908203 -0.821289 0.000000
vt  0.891113 -0.821289 0.000000
vt  0.967285 -0.904297 0.000000
vt  0.967285 -0.848633 0.000000
vt  0.948242 -0.834961 0.000000
vt  0.929199 -0.821289 0.000000
vt  0.997070 -0.883301 0.000000
vt  0.997070 -0.897461 0.000000
vt  0.997070 -0.890137 0.000000
vt  0.997070 -0.904297 0.000000
vt  0.967285 -0.834961 0.000000
vt  0.948242 -0.821289 0.000000
vt  0.597656 -0.821289 0.000000
vt  0.967285 -0.821289 0.000000
vt  0.997070 -0.828125 0.000000
vt  0.997070 -0.841797 0.000000
vt  0.997070 -0.834961 0.000000
vt  0.997070 -0.821289 0.000000
vt  0.597656 -0.834961 0.000000
vt  0.581055 -0.821289 0.000000
vt  0.581055 -0.848633 0.000000
vt  0.581055 -0.834961 0.000000
vt  0.997070 -0.848633 0.000000
vt  0.997070 -0.855957 0.000000
vt  0.997070 -0.862793 0.000000
vt  0.997070 -0.869629 0.000000
vt  0.997070 -0.876465 0.000000
vt  0.667969 -0.790527 0.000000
vt  0.634277 -0.757813 0.000000
vt  0.667969 -0.757813 0.000000
vt  0.634277 -0.790527 0.000000
vt  0.594238 -0.790527 0.000000
vt  0.594238 -0.757813 0.000000
vt  0.544434 -0.790527 0.000000
vt  0.544434 -0.757813 0.000000
vt  0.493652 -0.790527 0.000000
vt  0.493652 -0.757813 0.000000
vt  0.449707 -0.790527 0.000000
vt  0.449707 -0.757813 0.000000
vt  0.412354 -0.790527 0.000000
vt  0.412354 -0.757813 0.000000
vt  0.394043 -0.790527 0.000000
vt  0.394043 -0.757813 0.000000
vt  0.375977 -0.790527 0.000000
vt  0.375977 -0.757813 0.000000
vt  0.358154 -0.790527 0.000000
vt  0.358154 -0.757813 0.000000
vt  0.340088 -0.790527 0.000000
vt  0.340088 -0.757813 0.000000
vt  0.322510 -0.790527 0.000000
vt  0.322510 -0.757813 0.000000
vt  0.302490 -0.790527 0.000000
vt  0.302490 -0.757813 0.000000
vt  0.275879 -0.790527 0.000000
vt  0.275879 -0.757813 0.000000
vt  0.171143 -0.790527 0.000000
vt  0.171143 -0.757813 0.000000
vt  0.001847 -0.790527 0.000000
vt  0.001847 -0.757813 0.000000
vt  0.633789 -0.302734 0.000000
vt  0.633789 -0.584473 0.000000
vt  0.790527 -0.583496 0.000000
vt  0.859375 -0.579590 0.000000
vt  0.880371 -0.576172 0.000000
vt  0.895508 -0.571289 0.000000
vt  0.907715 -0.564941 0.000000
vt  0.918945 -0.556641 0.000000
vt  0.929199 -0.546875 0.000000
vt  0.937988 -0.536133 0.000000
vt  0.945313 -0.523926 0.000000
vt  0.956055 -0.496826 0.000000
vt  0.962891 -0.464111 0.000000
vt  0.967773 -0.424561 0.000000
vt  0.971680 -0.382324 0.000000
vt  0.974121 -0.341797 0.000000
vt  0.974609 -0.302734 0.000000
vt  0.974121 -0.263428 0.000000
vt  0.971680 -0.223022 0.000000
vt  0.967773 -0.180908 0.000000
vt  0.962891 -0.141357 0.000000
vt  0.956055 -0.108582 0.000000
vt  0.945313 -0.081421 0.000000
vt  0.937988 -0.069336 0.000000
vt  0.929199 -0.058350 0.000000
vt  0.918945 -0.048706 0.000000
vt  0.907715 -0.040558 0.000000
vt  0.895508 -0.034119 0.000000
vt  0.880371 -0.029221 0.000000
vt  0.859375 -0.025635 0.000000
vt  0.790527 -0.021744 0.000000
vt  0.633789 -0.020767 0.000000
vt  0.364258 -0.302734 0.000000
vt  0.364258 -0.020905 0.000000
vt  0.207642 -0.021881 0.000000
vt  0.138550 -0.025772 0.000000
vt  0.117615 -0.029358 0.000000
vt  0.102356 -0.034271 0.000000
vt  0.090393 -0.040710 0.000000
vt  0.079224 -0.048859 0.000000
vt  0.069031 -0.058502 0.000000
vt  0.060120 -0.069458 0.000000
vt  0.052582 -0.081543 0.000000
vt  0.042084 -0.108704 0.000000
vt  0.035400 -0.141479 0.000000
vt  0.030228 -0.181030 0.000000
vt  0.026428 -0.223145 0.000000
vt  0.024155 -0.263672 0.000000
vt  0.023392 -0.302734 0.000000
vt  0.024155 -0.342041 0.000000
vt  0.026428 -0.382568 0.000000
vt  0.030228 -0.424561 0.000000
vt  0.035400 -0.464111 0.000000
vt  0.042084 -0.497070 0.000000
vt  0.052582 -0.523926 0.000000
vt  0.060120 -0.536133 0.000000
vt  0.069031 -0.546875 0.000000
vt  0.079224 -0.556641 0.000000
vt  0.090393 -0.564941 0.000000
vt  0.102356 -0.571289 0.000000
vt  0.117615 -0.576172 0.000000
vt  0.138550 -0.579590 0.000000
vt  0.207642 -0.583496 0.000000
vt  0.364258 -0.584473 0.000000
vt  0.013603 -0.686035 0.000000
vt  0.000000 -0.664551 0.000000
vt  0.000000 -0.686035 0.000000
vt  0.013603 -0.664551 0.000000
vt  0.986328 -0.664551 0.000000
vt  0.986328 -0.686035 0.000000
vt  1.000000 -0.664551 0.000000
vt  1.000000 -0.686035 0.000000
vt  0.791504 -0.585449 0.000000
vt  0.633789 -0.586426 0.000000
vt  0.633789 -0.601563 0.000000
vt  0.799805 -0.600586 0.000000
vt  0.860840 -0.581543 0.000000
vt  0.790527 -0.583496 0.000000
vt  0.859375 -0.579590 0.000000
vt  0.633789 -0.584473 0.000000
vt  0.633789 -0.302734 0.000000
vt  0.880371 -0.576172 0.000000
vt  0.967285 -0.876465 0.000000
vt  0.948242 -0.890137 0.000000
vt  0.929199 -0.904297 0.000000
vt  0.997070 -0.876465 0.000000
vt  0.948242 -0.876465 0.000000
vt  0.929199 -0.890137 0.000000
vt  0.967285 -0.862793 0.000000
vt  0.997070 -0.869629 0.000000
vt  0.908203 -0.904297 0.000000
vt  0.948242 -0.862793 0.000000
vt  0.929199 -0.876465 0.000000
vt  0.908203 -0.890137 0.000000
vt  0.997070 -0.862793 0.000000
vt  0.891113 -0.904297 0.000000
vt  0.908203 -0.876465 0.000000
vt  0.929199 -0.862793 0.000000
vt  0.891113 -0.890137 0.000000
vt  0.948242 -0.848633 0.000000
vt  0.929199 -0.848633 0.000000
vt  0.997070 -0.855957 0.000000
vt  0.597656 -0.904297 0.000000
vt  0.908203 -0.862793 0.000000
vt  0.891113 -0.876465 0.000000
vt  0.908203 -0.848633 0.000000
vt  0.597656 -0.890137 0.000000
vt  0.597656 -0.876465 0.000000
vt  0.891113 -0.862793 0.000000
vt  0.891113 -0.848633 0.000000
vt  0.908203 -0.834961 0.000000
vt  0.929199 -0.834961 0.000000
vt  0.891113 -0.834961 0.000000
vt  0.581055 -0.890137 0.000000
vt  0.581055 -0.904297 0.000000
vt  0.597656 -0.848633 0.000000
vt  0.597656 -0.862793 0.000000
vt  0.581055 -0.876465 0.000000
vt  0.908203 -0.821289 0.000000
vt  0.891113 -0.821289 0.000000
vt  0.581055 -0.862793 0.000000
vt  0.597656 -0.834961 0.000000
vt  0.597656 -0.821289 0.000000
vt  0.581055 -0.848633 0.000000
vt  0.564941 -0.904297 0.000000
vt  0.564941 -0.890137 0.000000
vt  0.564941 -0.876465 0.000000
vt  0.564941 -0.862793 0.000000
vt  0.564941 -0.848633 0.000000
vt  0.581055 -0.834961 0.000000
vt  0.581055 -0.821289 0.000000
vt  0.564941 -0.834961 0.000000
vt  0.545898 -0.848633 0.000000
vt  0.545898 -0.862793 0.000000
vt  0.545898 -0.876465 0.000000
vt  0.545898 -0.904297 0.000000
vt  0.545898 -0.890137 0.000000
vt  0.564941 -0.821289 0.000000
vt  0.545898 -0.834961 0.000000
vt  0.525879 -0.848633 0.000000
vt  0.525879 -0.862793 0.000000
vt  0.525879 -0.890137 0.000000
vt  0.525879 -0.876465 0.000000
vt  0.525879 -0.904297 0.000000
vt  0.545898 -0.821289 0.000000
vt  0.525879 -0.834961 0.000000
vt  0.505859 -0.834961 0.000000
vt  0.505859 -0.848633 0.000000
vt  0.505859 -0.862793 0.000000
vt  0.505859 -0.876465 0.000000
vt  0.525879 -0.821289 0.000000
vt  0.505859 -0.904297 0.000000
vt  0.505859 -0.890137 0.000000
vt  0.487305 -0.890137 0.000000
vt  0.487305 -0.876465 0.000000
vt  0.487305 -0.862793 0.000000
vt  0.487305 -0.834961 0.000000
vt  0.487305 -0.848633 0.000000
vt  0.487305 -0.821289 0.000000
vt  0.505859 -0.821289 0.000000
vt  0.124939 -0.876465 0.000000
vt  0.124939 -0.862793 0.000000
vt  0.124939 -0.834961 0.000000
vt  0.487305 -0.904297 0.000000
vt  0.124939 -0.890137 0.000000
vt  0.124939 -0.848633 0.000000
vt  0.124939 -0.821289 0.000000
vt  0.487305 -0.848633 0.000000
vt  0.487305 -0.862793 0.000000
vt  0.487305 -0.890137 0.000000
vt  0.487305 -0.876465 0.000000
vt  0.487305 -0.834961 0.000000
vt  0.487305 -0.821289 0.000000
vt  0.505859 -0.848633 0.000000
vt  0.505859 -0.862793 0.000000
vt  0.124939 -0.904297 0.000000
vt  0.487305 -0.904297 0.000000
vt  0.505859 -0.876465 0.000000
vt  0.505859 -0.834961 0.000000
vt  0.505859 -0.904297 0.000000
vt  0.505859 -0.890137 0.000000
vt  0.505859 -0.821289 0.000000
vt  0.525879 -0.848633 0.000000
vt  0.525879 -0.862793 0.000000
vt  0.525879 -0.876465 0.000000
vt  0.525879 -0.890137 0.000000
vt  0.525879 -0.834961 0.000000
vt  0.525879 -0.821289 0.000000
vt  0.545898 -0.876465 0.000000
vt  0.545898 -0.862793 0.000000
vt  0.525879 -0.904297 0.000000
vt  0.545898 -0.890137 0.000000
vt  0.545898 -0.834961 0.000000
vt  0.545898 -0.848633 0.000000
vt  0.545898 -0.821289 0.000000
vt  0.564941 -0.890137 0.000000
vt  0.564941 -0.876465 0.000000
vt  0.564941 -0.862793 0.000000
vt  0.545898 -0.904297 0.000000
vt  0.581055 -0.876465 0.000000
vt  0.564941 -0.834961 0.000000
vt  0.564941 -0.821289 0.000000
vt  0.564941 -0.848633 0.000000
vt  0.581055 -0.862793 0.000000
vt  0.564941 -0.904297 0.000000
vt  0.581055 -0.890137 0.000000
vt  0.597656 -0.876465 0.000000
vt  0.597656 -0.862793 0.000000
vt  0.581055 -0.834961 0.000000
vt  0.581055 -0.821289 0.000000
vt  0.581055 -0.848633 0.000000
vt  0.597656 -0.848633 0.000000
vt  0.891113 -0.862793 0.000000
vt  0.597656 -0.834961 0.000000
vt  0.581055 -0.904297 0.000000
vt  0.597656 -0.904297 0.000000
vt  0.597656 -0.890137 0.000000
vt  0.891113 -0.890137 0.000000
vt  0.891113 -0.876465 0.000000
vt  0.597656 -0.821289 0.000000
vt  0.891113 -0.834961 0.000000
vt  0.891113 -0.848633 0.000000
vt  0.908203 -0.862793 0.000000
vt  0.908203 -0.876465 0.000000
vt  0.891113 -0.904297 0.000000
vt  0.908203 -0.890137 0.000000
vt  0.908203 -0.848633 0.000000
vt  0.929199 -0.862793 0.000000
vt  0.929199 -0.876465 0.000000
vt  0.891113 -0.821289 0.000000
vt  0.908203 -0.834961 0.000000
vt  0.929199 -0.848633 0.000000
vt  0.948242 -0.862793 0.000000
vt  0.908203 -0.904297 0.000000
vt  0.929199 -0.890137 0.000000
vt  0.872559 -0.596680 0.000000
vt  0.881836 -0.577637 0.000000
vt  0.895508 -0.571289 0.000000
vt  0.895020 -0.592773 0.000000
vt  0.897461 -0.572754 0.000000
vt  0.907715 -0.564941 0.000000
vt  0.911133 -0.587402 0.000000
vt  0.909180 -0.566406 0.000000
vt  0.918945 -0.556641 0.000000
vt  0.923828 -0.580566 0.000000
vt  0.920410 -0.558105 0.000000
vt  0.929199 -0.546875 0.000000
vt  0.935547 -0.571777 0.000000
vt  0.930664 -0.548340 0.000000
vt  0.946289 -0.562012 0.000000
vt  0.939941 -0.537598 0.000000
vt  0.937988 -0.536133 0.000000
vt  0.955566 -0.550293 0.000000
vt  0.947266 -0.525391 0.000000
vt  0.945313 -0.523926 0.000000
vt  0.963379 -0.537109 0.000000
vt  0.958008 -0.498047 0.000000
vt  0.956055 -0.496826 0.000000
vt  0.974609 -0.508301 0.000000
vt  0.964844 -0.465088 0.000000
vt  0.962891 -0.464111 0.000000
vt  0.981934 -0.473877 0.000000
vt  0.969727 -0.425293 0.000000
vt  0.967773 -0.424561 0.000000
vt  0.987305 -0.431885 0.000000
vt  0.973633 -0.382813 0.000000
vt  0.991211 -0.387207 0.000000
vt  0.976074 -0.342041 0.000000
vt  0.971680 -0.382324 0.000000
vt  0.974121 -0.341797 0.000000
vt  0.993652 -0.344238 0.000000
vt  0.976563 -0.302734 0.000000
vt  0.974609 -0.302734 0.000000
vt  0.974121 -0.263428 0.000000
vt  0.994629 -0.302734 0.000000
vt  0.976074 -0.263184 0.000000
vt  0.971680 -0.223022 0.000000
vt  0.993652 -0.260986 0.000000
vt  0.973633 -0.222534 0.000000
vt  0.967773 -0.180908 0.000000
vt  0.991211 -0.218262 0.000000
vt  0.969727 -0.180176 0.000000
vt  0.962891 -0.141357 0.000000
vt  0.987305 -0.173462 0.000000
vt  0.964844 -0.140381 0.000000
vt  0.981934 -0.131592 0.000000
vt  0.958008 -0.107422 0.000000
vt  0.956055 -0.108582 0.000000
vt  0.945313 -0.081421 0.000000
vt  0.974609 -0.096741 0.000000
vt  0.947266 -0.080078 0.000000
vt  0.937988 -0.069336 0.000000
vt  0.963379 -0.067932 0.000000
vt  0.939941 -0.067871 0.000000
vt  0.929199 -0.058350 0.000000
vt  0.930664 -0.056885 0.000000
vt  0.955566 -0.055145 0.000000
vt  0.918945 -0.048706 0.000000
vt  0.920410 -0.047180 0.000000
vt  0.946289 -0.043518 0.000000
vt  0.907715 -0.040558 0.000000
vt  0.909180 -0.038971 0.000000
vt  0.935547 -0.033264 0.000000
vt  0.923828 -0.024643 0.000000
vt  0.897461 -0.032501 0.000000
vt  0.911133 -0.017807 0.000000
vt  0.881836 -0.027557 0.000000
vt  0.895508 -0.034119 0.000000
vt  0.880371 -0.029221 0.000000
vt  0.895020 -0.012596 0.000000
vt  0.860840 -0.023941 0.000000
vt  0.859375 -0.025635 0.000000
vt  0.872559 -0.008789 0.000000
vt  0.791504 -0.020035 0.000000
vt  0.790527 -0.021744 0.000000
vt  0.633789 -0.020767 0.000000
vt  0.633789 -0.019058 0.000000
vt  0.799805 -0.004669 0.000000
vt  0.633789 -0.003639 0.000000
vt  0.031769 -0.863281 0.000000
vt  0.031769 -0.892578 0.000000
vt  0.045837 -0.888672 0.000000
vt  0.056366 -0.878418 0.000000
vt  0.017685 -0.888672 0.000000
vt  0.059937 -0.864258 0.000000
vt  0.007172 -0.878418 0.000000
vt  0.056366 -0.850098 0.000000
vt  0.003611 -0.864258 0.000000
vt  0.045837 -0.839844 0.000000
vt  0.007172 -0.850098 0.000000
vt  0.031769 -0.835449 0.000000
vt  0.017685 -0.839844 0.000000
vt  0.091675 -0.863281 0.000000
vt  0.077576 -0.888184 0.000000
vt  0.091675 -0.892090 0.000000
vt  0.105713 -0.888184 0.000000
vt  0.067078 -0.877930 0.000000
vt  0.116272 -0.877930 0.000000
vt  0.063477 -0.863770 0.000000
vt  0.119812 -0.863770 0.000000
vt  0.067078 -0.849609 0.000000
vt  0.116272 -0.849609 0.000000
vt  0.077576 -0.839355 0.000000
vt  0.091675 -0.834961 0.000000
vt  0.105713 -0.839355 0.000000
vt  0.364014 -0.003777 0.000000
vt  0.198364 -0.004807 0.000000
vt  0.206665 -0.020172 0.000000
vt  0.364258 -0.019058 0.000000
vt  0.137207 -0.024078 0.000000
vt  0.125366 -0.008926 0.000000
vt  0.207642 -0.021881 0.000000
vt  0.138550 -0.025772 0.000000
vt  0.364258 -0.020905 0.000000
vt  0.364258 -0.302734 0.000000
vt  0.117615 -0.029358 0.000000
vt  0.116150 -0.027695 0.000000
vt  0.102356 -0.034271 0.000000
vt  0.103210 -0.012733 0.000000
vt  0.100769 -0.032623 0.000000
vt  0.090393 -0.040710 0.000000
vt  0.087097 -0.017944 0.000000
vt  0.088684 -0.039124 0.000000
vt  0.079224 -0.048859 0.000000
vt  0.074463 -0.024780 0.000000
vt  0.077454 -0.047302 0.000000
vt  0.069031 -0.058502 0.000000
vt  0.062622 -0.033417 0.000000
vt  0.067261 -0.057007 0.000000
vt  0.051910 -0.043640 0.000000
vt  0.058258 -0.068054 0.000000
vt  0.060120 -0.069458 0.000000
vt  0.042450 -0.055267 0.000000
vt  0.050690 -0.080200 0.000000
vt  0.052582 -0.081543 0.000000
vt  0.034485 -0.068054 0.000000
vt  0.040100 -0.107544 0.000000
vt  0.042084 -0.108704 0.000000
vt  0.023392 -0.096924 0.000000
vt  0.033386 -0.140503 0.000000
vt  0.035400 -0.141479 0.000000
vt  0.016327 -0.131714 0.000000
vt  0.028198 -0.180298 0.000000
vt  0.030228 -0.181030 0.000000
vt  0.010880 -0.173706 0.000000
vt  0.024368 -0.222656 0.000000
vt  0.006859 -0.218384 0.000000
vt  0.022079 -0.263428 0.000000
vt  0.026428 -0.223145 0.000000
vt  0.024155 -0.263672 0.000000
vt  0.004452 -0.261230 0.000000
vt  0.021317 -0.302734 0.000000
vt  0.023392 -0.302734 0.000000
vt  0.024155 -0.342041 0.000000
vt  0.003658 -0.302734 0.000000
vt  0.022079 -0.342285 0.000000
vt  0.026428 -0.382568 0.000000
vt  0.004452 -0.344482 0.000000
vt  0.024368 -0.383057 0.000000
vt  0.030228 -0.424561 0.000000
vt  0.006859 -0.387207 0.000000
vt  0.028198 -0.425293 0.000000
vt  0.035400 -0.464111 0.000000
vt  0.010880 -0.431885 0.000000
vt  0.948242 -0.876465 0.000000
vt  0.908203 -0.821289 0.000000
vt  0.929199 -0.834961 0.000000
vt  0.948242 -0.848633 0.000000
vt  0.967285 -0.862793 0.000000
vt  0.929199 -0.904297 0.000000
vt  0.948242 -0.890137 0.000000
vt  0.967285 -0.876465 0.000000
vt  0.929199 -0.821289 0.000000
vt  0.948242 -0.834961 0.000000
vt  0.967285 -0.848633 0.000000
vt  0.948242 -0.904297 0.000000
vt  0.967285 -0.890137 0.000000
vt  0.997070 -0.869629 0.000000
vt  0.997070 -0.855957 0.000000
vt  0.997070 -0.862793 0.000000
vt  0.997070 -0.883301 0.000000
vt  0.997070 -0.876465 0.000000
vt  0.948242 -0.821289 0.000000
vt  0.967285 -0.834961 0.000000
vt  0.997070 -0.841797 0.000000
vt  0.997070 -0.848633 0.000000
vt  0.967285 -0.904297 0.000000
vt  0.997070 -0.897461 0.000000
vt  0.997070 -0.890137 0.000000
vt  0.967285 -0.821289 0.000000
vt  0.997070 -0.828125 0.000000
vt  0.997070 -0.834961 0.000000
vt  0.997070 -0.904297 0.000000
vt  0.997070 -0.821289 0.000000
vt  0.929199 -0.821289 0.000000
vt  0.948242 -0.834961 0.000000
vt  0.948242 -0.821289 0.000000
vt  0.967285 -0.848633 0.000000
vt  0.967285 -0.834961 0.000000
vt  0.967285 -0.821289 0.000000
vt  0.997070 -0.841797 0.000000
vt  0.997070 -0.848633 0.000000
vt  0.997070 -0.828125 0.000000
vt  0.997070 -0.834961 0.000000
vt  0.997070 -0.821289 0.000000
vt  0.907227 -0.718262 0.000000
vt  0.943848 -0.693359 0.000000
vt  0.943848 -0.718262 0.000000
vt  0.900879 -0.710449 0.000000
vt  0.900879 -0.693359 0.000000
vt  0.001847 -0.725586 0.000000
vt  0.275391 -0.692871 0.000000
vt  0.001847 -0.692871 0.000000
vt  0.275391 -0.725586 0.000000
vt  0.275391 -0.737793 0.000000
vt  0.001847 -0.737793 0.000000
vt  0.001847 -0.750488 0.000000
vt  0.275391 -0.750488 0.000000
vt  0.907227 -0.718262 0.000000
vt  0.943848 -0.718262 0.000000
vt  0.943848 -0.693359 0.000000
vt  0.900879 -0.710449 0.000000
vt  0.900879 -0.693359 0.000000
vt  0.275391 -0.692871 0.000000
vt  0.001847 -0.725586 0.000000
vt  0.275391 -0.725586 0.000000
vt  0.001847 -0.692871 0.000000
vt  0.678223 -0.783691 0.000000
vt  0.993652 -0.777344 0.000000
vt  0.678223 -0.777344 0.000000
vt  0.993652 -0.783691 0.000000
vt  0.993652 -0.790039 0.000000
vt  0.678223 -0.790039 0.000000
vt  0.678223 -0.761230 0.000000
vt  0.993652 -0.754883 0.000000
vt  0.678223 -0.754883 0.000000
vt  0.993652 -0.761230 0.000000
vt  0.678223 -0.772949 0.000000
vt  0.993652 -0.772949 0.000000
vt  0.985840 -0.717773 0.000000
vt  0.998535 -0.745605 0.000000
vt  0.985840 -0.745605 0.000000
vt  0.998535 -0.708984 0.000000
vt  0.956543 -0.708984 0.000000
vt  0.956543 -0.717773 0.000000
vt  0.993652 -0.812500 0.000000
vt  0.678223 -0.793945 0.000000
vt  0.678223 -0.812500 0.000000
vt  0.993652 -0.793945 0.000000
vt  0.998535 -0.745605 0.000000
vt  0.985840 -0.717773 0.000000
vt  0.985840 -0.745605 0.000000
vt  0.998535 -0.708984 0.000000
vt  0.956543 -0.708984 0.000000
vt  0.956543 -0.717773 0.000000
vt  0.479004 -0.749023 0.000000
vt  0.288818 -0.749023 0.000000
vt  0.288818 -0.723633 0.000000
vt  0.486084 -0.723633 0.000000
vt  0.575195 -0.749023 0.000000
vt  0.572754 -0.723633 0.000000
vt  0.599121 -0.723633 0.000000
vt  0.618164 -0.723633 0.000000
vt  0.646973 -0.749023 0.000000
vt  0.633301 -0.723633 0.000000
vt  0.646973 -0.723633 0.000000
vt  0.664551 -0.723633 0.000000
vt  0.679688 -0.723633 0.000000
vt  0.696289 -0.723633 0.000000
vt  0.742188 -0.749023 0.000000
vt  0.731934 -0.723633 0.000000
vt  0.773926 -0.723633 0.000000
vt  0.824219 -0.723633 0.000000
vt  0.877930 -0.749023 0.000000
vt  0.877441 -0.723633 0.000000
vt  0.928223 -0.723633 0.000000
vt  0.975098 -0.749023 0.000000
vt  0.975098 -0.723633 0.000000
vt  0.625488 -0.690918 0.000000
vt  0.288818 -0.715820 0.000000
vt  0.625488 -0.715820 0.000000
vt  0.288818 -0.690918 0.000000
vt  0.013603 -0.686035 0.000000
vt  0.000000 -0.664551 0.000000
vt  0.000000 -0.686035 0.000000
vt  0.013603 -0.664551 0.000000
vt  0.986328 -0.664551 0.000000
vt  0.986328 -0.686035 0.000000
vt  1.000000 -0.664551 0.000000
vt  1.000000 -0.686035 0.000000
vt  0.013603 -0.686035 0.000000
vt  0.000000 -0.664551 0.000000
vt  0.000000 -0.686035 0.000000
vt  0.013603 -0.664551 0.000000
vt  0.986328 -0.664551 0.000000
vt  0.986328 -0.686035 0.000000
vt  1.000000 -0.664551 0.000000
vt  1.000000 -0.686035 0.000000
vt  0.013603 -0.686035 0.000000
vt  0.000000 -0.664551 0.000000
vt  0.000000 -0.686035 0.000000
vt  0.013603 -0.664551 0.000000
vt  0.986328 -0.664551 0.000000
vt  0.986328 -0.686035 0.000000
vt  1.000000 -0.664551 0.000000
vt  1.000000 -0.686035 0.000000
vt  0.907227 -0.718262 0.000000
vt  0.943848 -0.693359 0.000000
vt  0.943848 -0.718262 0.000000
vt  0.900879 -0.710449 0.000000
vt  0.900879 -0.693359 0.000000
vt  0.275391 -0.725586 0.000000
vt  0.001847 -0.692871 0.000000
vt  0.001847 -0.725586 0.000000
vt  0.275391 -0.692871 0.000000
vt  0.907227 -0.718262 0.000000
vt  0.943848 -0.718262 0.000000
vt  0.943848 -0.693359 0.000000
vt  0.900879 -0.710449 0.000000
vt  0.900879 -0.693359 0.000000
vt  0.001847 -0.790527 0.000000
vt  0.171143 -0.757813 0.000000
vt  0.001847 -0.757813 0.000000
vt  0.171143 -0.790527 0.000000
vt  0.275879 -0.757813 0.000000
vt  0.169678 -0.802734 0.000000
vt  0.001847 -0.802734 0.000000
vt  0.273682 -0.802734 0.000000
vt  0.275879 -0.790527 0.000000
vt  0.302490 -0.757813 0.000000
vt  0.166016 -0.814941 0.000000
vt  0.268799 -0.814941 0.000000
vt  0.001847 -0.814941 0.000000
vt  0.302002 -0.802734 0.000000
vt  0.300537 -0.814941 0.000000
vt  0.302490 -0.790527 0.000000
vt  0.322510 -0.757813 0.000000
vt  0.322754 -0.802734 0.000000
vt  0.323242 -0.814941 0.000000
vt  0.322510 -0.790527 0.000000
vt  0.340088 -0.757813 0.000000
vt  0.340576 -0.802734 0.000000
vt  0.341797 -0.814941 0.000000
vt  0.340088 -0.790527 0.000000
vt  0.358154 -0.757813 0.000000
vt  0.358643 -0.802734 0.000000
vt  0.360352 -0.814941 0.000000
vt  0.358154 -0.790527 0.000000
vt  0.375977 -0.757813 0.000000
vt  0.375977 -0.790527 0.000000
vt  0.376953 -0.802734 0.000000
vt  0.379150 -0.814941 0.000000
vt  0.394043 -0.757813 0.000000
vt  0.394043 -0.790527 0.000000
vt  0.395264 -0.802734 0.000000
vt  0.397949 -0.814941 0.000000
vt  0.412354 -0.757813 0.000000
vt  0.412354 -0.790527 0.000000
vt  0.413574 -0.802734 0.000000
vt  0.416748 -0.814941 0.000000
vt  0.449707 -0.757813 0.000000
vt  0.449707 -0.790527 0.000000
vt  0.451416 -0.802734 0.000000
vt  0.455322 -0.814941 0.000000
vt  0.493652 -0.757813 0.000000
vt  0.493652 -0.790527 0.000000
vt  0.495361 -0.802734 0.000000
vt  0.499512 -0.814941 0.000000
vt  0.544434 -0.757813 0.000000
vt  0.544434 -0.790527 0.000000
vt  0.546387 -0.802734 0.000000
vt  0.549805 -0.814941 0.000000
vt  0.594238 -0.757813 0.000000
vt  0.594238 -0.790527 0.000000
vt  0.595215 -0.802734 0.000000
vt  0.597168 -0.814941 0.000000
vt  0.634277 -0.757813 0.000000
vt  0.634277 -0.790527 0.000000
vt  0.634277 -0.802734 0.000000
vt  0.635254 -0.814941 0.000000
vt  0.667969 -0.757813 0.000000
vt  0.667969 -0.790527 0.000000
vt  0.667969 -0.802734 0.000000
vt  0.667969 -0.814941 0.000000
vt  0.635254 -0.814941 0.000000
vt  0.667969 -0.802734 0.000000
vt  0.634277 -0.802734 0.000000
vt  0.597168 -0.814941 0.000000
vt  0.667969 -0.790527 0.000000
vt  0.634277 -0.790527 0.000000
vt  0.595215 -0.802734 0.000000
vt  0.549805 -0.814941 0.000000
vt  0.667969 -0.757813 0.000000
vt  0.594238 -0.790527 0.000000
vt  0.634277 -0.757813 0.000000
vt  0.546387 -0.802734 0.000000
vt  0.499512 -0.814941 0.000000
vt  0.033386 -0.465088 0.000000
vt  0.016327 -0.473877 0.000000
vt  0.040100 -0.498047 0.000000
vt  0.042084 -0.497070 0.000000
vt  0.052582 -0.523926 0.000000
vt  0.023392 -0.508789 0.000000
vt  0.050690 -0.525391 0.000000
vt  0.060120 -0.536133 0.000000
vt  0.034485 -0.537598 0.000000
vt  0.058258 -0.537598 0.000000
vt  0.069031 -0.546875 0.000000
vt  0.067261 -0.548340 0.000000
vt  0.042450 -0.550293 0.000000
vt  0.079224 -0.556641 0.000000
vt  0.077454 -0.558105 0.000000
vt  0.051910 -0.562012 0.000000
vt  0.090393 -0.564941 0.000000
vt  0.088684 -0.566406 0.000000
vt  0.062622 -0.572266 0.000000
vt  0.074463 -0.580566 0.000000
vt  0.100769 -0.572754 0.000000
vt  0.087097 -0.587402 0.000000
vt  0.116150 -0.578125 0.000000
vt  0.102356 -0.571289 0.000000
vt  0.117615 -0.576172 0.000000
vt  0.103210 -0.592773 0.000000
vt  0.137207 -0.581543 0.000000
vt  0.138550 -0.579590 0.000000
vt  0.125366 -0.596680 0.000000
vt  0.206665 -0.585449 0.000000
vt  0.207642 -0.583496 0.000000
vt  0.364258 -0.584473 0.000000
vt  0.364258 -0.586426 0.000000
vt  0.198364 -0.600586 0.000000
vt  0.364014 -0.601563 0.000000
vt  0.031769 -0.863281 0.000000
vt  0.045837 -0.888672 0.000000
vt  0.031769 -0.892578 0.000000
vt  0.056366 -0.878418 0.000000
vt  0.017685 -0.888672 0.000000
vt  0.059937 -0.864258 0.000000
vt  0.007172 -0.878418 0.000000
vt  0.056366 -0.850098 0.000000
vt  0.003611 -0.864258 0.000000
vt  0.045837 -0.839844 0.000000
vt  0.007172 -0.850098 0.000000
vt  0.031769 -0.835449 0.000000
vt  0.017685 -0.839844 0.000000
vt  0.091675 -0.863281 0.000000
vt  0.091675 -0.892090 0.000000
vt  0.077576 -0.888184 0.000000
vt  0.105713 -0.888184 0.000000
vt  0.067078 -0.877930 0.000000
vt  0.116272 -0.877930 0.000000
vt  0.063477 -0.863770 0.000000
vt  0.119812 -0.863770 0.000000
vt  0.067078 -0.849609 0.000000
vt  0.116272 -0.849609 0.000000
vt  0.077576 -0.839355 0.000000
vt  0.091675 -0.834961 0.000000
vt  0.105713 -0.839355 0.000000
vt  0.031769 -0.863281 0.000000
vt  0.031769 -0.892578 0.000000
vt  0.045837 -0.888672 0.000000
vt  0.017685 -0.888672 0.000000
vt  0.056366 -0.878418 0.000000
vt  0.007172 -0.878418 0.000000
vt  0.059937 -0.864258 0.000000
vt  0.003611 -0.864258 0.000000
vt  0.056366 -0.850098 0.000000
vt  0.007172 -0.850098 0.000000
vt  0.045837 -0.839844 0.000000
vt  0.031769 -0.835449 0.000000
vt  0.017685 -0.839844 0.000000
vt  0.091675 -0.863281 0.000000
vt  0.077576 -0.888184 0.000000
vt  0.091675 -0.892090 0.000000
vt  0.105713 -0.888184 0.000000
vt  0.067078 -0.877930 0.000000
vt  0.116272 -0.877930 0.000000
vt  0.063477 -0.863770 0.000000
vt  0.119812 -0.863770 0.000000
vt  0.067078 -0.849609 0.000000
vt  0.116272 -0.849609 0.000000
vt  0.077576 -0.839355 0.000000
vt  0.091675 -0.834961 0.000000
vt  0.105713 -0.839355 0.000000
vt  0.031769 -0.863281 0.000000
vt  0.045837 -0.888672 0.000000
vt  0.031769 -0.892578 0.000000
vt  0.017685 -0.888672 0.000000
vt  0.056366 -0.878418 0.000000
vt  0.007172 -0.878418 0.000000
vt  0.059937 -0.864258 0.000000
vt  0.003611 -0.864258 0.000000
vt  0.056366 -0.850098 0.000000
vt  0.007172 -0.850098 0.000000
vt  0.045837 -0.839844 0.000000
vt  0.031769 -0.835449 0.000000
vt  0.017685 -0.839844 0.000000
vt  0.091675 -0.863281 0.000000
vt  0.091675 -0.892090 0.000000
vt  0.077576 -0.888184 0.000000
vt  0.105713 -0.888184 0.000000
vt  0.067078 -0.877930 0.000000
vt  0.116272 -0.877930 0.000000
vt  0.063477 -0.863770 0.000000
vt  0.119812 -0.863770 0.000000
vt  0.067078 -0.849609 0.000000
vt  0.116272 -0.849609 0.000000
vt  0.077576 -0.839355 0.000000
vt  0.091675 -0.834961 0.000000
vt  0.105713 -0.839355 0.000000

vn  0.015729 0.133693 0.990898
vn  0.000000 0.000000 1.000000
vn  0.015746 0.000000 0.999876
vn  0.000000 0.133709 0.991021
vn  0.023615 0.999721 0.000000
vn  0.000000 1.000000 0.000000
vn  0.023615 0.999721 0.000000
vn  0.000000 1.000000 0.000000
vn  0.015607 0.132659 -0.991039
vn  0.000000 0.132675 -0.991160
vn  0.000000 0.000000 -1.000000
vn  0.015623 0.000000 -0.999878
vn  0.000000 -1.000000 0.000000
vn  0.000000 -1.000000 0.000000
vn  0.000000 -1.000000 0.000000
vn  0.000000 -1.000000 0.000000
vn  1.000000 0.000000 0.000000
vn  0.015729 0.133693 0.990898
vn  0.015746 0.000000 0.999876
vn  0.023615 0.999721 0.000000
vn  1.000000 0.000000 0.000000
vn  0.023615 0.999721 0.000000
vn  0.015607 0.132659 -0.991039
vn  0.015623 0.000000 -0.999878
vn  0.015746 0.000000 0.999876
vn  -0.023615 0.000000 0.999721
vn  -0.015756 -0.173314 0.984741
vn  0.015777 -0.165658 0.986057
vn  0.078497 0.000000 0.996914
vn  0.000000 -0.965843 0.259129
vn  -0.046978 -0.970886 0.234892
vn  0.015637 -0.961701 0.273655
vn  0.078750 -0.157500 0.984374
vn  0.220261 0.000000 0.975441
vn  0.000000 -1.000000 0.000000
vn  0.000000 -1.000000 0.000000
vn  -0.054606 -0.998508 0.000000
vn  0.047064 -0.972646 0.227474
vn  0.000000 -1.000000 0.000000
vn  0.220009 -0.180722 0.958611
vn  0.379556 0.000000 0.925169
vn  0.078084 -0.976056 0.203020
vn  0.000000 -1.000000 0.000000
vn  0.371452 -0.189677 0.908871
vn  0.530711 0.000000 0.847553
vn  0.109489 -0.977577 0.179874
vn  0.000000 -1.000000 0.000000
vn  0.521678 -0.197605 0.829942
vn  0.640962 0.000000 0.767572
vn  0.132930 -0.977428 0.164208
vn  0.000000 -1.000000 0.000000
vn  0.622956 -0.197138 0.757009
vn  0.734198 0.000000 0.678936
vn  0.717582 -0.189252 0.670269
vn  0.156240 -0.976503 0.148428
vn  0.000000 -1.000000 0.000000
vn  0.812132 0.000000 0.583474
vn  0.799450 -0.189968 0.569905
vn  0.180923 -0.975411 0.125859
vn  0.000000 -1.000000 0.000000
vn  0.908190 0.000000 0.418557
vn  0.897304 -0.165293 0.409297
vn  0.243117 -0.964624 0.101952
vn  0.000000 -1.000000 0.000000
vn  0.963291 0.000000 0.268458
vn  0.949990 -0.158332 0.269164
vn  0.258619 -0.963943 0.062695
vn  0.000000 -1.000000 0.000000
vn  0.987441 0.000000 0.157990
vn  0.976136 -0.149569 0.157441
vn  0.273479 -0.961084 0.039068
vn  0.000000 -1.000000 0.000000
vn  0.994720 0.000000 0.102630
vn  0.983460 -0.149486 0.102280
vn  0.273613 -0.961554 0.023453
vn  0.000000 -1.000000 0.000000
vn  0.998022 0.000000 0.062868
vn  0.986671 -0.149974 0.063147
vn  0.273655 -0.961701 0.015637
vn  0.000000 -1.000000 0.000000
vn  0.999504 0.000000 0.031480
vn  0.988334 -0.149035 0.031376
vn  0.280899 -0.959737 0.000000
vn  0.000000 -1.000000 0.000000
vn  0.999969 0.000000 0.007874
vn  0.988791 -0.149103 0.007848
vn  0.283017 -0.959115 0.000000
vn  0.000000 -1.000000 0.000000
vn  -0.015756 -0.173314 0.984741
vn  -0.023615 0.000000 0.999721
vn  -1.000000 0.000000 0.000000
vn  -0.046978 -0.970886 0.234892
vn  -0.054606 -0.998508 0.000000
vn  0.666733 -0.643202 -0.376508
vn  0.304855 -0.914565 -0.265771
vn  0.101325 -0.576771 -0.810597
vn  0.855382 0.007848 -0.517938
vn  0.907173 -0.418088 -0.047331
vn  0.070543 -0.501641 -0.862195
vn  0.987410 -0.007899 0.157986
vn  0.745281 0.602568 0.285427
vn  0.864348 0.000000 -0.502894
vn  0.039220 -0.376508 -0.925583
vn  0.807365 0.071238 0.585736
vn  0.791559 0.490767 0.364117
vn  0.864348 0.000000 -0.502894
vn  -0.126365 0.600233 0.789780
vn  0.476431 0.301739 0.825813
vn  0.007832 -0.203635 -0.979015
vn  -0.078948 0.489480 0.868433
vn  0.828623 0.363016 0.426149
vn  0.864348 0.000000 -0.502894
vn  0.094570 0.070928 0.992988
vn  0.000000 -0.054606 -0.998508
vn  0.856792 0.198331 0.475996
vn  -0.039448 0.362925 0.930983
vn  0.864348 0.000000 -0.502894
vn  -0.869686 0.000000 0.493605
vn  -0.869686 0.000000 0.493605
vn  -0.353695 -0.007860 0.935328
vn  -0.015809 0.197611 0.980153
vn  0.866787 0.047279 0.496432
vn  -0.869686 0.000000 0.493605
vn  0.860619 0.063165 -0.505317
vn  0.864046 0.063416 0.499403
vn  0.000000 0.000000 -1.000000
vn  0.000000 0.047191 0.998886
vn  -0.869686 0.000000 0.493605
vn  -0.854331 -0.203785 -0.478112
vn  -0.823815 -0.376601 -0.423676
vn  -0.865026 -0.054551 -0.498753
vn  0.833510 0.228036 -0.503251
vn  0.000000 0.000000 1.000000
vn  0.836802 0.228936 0.497344
vn  -0.865578 -0.070820 0.495740
vn  0.000000 0.000000 -1.000000
vn  0.000000 0.000000 1.000000
vn  0.007832 -0.203635 -0.979015
vn  0.000000 -0.054606 -0.998508
vn  -0.862195 -0.070543 -0.501641
vn  0.000000 0.000000 -1.000000
vn  -0.833690 -0.243815 0.495495
vn  0.000000 0.000000 -1.000000
vn  0.750174 0.426415 -0.505380
vn  0.753162 0.428113 0.499465
vn  0.000000 0.000000 1.000000
vn  -0.754014 -0.431987 0.494822
vn  -0.830434 -0.242863 -0.501394
vn  0.000000 0.000000 -1.000000
vn  -0.751078 -0.430305 -0.500719
vn  -0.621855 -0.606111 0.495909
vn  0.000000 0.000000 1.000000
vn  0.000000 0.000000 -1.000000
vn  0.617494 0.601661 -0.506662
vn  0.619966 0.604069 0.500742
vn  0.000000 0.000000 -1.000000
vn  -0.619422 -0.603741 -0.501810
vn  -0.475374 -0.724751 -0.498753
vn  -0.477218 -0.727562 0.492865
vn  0.000000 0.000000 1.000000
vn  0.000000 0.000000 -1.000000
vn  0.000000 0.000000 -1.000000
vn  0.465839 0.726394 -0.505317
vn  0.467695 0.729286 0.499403
vn  -0.265447 -0.819762 -0.507472
vn  0.000000 0.000000 -1.000000
vn  -0.266497 -0.823004 0.501641
vn  0.000000 0.000000 1.000000
vn  0.000000 0.000000 -1.000000
vn  0.251844 0.826362 -0.503687
vn  0.252840 0.829631 0.497779
vn  0.047279 0.866787 0.496432
vn  0.000000 0.000000 1.000000
vn  0.047094 0.863389 -0.502336
vn  0.000000 0.000000 -1.000000
vn  -0.054551 -0.865026 -0.498753
vn  0.000000 0.000000 -1.000000
vn  -0.054763 -0.868381 0.492865
vn  0.000000 0.867757 0.496988
vn  0.000000 0.000000 1.000000
vn  0.000000 0.000000 -1.000000
vn  0.000000 -0.866316 -0.499497
vn  0.000000 -0.869686 0.493605
vn  0.000000 0.000000 -1.000000
vn  0.000000 0.864348 -0.502894
vn  0.000000 0.000000 -1.000000
vn  -0.902051 -0.407884 0.141191
vn  -0.994802 0.000000 0.101830
vn  -0.912671 -0.397831 0.093607
vn  -0.998053 0.000000 0.062378
vn  -0.329121 -0.940345 0.086198
vn  -0.350601 -0.934936 0.054538
vn  0.000000 -1.000000 0.000000
vn  0.000000 -1.000000 0.000000
vn  -0.870461 -0.423468 0.250944
vn  -0.987636 0.000000 0.156768
vn  -0.289815 -0.947774 0.133158
vn  0.000000 -1.000000 0.000000
vn  -0.805327 -0.445666 0.390935
vn  -0.961819 0.000000 0.273688
vn  -0.249939 -0.952892 0.171833
vn  0.000000 -1.000000 0.000000
vn  -0.729822 -0.455158 0.510090
vn  -0.897554 0.000000 0.440904
vn  -0.219360 -0.955783 0.195857
vn  0.000000 -1.000000 0.000000
vn  -0.653199 -0.464322 0.598110
vn  -0.814791 0.000000 0.579755
vn  -0.188306 -0.957224 0.219691
vn  -0.568128 -0.465549 0.678597
vn  -0.737805 0.000000 0.675013
vn  -0.471041 -0.471041 0.745815
vn  -0.156917 -0.957194 0.243221
vn  -0.645589 0.000000 0.763685
vn  0.000000 -1.000000 0.000000
vn  -0.347568 -0.466057 0.813626
vn  -0.536365 0.000000 0.843986
vn  -0.117615 -0.956605 0.266595
vn  0.000000 -1.000000 0.000000
vn  -0.212178 -0.455790 0.864428
vn  -0.392971 0.000000 0.919551
vn  -0.070420 -0.954583 0.289505
vn  0.000000 -1.000000 0.000000
vn  -0.102179 -0.448014 0.888168
vn  -0.236956 0.000000 0.971520
vn  -0.039204 -0.948735 0.313631
vn  0.000000 -1.000000 0.000000
vn  -0.031478 -0.440685 0.897110
vn  -0.110432 0.000000 0.993884
vn  -0.007827 -0.947077 0.320910
vn  0.000000 -1.000000 0.000000
vn  -0.007879 -0.173330 0.984832
vn  -0.031480 0.000000 0.999504
vn  0.000000 -0.971959 0.235151
vn  0.000000 -1.000000 0.000000
vn  -0.007874 0.000000 0.999969
vn  1.000000 0.000000 0.000000
vn  1.000000 0.000000 0.000000
vn  1.000000 0.000000 0.000000
vn  1.000000 0.000000 0.000000
vn  1.000000 0.000000 0.000000
vn  0.999969 0.000000 0.007874
vn  0.999504 0.000000 0.031480
vn  0.999969 0.000000 0.007874
vn  0.999504 0.000000 0.031480
vn  0.997498 0.000000 0.070689
vn  0.998022 0.000000 0.062868
vn  0.994720 0.000000 0.102630
vn  0.994720 0.000000 0.102630
vn  0.987441 0.000000 0.157990
vn  0.987441 0.000000 0.157990
vn  0.961226 0.000000 0.275762
vn  0.961226 0.000000 0.275762
vn  0.908190 0.000000 0.418557
vn  0.892841 0.000000 0.450371
vn  0.812132 0.000000 0.583474
vn  0.812132 0.000000 0.583474
vn  0.726575 0.000000 0.687087
vn  0.726575 0.000000 0.687087
vn  0.632376 0.000000 0.774661
vn  0.632376 0.000000 0.774661
vn  0.521450 0.000000 0.853282
vn  0.521450 0.000000 0.853282
vn  0.379556 0.000000 0.925169
vn  0.386294 0.000000 0.922376
vn  0.220261 0.000000 0.975441
vn  0.229480 0.000000 0.973313
vn  0.070689 0.000000 0.997498
vn  0.102630 0.000000 0.994720
vn  0.015746 0.000000 0.999876
vn  0.023615 0.000000 0.999721
vn  0.000000 0.000000 1.000000
vn  0.000000 0.000000 1.000000
vn  0.000000 -1.000000 0.000000
vn  0.000000 -1.000000 0.000000
vn  0.000000 -1.000000 0.000000
vn  0.000000 -1.000000 0.000000
vn  0.000000 -1.000000 0.000000
vn  0.000000 -1.000000 0.000000
vn  0.000000 -1.000000 0.000000
vn  0.000000 -1.000000 0.000000
vn  0.000000 -1.000000 0.000000
vn  0.000000 -1.000000 0.000000
vn  0.000000 -1.000000 0.000000
vn  0.000000 -1.000000 0.000000
vn  0.000000 -1.000000 0.000000
vn  0.000000 -1.000000 0.000000
vn  0.000000 -1.000000 0.000000
vn  0.000000 -1.000000 0.000000
vn  0.000000 -1.000000 0.000000
vn  0.000000 -1.000000 0.000000
vn  0.000000 -1.000000 0.000000
vn  0.000000 -1.000000 0.000000
vn  0.000000 -1.000000 0.000000
vn  0.000000 -1.000000 0.000000
vn  0.000000 -1.000000 0.000000
vn  1.000000 0.000000 0.000000
vn  1.000000 0.000000 0.000000
vn  1.000000 0.000000 0.000000
vn  1.000000 0.000000 0.000000
vn  1.000000 0.000000 0.000000
vn  0.000000 0.000000 -1.000000
vn  0.023431 0.000000 -0.999725
vn  0.000000 0.000000 -1.000000
vn  0.015623 0.000000 -0.999878
vn  0.101830 0.000000 -0.994802
vn  0.070139 0.000000 -0.997537
vn  0.227726 0.000000 -0.973725
vn  0.218583 0.000000 -0.975818
vn  0.383504 0.000000 -0.923539
vn  0.376798 0.000000 -0.926295
vn  0.517954 0.000000 -0.855409
vn  0.517954 0.000000 -0.855409
vn  0.628520 0.000000 -0.777793
vn  0.628520 0.000000 -0.777793
vn  0.722642 0.000000 -0.691223
vn  0.722642 0.000000 -0.691223
vn  0.808397 0.000000 -0.588638
vn  0.808397 0.000000 -0.588638
vn  0.905175 0.000000 -0.425039
vn  0.889653 0.000000 -0.456636
vn  0.959115 0.000000 -0.283017
vn  0.959115 0.000000 -0.283017
vn  0.986180 0.000000 -0.165678
vn  0.986180 0.000000 -0.165678
vn  0.993884 0.000000 -0.110432
vn  0.993884 0.000000 -0.110432
vn  0.996914 0.000000 -0.078497
vn  0.997498 0.000000 -0.070689
vn  0.999226 0.000000 -0.039340
vn  0.999226 0.000000 -0.039340
vn  0.999876 0.000000 -0.015746
vn  0.999876 0.000000 -0.015746
vn  0.000000 -1.000000 0.000000
vn  0.000000 -1.000000 0.000000
vn  0.000000 -1.000000 0.000000
vn  0.000000 -1.000000 0.000000
vn  0.000000 -1.000000 0.000000
vn  0.000000 -1.000000 0.000000
vn  0.000000 -1.000000 0.000000
vn  0.000000 -1.000000 0.000000
vn  0.000000 -1.000000 0.000000
vn  0.000000 -1.000000 0.000000
vn  0.000000 -1.000000 0.000000
vn  0.000000 -1.000000 0.000000
vn  0.000000 -1.000000 0.000000
vn  0.000000 -1.000000 0.000000
vn  0.000000 -1.000000 0.000000
vn  0.000000 -1.000000 0.000000
vn  0.000000 -1.000000 0.000000
vn  0.000000 -1.000000 0.000000
vn  0.000000 -1.000000 0.000000
vn  0.000000 -1.000000 0.000000
vn  0.000000 -1.000000 0.000000
vn  0.000000 -1.000000 0.000000
vn  0.000000 -1.000000 0.000000
vn  -0.673006 -0.641703 0.367805
vn  -0.312557 -0.914230 0.257860
vn  -0.109720 -0.579951 0.807229
vn  -0.860900 0.007826 0.508714
vn  -0.908861 -0.415255 0.039175
vn  -0.078867 -0.504751 0.859655
vn  -0.986364 -0.007828 -0.164394
vn  -0.747083 0.597666 -0.290969
vn  -0.869686 0.000000 0.493605
vn  -0.047391 -0.379130 0.924129
vn  -0.806387 0.070461 -0.587175
vn  -0.792212 0.486308 -0.368653
vn  -0.869686 0.000000 0.493605
vn  0.117844 0.597076 -0.793482
vn  -0.479409 0.298648 -0.825213
vn  -0.015784 -0.205189 0.978595
vn  0.070611 0.486428 -0.870863
vn  -0.828302 0.359452 -0.429779
vn  -0.869686 0.000000 0.493605
vn  -0.101578 0.070323 -0.992339
vn  0.000000 -0.055035 0.998484
vn  -0.855672 0.196255 -0.478862
vn  0.031337 0.360377 -0.932280
vn  -0.869686 0.000000 0.493605
vn  0.864348 0.000000 -0.502894
vn  0.864348 0.000000 -0.502894
vn  0.344244 -0.007824 -0.938848
vn  0.007844 0.196110 -0.980551
vn  -0.865367 0.046777 -0.498950
vn  0.864348 0.000000 -0.502894
vn  -0.866034 0.062984 0.496001
vn  -0.862646 0.062738 -0.501903
vn  0.000000 0.000000 1.000000
vn  0.000000 0.046824 -0.998903
vn  0.864348 0.000000 -0.502894
vn  0.855420 -0.205935 0.475234
vn  0.824023 -0.380318 0.419935
vn  0.866437 -0.055137 0.496232
vn  -0.839145 0.227432 0.494076
vn  0.000000 0.000000 -1.000000
vn  -0.835886 0.226549 -0.499969
vn  0.860163 -0.071023 -0.505050
vn  0.000000 0.000000 1.000000
vn  0.000000 0.000000 -1.000000
vn  -0.015784 -0.205189 0.978595
vn  0.000000 -0.055035 0.998484
vn  0.863585 -0.071305 0.499136
vn  0.000000 0.000000 1.000000
vn  0.827979 -0.244451 -0.504673
vn  0.000000 0.000000 1.000000
vn  -0.756563 0.425566 0.496494
vn  -0.753596 0.423898 -0.502398
vn  0.000000 0.000000 -1.000000
vn  0.747638 -0.432843 -0.503672
vn  0.831268 -0.245422 0.498761
vn  0.304855 -0.914565 -0.265771
vn  -0.148361 -0.952631 -0.265487
vn  0.101325 -0.576771 -0.810597
vn  -0.755487 -0.576351 -0.311541
vn  -0.389900 -0.912366 0.124768
vn  0.070543 -0.501641 -0.862195
vn  -0.664753 -0.641291 0.383210
vn  -0.878168 0.007841 0.478288
vn  -0.786141 -0.498149 -0.365828
vn  0.039220 -0.376508 -0.925583
vn  -0.495173 -0.416575 0.762410
vn  -1.000000 0.000000 0.000000
vn  -1.000000 0.000000 0.000000
vn  -0.499497 -0.866316 0.000000
vn  -0.498753 -0.865026 -0.054551
vn  -0.507472 -0.819762 -0.265447
vn  -1.000000 0.000000 0.000000
vn  0.492865 -0.868381 -0.054763
vn  0.501641 -0.823004 -0.266497
vn  0.493605 -0.869686 0.000000
vn  1.000000 0.000000 0.000000
vn  -1.000000 0.000000 0.000000
vn  0.492865 -0.727562 -0.477218
vn  -0.498753 -0.724751 -0.475374
vn  1.000000 0.000000 0.000000
vn  1.000000 0.000000 0.000000
vn  1.000000 0.000000 0.000000
vn  0.496988 0.867757 0.000000
vn  0.496432 0.866787 0.047279
vn  -1.000000 0.000000 0.000000
vn  -0.501810 -0.603741 -0.619422
vn  0.495909 -0.606111 -0.621855
vn  1.000000 0.000000 0.000000
vn  0.497779 0.829631 0.252840
vn  0.499403 0.729286 0.467695
vn  0.500742 0.604069 0.619966
vn  -0.502894 0.864348 0.000000
vn  -0.502336 0.863389 0.047094
vn  -0.505317 0.726394 0.465839
vn  -0.503687 0.826362 0.251844
vn  -1.000000 0.000000 0.000000
vn  -0.500719 -0.430305 -0.751078
vn  0.494822 -0.431987 -0.754014
vn  1.000000 0.000000 0.000000
vn  0.499465 0.428113 0.753162
vn  -1.000000 0.000000 0.000000
vn  -0.506662 0.601661 0.617494
vn  -0.505380 0.426415 0.750174
vn  -1.000000 0.000000 0.000000
vn  -1.000000 0.000000 0.000000
vn  -1.000000 0.000000 0.000000
vn  0.497344 0.228936 0.836802
vn  1.000000 0.000000 0.000000
vn  -1.000000 0.000000 0.000000
vn  -0.501394 -0.242863 -0.830434
vn  0.495495 -0.243815 -0.833690
vn  -1.000000 0.000000 0.000000
vn  -1.000000 0.000000 0.000000
vn  -0.503251 0.228036 0.833510
vn  -0.501641 -0.070543 -0.862195
vn  0.495740 -0.070820 -0.865578
vn  1.000000 0.000000 0.000000
vn  0.499403 0.063416 0.864046
vn  -1.000000 0.000000 0.000000
vn  -0.498753 -0.054551 -0.865026
vn  0.998886 0.047191 0.000000
vn  0.493605 0.000000 -0.869686
vn  -1.000000 0.000000 0.000000
vn  -1.000000 0.000000 0.000000
vn  -0.505317 0.063165 0.860619
vn  -0.502894 0.000000 0.864348
vn  0.496432 0.047279 0.866787
vn  0.980153 0.197611 -0.015809
vn  0.493605 0.000000 -0.869686
vn  -0.998508 -0.054606 0.000000
vn  -0.478112 -0.203785 -0.854331
vn  0.475996 0.198331 0.856792
vn  0.930983 0.362925 -0.039448
vn  0.493605 0.000000 -0.869686
vn  -0.998508 -0.054606 0.000000
vn  -0.502894 0.000000 0.864348
vn  0.426149 0.363016 0.828623
vn  0.868433 0.489480 -0.078948
vn  -0.979015 -0.203635 0.007832
vn  -0.423676 -0.376601 -0.823815
vn  0.493605 0.000000 -0.869686
vn  -0.979015 -0.203635 0.007832
vn  -0.502894 0.000000 0.864348
vn  0.364117 0.490767 0.791559
vn  0.789780 0.600233 -0.126365
vn  -0.925583 -0.376508 0.039220
vn  -0.365828 -0.498149 -0.786141
vn  0.478288 0.007841 -0.878168
vn  -0.925583 -0.376508 0.039220
vn  -0.502894 0.000000 0.864348
vn  0.285427 0.602568 0.745281
vn  -0.862195 -0.501641 0.070543
vn  -0.311541 -0.576351 -0.755487
vn  0.825813 0.301739 0.476431
vn  0.935328 -0.007860 -0.353695
vn  0.992988 0.070928 0.094570
vn  0.383210 -0.641291 -0.664753
vn  0.762410 -0.416575 -0.495173
vn  -0.862195 -0.501641 0.070543
vn  -0.517938 0.007848 0.855382
vn  0.157986 -0.007899 0.987410
vn  0.585736 0.071238 0.807365
vn  -0.810597 -0.576771 0.101325
vn  -0.265487 -0.952631 -0.148361
vn  0.124768 -0.912366 -0.389900
vn  -0.810597 -0.576771 0.101325
vn  -0.376508 -0.643202 0.666733
vn  -0.047331 -0.418088 0.907173
vn  -0.265771 -0.914565 0.304855
vn  -0.265771 -0.914565 0.304855
vn  0.000000 0.000000 1.000000
vn  0.000000 0.000000 1.000000
vn  0.000000 -0.440904 0.897554
vn  0.000000 -0.440904 0.897554
vn  0.000000 -0.947106 0.320920
vn  0.000000 -0.947106 0.320920
vn  0.000000 -1.000000 0.000000
vn  0.000000 -1.000000 0.000000
vn  0.000000 0.000000 1.000000
vn  0.000000 0.000000 1.000000
vn  0.000000 -0.711003 0.703189
vn  0.000000 -0.425039 0.905175
vn  0.000000 -1.000000 0.000000
vn  0.000000 -1.000000 0.000000
vn  0.000000 0.000000 1.000000
vn  0.000000 0.000000 1.000000
vn  0.000000 -0.711003 0.703189
vn  0.000000 -0.959737 0.280899
vn  0.000000 -1.000000 0.000000
vn  0.000000 -1.000000 0.000000
vn  0.000000 0.000000 -1.000000
vn  0.000000 0.000000 -1.000000
vn  0.000000 0.000000 -1.000000
vn  0.000000 0.000000 -1.000000
vn  1.000000 0.000000 0.000000
vn  1.000000 0.000000 0.000000
vn  1.000000 0.000000 0.000000
vn  1.000000 0.000000 0.000000
vn  1.000000 0.000000 0.000000
vn  1.000000 0.000000 0.000000
vn  0.000000 -1.000000 0.000000
vn  0.000000 -1.000000 0.000000
vn  0.000000 -1.000000 0.000000
vn  0.000000 -1.000000 0.000000
vn  0.000000 -1.000000 0.000000
vn  0.000000 -1.000000 0.000000
vn  0.000000 -1.000000 0.000000
vn  0.000000 -1.000000 0.000000
vn  0.000000 -1.000000 0.000000
vn  0.000000 -1.000000 0.000000
vn  0.000000 -1.000000 0.000000
vn  0.000000 -1.000000 0.000000
vn  0.000000 -1.000000 0.000000
vn  0.000000 -1.000000 0.000000
vn  0.000000 -1.000000 0.000000
vn  0.000000 -1.000000 0.000000
vn  0.000000 -1.000000 0.000000
vn  0.000000 -1.000000 0.000000
vn  0.000000 -1.000000 0.000000
vn  0.000000 -1.000000 0.000000
vn  0.000000 -1.000000 0.000000
vn  0.000000 -1.000000 0.000000
vn  0.000000 -1.000000 0.000000
vn  0.000000 -1.000000 0.000000
vn  0.000000 -1.000000 0.000000
vn  0.000000 -1.000000 0.000000
vn  0.000000 -1.000000 0.000000
vn  0.023431 0.000000 -0.999725
vn  0.000000 -0.172001 -0.985097
vn  0.000000 0.000000 -1.000000
vn  0.023448 -0.437687 -0.898822
vn  0.101830 0.000000 -0.994802
vn  0.000000 -0.944707 -0.327915
vn  0.000000 -0.970142 -0.242536
vn  0.031294 -0.946642 -0.320763
vn  0.093736 -0.445245 -0.890489
vn  0.227726 0.000000 -0.973725
vn  0.000000 -1.000000 0.000000
vn  0.000000 -1.000000 0.000000
vn  0.000000 -1.000000 0.000000
vn  0.062485 -0.952892 -0.296803
vn  0.000000 -1.000000 0.000000
vn  0.203268 -0.453443 -0.867797
vn  0.383504 0.000000 -0.923539
vn  0.109640 -0.955431 -0.274099
vn  0.000000 -1.000000 0.000000
vn  0.338404 -0.464322 -0.818466
vn  0.527167 0.000000 -0.849762
vn  0.148961 -0.956488 -0.250882
vn  0.000000 -1.000000 0.000000
vn  0.462166 -0.470000 -0.751999
vn  0.637085 0.000000 -0.770794
vn  0.180405 -0.956929 -0.227467
vn  0.000000 -1.000000 0.000000
vn  0.000000 0.000000 1.000000
vn  0.750595 -0.434555 0.497763
vn  0.614554 -0.606676 -0.504250
vn  0.000000 0.000000 -1.000000
vn  0.000000 0.000000 1.000000
vn  -0.624823 0.601096 0.498277
vn  -0.622356 0.598722 -0.504187
vn  0.000000 0.000000 1.000000
vn  0.616991 -0.609081 0.498339
vn  0.471143 -0.730271 0.494700
vn  0.469309 -0.727429 -0.500596
vn  0.000000 0.000000 -1.000000
vn  0.000000 0.000000 1.000000
vn  0.000000 0.000000 1.000000
vn  -0.473853 0.726575 0.497546
vn  -0.471988 0.723714 -0.503453
vn  0.259192 -0.824703 0.502676
vn  0.000000 0.000000 1.000000
vn  0.258167 -0.821441 -0.508511
vn  0.000000 0.000000 -1.000000
vn  0.000000 0.000000 1.000000
vn  -0.260214 0.827953 0.496772
vn  -0.259192 0.824703 -0.502676
vn  -0.054921 0.863044 -0.502135
vn  0.000000 0.000000 -1.000000
vn  -0.055137 0.866437 0.496232
vn  0.000000 0.000000 1.000000
vn  0.046958 -0.868726 0.493061
vn  0.000000 0.000000 1.000000
vn  0.046777 -0.865367 -0.498950
vn  0.000000 0.864348 -0.502894
vn  0.000000 0.000000 1.000000
vn  0.000000 -0.869686 0.493605
vn  0.000000 0.000000 -1.000000
vn  0.000000 -0.866316 -0.499497
vn  0.000000 0.000000 1.000000
vn  0.000000 0.867757 0.496988
vn  0.000000 0.000000 1.000000
vn  -0.054551 -0.865026 -0.498753
vn  0.000000 0.000000 -1.000000
vn  0.047279 0.866787 0.496432
vn  0.047094 0.863389 -0.502336
vn  0.000000 0.000000 1.000000
vn  -0.054763 -0.868381 0.492865
vn  0.000000 0.000000 1.000000
vn  -0.265447 -0.819762 -0.507472
vn  0.000000 0.000000 -1.000000
vn  -0.266497 -0.823004 0.501641
vn  0.000000 0.000000 1.000000
vn  0.252840 0.829631 0.497779
vn  0.251844 0.826362 -0.503687
vn  0.000000 0.000000 1.000000
vn  -0.475374 -0.724751 -0.498753
vn  0.000000 0.000000 -1.000000
vn  0.465839 0.726394 -0.505317
vn  0.467695 0.729286 0.499403
vn  -0.477218 -0.727562 0.492865
vn  0.000000 0.000000 1.000000
vn  0.000000 0.000000 1.000000
vn  0.617494 0.601661 -0.506662
vn  0.000000 0.000000 -1.000000
vn  -0.619422 -0.603741 -0.501810
vn  0.619966 0.604069 0.500742
vn  0.750174 0.426415 -0.505380
vn  0.000000 0.000000 -1.000000
vn  -0.621855 -0.606111 0.495909
vn  0.000000 0.000000 1.000000
vn  0.000000 0.000000 1.000000
vn  0.753162 0.428113 0.499465
vn  0.833510 0.228036 -0.503251
vn  -0.754014 -0.431987 0.494822
vn  -0.751078 -0.430305 -0.500719
vn  0.000000 0.000000 -1.000000
vn  0.000000 0.000000 1.000000
vn  0.000000 0.000000 1.000000
vn  0.836802 0.228936 0.497344
vn  0.860619 0.063165 -0.505317
vn  0.000000 0.000000 -1.000000
vn  -0.833690 -0.243815 0.495495
vn  0.000000 0.000000 1.000000
vn  -0.830434 -0.242863 -0.501394
vn  -0.862195 -0.070543 -0.501641
vn  -0.865578 -0.070820 0.495740
vn  0.000000 0.000000 1.000000
vn  0.000000 0.000000 1.000000
vn  0.864046 0.063416 0.499403
vn  0.000000 0.046824 -0.998903
vn  -0.866316 0.000000 -0.499497
vn  0.867757 0.000000 0.496988
vn  0.863389 0.047094 -0.502336
vn  -0.868381 -0.054763 0.492865
vn  0.000000 0.000000 1.000000
vn  0.000000 -0.055035 0.998484
vn  -0.015687 0.196092 -0.980460
vn  -0.866316 0.000000 -0.499497
vn  0.853548 0.197581 -0.482097
vn  0.867757 0.000000 0.496988
vn  -0.039161 0.360278 -0.932023
vn  -0.857524 -0.204547 0.472031
vn  0.000000 -0.055035 0.998484
vn  -0.866316 0.000000 -0.499497
vn  0.825825 0.361790 -0.432575
vn  -0.078410 0.486144 -0.870354
vn  0.007893 -0.205208 0.978687
vn  0.867757 0.000000 0.496988
vn  0.789263 0.489343 -0.370954
vn  -0.826541 -0.377847 0.417206
vn  0.007893 -0.205208 0.978687
vn  -0.866316 0.000000 -0.499497
vn  -0.125580 0.596505 -0.792724
vn  0.039506 -0.379260 0.924446
vn  0.867757 0.000000 0.496988
vn  0.743577 0.601190 -0.292685
vn  0.039506 -0.379260 0.924446
vn  -0.788365 -0.499558 0.359057
vn  -0.874867 0.007811 -0.484301
vn  0.071023 -0.505050 0.860163
vn  0.858854 0.007879 0.512160
vn  0.473322 0.299771 -0.828314
vn  -0.351113 -0.007803 -0.936301
vn  0.093836 0.070377 -0.993097
vn  0.986149 -0.007889 -0.165673
vn  0.803623 0.070908 -0.590899
vn  0.071023 -0.505050 0.860163
vn  -0.757304 -0.577737 0.304483
vn  -0.662749 -0.639358 -0.389852
vn  -0.492218 -0.414088 -0.765672
vn  0.101968 -0.580432 0.807899
vn  0.668690 -0.645090 0.369747
vn  0.907483 -0.418231 0.039456
vn  0.101968 -0.580432 0.807899
vn  -0.148665 -0.954583 0.258207
vn  -0.389509 -0.911452 -0.132433
vn  0.305481 -0.916443 0.258484
vn  0.305481 -0.916443 0.258484
vn  -0.047391 -0.379130 0.924129
vn  0.785383 -0.502645 0.361276
vn  -0.078867 -0.504751 0.859655
vn  0.873015 0.007865 -0.487630
vn  0.753945 -0.581166 0.306290
vn  -0.109720 -0.579951 0.807229
vn  0.658343 -0.642668 -0.391871
vn  0.486263 -0.415677 -0.768610
vn  0.141000 -0.955666 0.258500
vn  0.382871 -0.914202 -0.132833
vn  -0.312557 -0.914230 0.257860
vn  -1.000000 0.000000 0.000000
vn  -1.000000 0.000000 0.000000
vn  -0.499497 -0.866316 0.000000
vn  -0.498950 -0.865367 0.046777
vn  -0.508511 -0.821441 0.258167
vn  -1.000000 0.000000 0.000000
vn  0.493061 -0.868726 0.046958
vn  0.502676 -0.824703 0.259192
vn  0.493605 -0.869686 0.000000
vn  -1.000000 0.000000 0.000000
vn  0.494700 -0.730271 0.471143
vn  -0.500596 -0.727429 0.469309
vn  0.559715 -0.465115 -0.685848
vn  0.730271 0.000000 -0.683157
vn  0.645569 -0.464495 -0.606205
vn  0.211552 -0.955900 -0.203716
vn  0.000000 -1.000000 0.000000
vn  0.808397 0.000000 -0.588638
vn  0.723178 -0.455916 -0.518801
vn  0.242261 -0.953416 -0.179742
vn  0.000000 -1.000000 0.000000
vn  0.892841 0.000000 -0.450371
vn  0.800055 -0.447090 -0.400028
vn  0.282312 -0.948881 -0.141156
vn  0.000000 -1.000000 0.000000
vn  0.959115 0.000000 -0.283017
vn  0.866787 -0.425514 -0.260036
vn  0.321878 -0.942083 -0.094208
vn  0.000000 -1.000000 0.000000
vn  0.986180 0.000000 -0.165678
vn  0.899536 -0.410315 -0.149923
vn  0.343582 -0.937043 -0.062470
vn  0.000000 -1.000000 0.000000
vn  0.993884 0.000000 -0.110432
vn  0.910652 -0.400373 -0.102056
vn  0.353433 -0.934635 -0.039270
vn  0.000000 -1.000000 0.000000
vn  0.997498 0.000000 -0.070689
vn  0.913131 -0.401463 -0.070846
vn  0.360455 -0.932481 -0.023508
vn  0.000000 -1.000000 0.000000
vn  0.999226 0.000000 -0.039340
vn  0.919097 -0.392777 -0.031422
vn  0.360510 -0.932624 -0.015674
vn  0.000000 -1.000000 0.000000
vn  0.999876 0.000000 -0.015746
vn  0.919437 -0.392922 -0.015717
vn  0.367333 -0.930057 -0.007816
vn  0.000000 -1.000000 0.000000
vn  -1.000000 0.000000 0.000000
vn  -1.000000 0.000000 0.000000
vn  -1.000000 0.000000 0.000000
vn  -1.000000 0.000000 0.000000
vn  -1.000000 0.000000 0.000000
vn  -0.999512 0.000000 0.031235
vn  -0.999969 0.000000 0.007812
vn  -0.999969 0.000000 0.007812
vn  -0.999512 0.000000 0.031235
vn  -0.997537 0.000000 0.070139
vn  -0.998053 0.000000 0.062378
vn  -0.994802 0.000000 0.101830
vn  -0.994802 0.000000 0.101830
vn  -0.987636 0.000000 0.156768
vn  -0.987636 0.000000 0.156768
vn  -0.961819 0.000000 0.273688
vn  -0.961819 0.000000 0.273688
vn  -0.909559 0.000000 0.415574
vn  -0.894427 0.000000 0.447214
vn  -0.814791 0.000000 0.579755
vn  -0.814791 0.000000 0.579755
vn  -0.730271 0.000000 0.683157
vn  -0.730271 0.000000 0.683157
vn  -0.637085 0.000000 0.770794
vn  -0.637085 0.000000 0.770794
vn  -0.527167 0.000000 0.849762
vn  -0.527167 0.000000 0.849762
vn  -0.386294 0.000000 0.922376
vn  -0.392971 0.000000 0.919551
vn  -0.227726 0.000000 0.973725
vn  -0.236956 0.000000 0.971520
vn  -0.078497 0.000000 0.996914
vn  -0.110432 0.000000 0.993884
vn  -0.023615 0.000000 0.999721
vn  -0.031480 0.000000 0.999504
vn  -0.007874 0.000000 0.999969
vn  -0.007874 0.000000 0.999969
vn  -0.671056 -0.639844 -0.374543
vn  -0.109030 -0.576299 -0.809933
vn  -0.311920 -0.912366 -0.265132
vn  -0.857467 0.007795 -0.514480
vn  -0.908554 -0.415115 -0.046994
vn  -0.078336 -0.501348 -0.861692
vn  -0.987605 -0.007838 0.156763
vn  -0.748775 0.599020 0.283746
vn  -0.866316 0.000000 -0.499497
vn  -0.047048 -0.376381 -0.925270
vn  -0.810095 0.070785 0.582010
vn  -0.794488 0.487705 0.361846
vn  -0.866316 0.000000 -0.499497
vn  0.118582 0.600814 0.790545
vn  -0.482534 0.300595 0.822681
vn  -0.015663 -0.203616 -0.978925
vn  0.071096 0.489771 0.868948
vn  -0.831072 0.360654 0.423376
vn  -0.866316 0.000000 -0.499497
vn  -0.102372 0.070873 0.992218
vn  0.000000 -0.054606 -0.998508
vn  -0.858880 0.196991 0.472778
vn  0.031568 0.363027 0.931244
vn  -0.866316 0.000000 -0.499497
vn  0.867757 0.000000 0.496988
vn  0.867757 0.000000 0.496988
vn  0.346790 -0.007882 0.937910
vn  0.007905 0.197630 0.980245
vn  -0.868726 0.046958 0.493061
vn  0.867757 0.000000 0.496988
vn  -0.862646 0.062738 -0.501903
vn  -0.866034 0.062984 0.496001
vn  0.000000 0.000000 -1.000000
vn  0.000000 0.047191 0.998886
vn  0.867757 0.000000 0.496988
vn  0.852192 -0.205157 -0.481331
vn  0.821269 -0.379047 -0.426428
vn  0.863044 -0.054921 -0.502135
vn  -0.835886 0.226549 -0.499969
vn  0.000000 0.000000 1.000000
vn  -0.839145 0.227432 0.494076
vn  0.863585 -0.071305 0.499136
vn  0.000000 0.000000 -1.000000
vn  0.000000 0.000000 1.000000
vn  -0.015663 -0.203616 -0.978925
vn  0.000000 -0.054606 -0.998508
vn  0.860163 -0.071023 -0.505050
vn  0.000000 0.000000 -1.000000
vn  0.831268 -0.245422 0.498761
vn  0.000000 0.000000 -1.000000
vn  -0.753596 0.423898 -0.502398
vn  -0.756563 0.425566 0.496494
vn  0.000000 0.000000 1.000000
vn  0.750595 -0.434555 0.497763
vn  0.827979 -0.244451 -0.504673
vn  0.000000 0.000000 -1.000000
vn  0.747638 -0.432843 -0.503672
vn  0.616991 -0.609081 0.498339
vn  0.000000 0.000000 1.000000
vn  0.000000 0.000000 -1.000000
vn  -0.622356 0.598722 -0.504187
vn  -0.624823 0.601096 0.498277
vn  0.000000 0.000000 -1.000000
vn  0.614554 -0.606676 -0.504250
vn  0.469309 -0.727429 -0.500596
vn  0.471143 -0.730271 0.494700
vn  0.000000 0.000000 1.000000
vn  0.000000 0.000000 -1.000000
vn  0.000000 0.000000 -1.000000
vn  -0.471988 0.723714 -0.503453
vn  -0.473853 0.726575 0.497546
vn  0.258167 -0.821441 -0.508511
vn  0.000000 0.000000 -1.000000
vn  0.259192 -0.824703 0.502676
vn  0.000000 0.000000 1.000000
vn  0.000000 0.000000 -1.000000
vn  -0.259192 0.824703 -0.502676
vn  -0.260214 0.827953 0.496772
vn  -0.055137 0.866437 0.496232
vn  0.000000 0.000000 1.000000
vn  -0.054921 0.863044 -0.502135
vn  0.000000 0.000000 -1.000000
vn  0.046777 -0.865367 -0.498950
vn  0.000000 0.000000 -1.000000
vn  0.046958 -0.868726 0.493061
vn  0.000000 0.867757 0.496988
vn  0.000000 0.000000 1.000000
vn  0.000000 0.000000 -1.000000
vn  0.000000 -0.866316 -0.499497
vn  0.000000 -0.869686 0.493605
vn  0.000000 0.000000 -1.000000
vn  0.000000 0.864348 -0.502894
vn  0.000000 0.000000 -1.000000
vn  -0.311920 -0.912366 -0.265132
vn  -0.109030 -0.576299 -0.809933
vn  0.140711 -0.953707 -0.265787
vn  0.752115 -0.579755 -0.313381
vn  -0.078336 -0.501348 -0.861692
vn  0.383257 -0.915124 0.125145
vn  0.660354 -0.644631 0.385206
vn  0.876355 0.007895 0.481601
vn  0.783140 -0.501210 -0.368076
vn  -0.047048 -0.376381 -0.925270
vn  0.489206 -0.418192 0.765371
vn  0.369747 -0.645090 0.668690
vn  0.258484 -0.916443 0.305481
vn  0.807899 -0.580432 0.101968
vn  0.512160 0.007879 0.858854
vn  0.039456 -0.418231 0.907483
vn  0.860163 -0.505050 0.071023
vn  -0.165673 -0.007889 0.986149
vn  1.000000 0.000000 0.000000
vn  1.000000 0.000000 0.000000
vn  1.000000 0.000000 0.000000
vn  1.000000 0.000000 0.000000
vn  -1.000000 0.000000 0.000000
vn  -0.504250 -0.606676 0.614554
vn  0.498339 -0.609081 0.616991
vn  1.000000 0.000000 0.000000
vn  0.496988 0.867757 0.000000
vn  0.496232 0.866437 -0.055137
vn  0.496772 0.827953 -0.260214
vn  0.497546 0.726575 -0.473853
vn  0.498277 0.601096 -0.624823
vn  -0.502135 0.863044 -0.054921
vn  -1.000000 0.000000 0.000000
vn  -0.503672 -0.432843 0.747638
vn  0.497763 -0.434555 0.750595
vn  1.000000 0.000000 0.000000
vn  0.496494 0.425566 -0.756563
vn  -0.503453 0.723714 -0.471988
vn  -0.502676 0.824703 -0.259192
vn  -0.502894 0.864348 0.000000
vn  -0.504187 0.598722 -0.622356
vn  -0.502398 0.423898 -0.753596
vn  -1.000000 0.000000 0.000000
vn  -1.000000 0.000000 0.000000
vn  -1.000000 0.000000 0.000000
vn  0.494076 0.227432 -0.839145
vn  1.000000 0.000000 0.000000
vn  -1.000000 0.000000 0.000000
vn  -1.000000 0.000000 0.000000
vn  -1.000000 0.000000 0.000000
vn  -0.499969 0.226549 -0.835886
vn  0.496001 0.062984 -0.866034
vn  1.000000 0.000000 0.000000
vn  -1.000000 0.000000 0.000000
vn  -1.000000 0.000000 0.000000
vn  -0.501903 0.062738 -0.862646
vn  -0.499497 0.000000 -0.866316
vn  0.493061 0.046958 -0.868726
vn  0.998886 0.047191 0.000000
vn  0.499136 -0.071305 0.863585
vn  -0.998508 -0.054606 0.000000
vn  -0.499497 0.000000 -0.866316
vn  0.472778 0.196991 -0.858880
vn  0.980245 0.197630 0.007905
vn  0.496988 0.000000 0.867757
vn  -0.978925 -0.203616 -0.015663
vn  -0.499497 0.000000 -0.866316
vn  0.423376 0.360654 -0.831072
vn  0.931244 0.363027 0.031568
vn  0.496988 0.000000 0.867757
vn  -0.502135 -0.054921 0.863044
vn  -0.925270 -0.376381 -0.047048
vn  -0.499497 0.000000 -0.866316
vn  0.361846 0.487705 -0.794488
vn  0.868948 0.489771 0.071096
vn  0.496988 0.000000 0.867757
vn  -0.481331 -0.205157 0.852192
vn  -0.861692 -0.501348 -0.078336
vn  -0.514480 0.007795 -0.857467
vn  0.283746 0.599020 -0.748775
vn  0.790545 0.600814 0.118582
vn  0.496988 0.000000 0.867757
vn  -0.426428 -0.379047 0.821269
vn  -0.978925 -0.203616 -0.015663
vn  -0.998508 -0.054606 0.000000
vn  -0.809933 -0.576299 -0.109030
vn  0.481601 0.007895 0.876355
vn  -0.368076 -0.501210 0.783140
vn  -0.925270 -0.376381 -0.047048
vn  0.156763 -0.007838 -0.987605
vn  -0.374543 -0.639844 -0.671056
vn  -0.046994 -0.415115 -0.908554
vn  -0.265132 -0.912366 -0.311920
vn  -0.313381 -0.579755 0.752115
vn  -0.861692 -0.501348 -0.078336
vn  -1.000000 0.000000 0.000000
vn  -0.809933 -0.576299 -0.109030
vn  -0.265787 -0.953707 0.140711
vn  0.385206 -0.644631 0.660354
vn  0.125145 -0.915124 0.383257
vn  -0.265132 -0.912366 -0.311920
vn  -0.505050 -0.071023 0.860163
vn  -1.000000 0.000000 0.000000
vn  0.498761 -0.245422 0.831268
vn  -0.504673 -0.244451 0.827979
vn  0.765371 -0.418192 0.489206
vn  0.937910 -0.007882 0.346790
vn  0.992218 0.070873 -0.102372
vn  0.822681 0.300595 -0.482534
vn  0.582010 0.070785 -0.810095
vn  -0.999878 0.000000 -0.015623
vn  -0.999238 0.000000 -0.039033
vn  -0.999878 0.000000 -0.015623
vn  -0.999238 0.000000 -0.039033
vn  -0.997537 0.000000 -0.070139
vn  -0.997537 0.000000 -0.070139
vn  -0.993979 0.000000 -0.109572
vn  -0.993979 0.000000 -0.109572
vn  -0.986394 0.000000 -0.164399
vn  -0.986394 0.000000 -0.164399
vn  -0.959737 0.000000 -0.280899
vn  -0.959737 0.000000 -0.280899
vn  -0.891278 0.000000 -0.453457
vn  -0.891278 0.000000 -0.453457
vn  -0.811090 0.000000 -0.584921
vn  -0.811090 0.000000 -0.584921
vn  -0.726363 0.000000 -0.687311
vn  -0.726363 0.000000 -0.687311
vn  -0.633238 0.000000 -0.773957
vn  -0.633238 0.000000 -0.773957
vn  -0.523661 0.000000 -0.851927
vn  -0.523661 0.000000 -0.851927
vn  -0.390149 0.000000 -0.920752
vn  -0.390149 0.000000 -0.920752
vn  -0.235151 0.000000 -0.971959
vn  -0.235151 0.000000 -0.971959
vn  -0.109572 0.000000 -0.993979
vn  -0.109572 0.000000 -0.993979
vn  -0.031235 0.000000 -0.999512
vn  -0.031235 0.000000 -0.999512
vn  -0.007812 0.000000 -0.999969
vn  -0.007812 0.000000 -0.999969
vn  0.000000 -1.000000 0.000000
vn  0.000000 -1.000000 0.000000
vn  0.000000 -1.000000 0.000000
vn  0.000000 -1.000000 0.000000
vn  0.000000 -1.000000 0.000000
vn  0.000000 -1.000000 0.000000
vn  0.000000 -1.000000 0.000000
vn  0.000000 -1.000000 0.000000
vn  0.000000 -1.000000 0.000000
vn  0.000000 -1.000000 0.000000
vn  0.000000 -1.000000 0.000000
vn  0.000000 -1.000000 0.000000
vn  0.000000 -1.000000 0.000000
vn  0.000000 -1.000000 0.000000
vn  0.000000 -1.000000 0.000000
vn  0.000000 -1.000000 0.000000
vn  0.000000 -1.000000 0.000000
vn  0.000000 -1.000000 0.000000
vn  0.000000 -1.000000 0.000000
vn  0.000000 -1.000000 0.000000
vn  0.000000 -1.000000 0.000000
vn  0.000000 -1.000000 0.000000
vn  0.000000 -1.000000 0.000000
vn  0.000000 -1.000000 0.000000
vn  0.000000 -1.000000 0.000000
vn  0.000000 -1.000000 0.000000
vn  0.000000 -1.000000 0.000000
vn  0.000000 -1.000000 0.000000
vn  0.000000 -1.000000 0.000000
vn  0.000000 -1.000000 0.000000
vn  0.000000 -1.000000 0.000000
vn  0.000000 -1.000000 0.000000
vn  0.000000 -1.000000 0.000000
vn  0.000000 -1.000000 0.000000
vn  0.000000 -1.000000 0.000000
vn  0.000000 -1.000000 0.000000
vn  0.000000 -1.000000 0.000000
vn  0.000000 -1.000000 0.000000
vn  0.000000 -1.000000 0.000000
vn  0.000000 -1.000000 0.000000
vn  0.000000 -1.000000 0.000000
vn  0.000000 -1.000000 0.000000
vn  0.000000 -1.000000 0.000000
vn  0.000000 -1.000000 0.000000
vn  0.000000 -1.000000 0.000000
vn  0.000000 -1.000000 0.000000
vn  0.000000 -1.000000 0.000000
vn  0.000000 -1.000000 0.000000
vn  0.000000 -1.000000 0.000000
vn  0.000000 -1.000000 0.000000
vn  0.000000 -1.000000 0.000000
vn  0.000000 -1.000000 0.000000
vn  0.000000 -1.000000 0.000000
vn  0.000000 -1.000000 0.000000
vn  0.000000 -1.000000 0.000000
vn  0.000000 -1.000000 0.000000
vn  0.000000 -1.000000 0.000000
vn  0.000000 -1.000000 0.000000
vn  0.000000 -1.000000 0.000000
vn  0.000000 -1.000000 0.000000
vn  0.000000 -1.000000 0.000000
vn  0.000000 -1.000000 0.000000
vn  0.000000 -1.000000 0.000000
vn  0.000000 -1.000000 0.000000
vn  -1.000000 0.000000 0.000000
vn  -1.000000 0.000000 0.000000
vn  -1.000000 0.000000 0.000000
vn  -1.000000 0.000000 0.000000
vn  -1.000000 0.000000 0.000000
vn  -1.000000 0.000000 0.000000
vn  -1.000000 0.000000 0.000000
vn  -1.000000 0.000000 0.000000
vn  0.015745 0.125957 0.991911
vn  0.000000 0.133709 0.991021
vn  0.000000 0.000000 1.000000
vn  0.015746 0.000000 0.999876
vn  0.078565 0.117847 0.989919
vn  0.000000 0.999969 0.007874
vn  0.000000 0.999969 0.007874
vn  0.000000 1.000000 0.000000
vn  0.000000 1.000000 0.000000
vn  0.000000 1.000000 0.000000
vn  -0.292685 0.601190 0.743577
vn  0.496988 0.000000 0.867757
vn  0.924446 -0.379260 0.039506
vn  -0.590899 0.070908 0.803623
vn  -0.370954 0.489343 0.789263
vn  0.496988 0.000000 0.867757
vn  -0.792724 0.596505 -0.125580
vn  -0.828314 0.299771 0.473322
vn  0.978687 -0.205208 0.007893
vn  -0.870354 0.486144 -0.078410
vn  -0.432575 0.361790 0.825825
vn  0.496988 0.000000 0.867757
vn  -0.993097 0.070377 0.093836
vn  0.998484 -0.055035 0.000000
vn  -0.482097 0.197581 0.853548
vn  -0.932023 0.360278 -0.039161
vn  0.496988 0.000000 0.867757
vn  -0.499497 0.000000 -0.866316
vn  -0.499497 0.000000 -0.866316
vn  -0.936301 -0.007803 -0.351113
vn  1.000000 0.000000 0.000000
vn  -0.980460 0.196092 -0.015687
vn  -0.502336 0.047094 0.863389
vn  -0.499497 0.000000 -0.866316
vn  0.499403 0.063416 0.864046
vn  -0.505317 0.063165 0.860619
vn  -0.998903 0.046824 0.000000
vn  -0.499497 0.000000 -0.866316
vn  0.472031 -0.204547 -0.857524
vn  0.417206 -0.377847 -0.826541
vn  0.492865 -0.054763 -0.868381
vn  0.497344 0.228936 0.836802
vn  1.000000 0.000000 0.000000
vn  -0.501641 -0.070543 -0.862195
vn  -1.000000 0.000000 0.000000
vn  -0.503251 0.228036 0.833510
vn  0.978687 -0.205208 0.007893
vn  0.998484 -0.055035 0.000000
vn  -1.000000 0.000000 0.000000
vn  0.495740 -0.070820 -0.865578
vn  1.000000 0.000000 0.000000
vn  -0.501394 -0.242863 -0.830434
vn  1.000000 0.000000 0.000000
vn  0.499465 0.428113 0.753162
vn  -0.505380 0.426415 0.750174
vn  -1.000000 0.000000 0.000000
vn  -0.500719 -0.430305 -0.751078
vn  0.495495 -0.243815 -0.833690
vn  1.000000 0.000000 0.000000
vn  0.494822 -0.431987 -0.754014
vn  -0.501810 -0.603741 -0.619422
vn  -1.000000 0.000000 0.000000
vn  -0.506662 0.601661 0.617494
vn  1.000000 0.000000 0.000000
vn  0.500742 0.604069 0.619966
vn  1.000000 0.000000 0.000000
vn  0.495909 -0.606111 -0.621855
vn  -0.498753 -0.724751 -0.475374
vn  -1.000000 0.000000 0.000000
vn  0.499403 0.729286 0.467695
vn  -0.505317 0.726394 0.465839
vn  1.000000 0.000000 0.000000
vn  1.000000 0.000000 0.000000
vn  0.492865 -0.727562 -0.477218
vn  0.501641 -0.823004 -0.266497
vn  -0.507472 -0.819762 -0.265447
vn  -1.000000 0.000000 0.000000
vn  -0.503687 0.826362 0.251844
vn  1.000000 0.000000 0.000000
vn  1.000000 0.000000 0.000000
vn  0.497779 0.829631 0.252840
vn  0.496432 0.866787 0.047279
vn  -0.502336 0.863389 0.047094
vn  -1.000000 0.000000 0.000000
vn  0.492865 -0.868381 -0.054763
vn  -0.498753 -0.865026 -0.054551
vn  1.000000 0.000000 0.000000
vn  1.000000 0.000000 0.000000
vn  -0.502894 0.864348 0.000000
vn  -1.000000 0.000000 0.000000
vn  0.493605 -0.869686 0.000000
vn  1.000000 0.000000 0.000000
vn  0.496988 0.867757 0.000000
vn  -0.499497 -0.866316 0.000000
vn  1.000000 0.000000 0.000000
vn  -0.498950 -0.865367 0.046777
vn  -1.000000 0.000000 0.000000
vn  0.496232 0.866437 -0.055137
vn  -0.502135 0.863044 -0.054921
vn  0.493061 -0.868726 0.046958
vn  1.000000 0.000000 0.000000
vn  -0.508511 -0.821441 0.258167
vn  -1.000000 0.000000 0.000000
vn  1.000000 0.000000 0.000000
vn  1.000000 0.000000 0.000000
vn  -0.502676 0.824703 -0.259192
vn  0.502676 -0.824703 0.259192
vn  1.000000 0.000000 0.000000
vn  0.496772 0.827953 -0.260214
vn  1.000000 0.000000 0.000000
vn  -0.500596 -0.727429 0.469309
vn  -1.000000 0.000000 0.000000
vn  -0.503453 0.723714 -0.471988
vn  0.497546 0.726575 -0.473853
vn  0.494700 -0.730271 0.471143
vn  1.000000 0.000000 0.000000
vn  -0.504187 0.598722 -0.622356
vn  -1.000000 0.000000 0.000000
vn  1.000000 0.000000 0.000000
vn  0.498277 0.601096 -0.624823
vn  0.498339 -0.609081 0.616991
vn  -0.504250 -0.606676 0.614554
vn  1.000000 0.000000 0.000000
vn  0.496494 0.425566 -0.756563
vn  -0.502398 0.423898 -0.753596
vn  -1.000000 0.000000 0.000000
vn  1.000000 0.000000 0.000000
vn  -0.499969 0.226549 -0.835886
vn  0.497763 -0.434555 0.750595
vn  1.000000 0.000000 0.000000
vn  -0.503672 -0.432843 0.747638
vn  -1.000000 0.000000 0.000000
vn  1.000000 0.000000 0.000000
vn  0.494076 0.227432 -0.839145
vn  -0.501903 0.062738 -0.862646
vn  -1.000000 0.000000 0.000000
vn  0.498761 -0.245422 0.831268
vn  1.000000 0.000000 0.000000
vn  -0.504673 -0.244451 0.827979
vn  -0.505050 -0.071023 0.860163
vn  -0.998903 0.046824 0.000000
vn  0.499136 -0.071305 0.863585
vn  1.000000 0.000000 0.000000
vn  1.000000 0.000000 0.000000
vn  0.496001 0.062984 -0.866034
vn  0.493605 0.000000 -0.869686
vn  -0.498950 0.046777 -0.865367
vn  1.000000 0.000000 0.000000
vn  0.496232 -0.055137 0.866437
vn  -0.502894 0.000000 0.864348
vn  -0.980551 0.196110 0.007844
vn  -0.478862 0.196255 -0.855672
vn  0.998484 -0.055035 0.000000
vn  0.493605 0.000000 -0.869686
vn  -0.502894 0.000000 0.864348
vn  -0.932280 0.360377 0.031337
vn  -0.429779 0.359452 -0.828302
vn  0.998484 -0.055035 0.000000
vn  0.475234 -0.205935 0.855420
vn  -0.502894 0.000000 0.864348
vn  -0.870863 0.486428 0.070611
vn  0.978595 -0.205189 -0.015784
vn  0.493605 0.000000 -0.869686
vn  0.078497 0.000000 0.996914
vn  0.221415 0.142338 0.964736
vn  0.000000 1.000000 0.000000
vn  0.220261 0.000000 0.975441
vn  0.380318 0.158466 0.911179
vn  0.000000 1.000000 0.000000
vn  0.379556 0.000000 0.925169
vn  0.520541 0.173514 0.836020
vn  0.000000 1.000000 0.000000
vn  0.530711 0.000000 0.847553
vn  0.630488 0.173384 0.756586
vn  0.000000 1.000000 0.000000
vn  0.640962 0.000000 0.767572
vn  0.719643 0.173980 0.672194
vn  0.734198 0.000000 0.678936
vn  0.800630 0.182322 0.570746
vn  0.000000 1.000000 0.000000
vn  0.815869 0.000000 0.578237
vn  0.895754 0.166468 0.412205
vn  0.000000 1.000000 0.000000
vn  0.911179 0.000000 0.412011
vn  0.948772 0.166035 0.268819
vn  0.000000 1.000000 0.000000
vn  0.963291 0.000000 0.268458
vn  0.974504 0.166379 0.150533
vn  0.000000 1.000000 0.000000
vn  0.987441 0.000000 0.157990
vn  0.980735 0.166092 0.102819
vn  0.000000 1.000000 0.000000
vn  0.994720 0.000000 0.102630
vn  0.984221 0.165349 0.062990
vn  0.998022 0.000000 0.062868
vn  0.986948 0.157912 0.031582
vn  0.000000 1.000000 0.000000
vn  0.000000 1.000000 0.000000
vn  0.999504 0.000000 0.031480
vn  0.987441 0.157990 0.000000
vn  0.000000 1.000000 0.000000
vn  0.000000 1.000000 0.000000
vn  1.000000 0.000000 0.000000
vn  0.986671 0.157867 -0.039467
vn  0.000000 1.000000 0.000000
vn  0.999226 0.000000 -0.039340
vn  0.983703 0.165262 -0.070827
vn  0.000000 1.000000 0.000000
vn  0.997498 0.000000 -0.070689
vn  0.979908 0.165952 -0.110635
vn  0.000000 1.000000 0.000000
vn  0.993884 0.000000 -0.110432
vn  0.973313 0.166175 -0.158262
vn  0.986180 0.000000 -0.165678
vn  0.946733 0.165678 -0.276130
vn  0.000000 1.000000 0.000000
vn  0.000000 0.999969 -0.007874
vn  0.961226 0.000000 -0.275762
vn  0.892813 0.165921 -0.418753
vn  0.000000 0.999969 -0.007874
vn  0.908190 0.000000 -0.418557
vn  0.797007 0.181497 -0.576055
vn  0.000000 0.999969 -0.007874
vn  0.715826 0.173057 -0.676495
vn  0.812132 0.000000 -0.583474
vn  0.000000 0.999969 -0.007874
vn  0.626743 0.172354 -0.759926
vn  0.730271 0.000000 -0.683157
vn  0.000000 0.999969 -0.007874
vn  0.517126 0.172375 -0.838372
vn  0.637085 0.000000 -0.770794
vn  0.527167 0.000000 -0.849762
vn  0.377590 0.157329 -0.912509
vn  0.376798 0.000000 -0.926295
vn  0.219738 0.141260 -0.965278
vn  0.000000 0.999969 -0.007874
vn  0.000000 0.999969 -0.007874
vn  0.218583 0.000000 -0.975818
vn  0.077959 0.116938 -0.990075
vn  0.000000 0.999876 -0.015746
vn  0.077888 0.000000 -0.996962
vn  0.015623 0.124981 -0.992036
vn  0.000000 0.999876 -0.015746
vn  0.000000 0.999969 -0.007874
vn  0.000000 0.132675 -0.991160
vn  0.015623 0.000000 -0.999878
vn  0.000000 0.000000 -1.000000
vn  0.346553 -0.708859 0.614345
vn  -0.148361 -0.952631 -0.265487
vn  0.304855 -0.914565 -0.265771
vn  0.666733 -0.643202 -0.376508
vn  -0.389900 -0.912366 0.124768
vn  0.907173 -0.418088 -0.047331
vn  -0.664753 -0.641291 0.383210
vn  0.987410 -0.007899 0.157986
vn  -0.495173 -0.416575 0.762410
vn  0.807365 0.071238 0.585736
vn  -0.353695 -0.007860 0.935328
vn  0.476431 0.301739 0.825813
vn  0.094570 0.070928 0.992988
vn  0.614345 -0.708859 0.346553
vn  -0.265771 -0.914565 0.304855
vn  -0.265487 -0.952631 -0.148361
vn  0.124768 -0.912366 -0.389900
vn  -0.376508 -0.643202 0.666733
vn  0.383210 -0.641291 -0.664753
vn  -0.047331 -0.418088 0.907173
vn  0.762410 -0.416575 -0.495173
vn  0.157986 -0.007899 0.987410
vn  0.935328 -0.007860 -0.353695
vn  0.585736 0.071238 0.807365
vn  0.825813 0.301739 0.476431
vn  0.992988 0.070928 0.094570
vn  -0.007812 0.000000 -0.999969
vn  -0.023431 0.000000 -0.999725
vn  -0.023430 0.124962 -0.991885
vn  -0.007804 0.132671 -0.991129
vn  -0.085700 0.116863 -0.989444
vn  -0.085622 0.000000 -0.996328
vn  0.000000 0.999876 -0.015746
vn  0.000000 0.999876 -0.015746
vn  0.000000 0.999969 -0.007874
vn  0.000000 1.000000 0.000000
vn  0.000000 0.999969 -0.007874
vn  -0.227187 0.141013 -0.963588
vn  0.000000 0.999969 -0.007874
vn  -0.225998 0.000000 -0.974128
vn  -0.384305 0.156859 -0.909783
vn  -0.007874 0.999938 -0.007874
vn  -0.383504 0.000000 -0.923539
vn  -0.522831 0.171676 -0.834970
vn  -0.007874 0.999938 -0.007874
vn  -0.532813 0.000000 -0.846233
vn  -0.631465 0.171509 -0.756199
vn  -0.007874 0.999938 -0.007874
vn  -0.641723 0.000000 -0.766937
vn  -0.719629 0.172085 -0.672697
vn  -0.733905 0.000000 -0.679252
vn  -0.799859 0.180360 -0.572448
vn  -0.007874 0.999938 -0.007874
vn  -0.814791 0.000000 -0.579755
vn  -0.894400 0.164758 -0.415817
vn  -0.007874 0.999938 -0.007874
vn  -0.909559 0.000000 -0.415574
vn  -0.947542 0.164449 -0.274082
vn  -0.007874 0.999969 0.000000
vn  -0.961819 0.000000 -0.273688
vn  -0.973725 0.164905 -0.157052
vn  -0.007874 0.999969 0.000000
vn  -0.986394 0.000000 -0.164399
vn  -0.980219 0.164677 -0.109785
vn  -0.007874 0.999969 0.000000
vn  -0.993979 0.000000 -0.109572
vn  -0.983955 0.163992 -0.070282
vn  -0.997537 0.000000 -0.070139
vn  -0.986878 0.156647 -0.039162
vn  -0.007874 0.999969 0.000000
vn  -0.007874 0.999969 0.000000
vn  -0.999238 0.000000 -0.039033
vn  -0.987636 0.156768 0.000000
vn  -0.007874 0.999969 0.000000
vn  -0.007874 0.999969 0.000000
vn  -1.000000 0.000000 0.000000
vn  -0.987150 0.156691 0.031338
vn  -0.007874 0.999969 0.000000
vn  -0.999512 0.000000 0.031235
vn  -0.984465 0.164078 0.062506
vn  -0.007874 0.999969 0.000000
vn  -0.998053 0.000000 0.062378
vn  -0.981034 0.164814 0.102027
vn  -0.007874 0.999969 0.000000
vn  -0.994802 0.000000 0.101830
vn  -0.368653 0.486308 -0.792212
vn  0.978595 -0.205189 -0.015784
vn  0.419935 -0.380318 0.824023
vn  -0.502894 0.000000 0.864348
vn  -0.793482 0.597076 0.117844
vn  0.924129 -0.379130 -0.047391
vn  0.493605 0.000000 -0.869686
vn  -0.290969 0.597666 -0.747083
vn  0.924129 -0.379130 -0.047391
vn  0.361276 -0.502645 0.785383
vn  -0.487630 0.007865 0.873015
vn  0.859655 -0.504751 -0.078867
vn  0.508714 0.007826 -0.860900
vn  -0.825213 0.298648 -0.479409
vn  -0.938848 -0.007824 0.344244
vn  -0.992339 0.070323 -0.101578
vn  -0.164394 -0.007828 -0.986364
vn  -0.587175 0.070461 -0.806387
vn  0.859655 -0.504751 -0.078867
vn  0.306290 -0.581166 0.753945
vn  -0.391871 -0.642668 0.658343
vn  -0.768610 -0.415677 0.486263
vn  0.807229 -0.579951 -0.109720
vn  0.367805 -0.641703 -0.673006
vn  0.039175 -0.415255 -0.908861
vn  0.807229 -0.579951 -0.109720
vn  0.258500 -0.955666 0.141000
vn  -0.132833 -0.914202 0.382871
vn  0.257860 -0.914230 -0.312557
vn  0.257860 -0.914230 -0.312557
vn  0.924446 -0.379260 0.039506
vn  0.359057 -0.499558 -0.788365
vn  0.860163 -0.505050 0.071023
vn  -0.484301 0.007811 -0.874867
vn  0.304483 -0.577737 -0.757304
vn  0.807899 -0.580432 0.101968
vn  -0.389852 -0.639358 -0.662749
vn  -0.765672 -0.414088 -0.492218
vn  0.258207 -0.954583 -0.148665
vn  -0.132433 -0.911452 -0.389509
vn  0.258484 -0.916443 0.305481
vn  -1.000000 0.000000 0.000000
vn  -1.000000 0.000000 0.000000
vn  -1.000000 0.000000 0.000000
vn  -1.000000 0.000000 0.000000
vn  -1.000000 0.000000 0.000000
vn  0.000000 -0.179572 -0.983745
vn  0.000000 0.000000 -1.000000
vn  0.000000 0.000000 -1.000000
vn  0.000000 -0.179572 -0.983745
vn  0.000000 -0.971959 -0.235151
vn  0.000000 -0.971959 -0.235151
vn  0.000000 -1.000000 0.000000
vn  0.000000 -1.000000 0.000000
vn  1.000000 0.000000 0.000000
vn  1.000000 0.000000 0.000000
vn  1.000000 0.000000 0.000000
vn  1.000000 0.000000 0.000000
vn  1.000000 0.000000 0.000000
vn  0.000000 0.000000 1.000000
vn  0.000000 0.000000 1.000000
vn  0.000000 0.000000 1.000000
vn  0.000000 0.000000 1.000000
vn  0.000000 -0.422030 -0.906582
vn  0.000000 0.000000 -1.000000
vn  0.000000 0.000000 -1.000000
vn  0.000000 -0.422030 -0.906582
vn  0.000000 -1.000000 0.000000
vn  0.000000 -1.000000 0.000000
vn  0.000000 -0.957612 -0.288062
vn  0.000000 0.000000 -1.000000
vn  0.000000 0.000000 -1.000000
vn  0.000000 -0.957612 -0.288062
vn  0.000000 -1.000000 0.000000
vn  0.000000 -1.000000 0.000000
vn  1.000000 0.000000 0.000000
vn  1.000000 0.000000 0.000000
vn  1.000000 0.000000 0.000000
vn  1.000000 0.000000 0.000000
vn  1.000000 0.000000 0.000000
vn  1.000000 0.000000 0.000000
vn  0.000000 0.000000 1.000000
vn  0.000000 0.000000 1.000000
vn  0.000000 0.000000 1.000000
vn  0.000000 0.000000 1.000000
vn  -1.000000 0.000000 0.000000
vn  -1.000000 0.000000 0.000000
vn  -1.000000 0.000000 0.000000
vn  -1.000000 0.000000 0.000000
vn  -1.000000 0.000000 0.000000
vn  -1.000000 0.000000 0.000000
vn  0.000000 -1.000000 0.000000
vn  0.000000 -1.000000 0.000000
vn  0.000000 -1.000000 0.000000
vn  0.000000 -1.000000 0.000000
vn  0.000000 -1.000000 0.000000
vn  0.000000 -1.000000 0.000000
vn  0.000000 -1.000000 0.000000
vn  0.000000 -1.000000 0.000000
vn  0.000000 -1.000000 0.000000
vn  0.000000 -1.000000 0.000000
vn  0.000000 -1.000000 0.000000
vn  0.000000 -1.000000 0.000000
vn  0.000000 -1.000000 0.000000
vn  0.000000 -1.000000 0.000000
vn  0.000000 -1.000000 0.000000
vn  0.000000 -1.000000 0.000000
vn  0.000000 -1.000000 0.000000
vn  0.000000 -1.000000 0.000000
vn  0.000000 -1.000000 0.000000
vn  0.000000 -1.000000 0.000000
vn  0.000000 -1.000000 0.000000
vn  0.000000 -1.000000 0.000000
vn  0.000000 -1.000000 0.000000
vn  0.000000 -1.000000 0.000000
vn  0.000000 -1.000000 0.000000
vn  0.000000 -1.000000 0.000000
vn  0.000000 -1.000000 0.000000
vn  -1.000000 0.000000 0.000000
vn  -1.000000 0.000000 0.000000
vn  -1.000000 0.000000 0.000000
vn  -1.000000 0.000000 0.000000
vn  -1.000000 0.000000 0.000000
vn  -1.000000 0.000000 0.000000
vn  -1.000000 0.000000 0.000000
vn  -1.000000 0.000000 0.000000
vn  -1.000000 0.000000 0.000000
vn  -1.000000 0.000000 0.000000
vn  -1.000000 0.000000 0.000000
vn  -1.000000 0.000000 0.000000
vn  -1.000000 0.000000 0.000000
vn  -1.000000 0.000000 0.000000
vn  -1.000000 0.000000 0.000000
vn  -1.000000 0.000000 0.000000
vn  1.000000 0.000000 0.000000
vn  1.000000 0.000000 0.000000
vn  1.000000 0.000000 0.000000
vn  1.000000 0.000000 0.000000
vn  1.000000 0.000000 0.000000
vn  1.000000 0.000000 0.000000
vn  1.000000 0.000000 0.000000
vn  1.000000 0.000000 0.000000
vn  1.000000 0.000000 0.000000
vn  1.000000 0.000000 0.000000
vn  1.000000 0.000000 0.000000
vn  1.000000 0.000000 0.000000
vn  1.000000 0.000000 0.000000
vn  0.000000 0.000000 -1.000000
vn  0.000000 0.000000 -1.000000
vn  0.000000 0.000000 -1.000000
vn  0.000000 0.000000 -1.000000
vn  -1.000000 0.000000 0.000000
vn  -1.000000 0.000000 0.000000
vn  -1.000000 0.000000 0.000000
vn  -1.000000 0.000000 0.000000
vn  -1.000000 0.000000 0.000000
vn  -0.007818 -0.171996 -0.985067
vn  -0.031235 0.000000 -0.999512
vn  -0.007812 0.000000 -0.999969
vn  -0.031257 -0.437594 -0.898630
vn  -0.109572 0.000000 -0.993979
vn  -0.007807 -0.944678 -0.327905
vn  0.000000 -0.970142 -0.242536
vn  -0.039107 -0.946382 -0.320675
vn  -0.101470 -0.444905 -0.889811
vn  -0.235151 0.000000 -0.971959
vn  0.000000 -1.000000 0.000000
vn  0.000000 -1.000000 0.000000
vn  0.000000 -1.000000 0.000000
vn  -0.070259 -0.952399 -0.296649
vn  0.000000 -1.000000 0.000000
vn  -0.210745 -0.452711 -0.866395
vn  -0.390149 0.000000 -0.920752
vn  -0.117367 -0.954583 -0.273856
vn  0.000000 -1.000000 0.000000
vn  -0.345345 -0.463076 -0.816270
vn  -0.532813 0.000000 -0.846233
vn  -0.156614 -0.955343 -0.250582
vn  0.000000 -1.000000 0.000000
vn  -0.468293 -0.468293 -0.749269
vn  -0.641723 0.000000 -0.766937
vn  -0.187977 -0.955548 -0.227139
vn  0.000000 -1.000000 0.000000
vn  -0.565093 -0.463062 -0.682820
vn  -0.733905 0.000000 -0.679252
vn  -0.650126 -0.462138 -0.603129
vn  -0.219018 -0.954291 -0.203373
vn  0.000000 -1.000000 0.000000
vn  -0.811090 0.000000 -0.584921
vn  -0.726895 -0.453333 -0.515861
vn  -0.249597 -0.951587 -0.179398
vn  0.000000 -1.000000 0.000000
vn  -0.894427 0.000000 -0.447214
vn  -0.802852 -0.444297 -0.397529
vn  -0.289505 -0.946758 -0.140840
vn  0.000000 -1.000000 0.000000
vn  -0.959737 0.000000 -0.280899
vn  -0.868726 -0.422624 -0.258270
vn  -0.328889 -0.939682 -0.093968
vn  0.000000 -1.000000 0.000000
vn  -0.986394 0.000000 -0.164399
vn  -0.901026 -0.407420 -0.148865
vn  -0.350441 -0.934510 -0.062301
vn  0.000000 -1.000000 0.000000
vn  -0.993979 0.000000 -0.109572
vn  -0.911978 -0.397529 -0.101331
vn  -0.360278 -0.932023 -0.039161
vn  0.000000 -1.000000 0.000000
vn  -0.997537 0.000000 -0.070139
vn  -0.914425 -0.398596 -0.070340
vn  -0.367244 -0.929829 -0.023441
vn  0.000000 -1.000000 0.000000
vn  -0.999238 0.000000 -0.039033
vn  -0.920304 -0.389959 -0.031197
vn  -0.367300 -0.929971 -0.015630
vn  0.000000 -1.000000 0.000000
vn  -0.999878 0.000000 -0.015623
vn  -0.988873 -0.147942 -0.015573
vn  -0.290216 -0.956929 -0.007844
vn  0.000000 -1.000000 0.000000
vn  0.000000 -1.000000 0.000000
vn  -0.290225 -0.956958 0.000000
vn  -0.367333 -0.930057 0.007816
vn  0.000000 -1.000000 0.000000
vn  -0.988963 -0.147955 0.007787
vn  -0.920500 -0.390042 0.023403
vn  -0.367300 -0.929971 0.015630
vn  0.000000 -1.000000 0.000000
vn  -0.999969 0.000000 0.007812
vn  -0.914900 -0.398803 0.062557
vn  -0.999512 0.000000 0.031235
vn  -0.360377 -0.932280 0.031337
vn  0.000000 -1.000000 0.000000
vn  -0.974898 0.165104 0.149380
vn  -0.987636 0.000000 0.156768
vn  -0.949553 0.164798 0.266816
vn  -0.007874 0.999969 0.000000
vn  -0.007874 0.999969 0.000000
vn  -0.963854 0.000000 0.266431
vn  -0.897304 0.165293 0.409297
vn  -0.007874 0.999969 0.000000
vn  -0.912509 0.000000 0.409056
vn  -0.803448 0.181170 0.567140
vn  -0.007874 0.999969 0.000000
vn  -0.723423 0.172993 0.668380
vn  -0.818492 0.000000 0.574518
vn  -0.007874 0.999969 0.000000
vn  -0.635201 0.172524 0.752831
vn  -0.737805 0.000000 0.675013
vn  -0.007874 0.999969 0.000000
vn  -0.526256 0.172800 0.832583
vn  -0.645589 0.000000 0.763685
vn  -0.536365 0.000000 0.843986
vn  -0.387065 0.157986 0.908417
vn  -0.386294 0.000000 0.922376
vn  -0.228915 0.142085 0.963021
vn  0.000000 1.000000 0.000000
vn  0.000000 1.000000 0.000000
vn  -0.227726 0.000000 0.973725
vn  -0.086366 0.117771 0.989278
vn  0.000000 0.999969 0.007874
vn  -0.086291 0.000000 0.996270
vn  -0.023613 0.125937 0.991757
vn  0.000000 0.999969 0.007874
vn  0.000000 1.000000 0.000000
vn  -0.007865 0.133705 0.990990
vn  -0.023615 0.000000 0.999721
vn  -0.007874 0.000000 0.999969
vn  -0.353455 -0.706910 0.612656
vn  -0.311920 -0.912366 -0.265132
vn  0.140711 -0.953707 -0.265787
vn  -0.671056 -0.639844 -0.374543
vn  0.383257 -0.915124 0.125145
vn  -0.908554 -0.415115 -0.046994
vn  0.660354 -0.644631 0.385206
vn  -0.987605 -0.007838 0.156763
vn  0.489206 -0.418192 0.765371
vn  -0.810095 0.070785 0.582010
vn  0.346790 -0.007882 0.937910
vn  -0.482534 0.300595 0.822681
vn  -0.102372 0.070873 0.992218
vn  -0.619213 -0.705432 0.344878
vn  0.258207 -0.954583 -0.148665
vn  0.258484 -0.916443 0.305481
vn  -0.132433 -0.911452 -0.389509
vn  0.369747 -0.645090 0.668690
vn  -0.389852 -0.639358 -0.662749
vn  0.039456 -0.418231 0.907483
vn  -0.765672 -0.414088 -0.492218
vn  -0.165673 -0.007889 0.986149
vn  -0.936301 -0.007803 -0.351113
vn  -0.590899 0.070908 0.803623
vn  -0.828314 0.299771 0.473322
vn  -0.993097 0.070377 0.093836
vn  -0.351756 -0.703512 -0.617527
vn  0.141000 -0.955666 0.258500
vn  -0.312557 -0.914230 0.257860
vn  0.382871 -0.914202 -0.132833
vn  -0.673006 -0.641703 0.367805
vn  0.658343 -0.642668 -0.391871
vn  -0.908861 -0.415255 0.039175
vn  0.486263 -0.415677 -0.768610
vn  -0.986364 -0.007828 -0.164394
vn  0.344244 -0.007824 -0.938848
vn  -0.806387 0.070461 -0.587175
vn  -0.479409 0.298648 -0.825213
vn  -0.101578 0.070323 -0.992339
vn  -0.617527 -0.703512 -0.351756
vn  0.257860 -0.914230 -0.312557
vn  0.258500 -0.955666 0.141000
vn  -0.132833 -0.914202 0.382871
vn  0.367805 -0.641703 -0.673006
vn  -0.391871 -0.642668 0.658343
vn  0.039175 -0.415255 -0.908861
vn  -0.768610 -0.415677 0.486263
vn  -0.164394 -0.007828 -0.986364
vn  -0.938848 -0.007824 0.344244
vn  -0.587175 0.070461 -0.806387
vn  -0.825213 0.298648 -0.479409
vn  -0.992339 0.070323 -0.101578
vn  0.344878 -0.705432 -0.619213
vn  0.305481 -0.916443 0.258484
vn  -0.148665 -0.954583 0.258207
vn  -0.389509 -0.911452 -0.132433
vn  0.668690 -0.645090 0.369747
vn  -0.662749 -0.639358 -0.389852
vn  0.907483 -0.418231 0.039456
vn  -0.492218 -0.414088 -0.765672
vn  0.986149 -0.007889 -0.165673
vn  -0.351113 -0.007803 -0.936301
vn  0.803623 0.070908 -0.590899
vn  0.473322 0.299771 -0.828314
vn  0.093836 0.070377 -0.993097
vn  0.612656 -0.706910 -0.353455
vn  -0.265787 -0.953707 0.140711
vn  -0.265132 -0.912366 -0.311920
vn  0.125145 -0.915124 0.383257
vn  -0.374543 -0.639844 -0.671056
vn  0.385206 -0.644631 0.660354
vn  -0.046994 -0.415115 -0.908554
vn  0.765371 -0.418192 0.489206
vn  0.156763 -0.007838 -0.987605
vn  0.937910 -0.007882 0.346790
vn  0.582010 0.070785 -0.810095
vn  0.822681 0.300595 -0.482534
vn  0.992218 0.070873 -0.102372

g LODGroup_1_MainMesh_1_Submesh_2
usemtl sm0074_DiningTable01A
f  1/1/1 2/2/2 3/3/3
f  2/2/2 1/1/1 4/4/4
f  5/5/5 4/4/4 1/1/1
f  4/4/4 5/5/5 6/6/6
f  7/7/7 6/6/6 5/5/5
f  6/6/6 7/7/7 8/8/8
f  9/9/9 8/8/8 7/7/7
f  8/8/8 9/9/9 10/10/10
f  9/9/9 11/11/11 10/10/10
f  11/11/11 9/9/9 12/12/12
f  13/13/13 14/14/14 15/15/15
f  14/14/14 13/13/13 16/16/16
f  17/17/17 18/18/18 19/19/19
f  18/18/18 17/17/17 20/20/20
f  21/21/21 20/20/20 17/17/17
f  20/20/20 21/21/21 22/22/22
f  22/22/22 21/21/21 23/23/23
f  23/23/23 21/21/21 24/24/24
f  25/25/25 26/26/26 27/27/27
f  25/25/25 27/27/27 28/28/28
f  28/28/28 29/29/29 25/25/25
f  27/27/27 30/30/30 28/28/28
f  30/30/30 27/27/27 31/31/31
f  32/32/32 28/28/28 30/30/30
f  29/29/29 28/28/28 33/33/33
f  28/28/28 32/32/32 33/33/33
f  29/29/29 33/33/33 34/34/34
f  31/31/31 35/35/35 30/30/30
f  36/36/36 30/30/30 35/35/35
f  30/30/30 36/36/36 32/32/32
f  35/35/35 31/31/31 37/37/37
f  38/38/38 33/33/33 32/32/32
f  39/39/39 32/32/32 36/36/36
f  32/32/32 39/39/39 38/38/38
f  33/33/33 38/38/38 40/40/40
f  34/34/34 33/33/33 40/40/40
f  34/34/34 40/40/40 41/41/41
f  42/42/42 40/40/40 38/38/38
f  43/43/43 38/38/38 39/39/39
f  38/38/38 43/43/43 42/42/42
f  40/40/40 42/42/42 44/44/44
f  41/41/41 40/40/40 44/44/44
f  41/41/41 44/44/44 45/45/45
f  46/46/46 44/44/44 42/42/42
f  42/42/42 47/47/47 46/46/46
f  47/47/47 42/42/42 43/43/43
f  44/44/44 46/46/46 48/48/48
f  45/45/45 44/44/44 48/48/48
f  45/45/45 48/48/48 49/49/49
f  50/50/50 48/48/48 46/46/46
f  46/46/46 51/51/51 50/50/50
f  51/51/51 46/46/46 47/47/47
f  48/48/48 50/50/50 52/52/52
f  49/49/49 48/48/48 52/52/52
f  49/49/49 52/52/52 53/53/53
f  54/54/54 52/52/52 50/50/50
f  53/53/53 52/52/52 54/54/54
f  50/50/50 55/55/55 54/54/54
f  55/55/55 50/50/50 51/51/51
f  51/51/51 56/56/56 55/55/55
f  54/54/54 57/57/57 53/53/53
f  58/58/58 54/54/54 55/55/55
f  57/57/57 54/54/54 58/58/58
f  55/55/55 59/59/59 58/58/58
f  59/59/59 55/55/55 56/56/56
f  56/56/56 60/60/60 59/59/59
f  58/58/58 61/61/61 57/57/57
f  62/62/62 58/58/58 59/59/59
f  61/61/61 58/58/58 62/62/62
f  59/59/59 63/63/63 62/62/62
f  63/63/63 59/59/59 60/60/60
f  60/60/60 64/64/64 63/63/63
f  62/62/62 65/65/65 61/61/61
f  66/66/66 62/62/62 63/63/63
f  65/65/65 62/62/62 66/66/66
f  63/63/63 67/67/67 66/66/66
f  67/67/67 63/63/63 64/64/64
f  64/64/64 68/68/68 67/67/67
f  66/66/66 69/69/69 65/65/65
f  67/67/67 70/70/70 66/66/66
f  69/69/69 66/66/66 70/70/70
f  67/67/67 71/71/71 70/70/70
f  71/71/71 67/67/67 68/68/68
f  68/68/68 72/72/72 71/71/71
f  70/70/70 73/73/73 69/69/69
f  71/71/71 74/74/74 70/70/70
f  73/73/73 70/70/70 74/74/74
f  71/71/71 75/75/75 74/74/74
f  72/72/72 75/75/75 71/71/71
f  72/72/72 76/76/76 75/75/75
f  74/74/74 77/77/77 73/73/73
f  75/75/75 78/78/78 74/74/74
f  77/77/77 74/74/74 78/78/78
f  75/75/75 79/79/79 78/78/78
f  76/76/76 79/79/79 75/75/75
f  76/76/76 80/80/80 79/79/79
f  78/78/78 81/81/81 77/77/77
f  79/79/79 82/82/82 78/78/78
f  81/81/81 78/78/78 82/82/82
f  82/82/82 79/79/79 83/83/83
f  80/80/80 83/83/83 79/79/79
f  83/83/83 80/80/80 84/84/84
f  82/82/82 85/85/85 81/81/81
f  83/83/83 86/86/86 82/82/82
f  85/85/85 82/82/82 86/86/86
f  86/86/86 83/83/83 87/87/87
f  84/84/84 87/87/87 83/83/83
f  87/87/87 84/84/84 88/88/88
f  89/89/89 90/90/90 91/91/91
f  92/92/92 89/89/89 91/91/91
f  93/93/93 92/92/92 91/91/91
f  94/94/94 95/95/95 96/96/96
f  94/94/94 96/96/96 97/97/97
f  98/98/98 94/94/94 97/97/97
f  97/97/97 96/96/96 99/99/99
f  100/100/100 98/98/98 97/97/97
f  100/100/100 97/97/97 101/101/101
f  102/102/102 101/101/101 97/97/97
f  102/102/102 97/97/97 99/99/99
f  99/99/99 103/103/103 102/102/102
f  104/104/104 100/100/100 101/101/101
f  102/102/102 105/105/105 101/101/101
f  106/106/106 105/105/105 102/102/102
f  106/106/106 102/102/102 103/103/103
f  107/107/107 101/101/101 105/105/105
f  108/108/108 101/101/101 107/107/107
f  108/108/108 104/104/104 101/101/101
f  103/103/103 109/109/109 106/106/106
f  110/110/110 107/107/107 105/105/105
f  110/110/110 105/105/105 111/111/111
f  106/106/106 111/111/111 105/105/105
f  106/106/106 109/109/109 112/112/112
f  111/111/111 106/106/106 112/112/112
f  113/113/113 108/108/108 107/107/107
f  109/109/109 114/114/114 112/112/112
f  115/115/115 111/111/111 112/112/112
f  116/116/116 110/110/110 111/111/111
f  116/116/116 111/111/111 115/115/115
f  112/112/112 114/114/114 117/117/117
f  115/115/115 112/112/112 117/117/117
f  118/118/118 107/107/107 110/110/110
f  110/110/110 119/119/119 118/118/118
f  119/119/119 110/110/110 116/116/116
f  107/107/107 120/120/120 113/113/113
f  121/121/121 116/116/116 115/115/115
f  122/122/122 121/121/121 115/115/115
f  122/122/122 115/115/115 117/117/117
f  123/123/123 116/116/116 121/121/121
f  116/116/116 123/123/123 119/119/119
f  114/114/114 124/124/124 117/117/117
f  125/125/125 117/117/117 124/124/124
f  117/117/117 125/125/125 122/122/122
f  124/124/124 114/114/114 126/126/126
f  122/122/122 127/127/127 121/121/121
f  125/125/125 127/127/127 122/122/122
f  128/128/128 121/121/121 127/127/127
f  121/121/121 128/128/128 123/123/123
f  129/129/129 119/119/119 123/123/123
f  130/130/130 118/118/118 119/119/119
f  119/119/119 129/129/129 130/130/130
f  131/131/131 123/123/123 128/128/128
f  123/123/123 131/131/131 129/129/129
f  126/126/126 132/132/132 124/124/124
f  125/125/125 124/124/124 132/132/132
f  133/133/133 127/127/127 125/125/125
f  133/133/133 128/128/128 127/127/127
f  134/134/134 125/125/125 132/132/132
f  133/133/133 125/125/125 134/134/134
f  135/135/135 131/131/131 128/128/128
f  128/128/128 133/133/133 135/135/135
f  132/132/132 126/126/126 136/136/136
f  137/137/137 133/133/133 134/134/134
f  135/135/135 133/133/133 137/137/137
f  138/138/138 130/130/130 129/129/129
f  139/139/139 129/129/129 131/131/131
f  129/129/129 139/139/139 138/138/138
f  131/131/131 135/135/135 140/140/140
f  141/141/141 131/131/131 140/140/140
f  131/131/131 141/141/141 139/139/139
f  142/142/142 140/140/140 135/135/135
f  142/142/142 135/135/135 137/137/137
f  136/136/136 143/143/143 132/132/132
f  134/134/134 132/132/132 144/144/144
f  144/144/144 132/132/132 143/143/143
f  145/145/145 134/134/134 144/144/144
f  134/134/134 146/146/146 137/137/137
f  146/146/146 134/134/134 145/145/145
f  147/147/147 137/137/137 146/146/146
f  137/137/137 147/147/147 142/142/142
f  147/147/147 148/148/148 142/142/142
f  140/140/140 142/142/142 148/148/148
f  140/140/140 149/149/149 141/141/141
f  149/149/149 140/140/140 148/148/148
f  148/148/148 147/147/147 150/150/150
f  148/148/148 150/150/150 149/149/149
f  151/151/151 150/150/150 147/147/147
f  146/146/146 151/151/151 147/147/147
f  145/145/145 152/152/152 146/146/146
f  151/151/151 146/146/146 152/152/152
f  144/144/144 143/143/143 153/153/153
f  154/154/154 144/144/144 153/153/153
f  145/145/145 144/144/144 154/154/154
f  155/155/155 145/145/145 154/154/154
f  152/152/152 145/145/145 155/155/155
f  156/156/156 149/149/149 150/150/150
f  150/150/150 151/151/151 157/157/157
f  156/156/156 150/150/150 157/157/157
f  151/151/151 158/158/158 157/157/157
f  152/152/152 159/159/159 151/151/151
f  158/158/158 151/151/151 159/159/159
f  155/155/155 160/160/160 152/152/152
f  159/159/159 152/152/152 160/160/160
f  161/161/161 157/157/157 158/158/158
f  161/161/161 156/156/156 157/157/157
f  154/154/154 153/153/153 162/162/162
f  163/163/163 154/154/154 162/162/162
f  155/155/155 154/154/154 163/163/163
f  164/164/164 155/155/155 163/163/163
f  160/160/160 155/155/155 164/164/164
f  159/159/159 165/165/165 158/158/158
f  166/166/166 161/161/161 158/158/158
f  165/165/165 166/166/166 158/158/158
f  165/165/165 159/159/159 167/167/167
f  160/160/160 167/167/167 159/159/159
f  164/164/164 168/168/168 160/160/160
f  167/167/167 160/160/160 168/168/168
f  169/169/169 163/163/163 162/162/162
f  169/169/169 170/170/170 163/163/163
f  164/164/164 163/163/163 170/170/170
f  171/171/171 164/164/164 170/170/170
f  168/168/168 164/164/164 171/171/171
f  170/170/170 172/172/172 171/171/171
f  172/172/172 168/168/168 171/171/171
f  168/168/168 172/172/172 173/173/173
f  173/173/173 167/167/167 168/168/168
f  169/169/169 174/174/174 170/170/170
f  172/172/172 170/170/170 174/174/174
f  165/165/165 175/175/175 166/166/166
f  167/167/167 176/176/176 165/165/165
f  165/165/165 177/177/177 175/175/175
f  177/177/177 165/165/165 176/176/176
f  176/176/176 167/167/167 178/178/178
f  167/167/167 173/173/173 178/178/178
f  174/174/174 179/179/179 172/172/172
f  179/179/179 173/173/173 172/172/172
f  173/173/173 179/179/179 180/180/180
f  180/180/180 178/178/178 173/173/173
f  174/174/174 169/169/169 181/181/181
f  178/178/178 182/182/182 176/176/176
f  182/182/182 177/177/177 176/176/176
f  182/182/182 178/178/178 183/183/183
f  178/178/178 180/180/180 183/183/183
f  184/184/184 174/174/174 181/181/181
f  179/179/179 174/174/174 185/185/185
f  174/174/174 184/184/184 185/185/185
f  177/177/177 182/182/182 186/186/186
f  187/187/187 188/188/188 189/189/189
f  188/188/188 190/190/190 189/189/189
f  191/191/191 187/187/187 192/192/192
f  191/191/191 192/192/192 193/193/193
f  194/194/194 191/191/191 193/193/193
f  195/195/195 187/187/187 191/191/191
f  196/196/196 188/188/188 187/187/187
f  195/195/195 196/196/196 187/187/187
f  197/197/197 195/195/195 191/191/191
f  191/191/191 194/194/194 197/197/197
f  198/198/198 197/197/197 194/194/194
f  199/199/199 195/195/195 197/197/197
f  199/199/199 200/200/200 195/195/195
f  200/200/200 196/196/196 195/195/195
f  201/201/201 199/199/199 197/197/197
f  197/197/197 198/198/198 201/201/201
f  202/202/202 201/201/201 198/198/198
f  199/199/199 201/201/201 203/203/203
f  204/204/204 200/200/200 199/199/199
f  203/203/203 204/204/204 199/199/199
f  205/205/205 203/203/203 201/201/201
f  201/201/201 202/202/202 205/205/205
f  206/206/206 205/205/205 202/202/202
f  203/203/203 205/205/205 207/207/207
f  207/207/207 208/208/208 203/203/203
f  203/203/203 208/208/208 204/204/204
f  209/209/209 207/207/207 205/205/205
f  205/205/205 206/206/206 209/209/209
f  207/207/207 209/209/209 210/210/210
f  207/207/207 211/211/211 208/208/208
f  211/211/211 207/207/207 210/210/210
f  209/209/209 212/212/212 210/210/210
f  206/206/206 213/213/213 209/209/209
f  212/212/212 209/209/209 213/213/213
f  214/214/214 210/210/210 212/212/212
f  214/214/214 211/211/211 210/210/210
f  213/213/213 206/206/206 215/215/215
f  213/213/213 216/216/216 212/212/212
f  217/217/217 214/214/214 212/212/212
f  217/217/217 212/212/212 216/216/216
f  216/216/216 213/213/213 218/218/218
f  215/215/215 218/218/218 213/213/213
f  218/218/218 215/215/215 219/219/219
f  218/218/218 220/220/220 216/216/216
f  221/221/221 216/216/216 220/220/220
f  221/221/221 217/217/217 216/216/216
f  220/220/220 218/218/218 222/222/222
f  219/219/219 222/222/222 218/218/218
f  222/222/222 219/219/219 223/223/223
f  222/222/222 224/224/224 220/220/220
f  225/225/225 221/221/221 220/220/220
f  225/225/225 220/220/220 224/224/224
f  224/224/224 222/222/222 226/226/226
f  223/223/223 226/226/226 222/222/222
f  226/226/226 223/223/223 227/227/227
f  226/226/226 228/228/228 224/224/224
f  229/229/229 225/225/225 224/224/224
f  224/224/224 228/228/228 229/229/229
f  228/228/228 226/226/226 230/230/230
f  227/227/227 230/230/230 226/226/226
f  230/230/230 227/227/227 231/231/231
f  230/230/230 232/232/232 228/228/228
f  233/233/233 229/229/229 228/228/228
f  228/228/228 232/232/232 233/233/233
f  232/232/232 230/230/230 234/234/234
f  231/231/231 234/234/234 230/230/230
f  234/234/234 231/231/231 235/235/235
f  236/236/236 233/233/233 232/232/232
f  237/237/237 238/238/238 239/239/239
f  240/240/240 237/237/237 239/239/239
f  241/241/241 240/240/240 239/239/239
f  242/242/242 243/243/243 244/244/244
f  244/244/244 243/243/243 245/245/245
f  243/243/243 246/246/246 245/245/245
f  245/245/245 246/246/246 247/247/247
f  246/246/246 248/248/248 247/247/247
f  247/247/247 248/248/248 249/249/249
f  248/248/248 250/250/250 249/249/249
f  249/249/249 250/250/250 251/251/251
f  250/250/250 252/252/252 251/251/251
f  251/251/251 252/252/252 253/253/253
f  252/252/252 254/254/254 253/253/253
f  253/253/253 254/254/254 255/255/255
f  254/254/254 256/256/256 255/255/255
f  255/255/255 256/256/256 257/257/257
f  258/258/258 257/257/257 256/256/256
f  257/257/257 258/258/258 259/259/259
f  259/259/259 258/258/258 260/260/260
f  260/260/260 261/261/261 259/259/259
f  261/261/261 260/260/260 262/262/262
f  263/263/263 261/261/261 262/262/262
f  263/263/263 262/262/262 264/264/264
f  265/265/265 263/263/263 264/264/264
f  265/265/265 264/264/264 266/266/266
f  267/267/267 265/265/265 266/266/266
f  267/267/267 266/266/266 268/268/268
f  269/269/269 267/267/267 268/268/268
f  268/268/268 270/270/270 269/269/269
f  271/271/271 269/269/269 270/270/270
f  270/270/270 272/272/272 271/271/271
f  273/273/273 271/271/271 272/272/272
f  274/274/274 275/275/275 276/276/276
f  277/277/277 276/276/276 275/275/275
f  275/275/275 278/278/278 277/277/277
f  279/279/279 277/277/277 278/278/278
f  278/278/278 280/280/280 279/279/279
f  278/278/278 281/281/281 280/280/280
f  281/281/281 278/278/278 282/282/282
f  282/282/282 283/283/283 281/281/281
f  282/282/282 284/284/284 283/283/283
f  282/282/282 285/285/285 284/284/284
f  282/282/282 286/286/286 285/285/285
f  282/282/282 287/287/287 286/286/286
f  287/287/287 282/282/282 288/288/288
f  288/288/288 289/289/289 287/287/287
f  288/288/288 290/290/290 289/289/289
f  288/288/288 291/291/291 290/290/290
f  291/291/291 288/288/288 292/292/292
f  292/292/292 293/293/293 291/291/291
f  292/292/292 294/294/294 293/293/293
f  292/292/292 295/295/295 294/294/294
f  296/296/296 294/294/294 295/295/295
f  297/297/297 298/298/298 299/299/299
f  300/300/300 298/298/298 297/297/297
f  301/301/301 298/298/298 300/300/300
f  302/302/302 303/303/303 304/304/304
f  302/302/302 305/305/305 303/303/303
f  305/305/305 306/306/306 303/303/303
f  305/305/305 307/307/307 306/306/306
f  307/307/307 308/308/308 306/306/306
f  307/307/307 309/309/309 308/308/308
f  309/309/309 310/310/310 308/308/308
f  309/309/309 311/311/311 310/310/310
f  311/311/311 312/312/312 310/310/310
f  311/311/311 313/313/313 312/312/312
f  313/313/313 314/314/314 312/312/312
f  313/313/313 315/315/315 314/314/314
f  315/315/315 316/316/316 314/314/314
f  317/317/317 316/316/316 315/315/315
f  318/318/318 316/316/316 317/317/317
f  316/316/316 318/318/318 319/319/319
f  320/320/320 319/319/319 318/318/318
f  319/319/319 320/320/320 321/321/321
f  322/322/322 321/321/321 320/320/320
f  321/321/321 322/322/322 323/323/323
f  324/324/324 323/323/323 322/322/322
f  323/323/323 324/324/324 325/325/325
f  326/326/326 325/325/325 324/324/324
f  325/325/325 326/326/326 327/327/327
f  328/328/328 327/327/327 326/326/326
f  327/327/327 328/328/328 329/329/329
f  330/330/330 329/329/329 328/328/328
f  329/329/329 330/330/330 331/331/331
f  332/332/332 331/331/331 330/330/330
f  331/331/331 332/332/332 333/333/333
f  334/334/334 335/335/335 336/336/336
f  334/334/334 337/337/337 335/335/335
f  338/338/338 335/335/335 337/337/337
f  337/337/337 339/339/339 338/338/338
f  338/338/338 339/339/339 340/340/340
f  341/341/341 338/338/338 340/340/340
f  338/338/338 341/341/341 342/342/342
f  342/342/342 341/341/341 343/343/343
f  342/342/342 343/343/343 344/344/344
f  342/342/342 344/344/344 345/345/345
f  342/342/342 345/345/345 346/346/346
f  347/347/347 342/342/342 346/346/346
f  342/342/342 347/347/347 348/348/348
f  348/348/348 347/347/347 349/349/349
f  348/348/348 349/349/349 350/350/350
f  351/351/351 348/348/348 350/350/350
f  348/348/348 351/351/351 352/352/352
f  352/352/352 351/351/351 353/353/353
f  352/352/352 353/353/353 354/354/354
f  355/355/355 352/352/352 354/354/354
f  355/355/355 354/354/354 356/356/356
f  357/357/357 358/358/358 359/359/359
f  357/357/357 359/359/359 360/360/360
f  361/361/361 357/357/357 360/360/360
f  362/362/362 360/360/360 359/359/359
f  363/363/363 361/361/361 360/360/360
f  363/363/363 360/360/360 364/364/364
f  360/360/360 365/365/365 364/364/364
f  360/360/360 362/362/362 365/365/365
f  366/366/366 365/365/365 362/362/362
f  367/367/367 363/363/363 364/364/364
f  364/364/364 365/365/365 368/368/368
f  365/365/365 369/369/369 368/368/368
f  365/365/365 366/366/366 369/369/369
f  364/364/364 368/368/368 370/370/370
f  371/371/371 364/364/364 370/370/370
f  371/371/371 367/367/367 364/364/364
f  372/372/372 369/369/369 366/366/366
f  370/370/370 368/368/368 373/373/373
f  368/368/368 374/374/374 373/373/373
f  368/368/368 369/369/369 374/374/374
f  369/369/369 372/372/372 375/375/375
f  375/375/375 374/374/374 369/369/369
f  376/376/376 371/371/371 370/370/370
f  377/377/377 375/375/375 372/372/372
f  374/374/374 375/375/375 378/378/378
f  373/373/373 374/374/374 379/379/379
f  374/374/374 378/378/378 379/379/379
f  377/377/377 380/380/380 375/375/375
f  380/380/380 378/378/378 375/375/375
f  381/381/381 370/370/370 373/373/373
f  382/382/382 373/373/373 379/379/379
f  373/373/373 382/382/382 381/381/381
f  370/370/370 383/383/383 376/376/376
f  379/379/379 378/378/378 384/384/384
f  378/378/378 385/385/385 384/384/384
f  378/378/378 380/380/380 385/385/385
f  379/379/379 386/386/386 382/382/382
f  386/386/386 379/379/379 384/384/384
f  377/377/377 387/387/387 380/380/380
f  388/388/388 380/380/380 387/387/387
f  380/380/380 388/388/388 385/385/385
f  387/387/387 377/377/377 389/389/389
f  384/384/384 385/385/385 390/390/390
f  385/385/385 388/388/388 390/390/390
f  384/384/384 391/391/391 386/386/386
f  391/391/391 384/384/384 390/390/390
f  392/392/392 382/382/382 386/386/386
f  382/382/382 392/392/392 393/393/393
f  393/393/393 381/381/381 382/382/382
f  386/386/386 394/394/394 392/392/392
f  394/394/394 386/386/386 391/391/391
f  389/389/389 395/395/395 387/387/387
f  395/395/395 388/388/388 387/387/387
f  390/390/390 388/388/388 396/396/396
f  396/396/396 391/391/391 390/390/390
f  388/388/388 395/395/395 397/397/397
f  388/388/388 397/397/397 396/396/396
f  391/391/391 398/398/398 394/394/394
f  391/391/391 396/396/396 398/398/398
f  395/395/395 389/389/389 399/399/399
f  396/396/396 397/397/397 400/400/400
f  396/396/396 400/400/400 398/398/398
f  401/401/401 393/393/393 392/392/392
f  392/392/392 402/402/402 401/401/401
f  402/402/402 392/392/392 394/394/394
f  403/403/403 394/394/394 398/398/398
f  394/394/394 404/404/404 402/402/402
f  404/404/404 394/394/394 403/403/403
f  403/403/403 398/398/398 405/405/405
f  398/398/398 400/400/400 405/405/405
f  406/406/406 395/395/395 399/399/399
f  395/395/395 406/406/406 407/407/407
f  407/407/407 397/397/397 395/395/395
f  397/397/397 407/407/407 408/408/408
f  409/409/409 397/397/397 408/408/408
f  397/397/397 409/409/409 400/400/400
f  400/400/400 410/410/410 405/405/405
f  410/410/410 400/400/400 409/409/409
f  411/411/411 405/405/405 410/410/410
f  411/411/411 403/403/403 405/405/405
f  412/412/412 413/413/413 414/414/414
f  413/413/413 415/415/415 414/414/414
f  413/413/413 416/416/416 415/415/415
f  415/415/415 417/417/417 414/414/414
f  416/416/416 418/418/418 415/415/415
f  418/418/418 419/419/419 415/415/415
f  417/417/417 415/415/415 420/420/420
f  419/419/419 420/420/420 415/415/415
f  420/420/420 421/421/421 417/417/417
f  418/418/418 422/422/422 419/419/419
f  420/420/420 419/419/419 118/118/118
f  421/421/421 420/420/420 130/130/130
f  118/118/118 130/130/130 420/420/420
f  419/419/419 422/422/422 120/120/120
f  419/419/419 120/120/120 107/107/107
f  107/107/107 118/118/118 419/419/419
f  130/130/130 138/138/138 421/421/421
f  423/423/423 424/424/424 425/425/425
f  425/425/425 426/426/426 423/423/423
f  427/427/427 423/423/423 426/426/426
f  423/423/423 427/427/427 428/428/428
f  425/425/425 429/429/429 426/426/426
f  426/426/426 430/430/430 427/427/427
f  430/430/430 426/426/426 429/429/429
f  429/429/429 425/425/425 431/431/431
f  431/431/431 432/432/432 429/429/429
f  430/430/430 429/429/429 432/432/432
f  433/433/433 428/428/428 427/427/427
f  434/434/434 427/427/427 430/430/430
f  427/427/427 435/435/435 433/433/433
f  427/427/427 434/434/434 435/435/435
f  430/430/430 432/432/432 436/436/436
f  437/437/437 430/430/430 436/436/436
f  430/430/430 437/437/437 434/434/434
f  432/432/432 431/431/431 438/438/438
f  432/432/432 438/438/438 439/439/439
f  439/439/439 440/440/440 432/432/432
f  436/436/436 432/432/432 440/440/440
f  435/435/435 441/441/441 433/433/433
f  442/442/442 435/435/435 434/434/434
f  441/441/441 435/435/435 442/442/442
f  443/443/443 442/442/442 434/434/434
f  444/444/444 434/434/434 437/437/437
f  434/434/434 444/444/444 443/443/443
f  436/436/436 440/440/440 445/445/445
f  446/446/446 436/436/436 445/445/445
f  436/436/436 446/446/446 437/437/437
f  437/437/437 447/447/447 444/444/444
f  447/447/447 437/437/437 446/446/446
f  440/440/440 439/439/439 448/448/448
f  448/448/448 449/449/449 440/440/440
f  445/445/445 440/440/440 449/449/449
f  445/445/445 450/450/450 446/446/446
f  447/447/447 446/446/446 450/450/450
f  451/451/451 445/445/445 449/449/449
f  450/450/450 445/445/445 451/451/451
f  442/442/442 452/452/452 441/441/441
f  453/453/453 442/442/442 443/443/443
f  452/452/452 442/442/442 453/453/453
f  454/454/454 453/453/453 443/443/443
f  455/455/455 443/443/443 444/444/444
f  443/443/443 455/455/455 454/454/454
f  444/444/444 456/456/456 455/455/455
f  456/456/456 444/444/444 447/447/447
f  449/449/449 457/457/457 451/451/451
f  450/450/450 451/451/451 457/457/457
f  458/458/458 447/447/447 450/450/450
f  459/459/459 447/447/447 458/458/458
f  447/447/447 459/459/459 456/456/456
f  457/457/457 460/460/460 450/450/450
f  460/460/460 458/458/458 450/450/450
f  449/449/449 448/448/448 461/461/461
f  461/461/461 462/462/462 449/449/449
f  457/457/457 449/449/449 462/462/462
f  459/459/459 463/463/463 456/456/456
f  463/463/463 455/455/455 456/456/456
f  455/455/455 463/463/463 464/464/464
f  464/464/464 454/454/454 455/455/455
f  453/453/453 465/465/465 452/452/452
f  466/466/466 453/453/453 454/454/454
f  465/465/465 453/453/453 466/466/466
f  467/467/467 466/466/466 454/454/454
f  454/454/454 464/464/464 467/467/467
f  458/458/458 460/460/460 468/468/468
f  468/468/468 459/459/459 458/458/458
f  459/459/459 468/468/468 469/469/469
f  463/463/463 459/459/459 470/470/470
f  469/469/469 470/470/470 459/459/459
f  471/471/471 466/466/466 467/467/467
f  471/471/471 465/465/465 466/466/466
f  472/472/472 471/471/471 467/467/467
f  464/464/464 472/472/472 467/467/467
f  463/463/463 473/473/473 464/464/464
f  464/464/464 473/473/473 472/472/472
f  470/470/470 474/474/474 463/463/463
f  463/463/463 474/474/474 473/473/473
f  465/465/465 471/471/471 475/475/475
f  476/476/476 471/471/471 472/472/472
f  476/476/476 475/475/475 471/471/471
f  474/474/474 477/477/477 473/473/473
f  477/477/477 472/472/472 473/473/473
f  472/472/472 478/478/478 476/476/476
f  472/472/472 477/477/477 478/478/478
f  470/470/470 469/469/469 479/479/479
f  480/480/480 470/470/470 479/479/479
f  470/470/470 480/480/480 481/481/481
f  474/474/474 470/470/470 481/481/481
f  482/482/482 474/474/474 481/481/481
f  474/474/474 482/482/482 483/483/483
f  474/474/474 483/483/483 477/477/477
f  480/480/480 482/482/482 481/481/481
f  484/484/484 478/478/478 477/477/477
f  483/483/483 484/484/484 477/477/477
f  478/478/478 484/484/484 485/485/485
f  485/485/485 476/476/476 478/478/478
f  475/475/475 476/476/476 486/486/486
f  476/476/476 485/485/485 487/487/487
f  487/487/487 486/486/486 476/476/476
f  482/482/482 488/488/488 483/483/483
f  483/483/483 488/488/488 484/484/484
f  488/488/488 489/489/489 484/484/484
f  489/489/489 485/485/485 484/484/484
f  490/490/490 487/487/487 485/485/485
f  485/485/485 489/489/489 490/490/490
f  482/482/482 480/480/480 491/491/491
f  491/491/491 492/492/492 482/482/482
f  488/488/488 482/482/482 492/492/492
f  492/492/492 493/493/493 488/488/488
f  488/488/488 493/493/493 489/489/489
f  493/493/493 494/494/494 489/489/489
f  494/494/494 490/490/490 489/489/489
f  486/486/486 487/487/487 495/495/495
f  487/487/487 490/490/490 496/496/496
f  496/496/496 495/495/495 487/487/487
f  497/497/497 496/496/496 490/490/490
f  490/490/490 494/494/494 497/497/497
f  492/492/492 491/491/491 498/498/498
f  498/498/498 499/499/499 492/492/492
f  492/492/492 499/499/499 493/493/493
f  499/499/499 500/500/500 493/493/493
f  493/493/493 500/500/500 494/494/494
f  501/501/501 497/497/497 494/494/494
f  500/500/500 501/501/501 494/494/494
f  495/495/495 496/496/496 502/502/502
f  496/496/496 497/497/497 503/503/503
f  503/503/503 502/502/502 496/496/496
f  497/497/497 501/501/501 504/504/504
f  504/504/504 503/503/503 497/497/497
f  499/499/499 498/498/498 505/505/505
f  505/505/505 506/506/506 499/499/499
f  499/499/499 506/506/506 500/500/500
f  506/506/506 507/507/507 500/500/500
f  500/500/500 507/507/507 501/501/501
f  502/502/502 503/503/503 508/508/508
f  503/503/503 504/504/504 509/509/509
f  509/509/509 508/508/508 503/503/503
f  510/510/510 501/501/501 507/507/507
f  504/504/504 501/501/501 511/511/511
f  501/501/501 512/512/512 511/511/511
f  512/512/512 501/501/501 510/510/510
f  513/513/513 509/509/509 504/504/504
f  513/513/513 504/504/504 514/514/514
f  504/504/504 511/511/511 514/514/514
f  506/506/506 505/505/505 515/515/515
f  515/515/515 516/516/516 506/506/506
f  506/506/506 516/516/516 507/507/507
f  517/517/517 507/507/507 516/516/516
f  518/518/518 507/507/507 517/517/517
f  510/510/510 507/507/507 518/518/518
f  508/508/508 509/509/509 519/519/519
f  520/520/520 519/519/519 509/509/509
f  521/521/521 509/509/509 513/513/513
f  520/520/520 509/509/509 521/521/521
f  516/516/516 515/515/515 522/522/522
f  523/523/523 516/516/516 522/522/522
f  524/524/524 516/516/516 523/523/523
f  517/517/517 516/516/516 524/524/524
f  525/525/525 519/519/519 520/520/520
f  523/523/523 522/522/522 526/526/526
f  527/527/527 528/528/528 529/529/529
f  527/527/527 529/529/529 530/530/530
f  530/530/530 529/529/529 531/531/531
f  530/530/530 531/531/531 532/532/532
f  532/532/532 531/531/531 533/533/533
f  532/532/532 533/533/533 534/534/534
f  535/535/535 536/536/536 537/537/537
f  535/535/535 537/537/537 538/538/538
f  538/538/538 537/537/537 539/539/539
f  540/540/540 539/539/539 537/537/537
f  541/541/541 542/542/542 543/543/543
f  541/541/541 543/543/543 544/544/544
f  544/544/544 543/543/543 545/545/545
f  544/544/544 545/545/545 546/546/546
f  547/547/547 548/548/548 549/549/549
f  550/550/550 549/549/549 548/548/548
f  551/551/551 552/552/552 553/553/553
f  551/551/551 553/553/553 554/554/554
f  555/555/555 551/551/551 554/554/554
f  551/551/551 555/555/555 556/556/556
f  557/557/557 558/558/558 559/559/559
f  560/560/560 558/558/558 557/557/557
f  561/561/561 560/560/560 557/557/557
f  560/560/560 561/561/561 562/562/562
f  561/561/561 563/563/563 562/562/562
f  561/561/561 564/564/564 563/563/563
f  564/564/564 561/561/561 565/565/565
f  565/565/565 566/566/566 564/564/564
f  565/565/565 567/567/567 566/566/566
f  565/565/565 568/568/568 567/567/567
f  565/565/565 569/569/569 568/568/568
f  565/565/565 570/570/570 569/569/569
f  570/570/570 565/565/565 571/571/571
f  571/571/571 572/572/572 570/570/570
f  571/571/571 573/573/573 572/572/572
f  571/571/571 574/574/574 573/573/573
f  571/571/571 575/575/575 574/574/574
f  575/575/575 576/576/576 574/574/574
f  575/575/575 577/577/577 576/576/576
f  575/575/575 578/578/578 577/577/577
f  577/577/577 578/578/578 579/579/579
f  580/580/580 581/581/581 582/582/582
f  581/581/581 580/580/580 583/583/583
f  584/584/584 585/585/585 586/586/586
f  585/585/585 584/584/584 587/587/587
f  588/588/588 587/587/587 584/584/584
f  589/589/589 585/585/585 587/587/587
f  585/585/585 589/589/589 590/590/590
f  587/587/587 591/591/591 589/589/589
f  587/587/587 588/588/588 592/592/592
f  591/591/591 587/587/587 592/592/592
f  593/593/593 592/592/592 588/588/588
f  594/594/594 590/590/590 589/589/589
f  595/595/595 589/589/589 591/591/591
f  589/589/589 595/595/595 594/594/594
f  590/590/590 594/594/594 596/596/596
f  592/592/592 597/597/597 591/591/591
f  598/598/598 591/591/591 597/597/597
f  591/591/591 598/598/598 595/595/595
f  597/597/597 592/592/592 599/599/599
f  592/592/592 593/593/593 599/599/599
f  600/600/600 599/599/599 593/593/593
f  599/599/599 601/601/601 597/597/597
f  602/602/602 597/597/597 601/601/601
f  597/597/597 602/602/602 598/598/598
f  601/601/601 599/599/599 603/603/603
f  599/599/599 600/600/600 603/603/603
f  604/604/604 603/603/603 600/600/600
f  603/603/603 605/605/605 601/601/601
f  606/606/606 601/601/601 605/605/605
f  601/601/601 606/606/606 602/602/602
f  605/605/605 603/603/603 607/607/607
f  603/603/603 604/604/604 607/607/607
f  608/608/608 607/607/607 604/604/604
f  607/607/607 609/609/609 605/605/605
f  610/610/610 605/605/605 609/609/609
f  605/605/605 610/610/610 606/606/606
f  611/611/611 403/403/403 411/411/411
f  403/403/403 611/611/611 404/404/404
f  612/612/612 411/411/411 410/410/410
f  612/612/612 611/611/611 411/411/411
f  612/612/612 410/410/410 613/613/613
f  409/409/409 613/613/613 410/410/410
f  408/408/408 614/614/614 409/409/409
f  613/613/613 409/409/409 614/614/614
f  615/615/615 407/407/407 406/406/406
f  407/407/407 615/615/615 616/616/616
f  616/616/616 408/408/408 407/407/407
f  408/408/408 616/616/616 617/617/617
f  614/614/614 408/408/408 617/617/617
f  611/611/611 612/612/612 618/618/618
f  619/619/619 612/612/612 613/613/613
f  619/619/619 618/618/618 612/612/612
f  613/613/613 620/620/620 619/619/619
f  620/620/620 613/613/613 621/621/621
f  614/614/614 621/621/621 613/613/613
f  617/617/617 622/622/622 614/614/614
f  621/621/621 614/614/614 622/622/622
f  620/620/620 623/623/623 619/619/619
f  618/618/618 619/619/619 623/623/623
f  624/624/624 616/616/616 615/615/615
f  616/616/616 624/624/624 625/625/625
f  625/625/625 617/617/617 616/616/616
f  617/617/617 625/625/625 626/626/626
f  622/622/622 617/617/617 626/626/626
f  621/621/621 627/627/627 620/620/620
f  623/623/623 620/620/620 628/628/628
f  620/620/620 627/627/627 628/628/628
f  627/627/627 621/621/621 629/629/629
f  622/622/622 629/629/629 621/621/621
f  626/626/626 630/630/630 622/622/622
f  629/629/629 622/622/622 630/630/630
f  624/624/624 631/631/631 625/625/625
f  625/625/625 631/631/631 632/632/632
f  632/632/632 626/626/626 625/625/625
f  626/626/626 632/632/632 633/633/633
f  630/630/630 626/626/626 633/633/633
f  632/632/632 634/634/634 633/633/633
f  630/630/630 633/633/633 634/634/634
f  635/635/635 630/630/630 634/634/634
f  629/629/629 630/630/630 635/635/635
f  631/631/631 636/636/636 632/632/632
f  634/634/634 632/632/632 636/636/636
f  628/628/628 627/627/627 637/637/637
f  629/629/629 638/638/638 627/627/627
f  639/639/639 627/627/627 638/638/638
f  627/627/627 639/639/639 637/637/637
f  638/638/638 629/629/629 640/640/640
f  640/640/640 629/629/629 635/635/635
f  636/636/636 641/641/641 634/634/634
f  634/634/634 641/641/641 635/635/635
f  636/636/636 631/631/631 642/642/642
f  640/640/640 643/643/643 638/638/638
f  638/638/638 643/643/643 639/639/639
f  644/644/644 635/635/635 641/641/641
f  645/645/645 635/635/635 644/644/644
f  635/635/635 645/645/645 640/640/640
f  643/643/643 640/640/640 645/645/645
f  642/642/642 646/646/646 636/636/636
f  641/641/641 636/636/636 647/647/647
f  647/647/647 636/636/636 646/646/646
f  648/648/648 639/639/639 643/643/643
f  649/649/649 643/643/643 645/645/645
f  649/649/649 645/645/645 644/644/644
f  650/650/650 644/644/644 641/641/641
f  649/649/649 644/644/644 650/650/650
f  651/651/651 641/641/641 647/647/647
f  650/650/650 641/641/641 652/652/652
f  641/641/641 651/651/651 652/652/652
f  647/647/647 653/653/653 651/651/651
f  653/653/653 647/647/647 646/646/646
f  643/643/643 649/649/649 654/654/654
f  655/655/655 643/643/643 654/654/654
f  655/655/655 648/648/648 643/643/643
f  656/656/656 654/654/654 649/649/649
f  650/650/650 656/656/656 649/649/649
f  652/652/652 657/657/657 650/650/650
f  656/656/656 650/650/650 657/657/657
f  654/654/654 656/656/656 658/658/658
f  658/658/658 655/655/655 654/654/654
f  659/659/659 651/651/651 653/653/653
f  651/651/651 659/659/659 660/660/660
f  660/660/660 652/652/652 651/651/651
f  652/652/652 660/660/660 661/661/661
f  657/657/657 652/652/652 661/661/661
f  655/655/655 658/658/658 662/662/662
f  663/663/663 658/658/658 656/656/656
f  664/664/664 656/656/656 657/657/657
f  656/656/656 664/664/664 663/663/663
f  657/657/657 665/665/665 664/664/664
f  665/665/665 657/657/657 661/661/661
f  660/660/660 665/665/665 661/661/661
f  666/666/666 660/660/660 659/659/659
f  660/660/660 666/666/666 665/665/665
f  658/658/658 663/663/663 667/667/667
f  668/668/668 662/662/662 658/658/658
f  667/667/667 668/668/668 658/658/658
f  669/669/669 666/666/666 659/659/659
f  666/666/666 670/670/670 665/665/665
f  670/670/670 664/664/664 665/665/665
f  664/664/664 670/670/670 671/671/671
f  671/671/671 663/663/663 664/664/664
f  672/672/672 667/667/667 663/663/663
f  663/663/663 671/671/671 672/672/672
f  673/673/673 666/666/666 669/669/669
f  666/666/666 673/673/673 670/670/670
f  673/673/673 674/674/674 670/670/670
f  674/674/674 671/671/671 670/670/670
f  671/671/671 674/674/674 675/675/675
f  675/675/675 672/672/672 671/671/671
f  667/667/667 672/672/672 676/676/676
f  677/677/677 668/668/668 667/667/667
f  667/667/667 676/676/676 677/677/677
f  669/669/669 678/678/678 673/673/673
f  679/679/679 673/673/673 678/678/678
f  673/673/673 679/679/679 674/674/674
f  679/679/679 680/680/680 674/674/674
f  680/680/680 675/675/675 674/674/674
f  676/676/676 672/672/672 681/681/681
f  672/672/672 675/675/675 682/682/682
f  681/681/681 672/672/672 682/682/682
f  675/675/675 680/680/680 683/683/683
f  683/683/683 682/682/682 675/675/675
f  676/676/676 681/681/681 684/684/684
f  684/684/684 677/677/677 676/676/676
f  678/678/678 685/685/685 679/679/679
f  685/685/685 686/686/686 679/679/679
f  679/679/679 686/686/686 680/680/680
f  686/686/686 687/687/687 680/680/680
f  688/688/688 683/683/683 680/680/680
f  680/680/680 687/687/687 688/688/688
f  681/681/681 682/682/682 689/689/689
f  681/681/681 690/690/690 684/684/684
f  690/690/690 681/681/681 689/689/689
f  689/689/689 682/682/682 691/691/691
f  682/682/682 683/683/683 691/691/691
f  683/683/683 688/688/688 692/692/692
f  692/692/692 691/691/691 683/683/683
f  691/691/691 693/693/693 689/689/689
f  693/693/693 690/690/690 689/689/689
f  693/693/693 691/691/691 692/692/692
f  686/686/686 685/685/685 694/694/694
f  695/695/695 686/686/686 694/694/694
f  686/686/686 696/696/696 687/687/687
f  686/686/686 695/695/695 696/696/696
f  697/697/697 688/688/688 687/687/687
f  688/688/688 698/698/698 692/692/692
f  698/698/698 688/688/688 697/697/697
f  699/699/699 687/687/687 696/696/696
f  687/687/687 700/700/700 697/697/697
f  687/687/687 699/699/699 700/700/700
f  701/701/701 693/693/693 692/692/692
f  701/701/701 692/692/692 698/698/698
f  701/701/701 702/702/702 693/693/693
f  690/690/690 693/693/693 702/702/702
f  696/696/696 703/703/703 699/699/699
f  703/703/703 696/696/696 695/695/695
f  704/704/704 698/698/698 697/697/697
f  704/704/704 697/697/697 700/700/700
f  698/698/698 704/704/704 705/705/705
f  705/705/705 701/701/701 698/698/698
f  699/699/699 706/706/706 700/700/700
f  706/706/706 704/704/704 700/700/700
f  703/703/703 707/707/707 699/699/699
f  699/699/699 707/707/707 706/706/706
f  708/708/708 704/704/704 706/706/706
f  708/708/708 705/705/705 704/704/704
f  701/701/701 705/705/705 709/709/709
f  702/702/702 701/701/701 710/710/710
f  709/709/709 710/710/710 701/701/701
f  711/711/711 709/709/709 705/705/705
f  705/705/705 708/708/708 711/711/711
f  712/712/712 706/706/706 707/707/707
f  706/706/706 712/712/712 708/708/708
f  713/713/713 708/708/708 712/712/712
f  713/713/713 711/711/711 708/708/708
f  707/707/707 703/703/703 714/714/714
f  714/714/714 715/715/715 707/707/707
f  707/707/707 715/715/715 712/712/712
f  716/716/716 712/712/712 715/715/715
f  712/712/712 716/716/716 713/713/713
f  709/709/709 711/711/711 717/717/717
f  710/710/710 709/709/709 718/718/718
f  717/717/717 718/718/718 709/709/709
f  719/719/719 717/717/717 711/711/711
f  711/711/711 713/713/713 719/719/719
f  720/720/720 719/719/719 713/713/713
f  720/720/720 713/713/713 716/716/716
f  714/714/714 721/721/721 715/715/715
f  721/721/721 722/722/722 715/715/715
f  722/722/722 716/716/716 715/715/715
f  723/723/723 716/716/716 722/722/722
f  716/716/716 723/723/723 720/720/720
f  718/718/718 717/717/717 724/724/724
f  725/725/725 724/724/724 717/717/717
f  717/717/717 719/719/719 725/725/725
f  719/719/719 720/720/720 726/726/726
f  726/726/726 725/725/725 719/719/719
f  721/721/721 727/727/727 722/722/722
f  727/727/727 728/728/728 722/722/722
f  728/728/728 723/723/723 722/722/722
f  729/729/729 720/720/720 723/723/723
f  726/726/726 720/720/720 730/730/730
f  720/720/720 731/731/731 730/730/730
f  731/731/731 720/720/720 729/729/729
f  732/732/732 723/723/723 728/728/728
f  733/733/733 723/723/723 732/732/732
f  729/729/729 723/723/723 733/733/733
f  724/724/724 725/725/725 734/734/734
f  725/725/725 726/726/726 735/735/735
f  735/735/735 734/734/734 725/725/725
f  736/736/736 735/735/735 726/726/726
f  736/736/736 726/726/726 737/737/737
f  726/726/726 730/730/730 737/737/737
f  727/727/727 738/738/738 728/728/728
f  739/739/739 728/728/728 738/738/738
f  740/740/740 728/728/728 739/739/739
f  732/732/732 728/728/728 740/740/740
f  734/734/734 735/735/735 741/741/741
f  742/742/742 741/741/741 735/735/735
f  743/743/743 735/735/735 736/736/736
f  742/742/742 735/735/735 743/743/743
f  739/739/739 738/738/738 744/744/744
f  745/745/745 741/741/741 742/742/742
f  393/393/393 401/401/401 746/746/746
f  746/746/746 747/747/747 393/393/393
f  381/381/381 393/393/393 747/747/747
f  747/747/747 746/746/746 748/748/748
f  747/747/747 749/749/749 381/381/381
f  749/749/749 747/747/747 750/750/750
f  748/748/748 750/750/750 747/747/747
f  370/370/370 381/381/381 749/749/749
f  750/750/750 748/748/748 751/751/751
f  749/749/749 383/383/383 370/370/370
f  752/752/752 749/749/749 750/750/750
f  752/752/752 753/753/753 749/749/749
f  749/749/749 753/753/753 383/383/383
f  754/754/754 750/750/750 751/751/751
f  755/755/755 752/752/752 750/750/750
f  754/754/754 755/755/755 750/750/750
f  756/756/756 754/754/754 751/751/751
f  757/757/757 758/758/758 759/759/759
f  759/759/759 758/758/758 760/760/760
f  758/758/758 761/761/761 760/760/760
f  761/761/761 758/758/758 762/762/762
f  763/763/763 759/759/759 760/760/760
f  764/764/764 760/760/760 761/761/761
f  760/760/760 764/764/764 763/763/763
f  759/759/759 763/763/763 765/765/765
f  762/762/762 766/766/766 761/761/761
f  761/761/761 767/767/767 764/764/764
f  766/766/766 768/768/768 761/761/761
f  767/767/767 761/761/761 768/768/768
f  609/609/609 607/607/607 769/769/769
f  607/607/607 608/608/608 769/769/769
f  770/770/770 769/769/769 608/608/608
f  769/769/769 771/771/771 609/609/609
f  769/769/769 770/770/770 771/771/771
f  771/771/771 772/772/772 609/609/609
f  609/609/609 772/772/772 610/610/610
f  772/772/772 773/773/773 610/610/610
f  774/774/774 771/771/771 770/770/770
f  771/771/771 775/775/775 772/772/772
f  775/775/775 771/771/771 774/774/774
f  776/776/776 772/772/772 775/775/775
f  772/772/772 776/776/776 773/773/773
f  776/776/776 777/777/777 773/773/773
f  778/778/778 775/775/775 774/774/774
f  775/775/775 779/779/779 776/776/776
f  779/779/779 775/775/775 778/778/778
f  780/780/780 776/776/776 779/779/779
f  776/776/776 780/780/780 777/777/777
f  780/780/780 781/781/781 777/777/777
f  782/782/782 779/779/779 778/778/778
f  779/779/779 783/783/783 780/780/780
f  779/779/779 782/782/782 783/783/783
f  784/784/784 780/780/780 783/783/783
f  780/780/780 784/784/784 781/781/781
f  785/785/785 781/781/781 784/784/784
f  786/786/786 783/783/783 782/782/782
f  783/783/783 787/787/787 784/784/784
f  783/783/783 786/786/786 787/787/787
f  788/788/788 784/784/784 787/787/787
f  784/784/784 788/788/788 785/785/785
f  789/789/789 785/785/785 788/788/788
f  790/790/790 787/787/787 786/786/786
f  787/787/787 791/791/791 788/788/788
f  787/787/787 790/790/790 791/791/791
f  792/792/792 788/788/788 791/791/791
f  788/788/788 792/792/792 789/789/789
f  793/793/793 789/789/789 792/792/792
f  794/794/794 791/791/791 790/790/790
f  791/791/791 795/795/795 792/792/792
f  795/795/795 791/791/791 794/794/794
f  796/796/796 792/792/792 795/795/795
f  792/792/792 796/796/796 793/793/793
f  797/797/797 793/793/793 796/796/796
f  798/798/798 795/795/795 794/794/794
f  795/795/795 799/799/799 796/796/796
f  799/799/799 795/795/795 798/798/798
f  800/800/800 796/796/796 799/799/799
f  796/796/796 800/800/800 797/797/797
f  801/801/801 797/797/797 800/800/800
f  802/802/802 799/799/799 798/798/798
f  803/803/803 800/800/800 799/799/799
f  799/799/799 802/802/802 803/803/803
f  800/800/800 803/803/803 804/804/804
f  804/804/804 801/801/801 800/800/800
f  801/801/801 804/804/804 805/805/805
f  806/806/806 807/807/807 808/808/808
f  809/809/809 807/807/807 806/806/806
f  810/810/810 807/807/807 809/809/809
f  811/811/811 812/812/812 813/813/813
f  813/813/813 814/814/814 811/811/811
f  815/815/815 811/811/811 814/814/814
f  814/814/814 816/816/816 815/815/815
f  817/817/817 815/815/815 816/816/816
f  816/816/816 818/818/818 817/817/817
f  819/819/819 817/817/817 818/818/818
f  818/818/818 820/820/820 819/819/819
f  821/821/821 819/819/819 820/820/820
f  820/820/820 822/822/822 821/821/821
f  821/821/821 822/822/822 823/823/823
f  822/822/822 824/824/824 823/823/823
f  823/823/823 824/824/824 825/825/825
f  824/824/824 826/826/826 825/825/825
f  825/825/825 826/826/826 827/827/827
f  826/826/826 828/828/828 827/827/827
f  828/828/828 829/829/829 827/827/827
f  830/830/830 829/829/829 828/828/828
f  830/830/830 831/831/831 829/829/829
f  832/832/832 831/831/831 830/830/830
f  832/832/832 833/833/833 831/831/831
f  834/834/834 833/833/833 832/832/832
f  834/834/834 835/835/835 833/833/833
f  836/836/836 835/835/835 834/834/834
f  836/836/836 837/837/837 835/835/835
f  838/838/838 837/837/837 836/836/836
f  838/838/838 839/839/839 837/837/837
f  838/838/838 840/840/840 839/839/839
f  840/840/840 841/841/841 839/839/839
f  840/840/840 842/842/842 841/841/841
f  843/843/843 844/844/844 845/845/845
f  843/843/843 846/846/846 844/844/844
f  847/847/847 846/846/846 843/843/843
f  846/846/846 848/848/848 844/844/844
f  849/849/849 846/846/846 847/847/847
f  849/849/849 850/850/850 846/846/846
f  850/850/850 851/851/851 846/846/846
f  851/851/851 848/848/848 846/846/846
f  851/851/851 852/852/852 848/848/848
f  853/853/853 850/850/850 849/849/849
f  851/851/851 850/850/850 854/854/854
f  854/854/854 855/855/855 851/851/851
f  851/851/851 855/855/855 852/852/852
f  856/856/856 854/854/854 850/850/850
f  857/857/857 856/856/856 850/850/850
f  857/857/857 850/850/850 853/853/853
f  855/855/855 858/858/858 852/852/852
f  854/854/854 856/856/856 859/859/859
f  859/859/859 860/860/860 854/854/854
f  855/855/855 854/854/854 860/860/860
f  855/855/855 861/861/861 858/858/858
f  860/860/860 861/861/861 855/855/855
f  862/862/862 856/856/856 857/857/857
f  858/858/858 861/861/861 863/863/863
f  861/861/861 860/860/860 864/864/864
f  860/860/860 859/859/859 865/865/865
f  865/865/865 864/864/864 860/860/860
f  861/861/861 866/866/866 863/863/863
f  864/864/864 866/866/866 861/861/861
f  856/856/856 867/867/867 859/859/859
f  859/859/859 868/868/868 865/865/865
f  868/868/868 859/859/859 867/867/867
f  856/856/856 862/862/862 869/869/869
f  864/864/864 865/865/865 870/870/870
f  870/870/870 871/871/871 864/864/864
f  866/866/866 864/864/864 871/871/871
f  872/872/872 865/865/865 868/868/868
f  865/865/865 872/872/872 870/870/870
f  873/873/873 863/863/863 866/866/866
f  866/866/866 874/874/874 873/873/873
f  874/874/874 866/866/866 871/871/871
f  863/863/863 873/873/873 875/875/875
f  871/871/871 870/870/870 876/876/876
f  876/876/876 874/874/874 871/871/871
f  877/877/877 870/870/870 872/872/872
f  870/870/870 877/877/877 876/876/876
f  868/868/868 878/878/878 872/872/872
f  867/867/867 879/879/879 868/868/868
f  878/878/878 868/868/868 879/879/879
f  872/872/872 880/880/880 877/877/877
f  880/880/880 872/872/872 878/878/878
f  881/881/881 875/875/875 873/873/873
f  874/874/874 881/881/881 873/873/873
f  874/874/874 876/876/876 882/882/882
f  877/877/877 882/882/882 876/876/876
f  883/883/883 881/881/881 874/874/874
f  882/882/882 883/883/883 874/874/874
f  884/884/884 877/877/877 880/880/880
f  882/882/882 877/877/877 884/884/884
f  875/875/875 881/881/881 885/885/885
f  883/883/883 882/882/882 886/886/886
f  884/884/884 886/886/886 882/882/882
f  879/879/879 887/887/887 878/878/878
f  888/888/888 878/878/878 887/887/887
f  878/878/878 888/888/888 880/880/880
f  884/884/884 880/880/880 889/889/889
f  890/890/890 880/880/880 888/888/888
f  880/880/880 890/890/890 889/889/889
f  891/891/891 884/884/884 889/889/889
f  886/886/886 884/884/884 891/891/891
f  881/881/881 892/892/892 885/885/885
f  881/881/881 893/893/893 892/892/892
f  883/883/883 893/893/893 881/881/881
f  894/894/894 893/893/893 883/883/883
f  883/883/883 895/895/895 894/894/894
f  895/895/895 883/883/883 886/886/886
f  896/896/896 886/886/886 891/891/891
f  886/886/886 896/896/896 895/895/895
f  896/896/896 891/891/891 897/897/897
f  891/891/891 889/889/889 897/897/897
f  898/898/898 889/889/889 890/890/890
f  889/889/889 898/898/898 897/897/897
f  896/896/896 897/897/897 899/899/899
f  898/898/898 899/899/899 897/897/897
f  900/900/900 896/896/896 899/899/899
f  900/900/900 895/895/895 896/896/896
f  901/901/901 894/894/894 895/895/895
f  895/895/895 900/900/900 901/901/901
f  893/893/893 902/902/902 892/892/892
f  902/902/902 893/893/893 903/903/903
f  894/894/894 903/903/903 893/893/893
f  903/903/903 894/894/894 904/904/904
f  894/894/894 901/901/901 904/904/904
f  898/898/898 905/905/905 899/899/899
f  900/900/900 899/899/899 906/906/906
f  905/905/905 906/906/906 899/899/899
f  907/907/907 900/900/900 906/906/906
f  900/900/900 907/907/907 908/908/908
f  908/908/908 901/901/901 900/900/900
f  909/909/909 904/904/904 901/901/901
f  901/901/901 908/908/908 909/909/909
f  910/910/910 907/907/907 906/906/906
f  906/906/906 905/905/905 910/910/910
f  903/903/903 911/911/911 902/902/902
f  911/911/911 903/903/903 912/912/912
f  904/904/904 912/912/912 903/903/903
f  913/913/913 912/912/912 904/904/904
f  904/904/904 909/909/909 913/913/913
f  914/914/914 908/908/908 907/907/907
f  907/907/907 910/910/910 915/915/915
f  915/915/915 914/914/914 907/907/907
f  908/908/908 914/914/914 916/916/916
f  916/916/916 909/909/909 908/908/908
f  917/917/917 913/913/913 909/909/909
f  909/909/909 916/916/916 917/917/917
f  912/912/912 918/918/918 911/911/911
f  918/918/918 912/912/912 919/919/919
f  913/913/913 919/919/919 912/912/912
f  919/919/919 913/913/913 920/920/920
f  913/913/913 917/917/917 920/920/920
f  921/921/921 919/919/919 920/920/920
f  921/921/921 920/920/920 917/917/917
f  921/921/921 917/917/917 922/922/922
f  922/922/922 917/917/917 916/916/916
f  923/923/923 918/918/918 919/919/919
f  919/919/919 921/921/921 923/923/923
f  914/914/914 915/915/915 924/924/924
f  925/925/925 916/916/916 914/914/914
f  926/926/926 914/914/914 924/924/924
f  914/914/914 926/926/926 925/925/925
f  916/916/916 925/925/925 927/927/927
f  922/922/922 916/916/916 927/927/927
f  928/928/928 923/923/923 921/921/921
f  928/928/928 921/921/921 922/922/922
f  928/928/928 922/922/922 929/929/929
f  929/929/929 922/922/922 927/927/927
f  918/918/918 923/923/923 930/930/930
f  931/931/931 927/927/927 925/925/925
f  931/931/931 925/925/925 926/926/926
f  927/927/927 931/931/931 932/932/932
f  929/929/929 927/927/927 932/932/932
f  933/933/933 930/930/930 923/923/923
f  923/923/923 928/928/928 934/934/934
f  933/933/933 923/923/923 934/934/934
f  931/931/931 926/926/926 935/935/935
f  936/936/936 937/937/937 938/938/938
f  938/938/938 937/937/937 939/939/939
f  940/940/940 939/939/939 937/937/937
f  938/938/938 939/939/939 941/941/941
f  941/941/941 939/939/939 942/942/942
f  942/942/942 939/939/939 943/943/943
f  939/939/939 940/940/940 944/944/944
f  944/944/944 943/943/943 939/939/939
f  945/945/945 944/944/944 940/940/940
f  942/942/942 943/943/943 946/946/946
f  943/943/943 944/944/944 867/867/867
f  944/944/944 945/945/945 879/879/879
f  879/879/879 867/867/867 944/944/944
f  943/943/943 869/869/869 946/946/946
f  943/943/943 856/856/856 869/869/869
f  867/867/867 856/856/856 943/943/943
f  887/887/887 879/879/879 945/945/945
f  947/947/947 948/948/948 949/949/949
f  947/947/947 949/949/949 950/950/950
f  951/951/951 947/947/947 950/950/950
f  950/950/950 949/949/949 952/952/952
f  953/953/953 951/951/951 950/950/950
f  765/765/765 763/763/763 954/954/954
f  764/764/764 955/955/955 763/763/763
f  954/954/954 763/763/763 955/955/955
f  955/955/955 764/764/764 956/956/956
f  764/764/764 957/957/957 956/956/956
f  957/957/957 764/764/764 767/767/767
f  766/766/766 958/958/958 768/768/768
f  767/767/767 768/768/768 959/959/959
f  959/959/959 768/768/768 958/958/958
f  767/767/767 959/959/959 960/960/960
f  767/767/767 961/961/961 957/957/957
f  961/961/961 767/767/767 960/960/960
f  954/954/954 955/955/955 962/962/962
f  962/962/962 955/955/955 963/963/963
f  956/956/956 963/963/963 955/955/955
f  963/963/963 956/956/956 964/964/964
f  956/956/956 965/965/965 964/964/964
f  965/965/965 956/956/956 957/957/957
f  966/966/966 957/957/957 961/961/961
f  957/957/957 966/966/966 965/965/965
f  967/967/967 962/962/962 963/963/963
f  967/967/967 963/963/963 964/964/964
f  968/968/968 959/959/959 958/958/958
f  960/960/960 959/959/959 969/969/969
f  959/959/959 968/968/968 969/969/969
f  960/960/960 969/969/969 970/970/970
f  960/960/960 971/971/971 961/961/961
f  971/971/971 960/960/960 970/970/970
f  972/972/972 961/961/961 971/971/971
f  961/961/961 972/972/972 966/966/966
f  973/973/973 964/964/964 965/965/965
f  973/973/973 965/965/965 966/966/966
f  967/967/967 964/964/964 974/974/974
f  964/964/964 973/973/973 974/974/974
f  962/962/962 967/967/967 975/975/975
f  973/973/973 966/966/966 976/976/976
f  966/966/966 977/977/977 976/976/976
f  977/977/977 966/966/966 972/972/972
f  978/978/978 975/975/975 967/967/967
f  979/979/979 967/967/967 974/974/974
f  967/967/967 979/979/979 978/978/978
f  974/974/974 973/973/973 979/979/979
f  973/973/973 976/976/976 980/980/980
f  973/973/973 980/980/980 979/979/979
f  981/981/981 977/977/977 972/972/972
f  971/971/971 981/981/981 972/972/972
f  981/981/981 971/971/971 982/982/982
f  970/970/970 982/982/982 971/971/971
f  983/983/983 980/980/980 976/976/976
f  977/977/977 983/983/983 976/976/976
f  975/975/975 978/978/978 984/984/984
f  983/983/983 977/977/977 985/985/985
f  986/986/986 977/977/977 981/981/981
f  986/986/986 985/985/985 977/977/977
f  987/987/987 986/986/986 981/981/981
f  988/988/988 981/981/981 982/982/982
f  987/987/987 981/981/981 988/988/988
f  985/985/985 986/986/986 989/989/989
f  986/986/986 990/990/990 989/989/989
f  990/990/990 986/986/986 991/991/991
f  991/991/991 986/986/986 987/987/987
f  992/992/992 990/990/990 991/991/991
f  987/987/987 992/992/992 991/991/991
f  992/992/992 987/987/987 993/993/993
f  988/988/988 994/994/994 987/987/987
f  993/993/993 987/987/987 994/994/994
f  995/995/995 994/994/994 988/988/988
f  988/988/988 982/982/982 995/995/995
f  990/990/990 992/992/992 996/996/996
f  997/997/997 996/996/996 992/992/992
f  998/998/998 992/992/992 993/993/993
f  997/997/997 992/992/992 998/998/998
f  994/994/994 999/999/999 993/993/993
f  999/999/999 998/998/998 993/993/993
f  1000/1000/1000 999/999/999 994/994/994
f  994/994/994 995/995/995 1000/1000/1000
f  996/996/996 997/997/997 1001/1001/1001
f  1002/1002/1002 1001/1001/1001 997/997/997
f  1003/1003/1003 997/997/997 998/998/998
f  1002/1002/1002 997/997/997 1003/1003/1003
f  1003/1003/1003 998/998/998 1004/1004/1004
f  999/999/999 1004/1004/1004 998/998/998
f  1005/1005/1005 1004/1004/1004 999/999/999
f  999/999/999 1000/1000/1000 1005/1005/1005
f  1006/1006/1006 1005/1005/1005 1000/1000/1000
f  995/995/995 1006/1006/1006 1000/1000/1000
f  1007/1007/1007 1001/1001/1001 1002/1002/1002
f  1008/1008/1008 1007/1007/1007 1002/1002/1002
f  1009/1009/1009 1008/1008/1008 1002/1002/1002
f  1003/1003/1003 1009/1009/1009 1002/1002/1002
f  1009/1009/1009 1003/1003/1003 1010/1010/1010
f  1004/1004/1004 1010/1010/1010 1003/1003/1003
f  1004/1004/1004 1005/1005/1005 1011/1011/1011
f  1011/1011/1011 1010/1010/1010 1004/1004/1004
f  1012/1012/1012 1011/1011/1011 1005/1005/1005
f  1005/1005/1005 1006/1006/1006 1012/1012/1012
f  1013/1013/1013 1007/1007/1007 1008/1008/1008
f  1014/1014/1014 1013/1013/1013 1008/1008/1008
f  1015/1015/1015 1014/1014/1014 1008/1008/1008
f  1009/1009/1009 1015/1015/1015 1008/1008/1008
f  1015/1015/1015 1009/1009/1009 1016/1016/1016
f  1010/1010/1010 1016/1016/1016 1009/1009/1009
f  1017/1017/1017 1016/1016/1016 1010/1010/1010
f  1010/1010/1010 1011/1011/1011 1017/1017/1017
f  1011/1011/1011 1012/1012/1012 1018/1018/1018
f  1018/1018/1018 1017/1017/1017 1011/1011/1011
f  1019/1019/1019 1018/1018/1018 1012/1012/1012
f  1020/1020/1020 1012/1012/1012 1006/1006/1006
f  1012/1012/1012 1020/1020/1020 1019/1019/1019
f  1021/1021/1021 1013/1013/1013 1014/1014/1014
f  1016/1016/1016 1017/1017/1017 1022/1022/1022
f  1017/1017/1017 1018/1018/1018 1023/1023/1023
f  1023/1023/1023 1022/1022/1022 1017/1017/1017
f  1018/1018/1018 1019/1019/1019 1024/1024/1024
f  1024/1024/1024 1023/1023/1023 1018/1018/1018
f  1025/1025/1025 1014/1014/1014 1015/1015/1015
f  1026/1026/1026 1021/1021/1021 1014/1014/1014
f  1027/1027/1027 1026/1026/1026 1014/1014/1014
f  1025/1025/1025 1027/1027/1027 1014/1014/1014
f  1026/1026/1026 1028/1028/1028 1021/1021/1021
f  1022/1022/1022 1023/1023/1023 1029/1029/1029
f  1023/1023/1023 1024/1024/1024 1030/1030/1030
f  1030/1030/1030 1029/1029/1029 1023/1023/1023
f  1006/1006/1006 1031/1031/1031 1020/1020/1020
f  1029/1029/1029 1030/1030/1030 1032/1032/1032
f  1033/1033/1033 1029/1029/1029 1032/1032/1032
f  1034/1034/1034 1022/1022/1022 1029/1029/1029
f  1035/1035/1035 1034/1034/1034 1029/1029/1029
f  1033/1033/1033 1035/1035/1035 1029/1029/1029
f  1036/1036/1036 1033/1033/1033 1032/1032/1032
f  1031/1031/1031 1006/1006/1006 1037/1037/1037
f  1037/1037/1037 1006/1006/1006 995/995/995
f  1037/1037/1037 1038/1038/1038 1031/1031/1031
f  1039/1039/1039 1037/1037/1037 995/995/995
f  1039/1039/1039 1040/1040/1040 1037/1037/1037
f  1038/1038/1038 1037/1037/1037 1040/1040/1040
f  995/995/995 982/982/982 1039/1039/1039
f  970/970/970 1040/1040/1040 1039/1039/1039
f  982/982/982 970/970/970 1039/1039/1039
f  970/970/970 969/969/969 1040/1040/1040
f  969/969/969 1038/1038/1038 1040/1040/1040
f  1038/1038/1038 969/969/969 968/968/968
f  1034/1034/1034 1041/1041/1041 1022/1022/1022
f  1022/1022/1022 1041/1041/1041 1042/1042/1042
f  1022/1022/1022 1042/1042/1042 1016/1016/1016
f  1016/1016/1016 1042/1042/1042 1043/1043/1043
f  1043/1043/1043 1044/1044/1044 1016/1016/1016
f  1044/1044/1044 1015/1015/1015 1016/1016/1016
f  1044/1044/1044 1045/1045/1045 1015/1015/1015
f  1045/1045/1045 1025/1025/1025 1015/1015/1015
f  1046/1046/1046 1047/1047/1047 1048/1048/1048
f  1047/1047/1047 1046/1046/1046 1049/1049/1049
f  1050/1050/1050 1047/1047/1047 1049/1049/1049
f  1051/1051/1051 1047/1047/1047 1050/1050/1050
f  1052/1052/1052 1051/1051/1051 1050/1050/1050
f  1053/1053/1053 1051/1051/1051 1052/1052/1052
f  1054/1054/1054 1053/1053/1053 1052/1052/1052
f  1055/1055/1055 1053/1053/1053 1054/1054/1054
f  1056/1056/1056 1055/1055/1055 1054/1054/1054
f  1057/1057/1057 1055/1055/1055 1056/1056/1056
f  1058/1058/1058 1057/1057/1057 1056/1056/1056
f  1058/1058/1058 1059/1059/1059 1057/1057/1057
f  1060/1060/1060 1059/1059/1059 1058/1058/1058
f  1060/1060/1060 1061/1061/1061 1059/1059/1059
f  1062/1062/1062 1061/1061/1061 1060/1060/1060
f  1062/1062/1062 1063/1063/1063 1061/1061/1061
f  1064/1064/1064 1063/1063/1063 1062/1062/1062
f  1063/1063/1063 1064/1064/1064 1065/1065/1065
f  1066/1066/1066 1065/1065/1065 1064/1064/1064
f  1065/1065/1065 1066/1066/1066 1067/1067/1067
f  1068/1068/1068 1067/1067/1067 1066/1066/1066
f  1067/1067/1067 1068/1068/1068 1069/1069/1069
f  1070/1070/1070 1069/1069/1069 1068/1068/1068
f  1069/1069/1069 1070/1070/1070 1071/1071/1071
f  1072/1072/1072 1071/1071/1071 1070/1070/1070
f  1071/1071/1071 1072/1072/1072 1073/1073/1073
f  1074/1074/1074 1073/1073/1073 1072/1072/1072
f  1073/1073/1073 1074/1074/1074 1075/1075/1075
f  1076/1076/1076 1075/1075/1075 1074/1074/1074
f  1075/1075/1075 1076/1076/1076 1077/1077/1077
f  1078/1078/1078 1079/1079/1079 1080/1080/1080
f  1078/1078/1078 1080/1080/1080 1081/1081/1081
f  1078/1078/1078 1081/1081/1081 1082/1082/1082
f  1078/1078/1078 1082/1082/1082 1083/1083/1083
f  1078/1078/1078 1083/1083/1083 1084/1084/1084
f  1078/1078/1078 1084/1084/1084 1085/1085/1085
f  1078/1078/1078 1085/1085/1085 1086/1086/1086
f  1078/1078/1078 1086/1086/1086 1087/1087/1087
f  1078/1078/1078 1087/1087/1087 1088/1088/1088
f  1078/1078/1078 1088/1088/1088 1089/1089/1089
f  1078/1078/1078 1089/1089/1089 1090/1090/1090
f  1078/1078/1078 1090/1090/1090 1091/1091/1091
f  1078/1078/1078 1091/1091/1091 1092/1092/1092
f  1078/1078/1078 1092/1092/1092 1093/1093/1093
f  1078/1078/1078 1093/1093/1093 1094/1094/1094
f  1078/1078/1078 1094/1094/1094 1095/1095/1095
f  1078/1078/1078 1095/1095/1095 1096/1096/1096
f  1078/1078/1078 1096/1096/1096 1097/1097/1097
f  1078/1078/1078 1097/1097/1097 1098/1098/1098
f  1078/1078/1078 1098/1098/1098 1099/1099/1099
f  1078/1078/1078 1099/1099/1099 1100/1100/1100
f  1078/1078/1078 1100/1100/1100 1101/1101/1101
f  1078/1078/1078 1101/1101/1101 1102/1102/1102
f  1078/1078/1078 1102/1102/1102 1103/1103/1103
f  1078/1078/1078 1103/1103/1103 1104/1104/1104
f  1078/1078/1078 1104/1104/1104 1105/1105/1105
f  1078/1078/1078 1105/1105/1105 1106/1106/1106
f  1078/1078/1078 1106/1106/1106 1107/1107/1107
f  1078/1078/1078 1107/1107/1107 1108/1108/1108
f  1109/1109/1109 1078/1078/1078 1108/1108/1108
f  1110/1110/1110 1111/1111/1111 1112/1112/1112
f  1110/1110/1110 1112/1112/1112 1113/1113/1113
f  1110/1110/1110 1113/1113/1113 1114/1114/1114
f  1110/1110/1110 1114/1114/1114 1115/1115/1115
f  1110/1110/1110 1115/1115/1115 1116/1116/1116
f  1110/1110/1110 1116/1116/1116 1117/1117/1117
f  1110/1110/1110 1117/1117/1117 1118/1118/1118
f  1110/1110/1110 1118/1118/1118 1119/1119/1119
f  1110/1110/1110 1119/1119/1119 1120/1120/1120
f  1110/1110/1110 1120/1120/1120 1121/1121/1121
f  1110/1110/1110 1121/1121/1121 1122/1122/1122
f  1110/1110/1110 1122/1122/1122 1123/1123/1123
f  1110/1110/1110 1123/1123/1123 1124/1124/1124
f  1110/1110/1110 1124/1124/1124 1125/1125/1125
f  1110/1110/1110 1125/1125/1125 1126/1126/1126
f  1110/1110/1110 1126/1126/1126 1127/1127/1127
f  1110/1110/1110 1127/1127/1127 1128/1128/1128
f  1110/1110/1110 1128/1128/1128 1129/1129/1129
f  1110/1110/1110 1129/1129/1129 1130/1130/1130
f  1110/1110/1110 1130/1130/1130 1131/1131/1131
f  1110/1110/1110 1131/1131/1131 1132/1132/1132
f  1110/1110/1110 1132/1132/1132 1133/1133/1133
f  1110/1110/1110 1133/1133/1133 1134/1134/1134
f  1110/1110/1110 1134/1134/1134 1135/1135/1135
f  1110/1110/1110 1135/1135/1135 1136/1136/1136
f  1110/1110/1110 1136/1136/1136 1137/1137/1137
f  1110/1110/1110 1137/1137/1137 1138/1138/1138
f  1110/1110/1110 1138/1138/1138 1139/1139/1139
f  1110/1110/1110 1139/1139/1139 1140/1140/1140
f  1141/1141/1141 1110/1110/1110 1140/1140/1140
f  1142/1142/1142 1143/1143/1143 1144/1144/1144
f  1143/1143/1143 1142/1142/1142 1145/1145/1145
f  1146/1146/1146 1145/1145/1145 1142/1142/1142
f  1142/1142/1142 1147/1147/1147 1146/1146/1146
f  1148/1148/1148 1146/1146/1146 1147/1147/1147
f  1149/1149/1149 1148/1148/1148 1147/1147/1147
f  1150/1150/1150 1151/1151/1151 1152/1152/1152
f  1150/1150/1150 1152/1152/1152 1153/1153/1153
f  1153/1153/1153 1154/1154/1154 1150/1150/1150
f  1155/1155/1155 1151/1151/1151 1150/1150/1150
f  1156/1156/1156 1155/1155/1155 1150/1150/1150
f  1150/1150/1150 1154/1154/1154 1156/1156/1156
f  1151/1151/1151 1155/1155/1155 1157/1157/1157
f  1158/1158/1158 1157/1157/1157 1155/1155/1155
f  1158/1158/1158 1155/1155/1155 1156/1156/1156
f  1158/1158/1158 1156/1156/1156 1159/1159/1159
f  953/953/953 950/950/950 1160/1160/1160
f  1161/1161/1161 1160/1160/1160 950/950/950
f  952/952/952 1161/1161/1161 950/950/950
f  1161/1161/1161 952/952/952 1162/1162/1162
f  1163/1163/1163 953/953/953 1160/1160/1160
f  1160/1160/1160 1161/1161/1161 1164/1164/1164
f  1165/1165/1165 1164/1164/1164 1161/1161/1161
f  1165/1165/1165 1161/1161/1161 1162/1162/1162
f  1164/1164/1164 1166/1166/1166 1160/1160/1160
f  1167/1167/1167 1160/1160/1160 1166/1166/1166
f  1167/1167/1167 1163/1163/1163 1160/1160/1160
f  1165/1165/1165 1162/1162/1162 1168/1168/1168
f  1166/1166/1166 1164/1164/1164 1169/1169/1169
f  1170/1170/1170 1169/1169/1169 1164/1164/1164
f  1164/1164/1164 1165/1165/1165 1170/1170/1170
f  1171/1171/1171 1165/1165/1165 1168/1168/1168
f  1171/1171/1171 1170/1170/1170 1165/1165/1165
f  1172/1172/1172 1167/1167/1167 1166/1166/1166
f  1171/1171/1171 1168/1168/1168 1173/1173/1173
f  1170/1170/1170 1171/1171/1171 1174/1174/1174
f  1169/1169/1169 1170/1170/1170 1175/1175/1175
f  1174/1174/1174 1175/1175/1175 1170/1170/1170
f  1176/1176/1176 1171/1171/1171 1173/1173/1173
f  1176/1176/1176 1174/1174/1174 1171/1171/1171
f  1177/1177/1177 1166/1166/1166 1169/1169/1169
f  1169/1169/1169 1178/1178/1178 1177/1177/1177
f  1178/1178/1178 1169/1169/1169 1175/1175/1175
f  1166/1166/1166 1179/1179/1179 1172/1172/1172
f  1173/1173/1173 1180/1180/1180 1176/1176/1176
f  1175/1175/1175 1174/1174/1174 1181/1181/1181
f  1182/1182/1182 1181/1181/1181 1174/1174/1174
f  1176/1176/1176 1182/1182/1182 1174/1174/1174
f  1183/1183/1183 1175/1175/1175 1181/1181/1181
f  1175/1175/1175 1183/1183/1183 1178/1178/1178
f  1184/1184/1184 1176/1176/1176 1180/1180/1180
f  1176/1176/1176 1185/1185/1185 1182/1182/1182
f  1185/1185/1185 1176/1176/1176 1184/1184/1184
f  1181/1181/1181 1182/1182/1182 1186/1186/1186
f  1185/1185/1185 1186/1186/1186 1182/1182/1182
f  1187/1187/1187 1181/1181/1181 1186/1186/1186
f  1181/1181/1181 1187/1187/1187 1183/1183/1183
f  1188/1188/1188 1178/1178/1178 1183/1183/1183
f  1178/1178/1178 1188/1188/1188 1189/1189/1189
f  1189/1189/1189 1177/1177/1177 1178/1178/1178
f  1183/1183/1183 1190/1190/1190 1188/1188/1188
f  1190/1190/1190 1183/1183/1183 1187/1187/1187
f  1180/1180/1180 1191/1191/1191 1184/1184/1184
f  1191/1191/1191 1185/1185/1185 1184/1184/1184
f  1191/1191/1191 1180/1180/1180 1192/1192/1192
f  1193/1193/1193 1190/1190/1190 1187/1187/1187
f  1186/1186/1186 1193/1193/1193 1187/1187/1187
f  1186/1186/1186 1185/1185/1185 1194/1194/1194
f  1186/1186/1186 1194/1194/1194 1193/1193/1193
f  1191/1191/1191 1195/1195/1195 1185/1185/1185
f  1195/1195/1195 1194/1194/1194 1185/1185/1185
f  1196/1196/1196 1189/1189/1189 1188/1188/1188
f  1188/1188/1188 1197/1197/1197 1196/1196/1196
f  1197/1197/1197 1188/1188/1188 1190/1190/1190
f  1194/1194/1194 1195/1195/1195 1198/1198/1198
f  1198/1198/1198 1193/1193/1193 1194/1194/1194
f  1190/1190/1190 1193/1193/1193 1199/1199/1199
f  1200/1200/1200 1190/1190/1190 1199/1199/1199
f  1190/1190/1190 1200/1200/1200 1197/1197/1197
f  1193/1193/1193 1201/1201/1201 1199/1199/1199
f  1193/1193/1193 1198/1198/1198 1201/1201/1201
f  1191/1191/1191 1192/1192/1192 1202/1202/1202
f  1203/1203/1203 1191/1191/1191 1202/1202/1202
f  1203/1203/1203 1195/1195/1195 1191/1191/1191
f  1203/1203/1203 1204/1204/1204 1195/1195/1195
f  1195/1195/1195 1205/1205/1205 1198/1198/1198
f  1205/1205/1205 1195/1195/1195 1204/1204/1204
f  1206/1206/1206 1198/1198/1198 1205/1205/1205
f  1198/1198/1198 1206/1206/1206 1201/1201/1201
f  1201/1201/1201 1206/1206/1206 1207/1207/1207
f  1199/1199/1199 1201/1201/1201 1207/1207/1207
f  1208/1208/1208 1199/1199/1199 1207/1207/1207
f  1199/1199/1199 1208/1208/1208 1200/1200/1200
f  1207/1207/1207 1206/1206/1206 1209/1209/1209
f  1208/1208/1208 1207/1207/1207 1209/1209/1209
f  1210/1210/1210 1209/1209/1209 1206/1206/1206
f  1205/1205/1205 1210/1210/1210 1206/1206/1206
f  1204/1204/1204 1211/1211/1211 1205/1205/1205
f  1210/1210/1210 1205/1205/1205 1211/1211/1211
f  1203/1203/1203 1212/1212/1212 1204/1204/1204
f  1211/1211/1211 1204/1204/1204 1212/1212/1212
f  1213/1213/1213 1203/1203/1203 1202/1202/1202
f  1203/1203/1203 1213/1213/1213 1214/1214/1214
f  1212/1212/1212 1203/1203/1203 1214/1214/1214
f  1215/1215/1215 1208/1208/1208 1209/1209/1209
f  1209/1209/1209 1210/1210/1210 1216/1216/1216
f  1216/1216/1216 1215/1215/1215 1209/1209/1209
f  1217/1217/1217 1216/1216/1216 1210/1210/1210
f  1211/1211/1211 1217/1217/1217 1210/1210/1210
f  1212/1212/1212 1218/1218/1218 1211/1211/1211
f  1217/1217/1217 1211/1211/1211 1218/1218/1218
f  1214/1214/1214 1219/1219/1219 1212/1212/1212
f  1218/1218/1218 1212/1212/1212 1220/1220/1220
f  1212/1212/1212 1219/1219/1219 1220/1220/1220
f  1214/1214/1214 1221/1221/1221 1219/1219/1219
f  1221/1221/1221 1214/1214/1214 1213/1213/1213
f  1215/1215/1215 1216/1216/1216 1222/1222/1222
f  1216/1216/1216 1217/1217/1217 1223/1223/1223
f  1223/1223/1223 1222/1222/1222 1216/1216/1216
f  1217/1217/1217 1224/1224/1224 1223/1223/1223
f  1218/1218/1218 1225/1225/1225 1217/1217/1217
f  1224/1224/1224 1217/1217/1217 1225/1225/1225
f  1220/1220/1220 1226/1226/1226 1218/1218/1218
f  1225/1225/1225 1218/1218/1218 1226/1226/1226
f  1219/1219/1219 1227/1227/1227 1220/1220/1220
f  1226/1226/1226 1220/1220/1220 1227/1227/1227
f  1224/1224/1224 1228/1228/1228 1223/1223/1223
f  1222/1222/1222 1223/1223/1223 1228/1228/1228
f  1229/1229/1229 1219/1219/1219 1221/1221/1221
f  1227/1227/1227 1219/1219/1219 1230/1230/1230
f  1219/1219/1219 1229/1229/1229 1230/1230/1230
f  1229/1229/1229 1231/1231/1231 1230/1230/1230
f  1231/1231/1231 1227/1227/1227 1230/1230/1230
f  1227/1227/1227 1231/1231/1231 1232/1232/1232
f  1227/1227/1227 1232/1232/1232 1226/1226/1226
f  1226/1226/1226 1232/1232/1232 1233/1233/1233
f  1226/1226/1226 1233/1233/1233 1225/1225/1225
f  1225/1225/1225 1234/1234/1234 1224/1224/1224
f  1225/1225/1225 1233/1233/1233 1235/1235/1235
f  1234/1234/1234 1225/1225/1225 1235/1235/1235
f  1236/1236/1236 1224/1224/1224 1234/1234/1234
f  1224/1224/1224 1236/1236/1236 1237/1237/1237
f  1228/1228/1228 1224/1224/1224 1237/1237/1237
f  1231/1231/1231 1238/1238/1238 1232/1232/1232
f  1232/1232/1232 1238/1238/1238 1233/1233/1233
f  1233/1233/1233 1238/1238/1238 1239/1239/1239
f  1239/1239/1239 1235/1235/1235 1233/1233/1233
f  1235/1235/1235 1240/1240/1240 1234/1234/1234
f  1234/1234/1234 1240/1240/1240 1236/1236/1236
f  1231/1231/1231 1229/1229/1229 1241/1241/1241
f  1241/1241/1241 1242/1242/1242 1231/1231/1231
f  1238/1238/1238 1231/1231/1231 1242/1242/1242
f  1240/1240/1240 1235/1235/1235 1243/1243/1243
f  1235/1235/1235 1239/1239/1239 1243/1243/1243
f  1236/1236/1236 1240/1240/1240 1244/1244/1244
f  1245/1245/1245 1240/1240/1240 1243/1243/1243
f  1239/1239/1239 1245/1245/1245 1243/1243/1243
f  1238/1238/1238 1246/1246/1246 1239/1239/1239
f  1245/1245/1245 1239/1239/1239 1246/1246/1246
f  1247/1247/1247 1238/1238/1238 1242/1242/1242
f  1238/1238/1238 1247/1247/1247 1248/1248/1248
f  1246/1246/1246 1238/1238/1238 1248/1248/1248
f  1240/1240/1240 1245/1245/1245 1249/1249/1249
f  1250/1250/1250 1240/1240/1240 1249/1249/1249
f  1240/1240/1240 1250/1250/1250 1244/1244/1244
f  1251/1251/1251 1249/1249/1249 1245/1245/1245
f  1246/1246/1246 1251/1251/1251 1245/1245/1245
f  1248/1248/1248 1252/1252/1252 1246/1246/1246
f  1251/1251/1251 1246/1246/1246 1252/1252/1252
f  1242/1242/1242 1241/1241/1241 1253/1253/1253
f  1242/1242/1242 1254/1254/1254 1247/1247/1247
f  1254/1254/1254 1242/1242/1242 1253/1253/1253
f  1247/1247/1247 1255/1255/1255 1248/1248/1248
f  1252/1252/1252 1248/1248/1248 1255/1255/1255
f  1249/1249/1249 1251/1251/1251 1256/1256/1256
f  1256/1256/1256 1250/1250/1250 1249/1249/1249
f  1257/1257/1257 1247/1247/1247 1254/1254/1254
f  1247/1247/1247 1257/1257/1257 1258/1258/1258
f  1255/1255/1255 1247/1247/1247 1258/1258/1258
f  1250/1250/1250 1256/1256/1256 1259/1259/1259
f  1260/1260/1260 1256/1256/1256 1251/1251/1251
f  1251/1251/1251 1261/1261/1261 1260/1260/1260
f  1261/1261/1261 1251/1251/1251 1252/1252/1252
f  1262/1262/1262 1252/1252/1252 1255/1255/1255
f  1252/1252/1252 1262/1262/1262 1261/1261/1261
f  1255/1255/1255 1263/1263/1263 1262/1262/1262
f  1263/1263/1263 1255/1255/1255 1258/1258/1258
f  1257/1257/1257 1263/1263/1263 1258/1258/1258
f  1256/1256/1256 1260/1260/1260 1264/1264/1264
f  1265/1265/1265 1256/1256/1256 1264/1264/1264
f  1256/1256/1256 1265/1265/1265 1259/1259/1259
f  1263/1263/1263 1266/1266/1266 1262/1262/1262
f  1266/1266/1266 1261/1261/1261 1262/1262/1262
f  1261/1261/1261 1266/1266/1266 1267/1267/1267
f  1267/1267/1267 1260/1260/1260 1261/1261/1261
f  1263/1263/1263 1257/1257/1257 1268/1268/1268
f  1269/1269/1269 1263/1263/1263 1268/1268/1268
f  1266/1266/1266 1263/1263/1263 1269/1269/1269
f  1260/1260/1260 1270/1270/1270 1264/1264/1264
f  1260/1260/1260 1267/1267/1267 1271/1271/1271
f  1270/1270/1270 1260/1260/1260 1271/1271/1271
f  1272/1272/1272 1265/1265/1265 1264/1264/1264
f  1272/1272/1272 1264/1264/1264 1270/1270/1270
f  1273/1273/1273 1266/1266/1266 1269/1269/1269
f  1274/1274/1274 1267/1267/1267 1266/1266/1266
f  1266/1266/1266 1273/1273/1273 1274/1274/1274
f  1267/1267/1267 1274/1274/1274 1275/1275/1275
f  1275/1275/1275 1271/1271/1271 1267/1267/1267
f  1269/1269/1269 1268/1268/1268 1276/1276/1276
f  1273/1273/1273 1269/1269/1269 1276/1276/1276
f  1277/1277/1277 1274/1274/1274 1273/1273/1273
f  1277/1277/1277 1275/1275/1275 1274/1274/1274
f  1271/1271/1271 1278/1278/1278 1270/1270/1270
f  1279/1279/1279 1270/1270/1270 1278/1278/1278
f  1279/1279/1279 1272/1272/1272 1270/1270/1270
f  1278/1278/1278 1271/1271/1271 1280/1280/1280
f  1271/1271/1271 1275/1275/1275 1280/1280/1280
f  1275/1275/1275 1277/1277/1277 1281/1281/1281
f  1281/1281/1281 1280/1280/1280 1275/1275/1275
f  1273/1273/1273 1276/1276/1276 1282/1282/1282
f  1283/1283/1283 1277/1277/1277 1273/1273/1273
f  1283/1283/1283 1273/1273/1273 1282/1282/1282
f  1284/1284/1284 1277/1277/1277 1283/1283/1283
f  1285/1285/1285 1277/1277/1277 1284/1284/1284
f  1285/1285/1285 1281/1281/1281 1277/1277/1277
f  1280/1280/1280 1286/1286/1286 1278/1278/1278
f  1287/1287/1287 1279/1279/1279 1278/1278/1278
f  1278/1278/1278 1286/1286/1286 1287/1287/1287
f  1286/1286/1286 1280/1280/1280 1288/1288/1288
f  1280/1280/1280 1281/1281/1281 1288/1288/1288
f  1289/1289/1289 1288/1288/1288 1281/1281/1281
f  1289/1289/1289 1281/1281/1281 1285/1285/1285
f  1290/1290/1290 1285/1285/1285 1284/1284/1284
f  1285/1285/1285 1290/1290/1290 1289/1289/1289
f  1288/1288/1288 1291/1291/1291 1286/1286/1286
f  1291/1291/1291 1287/1287/1287 1286/1286/1286
f  1291/1291/1291 1288/1288/1288 1289/1289/1289
f  1282/1282/1282 1292/1292/1292 1283/1283/1283
f  1293/1293/1293 1283/1283/1283 1292/1292/1292
f  1294/1294/1294 1284/1284/1284 1283/1283/1283
f  1283/1283/1283 1293/1293/1293 1294/1294/1294
f  1295/1295/1295 1284/1284/1284 1294/1294/1294
f  1290/1290/1290 1284/1284/1284 1296/1296/1296
f  1284/1284/1284 1295/1295/1295 1296/1296/1296
f  1293/1293/1293 1295/1295/1295 1294/1294/1294
f  1287/1287/1287 1291/1291/1291 1297/1297/1297
f  1289/1289/1289 1298/1298/1298 1291/1291/1291
f  1298/1298/1298 1297/1297/1297 1291/1291/1291
f  1298/1298/1298 1289/1289/1289 1299/1299/1299
f  1299/1299/1299 1289/1289/1289 1290/1290/1290
f  1300/1300/1300 1299/1299/1299 1290/1290/1290
f  1290/1290/1290 1296/1296/1296 1300/1300/1300
f  1301/1301/1301 1296/1296/1296 1295/1295/1295
f  1300/1300/1300 1296/1296/1296 1301/1301/1301
f  1293/1293/1293 1302/1302/1302 1295/1295/1295
f  1302/1302/1302 1303/1303/1303 1295/1295/1295
f  1303/1303/1303 1301/1301/1301 1295/1295/1295
f  1299/1299/1299 1300/1300/1300 1304/1304/1304
f  1304/1304/1304 1298/1298/1298 1299/1299/1299
f  1305/1305/1305 1300/1300/1300 1301/1301/1301
f  1305/1305/1305 1304/1304/1304 1300/1300/1300
f  1306/1306/1306 1301/1301/1301 1303/1303/1303
f  1305/1305/1305 1301/1301/1301 1306/1306/1306
f  1297/1297/1297 1298/1298/1298 1307/1307/1307
f  1298/1298/1298 1304/1304/1304 1308/1308/1308
f  1308/1308/1308 1307/1307/1307 1298/1298/1298
f  1309/1309/1309 1308/1308/1308 1304/1304/1304
f  1304/1304/1304 1305/1305/1305 1309/1309/1309
f  1310/1310/1310 1305/1305/1305 1306/1306/1306
f  1310/1310/1310 1309/1309/1309 1305/1305/1305
f  1302/1302/1302 1311/1311/1311 1303/1303/1303
f  1312/1312/1312 1303/1303/1303 1311/1311/1311
f  1159/1159/1159 1156/1156/1156 1154/1154/1154
f  1154/1154/1154 1153/1153/1153 1313/1313/1313
f  1314/1314/1314 1154/1154/1154 1313/1313/1313
f  1154/1154/1154 1314/1314/1314 1159/1159/1159
f  1158/1158/1158 1159/1159/1159 1315/1315/1315
f  1314/1314/1314 1315/1315/1315 1159/1159/1159
f  1314/1314/1314 1313/1313/1313 1316/1316/1316
f  1314/1314/1314 1316/1316/1316 1317/1317/1317
f  1315/1315/1315 1314/1314/1314 1317/1317/1317
f  1158/1158/1158 1315/1315/1315 1318/1318/1318
f  1317/1317/1317 1318/1318/1318 1315/1315/1315
f  1317/1317/1317 1316/1316/1316 1319/1319/1319
f  1317/1317/1317 1319/1319/1319 1320/1320/1320
f  1318/1318/1318 1317/1317/1317 1320/1320/1320
f  1158/1158/1158 1318/1318/1318 1321/1321/1321
f  1321/1321/1321 1318/1318/1318 1320/1320/1320
f  1320/1320/1320 1319/1319/1319 1322/1322/1322
f  1320/1320/1320 1322/1322/1322 1323/1323/1323
f  1320/1320/1320 1323/1323/1323 1321/1321/1321
f  1158/1158/1158 1321/1321/1321 1324/1324/1324
f  1323/1323/1323 1324/1324/1324 1321/1321/1321
f  1323/1323/1323 1322/1322/1322 1325/1325/1325
f  1325/1325/1325 1326/1326/1326 1323/1323/1323
f  1324/1324/1324 1323/1323/1323 1326/1326/1326
f  1326/1326/1326 1325/1325/1325 1327/1327/1327
f  1327/1327/1327 1328/1328/1328 1326/1326/1326
f  1326/1326/1326 1329/1329/1329 1324/1324/1324
f  1329/1329/1329 1326/1326/1326 1328/1328/1328
f  1158/1158/1158 1324/1324/1324 1329/1329/1329
f  1328/1328/1328 1327/1327/1327 1330/1330/1330
f  1330/1330/1330 1331/1331/1331 1328/1328/1328
f  1331/1331/1331 1329/1329/1329 1328/1328/1328
f  1158/1158/1158 1329/1329/1329 1332/1332/1332
f  1329/1329/1329 1331/1331/1331 1332/1332/1332
f  1331/1331/1331 1330/1330/1330 1333/1333/1333
f  1333/1333/1333 1334/1334/1334 1331/1331/1331
f  1334/1334/1334 1332/1332/1332 1331/1331/1331
f  1158/1158/1158 1332/1332/1332 1335/1335/1335
f  1332/1332/1332 1334/1334/1334 1335/1335/1335
f  1334/1334/1334 1333/1333/1333 1336/1336/1336
f  1336/1336/1336 1337/1337/1337 1334/1334/1334
f  1334/1334/1334 1337/1337/1337 1335/1335/1335
f  1158/1158/1158 1335/1335/1335 1338/1338/1338
f  1335/1335/1335 1337/1337/1337 1338/1338/1338
f  1337/1337/1337 1336/1336/1336 1339/1339/1339
f  1339/1339/1339 1340/1340/1340 1337/1337/1337
f  1337/1337/1337 1340/1340/1340 1338/1338/1338
f  1158/1158/1158 1338/1338/1338 1341/1341/1341
f  1338/1338/1338 1340/1340/1340 1341/1341/1341
f  1340/1340/1340 1339/1339/1339 1342/1342/1342
f  1342/1342/1342 1343/1343/1343 1340/1340/1340
f  1343/1343/1343 1341/1341/1341 1340/1340/1340
f  1343/1343/1343 1342/1342/1342 1344/1344/1344
f  1344/1344/1344 1345/1345/1345 1343/1343/1343
f  1345/1345/1345 1346/1346/1346 1343/1343/1343
f  1341/1341/1341 1343/1343/1343 1346/1346/1346
f  1158/1158/1158 1341/1341/1341 1346/1346/1346
f  1158/1158/1158 1346/1346/1346 1347/1347/1347
f  1346/1346/1346 1345/1345/1345 1347/1347/1347
f  1345/1345/1345 1344/1344/1344 1348/1348/1348
f  1348/1348/1348 1349/1349/1349 1345/1345/1345
f  1349/1349/1349 1347/1347/1347 1345/1345/1345
f  1158/1158/1158 1347/1347/1347 1350/1350/1350
f  1347/1347/1347 1349/1349/1349 1350/1350/1350
f  1158/1158/1158 1350/1350/1350 1351/1351/1351
f  1349/1349/1349 1351/1351/1351 1350/1350/1350
f  1349/1349/1349 1348/1348/1348 1352/1352/1352
f  1352/1352/1352 1353/1353/1353 1349/1349/1349
f  1351/1351/1351 1349/1349/1349 1353/1353/1353
f  1158/1158/1158 1351/1351/1351 1354/1354/1354
f  1353/1353/1353 1354/1354/1354 1351/1351/1351
f  1353/1353/1353 1352/1352/1352 1355/1355/1355
f  1355/1355/1355 1356/1356/1356 1353/1353/1353
f  1354/1354/1354 1353/1353/1353 1356/1356/1356
f  1158/1158/1158 1354/1354/1354 1357/1357/1357
f  1356/1356/1356 1357/1357/1357 1354/1354/1354
f  1356/1356/1356 1355/1355/1355 1358/1358/1358
f  1358/1358/1358 1359/1359/1359 1356/1356/1356
f  1357/1357/1357 1356/1356/1356 1359/1359/1359
f  1158/1158/1158 1357/1357/1357 1360/1360/1360
f  1359/1359/1359 1360/1360/1360 1357/1357/1357
f  1359/1359/1359 1358/1358/1358 1361/1361/1361
f  1361/1361/1361 1362/1362/1362 1359/1359/1359
f  1360/1360/1360 1359/1359/1359 1362/1362/1362
f  1362/1362/1362 1361/1361/1361 1363/1363/1363
f  1363/1363/1363 1364/1364/1364 1362/1362/1362
f  1362/1362/1362 1365/1365/1365 1360/1360/1360
f  1365/1365/1365 1362/1362/1362 1364/1364/1364
f  1158/1158/1158 1360/1360/1360 1365/1365/1365
f  1158/1158/1158 1365/1365/1365 1366/1366/1366
f  1364/1364/1364 1366/1366/1366 1365/1365/1365
f  1364/1364/1364 1363/1363/1363 1367/1367/1367
f  1367/1367/1367 1368/1368/1368 1364/1364/1364
f  1366/1366/1366 1364/1364/1364 1368/1368/1368
f  1158/1158/1158 1366/1366/1366 1369/1369/1369
f  1368/1368/1368 1369/1369/1369 1366/1366/1366
f  1368/1368/1368 1367/1367/1367 1370/1370/1370
f  1370/1370/1370 1371/1371/1371 1368/1368/1368
f  1369/1369/1369 1368/1368/1368 1371/1371/1371
f  1158/1158/1158 1369/1369/1369 1372/1372/1372
f  1371/1371/1371 1373/1373/1373 1369/1369/1369
f  1372/1372/1372 1369/1369/1369 1373/1373/1373
f  1374/1374/1374 1373/1373/1373 1371/1371/1371
f  1371/1371/1371 1370/1370/1370 1374/1374/1374
f  1158/1158/1158 1372/1372/1372 1375/1375/1375
f  1373/1373/1373 1376/1376/1376 1372/1372/1372
f  1375/1375/1375 1372/1372/1372 1376/1376/1376
f  1377/1377/1377 1376/1376/1376 1373/1373/1373
f  1373/1373/1373 1374/1374/1374 1377/1377/1377
f  1158/1158/1158 1375/1375/1375 1378/1378/1378
f  1376/1376/1376 1379/1379/1379 1375/1375/1375
f  1378/1378/1378 1375/1375/1375 1379/1379/1379
f  1380/1380/1380 1379/1379/1379 1376/1376/1376
f  1377/1377/1377 1380/1380/1380 1376/1376/1376
f  1380/1380/1380 1381/1381/1381 1379/1379/1379
f  1381/1381/1381 1382/1382/1382 1379/1379/1379
f  1382/1382/1382 1378/1378/1378 1379/1379/1379
f  1381/1381/1381 1383/1383/1383 1382/1382/1382
f  1383/1383/1383 1384/1384/1384 1382/1382/1382
f  1384/1384/1384 1385/1385/1385 1382/1382/1382
f  1385/1385/1385 1378/1378/1378 1382/1382/1382
f  1158/1158/1158 1378/1378/1378 1385/1385/1385
f  1158/1158/1158 1385/1385/1385 1386/1386/1386
f  1386/1386/1386 1385/1385/1385 1384/1384/1384
f  1383/1383/1383 1387/1387/1387 1384/1384/1384
f  1387/1387/1387 1388/1388/1388 1384/1384/1384
f  1388/1388/1388 1386/1386/1386 1384/1384/1384
f  1158/1158/1158 1386/1386/1386 1389/1389/1389
f  1386/1386/1386 1388/1388/1388 1389/1389/1389
f  1387/1387/1387 1390/1390/1390 1388/1388/1388
f  1390/1390/1390 1391/1391/1391 1388/1388/1388
f  1391/1391/1391 1389/1389/1389 1388/1388/1388
f  1158/1158/1158 1389/1389/1389 1392/1392/1392
f  1389/1389/1389 1391/1391/1391 1392/1392/1392
f  1393/1393/1393 1158/1158/1158 1392/1392/1392
f  1392/1392/1392 1394/1394/1394 1393/1393/1393
f  1394/1394/1394 1392/1392/1392 1391/1391/1391
f  1390/1390/1390 1395/1395/1395 1391/1391/1391
f  1394/1394/1394 1391/1391/1391 1396/1396/1396
f  1395/1395/1395 1396/1396/1396 1391/1391/1391
f  1397/1397/1397 1398/1398/1398 1399/1399/1399
f  1399/1399/1399 1400/1400/1400 1397/1397/1397
f  1401/1401/1401 1398/1398/1398 1397/1397/1397
f  1397/1397/1397 1400/1400/1400 1402/1402/1402
f  1397/1397/1397 1403/1403/1403 1401/1401/1401
f  1402/1402/1402 1404/1404/1404 1397/1397/1397
f  1405/1405/1405 1403/1403/1403 1397/1397/1397
f  1397/1397/1397 1404/1404/1404 1406/1406/1406
f  1407/1407/1407 1405/1405/1405 1397/1397/1397
f  1406/1406/1406 1408/1408/1408 1397/1397/1397
f  1397/1397/1397 1408/1408/1408 1409/1409/1409
f  1409/1409/1409 1407/1407/1407 1397/1397/1397
f  1410/1410/1410 1411/1411/1411 1412/1412/1412
f  1413/1413/1413 1410/1410/1410 1412/1412/1412
f  1411/1411/1411 1410/1410/1410 1414/1414/1414
f  1410/1410/1410 1413/1413/1413 1415/1415/1415
f  1410/1410/1410 1416/1416/1416 1414/1414/1414
f  1417/1417/1417 1410/1410/1410 1415/1415/1415
f  1416/1416/1416 1410/1410/1410 1418/1418/1418
f  1419/1419/1419 1410/1410/1410 1417/1417/1417
f  1410/1410/1410 1420/1420/1420 1418/1418/1418
f  1420/1420/1420 1410/1410/1410 1421/1421/1421
f  1422/1422/1422 1410/1410/1410 1419/1419/1419
f  1410/1410/1410 1422/1422/1422 1421/1421/1421
f  1423/1423/1423 1424/1424/1424 1425/1425/1425
f  1423/1423/1423 1425/1425/1425 1426/1426/1426
f  1424/1424/1424 1427/1427/1427 1425/1425/1425
f  1424/1424/1424 1428/1428/1428 1427/1427/1427
f  1429/1429/1429 1426/1426/1426 1425/1425/1425
f  1430/1430/1430 1425/1425/1425 1427/1427/1427
f  1425/1425/1425 1430/1430/1430 1429/1429/1429
f  1426/1426/1426 1429/1429/1429 1431/1431/1431
f  1432/1432/1432 1431/1431/1431 1429/1429/1429
f  1432/1432/1432 1429/1429/1429 1430/1430/1430
f  1432/1432/1432 1430/1430/1430 1433/1433/1433
f  1427/1427/1427 1433/1433/1433 1430/1430/1430
f  1428/1428/1428 1434/1434/1434 1427/1427/1427
f  1433/1433/1433 1427/1427/1427 1434/1434/1434
f  1432/1432/1432 1433/1433/1433 1435/1435/1435
f  1434/1434/1434 1435/1435/1435 1433/1433/1433
f  1428/1428/1428 1436/1436/1436 1434/1434/1434
f  1436/1436/1436 1437/1437/1437 1434/1434/1434
f  1435/1435/1435 1434/1434/1434 1437/1437/1437
f  1432/1432/1432 1435/1435/1435 1438/1438/1438
f  1438/1438/1438 1435/1435/1435 1437/1437/1437
f  1436/1436/1436 1439/1439/1439 1437/1437/1437
f  1439/1439/1439 1440/1440/1440 1437/1437/1437
f  1437/1437/1437 1440/1440/1440 1438/1438/1438
f  1432/1432/1432 1438/1438/1438 1441/1441/1441
f  1440/1440/1440 1441/1441/1441 1438/1438/1438
f  1439/1439/1439 1442/1442/1442 1440/1440/1440
f  1442/1442/1442 1443/1443/1443 1440/1440/1440
f  1440/1440/1440 1443/1443/1443 1441/1441/1441
f  1432/1432/1432 1441/1441/1441 1444/1444/1444
f  1443/1443/1443 1444/1444/1444 1441/1441/1441
f  1442/1442/1442 1445/1445/1445 1443/1443/1443
f  1445/1445/1445 1446/1446/1446 1443/1443/1443
f  1444/1444/1444 1443/1443/1443 1446/1446/1446
f  1445/1445/1445 1447/1447/1447 1446/1446/1446
f  1448/1448/1448 1446/1446/1446 1447/1447/1447
f  1446/1446/1446 1449/1449/1449 1444/1444/1444
f  1449/1449/1449 1446/1446/1446 1448/1448/1448
f  1432/1432/1432 1444/1444/1444 1449/1449/1449
f  1450/1450/1450 1448/1448/1448 1447/1447/1447
f  1451/1451/1451 1448/1448/1448 1450/1450/1450
f  1448/1448/1448 1451/1451/1451 1449/1449/1449
f  1432/1432/1432 1449/1449/1449 1452/1452/1452
f  1452/1452/1452 1449/1449/1449 1451/1451/1451
f  1453/1453/1453 1451/1451/1451 1450/1450/1450
f  1454/1454/1454 1451/1451/1451 1453/1453/1453
f  1454/1454/1454 1452/1452/1452 1451/1451/1451
f  1432/1432/1432 1452/1452/1452 1455/1455/1455
f  1452/1452/1452 1454/1454/1454 1455/1455/1455
f  1453/1453/1453 1456/1456/1456 1454/1454/1454
f  1457/1457/1457 1454/1454/1454 1456/1456/1456
f  1454/1454/1454 1457/1457/1457 1455/1455/1455
f  1432/1432/1432 1455/1455/1455 1458/1458/1458
f  1458/1458/1458 1455/1455/1455 1457/1457/1457
f  1456/1456/1456 1459/1459/1459 1457/1457/1457
f  1460/1460/1460 1457/1457/1457 1459/1459/1459
f  1457/1457/1457 1460/1460/1460 1458/1458/1458
f  1432/1432/1432 1458/1458/1458 1461/1461/1461
f  1461/1461/1461 1458/1458/1458 1460/1460/1460
f  1459/1459/1459 1462/1462/1462 1460/1460/1460
f  1463/1463/1463 1460/1460/1460 1462/1462/1462
f  1463/1463/1463 1461/1461/1461 1460/1460/1460
f  1462/1462/1462 1464/1464/1464 1463/1463/1463
f  1465/1465/1465 1463/1463/1463 1464/1464/1464
f  1465/1465/1465 1466/1466/1466 1463/1463/1463
f  1461/1461/1461 1463/1463/1463 1466/1466/1466
f  1432/1432/1432 1461/1461/1461 1466/1466/1466
f  1432/1432/1432 1466/1466/1466 1467/1467/1467
f  1466/1466/1466 1465/1465/1465 1467/1467/1467
f  1464/1464/1464 1468/1468/1468 1465/1465/1465
f  1469/1469/1469 1465/1465/1465 1468/1468/1468
f  1469/1469/1469 1467/1467/1467 1465/1465/1465
f  1432/1432/1432 1467/1467/1467 1470/1470/1470
f  1467/1467/1467 1469/1469/1469 1470/1470/1470
f  1432/1432/1432 1470/1470/1470 1471/1471/1471
f  1471/1471/1471 1470/1470/1470 1469/1469/1469
f  1468/1468/1468 1472/1472/1472 1469/1469/1469
f  1473/1473/1473 1469/1469/1469 1472/1472/1472
f  1469/1469/1469 1473/1473/1473 1471/1471/1471
f  1432/1432/1432 1471/1471/1471 1474/1474/1474
f  1474/1474/1474 1471/1471/1471 1473/1473/1473
f  1472/1472/1472 1475/1475/1475 1473/1473/1473
f  1476/1476/1476 1473/1473/1473 1475/1475/1475
f  1473/1473/1473 1476/1476/1476 1474/1474/1474
f  1432/1432/1432 1474/1474/1474 1477/1477/1477
f  1476/1476/1476 1477/1477/1477 1474/1474/1474
f  1475/1475/1475 1478/1478/1478 1476/1476/1476
f  1479/1479/1479 1476/1476/1476 1478/1478/1478
f  1477/1477/1477 1476/1476/1476 1479/1479/1479
f  1432/1432/1432 1477/1477/1477 1480/1480/1480
f  1479/1479/1479 1480/1480/1480 1477/1477/1477
f  1478/1478/1478 1481/1481/1481 1479/1479/1479
f  1306/1306/1306 1303/1303/1303 1312/1312/1312
f  1306/1306/1306 1312/1312/1312 1482/1482/1482
f  1310/1310/1310 1306/1306/1306 1482/1482/1482
f  1307/1307/1307 1308/1308/1308 1483/1483/1483
f  1308/1308/1308 1309/1309/1309 1484/1484/1484
f  1484/1484/1484 1483/1483/1483 1308/1308/1308
f  1485/1485/1485 1484/1484/1484 1309/1309/1309
f  1309/1309/1309 1310/1310/1310 1485/1485/1485
f  1486/1486/1486 1485/1485/1485 1310/1310/1310
f  1486/1486/1486 1310/1310/1310 1482/1482/1482
f  1311/1311/1311 1487/1487/1487 1312/1312/1312
f  1488/1488/1488 1312/1312/1312 1487/1487/1487
f  1482/1482/1482 1312/1312/1312 1488/1488/1488
f  1488/1488/1488 1489/1489/1489 1482/1482/1482
f  1486/1486/1486 1482/1482/1482 1489/1489/1489
f  1483/1483/1483 1484/1484/1484 1490/1490/1490
f  1484/1484/1484 1485/1485/1485 1491/1491/1491
f  1491/1491/1491 1490/1490/1490 1484/1484/1484
f  1485/1485/1485 1486/1486/1486 1492/1492/1492
f  1492/1492/1492 1491/1491/1491 1485/1485/1485
f  1487/1487/1487 1493/1493/1493 1488/1488/1488
f  1494/1494/1494 1488/1488/1488 1493/1493/1493
f  1489/1489/1489 1488/1488/1488 1494/1494/1494
f  1495/1495/1495 1486/1486/1486 1489/1489/1489
f  1492/1492/1492 1486/1486/1486 1496/1496/1496
f  1486/1486/1486 1497/1497/1497 1496/1496/1496
f  1497/1497/1497 1486/1486/1486 1495/1495/1495
f  1498/1498/1498 1489/1489/1489 1494/1494/1494
f  1499/1499/1499 1489/1489/1489 1498/1498/1498
f  1495/1495/1495 1489/1489/1489 1499/1499/1499
f  1490/1490/1490 1491/1491/1491 1500/1500/1500
f  1491/1491/1491 1492/1492/1492 1501/1501/1501
f  1501/1501/1501 1500/1500/1500 1491/1491/1491
f  1502/1502/1502 1501/1501/1501 1492/1492/1492
f  1502/1502/1502 1492/1492/1492 1503/1503/1503
f  1492/1492/1492 1496/1496/1496 1503/1503/1503
f  1504/1504/1504 1494/1494/1494 1493/1493/1493
f  1505/1505/1505 1494/1494/1494 1504/1504/1504
f  1506/1506/1506 1494/1494/1494 1505/1505/1505
f  1498/1498/1498 1494/1494/1494 1506/1506/1506
f  1500/1500/1500 1501/1501/1501 1507/1507/1507
f  1508/1508/1508 1507/1507/1507 1501/1501/1501
f  1509/1509/1509 1501/1501/1501 1502/1502/1502
f  1508/1508/1508 1501/1501/1501 1509/1509/1509
f  1505/1505/1505 1504/1504/1504 1510/1510/1510
f  1511/1511/1511 1507/1507/1507 1508/1508/1508
f  1189/1189/1189 1196/1196/1196 1512/1512/1512
f  1512/1512/1512 1513/1513/1513 1189/1189/1189
f  1177/1177/1177 1189/1189/1189 1513/1513/1513
f  1513/1513/1513 1512/1512/1512 1514/1514/1514
f  1513/1513/1513 1515/1515/1515 1177/1177/1177
f  1515/1515/1515 1513/1513/1513 1516/1516/1516
f  1514/1514/1514 1516/1516/1516 1513/1513/1513
f  1166/1166/1166 1177/1177/1177 1515/1515/1515
f  1516/1516/1516 1514/1514/1514 1517/1517/1517
f  1515/1515/1515 1179/1179/1179 1166/1166/1166
f  1518/1518/1518 1515/1515/1515 1516/1516/1516
f  1518/1518/1518 1519/1519/1519 1515/1515/1515
f  1515/1515/1515 1519/1519/1519 1179/1179/1179
f  1520/1520/1520 1516/1516/1516 1517/1517/1517
f  1521/1521/1521 1518/1518/1518 1516/1516/1516
f  1520/1520/1520 1521/1521/1521 1516/1516/1516
f  1522/1522/1522 1520/1520/1520 1517/1517/1517
f  1523/1523/1523 1524/1524/1524 1525/1525/1525
f  1526/1526/1526 1524/1524/1524 1523/1523/1523
f  1527/1527/1527 1524/1524/1524 1526/1526/1526
f  1528/1528/1528 1529/1529/1529 1530/1530/1530
f  1528/1528/1528 1531/1531/1531 1529/1529/1529
f  1528/1528/1528 1532/1532/1532 1531/1531/1531
f  1532/1532/1532 1528/1528/1528 1533/1533/1533
f  1534/1534/1534 1532/1532/1532 1533/1533/1533
f  1534/1534/1534 1535/1535/1535 1532/1532/1532
f  1536/1536/1536 1537/1537/1537 1538/1538/1538
f  1539/1539/1539 1536/1536/1536 1538/1538/1538
f  1540/1540/1540 1539/1539/1539 1538/1538/1538
f  1541/1541/1541 1542/1542/1542 1543/1543/1543
f  1542/1542/1542 1541/1541/1541 1544/1544/1544
f  1545/1545/1545 1546/1546/1546 1547/1547/1547
f  1545/1545/1545 1548/1548/1548 1546/1546/1546
f  1545/1545/1545 1549/1549/1549 1548/1548/1548
f  1549/1549/1549 1545/1545/1545 1550/1550/1550
f  1551/1551/1551 1552/1552/1552 1553/1553/1553
f  1551/1551/1551 1554/1554/1554 1552/1552/1552
f  1555/1555/1555 1554/1554/1554 1551/1551/1551
f  1555/1555/1555 1556/1556/1556 1554/1554/1554
f  1557/1557/1557 1558/1558/1558 1559/1559/1559
f  1560/1560/1560 1558/1558/1558 1557/1557/1557
f  1557/1557/1557 1561/1561/1561 1560/1560/1560
f  1561/1561/1561 1557/1557/1557 1562/1562/1562
f  1563/1563/1563 1564/1564/1564 1565/1565/1565
f  1564/1564/1564 1563/1563/1563 1566/1566/1566
f  1567/1567/1567 1568/1568/1568 1569/1569/1569
f  1567/1567/1567 1570/1570/1570 1568/1568/1568
f  1571/1571/1571 1568/1568/1568 1570/1570/1570
f  1568/1568/1568 1571/1571/1571 1572/1572/1572
f  1573/1573/1573 1574/1574/1574 1575/1575/1575
f  1573/1573/1573 1575/1575/1575 1576/1576/1576
f  1576/1576/1576 1577/1577/1577 1573/1573/1573
f  1577/1577/1577 1576/1576/1576 1578/1578/1578
f  1577/1577/1577 1578/1578/1578 1579/1579/1579
f  1580/1580/1580 1577/1577/1577 1579/1579/1579
f  1577/1577/1577 1580/1580/1580 1581/1581/1581
f  1581/1581/1581 1580/1580/1580 1582/1582/1582
f  1581/1581/1581 1582/1582/1582 1583/1583/1583
f  1581/1581/1581 1583/1583/1583 1584/1584/1584
f  1581/1581/1581 1584/1584/1584 1585/1585/1585
f  1586/1586/1586 1581/1581/1581 1585/1585/1585
f  1581/1581/1581 1586/1586/1586 1587/1587/1587
f  1587/1587/1587 1586/1586/1586 1588/1588/1588
f  1587/1587/1587 1588/1588/1588 1589/1589/1589
f  1590/1590/1590 1587/1587/1587 1589/1589/1589
f  1587/1587/1587 1590/1590/1590 1591/1591/1591
f  1591/1591/1591 1590/1590/1590 1592/1592/1592
f  1591/1591/1591 1592/1592/1592 1593/1593/1593
f  1594/1594/1594 1591/1591/1591 1593/1593/1593
f  1593/1593/1593 1595/1595/1595 1594/1594/1594
f  1596/1596/1596 1597/1597/1597 1598/1598/1598
f  1597/1597/1597 1596/1596/1596 1599/1599/1599
f  1600/1600/1600 1601/1601/1601 1602/1602/1602
f  1601/1601/1601 1600/1600/1600 1603/1603/1603
f  1604/1604/1604 1603/1603/1603 1600/1600/1600
f  1600/1600/1600 1605/1605/1605 1604/1604/1604
f  1606/1606/1606 1604/1604/1604 1605/1605/1605
f  1607/1607/1607 1606/1606/1606 1605/1605/1605
f  1608/1608/1608 1609/1609/1609 1610/1610/1610
f  1609/1609/1609 1608/1608/1608 1611/1611/1611
f  1612/1612/1612 1611/1611/1611 1608/1608/1608
f  1608/1608/1608 1613/1613/1613 1612/1612/1612
f  1612/1612/1612 1613/1613/1613 1614/1614/1614
f  1615/1615/1615 1614/1614/1614 1613/1613/1613
f  1616/1616/1616 1617/1617/1617 1618/1618/1618
f  1617/1617/1617 1616/1616/1616 1619/1619/1619
f  1616/1616/1616 1620/1620/1620 1619/1619/1619
f  1620/1620/1620 1616/1616/1616 1621/1621/1621
f  1620/1620/1620 1621/1621/1621 1622/1622/1622
f  1622/1622/1622 1621/1621/1621 1623/1623/1623
f  1624/1624/1624 1625/1625/1625 1626/1626/1626
f  1627/1627/1627 1625/1625/1625 1624/1624/1624
f  1628/1628/1628 1625/1625/1625 1627/1627/1627
f  1629/1629/1629 1630/1630/1630 1631/1631/1631
f  1630/1630/1630 1629/1629/1629 1632/1632/1632
f  1633/1633/1633 1634/1634/1634 1635/1635/1635
f  1636/1636/1636 1633/1633/1633 1635/1635/1635
f  1637/1637/1637 1636/1636/1636 1635/1635/1635
f  1638/1638/1638 1639/1639/1639 1640/1640/1640
f  1638/1638/1638 1641/1641/1641 1639/1639/1639
f  1641/1641/1641 1642/1642/1642 1639/1639/1639
f  1638/1638/1638 1643/1643/1643 1641/1641/1641
f  1643/1643/1643 1638/1638/1638 1644/1644/1644
f  1645/1645/1645 1641/1641/1641 1643/1643/1643
f  1641/1641/1641 1646/1646/1646 1642/1642/1642
f  1641/1641/1641 1645/1645/1645 1646/1646/1646
f  1646/1646/1646 1647/1647/1647 1642/1642/1642
f  1644/1644/1644 1648/1648/1648 1643/1643/1643
f  1643/1643/1643 1649/1649/1649 1645/1645/1645
f  1649/1649/1649 1643/1643/1643 1648/1648/1648
f  1648/1648/1648 1644/1644/1644 1650/1650/1650
f  1651/1651/1651 1646/1646/1646 1645/1645/1645
f  1645/1645/1645 1652/1652/1652 1651/1651/1651
f  1652/1652/1652 1645/1645/1645 1649/1649/1649
f  1646/1646/1646 1651/1651/1651 1653/1653/1653
f  1646/1646/1646 1653/1653/1653 1647/1647/1647
f  1653/1653/1653 1654/1654/1654 1647/1647/1647
f  1655/1655/1655 1653/1653/1653 1651/1651/1651
f  1651/1651/1651 1656/1656/1656 1655/1655/1655
f  1656/1656/1656 1651/1651/1651 1652/1652/1652
f  1653/1653/1653 1655/1655/1655 1657/1657/1657
f  1653/1653/1653 1657/1657/1657 1654/1654/1654
f  1657/1657/1657 1658/1658/1658 1654/1654/1654
f  1659/1659/1659 1657/1657/1657 1655/1655/1655
f  1660/1660/1660 1655/1655/1655 1656/1656/1656
f  1655/1655/1655 1660/1660/1660 1659/1659/1659
f  1657/1657/1657 1659/1659/1659 1661/1661/1661
f  1657/1657/1657 1661/1661/1661 1658/1658/1658
f  1661/1661/1661 1662/1662/1662 1658/1658/1658
f  1663/1663/1663 1661/1661/1661 1659/1659/1659
f  1664/1664/1664 1659/1659/1659 1660/1660/1660
f  1659/1659/1659 1664/1664/1664 1663/1663/1663
f  1661/1661/1661 1663/1663/1663 1665/1665/1665
f  1661/1661/1661 1665/1665/1665 1662/1662/1662
f  1665/1665/1665 1666/1666/1666 1662/1662/1662
f  1663/1663/1663 1667/1667/1667 1665/1665/1665
f  1665/1665/1665 1667/1667/1667 1666/1666/1666
f  1667/1667/1667 1663/1663/1663 1668/1668/1668
f  1664/1664/1664 1668/1668/1668 1663/1663/1663
f  1668/1668/1668 1664/1664/1664 1669/1669/1669
f  1670/1670/1670 1666/1666/1666 1667/1667/1667
f  1668/1668/1668 1671/1671/1671 1667/1667/1667
f  1671/1671/1671 1670/1670/1670 1667/1667/1667
f  1671/1671/1671 1668/1668/1668 1672/1672/1672
f  1669/1669/1669 1672/1672/1672 1668/1668/1668
f  1672/1672/1672 1669/1669/1669 1673/1673/1673
f  1674/1674/1674 1670/1670/1670 1671/1671/1671
f  1672/1672/1672 1675/1675/1675 1671/1671/1671
f  1675/1675/1675 1674/1674/1674 1671/1671/1671
f  1675/1675/1675 1672/1672/1672 1676/1676/1676
f  1673/1673/1673 1676/1676/1676 1672/1672/1672
f  1676/1676/1676 1673/1673/1673 1677/1677/1677
f  1678/1678/1678 1674/1674/1674 1675/1675/1675
f  1679/1679/1679 1675/1675/1675 1676/1676/1676
f  1675/1675/1675 1679/1679/1679 1678/1678/1678
f  1676/1676/1676 1680/1680/1680 1679/1679/1679
f  1680/1680/1680 1676/1676/1676 1677/1677/1677
f  1680/1680/1680 1677/1677/1677 1681/1681/1681
f  1682/1682/1682 1678/1678/1678 1679/1679/1679
f  1683/1683/1683 1679/1679/1679 1680/1680/1680
f  1679/1679/1679 1683/1683/1683 1682/1682/1682
f  1680/1680/1680 1684/1684/1684 1683/1683/1683
f  1684/1684/1684 1680/1680/1680 1681/1681/1681
f  1681/1681/1681 1685/1685/1685 1684/1684/1684
f  1686/1686/1686 1682/1682/1682 1683/1683/1683
f  1687/1687/1687 1683/1683/1683 1684/1684/1684
f  1683/1683/1683 1687/1687/1687 1686/1686/1686
f  1684/1684/1684 1688/1688/1688 1687/1687/1687
f  1688/1688/1688 1684/1684/1684 1685/1685/1685
f  1685/1685/1685 1689/1689/1689 1688/1688/1688
f  1690/1690/1690 1686/1686/1686 1687/1687/1687
f  1691/1691/1691 1687/1687/1687 1688/1688/1688
f  1687/1687/1687 1691/1691/1691 1690/1690/1690
f  1688/1688/1688 1692/1692/1692 1691/1691/1691
f  1692/1692/1692 1688/1688/1688 1689/1689/1689
f  1689/1689/1689 1693/1693/1693 1692/1692/1692
f  1694/1694/1694 1690/1690/1690 1691/1691/1691
f  1695/1695/1695 1691/1691/1691 1692/1692/1692
f  1691/1691/1691 1695/1695/1695 1694/1694/1694
f  1692/1692/1692 1696/1696/1696 1695/1695/1695
f  1696/1696/1696 1692/1692/1692 1693/1693/1693
f  1693/1693/1693 1697/1697/1697 1696/1696/1696
f  1698/1698/1698 1694/1694/1694 1695/1695/1695
f  1699/1699/1699 1695/1695/1695 1696/1696/1696
f  1695/1695/1695 1699/1699/1699 1698/1698/1698
f  1696/1696/1696 1700/1700/1700 1699/1699/1699
f  1700/1700/1700 1696/1696/1696 1697/1697/1697
f  1697/1697/1697 1701/1701/1701 1700/1700/1700
f  1702/1702/1702 1703/1703/1703 1701/1701/1701
f  1704/1704/1704 1703/1703/1703 1702/1702/1702
f  1705/1705/1705 1704/1704/1704 1702/1702/1702
f  1704/1704/1704 1706/1706/1706 1703/1703/1703
f  1707/1707/1707 1706/1706/1706 1704/1704/1704
f  1708/1708/1708 1707/1707/1707 1704/1704/1704
f  1708/1708/1708 1704/1704/1704 1705/1705/1705
f  1709/1709/1709 1708/1708/1708 1705/1705/1705
f  1707/1707/1707 1710/1710/1710 1706/1706/1706
f  1711/1711/1711 1707/1707/1707 1708/1708/1708
f  1712/1712/1712 1710/1710/1710 1707/1707/1707
f  1711/1711/1711 1712/1712/1712 1707/1707/1707
f  1713/1713/1713 1711/1711/1711 1708/1708/1708
f  1713/1713/1713 1708/1708/1708 1709/1709/1709
f  1714/1714/1714 1713/1713/1713 1709/1709/1709
f  189/189/189 1711/1711/1711 1713/1713/1713
f  189/189/189 190/190/190 1711/1711/1711
f  190/190/190 1712/1712/1712 1711/1711/1711
f  192/192/192 189/189/189 1713/1713/1713
f  192/192/192 1713/1713/1713 1714/1714/1714
f  193/193/193 192/192/192 1714/1714/1714
f  187/187/187 189/189/189 192/192/192
f  1715/1715/1715 1479/1479/1479 1481/1481/1481
f  1480/1480/1480 1479/1479/1479 1715/1715/1715
f  1481/1481/1481 1716/1716/1716 1715/1715/1715
f  1717/1717/1717 1715/1715/1715 1716/1716/1716
f  1715/1715/1715 1718/1718/1718 1480/1480/1480
f  1718/1718/1718 1715/1715/1715 1717/1717/1717
f  1432/1432/1432 1480/1480/1480 1718/1718/1718
f  1432/1432/1432 1718/1718/1718 1719/1719/1719
f  1717/1717/1717 1719/1719/1719 1718/1718/1718
f  1716/1716/1716 1720/1720/1720 1717/1717/1717
f  1721/1721/1721 1717/1717/1717 1720/1720/1720
f  1719/1719/1719 1717/1717/1717 1721/1721/1721
f  1432/1432/1432 1719/1719/1719 1722/1722/1722
f  1721/1721/1721 1722/1722/1722 1719/1719/1719
f  1720/1720/1720 1723/1723/1723 1721/1721/1721
f  1724/1724/1724 1721/1721/1721 1723/1723/1723
f  1722/1722/1722 1721/1721/1721 1724/1724/1724
f  1432/1432/1432 1722/1722/1722 1725/1725/1725
f  1726/1726/1726 1722/1722/1722 1724/1724/1724
f  1722/1722/1722 1726/1726/1726 1725/1725/1725
f  1726/1726/1726 1724/1724/1724 1727/1727/1727
f  1727/1727/1727 1724/1724/1724 1723/1723/1723
f  1432/1432/1432 1725/1725/1725 1728/1728/1728
f  1726/1726/1726 1729/1729/1729 1725/1725/1725
f  1725/1725/1725 1729/1729/1729 1728/1728/1728
f  1726/1726/1726 1730/1730/1730 1729/1729/1729
f  1730/1730/1730 1726/1726/1726 1727/1727/1727
f  1432/1432/1432 1728/1728/1728 1731/1731/1731
f  1728/1728/1728 1732/1732/1732 1731/1731/1731
f  1729/1729/1729 1732/1732/1732 1728/1728/1728
f  1733/1733/1733 1732/1732/1732 1729/1729/1729
f  1729/1729/1729 1730/1730/1730 1733/1733/1733
f  1732/1732/1732 1733/1733/1733 1734/1734/1734
f  1732/1732/1732 1734/1734/1734 1735/1735/1735
f  1732/1732/1732 1735/1735/1735 1731/1731/1731
f  1735/1735/1735 1734/1734/1734 1736/1736/1736
f  1735/1735/1735 1736/1736/1736 1737/1737/1737
f  1735/1735/1735 1737/1737/1737 1738/1738/1738
f  1731/1731/1731 1735/1735/1735 1738/1738/1738
f  1432/1432/1432 1731/1731/1731 1738/1738/1738
f  1432/1432/1432 1738/1738/1738 1739/1739/1739
f  1739/1739/1739 1738/1738/1738 1737/1737/1737
f  1737/1737/1737 1736/1736/1736 1740/1740/1740
f  1740/1740/1740 1741/1741/1741 1737/1737/1737
f  1741/1741/1741 1739/1739/1739 1737/1737/1737
f  1432/1432/1432 1739/1739/1739 1742/1742/1742
f  1739/1739/1739 1741/1741/1741 1742/1742/1742
f  1741/1741/1741 1740/1740/1740 1743/1743/1743
f  1744/1744/1744 1741/1741/1741 1743/1743/1743
f  1744/1744/1744 1742/1742/1742 1741/1741/1741
f  1432/1432/1432 1742/1742/1742 1745/1745/1745
f  1742/1742/1742 1744/1744/1744 1745/1745/1745
f  1746/1746/1746 1432/1432/1432 1745/1745/1745
f  1747/1747/1747 1745/1745/1745 1744/1744/1744
f  1745/1745/1745 1747/1747/1747 1746/1746/1746
f  1744/1744/1744 1743/1743/1743 1748/1748/1748
f  1744/1744/1744 1749/1749/1749 1747/1747/1747
f  1749/1749/1749 1744/1744/1744 1748/1748/1748
f  1750/1750/1750 1751/1751/1751 1752/1752/1752
f  1751/1751/1751 1750/1750/1750 1753/1753/1753
f  1754/1754/1754 1750/1750/1750 1752/1752/1752
f  1750/1750/1750 1755/1755/1755 1753/1753/1753
f  1750/1750/1750 1754/1754/1754 1756/1756/1756
f  1755/1755/1755 1750/1750/1750 1757/1757/1757
f  1758/1758/1758 1750/1750/1750 1756/1756/1756
f  1750/1750/1750 1759/1759/1759 1757/1757/1757
f  1760/1760/1760 1750/1750/1750 1758/1758/1758
f  1759/1759/1759 1750/1750/1750 1761/1761/1761
f  1750/1750/1750 1762/1762/1762 1761/1761/1761
f  1762/1762/1762 1750/1750/1750 1760/1760/1760
f  1763/1763/1763 1764/1764/1764 1765/1765/1765
f  1766/1766/1766 1764/1764/1764 1763/1763/1763
f  1765/1765/1765 1767/1767/1767 1763/1763/1763
f  1763/1763/1763 1768/1768/1768 1766/1766/1766
f  1763/1763/1763 1767/1767/1767 1769/1769/1769
f  1770/1770/1770 1768/1768/1768 1763/1763/1763
f  1769/1769/1769 1771/1771/1771 1763/1763/1763
f  1772/1772/1772 1770/1770/1770 1763/1763/1763
f  1763/1763/1763 1771/1771/1771 1773/1773/1773
f  1773/1773/1773 1774/1774/1774 1763/1763/1763
f  1775/1775/1775 1772/1772/1772 1763/1763/1763
f  1763/1763/1763 1774/1774/1774 1775/1775/1775
f  1776/1776/1776 1777/1777/1777 1778/1778/1778
f  1779/1779/1779 1777/1777/1777 1776/1776/1776
f  1778/1778/1778 1780/1780/1780 1776/1776/1776
f  1776/1776/1776 1781/1781/1781 1779/1779/1779
f  1776/1776/1776 1780/1780/1780 1782/1782/1782
f  1783/1783/1783 1781/1781/1781 1776/1776/1776
f  1782/1782/1782 1784/1784/1784 1776/1776/1776
f  1785/1785/1785 1783/1783/1783 1776/1776/1776
f  1776/1776/1776 1784/1784/1784 1786/1786/1786
f  1786/1786/1786 1787/1787/1787 1776/1776/1776
f  1788/1788/1788 1785/1785/1785 1776/1776/1776
f  1776/1776/1776 1787/1787/1787 1788/1788/1788
f  1789/1789/1789 1790/1790/1790 1791/1791/1791
f  1792/1792/1792 1789/1789/1789 1791/1791/1791
f  1790/1790/1790 1789/1789/1789 1793/1793/1793
f  1789/1789/1789 1792/1792/1792 1794/1794/1794
f  1789/1789/1789 1795/1795/1795 1793/1793/1793
f  1796/1796/1796 1789/1789/1789 1794/1794/1794
f  1795/1795/1795 1789/1789/1789 1797/1797/1797
f  1798/1798/1798 1789/1789/1789 1796/1796/1796
f  1789/1789/1789 1799/1799/1799 1797/1797/1797
f  1799/1799/1799 1789/1789/1789 1800/1800/1800
f  1801/1801/1801 1789/1789/1789 1798/1798/1798
f  1789/1789/1789 1801/1801/1801 1800/1800/1800
f  1802/1802/1802 1803/1803/1803 1804/1804/1804
f  1805/1805/1805 1802/1802/1802 1804/1804/1804
f  1803/1803/1803 1802/1802/1802 1806/1806/1806
f  1802/1802/1802 1805/1805/1805 1807/1807/1807
f  1802/1802/1802 1808/1808/1808 1806/1806/1806
f  1809/1809/1809 1802/1802/1802 1807/1807/1807
f  1808/1808/1808 1802/1802/1802 1810/1810/1810
f  1811/1811/1811 1802/1802/1802 1809/1809/1809
f  1802/1802/1802 1812/1812/1812 1810/1810/1810
f  1812/1812/1812 1802/1802/1802 1813/1813/1813
f  1814/1814/1814 1802/1802/1802 1811/1811/1811
f  1802/1802/1802 1814/1814/1814 1813/1813/1813
f  1815/1815/1815 1816/1816/1816 1817/1817/1817
f  1818/1818/1818 1816/1816/1816 1815/1815/1815
f  1817/1817/1817 1819/1819/1819 1815/1815/1815
f  1815/1815/1815 1820/1820/1820 1818/1818/1818
f  1815/1815/1815 1819/1819/1819 1821/1821/1821
f  1822/1822/1822 1820/1820/1820 1815/1815/1815
f  1821/1821/1821 1823/1823/1823 1815/1815/1815
f  1824/1824/1824 1822/1822/1822 1815/1815/1815
f  1815/1815/1815 1823/1823/1823 1825/1825/1825
f  1825/1825/1825 1826/1826/1826 1815/1815/1815
f  1827/1827/1827 1824/1824/1824 1815/1815/1815
f  1815/1815/1815 1826/1826/1826 1827/1827/1827

g
