# 3ds Max Wavefront OBJ Exporter v0.97b - (c)2007 guruware
# File Created: 06.03.2011 23:37:34

mtllib THUG 2 - Mime.mtl

#
# object DrawCall_0047
#

v  -3.469116210938 68.071769714355 1.271545410156
v  -5.833679199219 67.134269714355 -1.861358642578
v  -3.711395263672 67.446777343750 -1.041763305664
v  -2.075973510742 66.946769714355 -4.161331176758
v  -5.908065795898 67.946777343750 1.700897216797
v  -1.916229248047 68.759292602539 4.151733398438
v  -4.978912353516 68.509277343750 4.204010009766
v  -0.042922973633 68.696777343750 4.657989501953
v  -1.176895141602 69.196800231934 7.341705322266
v  1.833740234375 68.696777343750 4.164245605469
v  3.326644897461 69.009277343750 6.294250488281
v  3.469177246094 67.821777343750 1.044708251953
v  5.899337768555 68.321769714355 3.240310668945
v  3.600006103516 67.696746826172 -0.704879760742
v  5.916656494141 67.134262084961 -1.947143554688
v  2.048995971680 66.946762084961 -4.147552490234
v  4.055877685547 66.196739196777 -6.203384399414
v  -0.011810302734 66.884254455566 -4.654434204102
v  0.059646606445 65.946754455566 -7.341720581055
v  -3.945129394531 66.259262084961 -5.917556762695
v  -0.353302001953 76.759338378906 4.031921386719
v  2.273574829102 77.009338378906 3.478195190430
v  -3.036788940430 76.696838378906 2.835464477539
v  0.097351074219 77.321830749512 0.095901489258
v  -4.277404785156 77.071853637695 0.018798828125
v  -3.770507812500 77.571838378906 -2.042022705078
v  -2.203018188477 78.009353637695 -3.536788940430
v  1.047805786133 78.384330749512 -3.775955200195
v  3.480911254883 78.259346008301 -2.455322265625
v  4.347763061523 77.946830749512 -0.014923095703
v  3.841079711914 77.446830749512 1.983398437500
v  2.173156738281 70.321769714355 -3.897171020508
v  -1.764312744141 70.259284973145 -3.910308837891
v  -3.335556030273 70.696792602539 -1.290527343750
v  -2.598495483398 71.259292602539 2.586944580078
v  -0.415588378906 71.509292602539 3.969238281250
v  2.461471557617 71.384292602539 3.353836059570
v  3.156265258789 71.009277343750 1.168640136719
v  3.164825439453 70.696777343750 -1.393844604492
# 39 vertices

vn 0.079167537391 -0.974563181400 0.209664195776
vn 0.077786020935 -0.970642268658 0.227602511644
vn 0.054954979569 -0.972032785416 0.228324741125
vn 0.070098936558 -0.955530107021 0.286440759897
vn 0.086164675653 -0.974723398685 0.206130892038
vn 0.075568981469 -0.971902787685 -0.222922086716
vn 0.068461008370 -0.983766973019 0.165878191590
vn 0.043170597404 -0.984078526497 0.172411486506
vn 0.018341407180 -0.983050346375 0.182416185737
vn -0.049455653876 -0.980037331581 0.192564070225
vn -0.029820680618 -0.982128143311 0.185836061835
vn 0.070158377290 -0.988748073578 0.132117733359
vn -0.007981201634 -0.978909432888 0.204138860106
vn -0.068265967071 -0.974843621254 0.212178319693
vn -0.105037696660 -0.964676022530 0.241593196988
vn -0.071290016174 -0.957524716854 0.279399603605
vn -0.069237552583 -0.955626010895 0.286330282688
vn 0.006494444329 -0.945638418198 0.325155109167
vn 0.003793868003 -0.944597721100 0.328208446503
vn 0.077356919646 -0.953599333763 0.290971219540
vn -0.071483552456 0.991518676281 0.108539499342
vn -0.096259735525 0.984116315842 0.149161279202
vn -0.066232651472 0.987221896648 0.144934952259
vn -0.088746078312 0.977727234364 0.190193638206
vn -0.059359457344 0.979608058929 0.191949173808
vn -0.059684995562 0.973264992237 0.221794798970
vn -0.075101725757 0.970017075539 0.231141850352
vn -0.088238582015 0.965904176235 0.243399083614
vn -0.112070471048 0.971600115299 0.208406925201
vn -0.137933313847 0.971879363060 0.190853253007
vn -0.127062872052 0.974008440971 0.187517032027
vn 0.002612804994 0.045393321663 -0.998965799809
vn -0.473633021116 0.063915938139 -0.878399968147
vn -0.054298657924 0.035294059664 -0.997900784016
vn -0.388418853283 0.022411290556 -0.921210348606
vn -0.851388752460 -0.054390329868 -0.521707653999
vn -0.983870089054 -0.003843279090 -0.178843215108
vn -0.985632658005 -0.157921433449 0.059909258038
vn -0.744009315968 -0.135587602854 0.654267668724
vn -0.840502858162 0.072719007730 0.536904931068
vn -0.109621733427 -0.035389654338 0.993343174458
vn -0.167530819774 0.142333135009 0.975538134575
vn 0.482578963041 -0.003063815180 0.875847101212
vn 0.694592952728 -0.019683767110 0.719133615494
vn 0.905516803265 -0.088241234422 0.415033489466
vn 0.978683114052 -0.058167457581 0.196966767311
vn 0.989125013351 -0.117178194225 -0.088887415826
vn 0.978750824928 -0.020384458825 -0.204037636518
vn 0.778970062733 -0.012393563986 -0.626938641071
vn 0.898220837116 -0.013826257549 -0.439326912165
vn 0.478679388762 0.079958014190 -0.874341309071
vn 0.911992192268 -0.003119469387 -0.410195678473
vn 0.983140826225 0.095753639936 -0.155773356557
vn 0.971013426781 0.107900351286 0.213284969330
vn 0.605261027813 0.136639386415 0.784212231636
vn 0.013033105992 0.229906648397 0.973125398159
vn -0.601634204388 0.195589542389 0.774455308914
vn -0.966862201691 0.197144418955 0.162208303809
vn -0.970092058182 0.122575223446 -0.209515467286
vn -0.579793989658 0.101386144757 -0.808430433273
vn 0.064467109740 0.246668383479 -0.966953337193
vn 0.105045117438 0.190825998783 -0.975987195969
# 62 vertex normals

vt 0.611186087132 0.983502447605 0.000000000000
vt 0.655891060829 0.947580635548 0.000000000000
vt 0.611411750317 0.946295261383 0.000000000000
vt 0.612493157387 0.924456238747 0.000000000000
vt 0.656145930290 0.977995932102 0.000000000000
vt 0.611134409904 0.992028295994 0.000000000000
vt 0.656306803226 0.997198343277 0.000000000000
vt 0.612510025501 0.924398720264 0.000000000000
vt 0.656803727150 0.920518875122 0.000000000000
vt 0.612486839294 0.886201322079 0.000000000000
vt 0.657085835934 0.882935106754 0.000000000000
vt 0.611253440380 0.848576605320 0.000000000000
vt 0.656336069107 0.834479033947 0.000000000000
vt 0.610424518585 0.799855530262 0.000000000000
vt 0.655125916004 0.798128545284 0.000000000000
vt 0.612691104412 0.850129842758 0.000000000000
vt 0.655833184719 0.835228264332 0.000000000000
vt 0.612159192562 0.882915377617 0.000000000000
vt 0.655974745750 0.883303761482 0.000000000000
vt 0.656002581120 0.922177076340 0.000000000000
vt 0.615988254547 0.852304399014 0.000000000000
vt 0.618176341057 0.874525964260 0.000000000000
vt 0.612318158150 0.851990461349 0.000000000000
vt 0.611269772053 0.918297350407 0.000000000000
vt 0.617381274700 0.897776246071 0.000000000000
vt 0.619134247303 0.934431672096 0.000000000000
vt 0.612668037415 0.976480007172 0.000000000000
vt 0.614627182484 0.994172096252 0.000000000000
vt 0.615513205528 0.982377111912 0.000000000000
vt 0.616103887558 0.965043008327 0.000000000000
vt 0.616694569588 0.949735760689 0.000000000000
vt 0.650221168995 0.798998475075 0.000000000000
vt 0.650221228600 0.823783516884 0.000000000000
vt 0.612086594105 0.798787951469 0.000000000000
vt 0.612647891045 0.827140331268 0.000000000000
vt 0.612441182137 0.849784851074 0.000000000000
vt 0.650221288204 0.856830239296 0.000000000000
vt 0.611377954483 0.866146087646 0.000000000000
vt 0.610639691353 0.892147243023 0.000000000000
vt 0.650221407413 0.889876961708 0.000000000000
vt 0.611023664474 0.914945960045 0.000000000000
vt 0.650221467018 0.914662003517 0.000000000000
vt 0.612057387829 0.933455646038 0.000000000000
vt 0.650221526623 0.931185364723 0.000000000000
vt 0.613238930702 0.949208796024 0.000000000000
vt 0.650221526623 0.947708725929 0.000000000000
vt 0.650221586227 0.972493767738 0.000000000000
vt 0.650221645832 0.997278809547 0.000000000000
vt 0.671579957008 0.997278690338 0.000000000000
vt 0.671579897404 0.972493648529 0.000000000000
vt 0.671579778194 0.947708666325 0.000000000000
vt 0.671579778194 0.931185245514 0.000000000000
vt 0.671579718590 0.914661884308 0.000000000000
vt 0.671579658985 0.889876842499 0.000000000000
vt 0.671579658985 0.883716046810 0.000000000000
vt 0.671579599380 0.856830120087 0.000000000000
vt 0.671579480171 0.823783397675 0.000000000000
vt 0.671579420567 0.814519107342 0.000000000000
vt 0.671579420567 0.798998355865 0.000000000000
# 59 texture coords

g DrawCall_0047
usemtl Material__7458
s 1
f 1/1/1 2/2/2 3/3/3 
f 2/2/2 4/4/4 3/3/3 
f 2/2/2 1/1/1 5/5/5 
f 1/1/1 6/6/6 5/5/5 
f 5/5/5 6/6/6 7/7/7 
f 6/6/6 8/8/8 7/7/7 
f 7/7/7 8/8/8 9/9/9 
f 8/8/8 10/10/10 9/9/9 
f 9/9/9 10/10/10 11/11/11 
f 10/10/10 12/12/12 11/11/11 
f 11/11/11 12/12/12 13/13/13 
f 12/12/12 14/14/14 13/13/13 
f 13/13/13 14/14/14 15/15/15 
f 14/14/14 16/16/16 15/15/15 
f 15/15/15 16/16/16 17/17/17 
f 16/16/16 18/18/18 17/17/17 
f 17/17/17 18/18/18 19/19/19 
f 18/18/18 4/4/4 19/19/19 
f 19/19/19 4/4/4 20/20/20 
f 4/4/4 2/2/2 20/20/20 
f 21/21/21 22/22/22 23/23/23 
f 22/22/22 24/24/24 23/23/23 
f 23/23/23 24/24/24 25/25/25 
f 25/25/25 24/24/24 26/26/26 
f 26/26/26 24/24/24 27/27/27 
f 27/27/27 24/24/24 28/28/28 
f 28/28/28 24/24/24 29/29/29 
f 29/29/29 24/24/24 30/30/30 
f 30/30/30 24/24/24 31/31/31 
f 24/24/24 22/22/22 31/31/31 
f 32/32/32 33/33/33 28/34/34 
f 28/34/34 33/33/33 27/35/35 
f 27/35/35 33/33/33 26/36/36 
f 33/33/33 34/37/37 26/36/36 
f 26/36/36 34/37/37 25/38/38 
f 25/38/38 34/37/37 23/39/39 
f 34/37/37 35/40/40 23/39/39 
f 23/39/39 35/40/40 21/41/41 
f 35/40/40 36/42/42 21/41/41 
f 21/41/41 36/42/42 22/43/43 
f 36/42/42 37/44/44 22/43/43 
f 22/43/43 37/44/44 31/45/45 
f 37/44/44 38/46/46 31/45/45 
f 31/45/45 38/46/46 30/30/47 
f 38/46/46 39/47/48 30/30/47 
f 30/30/47 39/47/48 29/29/49 
f 39/47/48 32/48/50 29/29/49 
f 29/29/49 32/48/50 28/28/51 
f 16/49/52 32/48/50 14/50/53 
f 32/48/50 39/47/48 14/50/53 
f 14/50/53 39/47/48 12/51/54 
f 39/47/48 38/46/46 12/51/54 
f 12/51/54 38/46/46 10/52/55 
f 38/46/46 37/44/44 10/52/55 
f 10/52/55 37/44/44 8/53/56 
f 37/44/44 36/42/42 8/53/56 
f 8/53/56 36/42/42 6/54/57 
f 36/42/42 35/40/40 6/54/57 
f 6/54/57 35/40/40 1/55/58 
f 1/55/58 35/40/40 3/56/59 
f 35/40/40 34/37/37 3/56/59 
f 3/56/59 34/37/37 4/57/60 
f 34/37/37 33/33/33 4/57/60 
f 4/57/60 33/33/33 18/58/61 
f 18/58/61 33/33/33 16/59/62 
f 33/33/33 32/32/32 16/59/62 
# 0 polygons - 66 triangles

#
# object DrawCall_0048
#

v  -3.081329345703 0.146331787109 6.695465087891
v  -5.136108398438 0.144409179688 6.494522094727
v  -1.760528564453 0.144104003906 4.206436157227
v  -6.491058349609 0.135093688965 3.687149047852
v  -6.106185913086 0.000000000000 -0.422958374023
v  -2.235702514648 0.188766479492 -0.469161987305
v  -2.347076416016 0.128852844238 -4.712905883789
v  -5.531753540039 0.063781738281 -4.227081298828
v  -4.030670166016 0.066459655762 -5.530395507813
v  4.134689331055 0.192565917969 -5.878097534180
v  5.689620971680 0.190063476563 -4.563583374023
v  2.445678710938 0.254142761230 -5.072372436523
v  6.298049926758 0.124847412109 -0.942367553711
v  2.303451538086 0.250793457031 -1.018005371094
v  1.732131958008 0.259178161621 3.530456542969
v  6.591796875000 0.192405700684 3.049392700195
v  5.217712402344 0.268211364746 5.711959838867
v  3.098449707031 0.267959594727 5.893127441406
v  -2.937347412109 3.187820434570 2.153717041016
v  -2.942840576172 2.439697265625 4.266845703125
v  -1.885589599609 1.140747070313 4.515533447266
v  -3.081756591797 1.578811645508 6.512451171875
v  -2.050781250000 1.188537597656 -0.155578613281
v  -3.237243652344 4.747314453125 -0.472457885742
v  -2.415145874023 4.810119628906 -3.216262817383
v  -2.348983764648 1.503372192383 -4.649581909180
v  -3.907775878906 1.378387451172 -5.404220581055
v  -3.785125732422 4.749053955078 -4.905029296875
v  -5.286651611328 4.684028625488 -3.290267944336
v  -5.533676147461 1.438049316406 -4.101409912109
v  -5.984527587891 1.311996459961 -0.046585083008
v  -4.735260009766 4.746803283691 -0.603225708008
v  -4.809524536133 3.249053955078 2.083267211914
v  -5.070114135742 2.503845214844 3.956039428711
v  -5.266693115234 1.639564514160 6.379470825195
v  -6.435317993164 1.379173278809 3.570510864258
v  2.984985351563 3.498725891113 1.547134399414
v  1.856674194336 1.317901611328 3.781723022461
v  2.980850219727 2.748878479004 3.544342041016
v  3.042602539063 1.763977050781 5.720748901367
v  2.053512573242 1.375228881836 -0.643356323242
v  3.365676879883 4.934379577637 -0.700805664063
v  2.563934326172 4.934982299805 -3.512619018555
v  2.383865356445 1.691032409668 -5.008834838867
v  4.072479248047 1.629310607910 -5.752319335938
v  3.945190429688 4.874969482422 -5.190856933594
v  5.373535156250 4.872039794922 -3.566055297852
v  5.752593994141 1.689453125000 -4.437500000000
v  6.173858642578 1.561988830566 -0.567123413086
v  4.864608764648 4.871841430664 -0.820602416992
v  5.294754028320 3.623229980469 1.491806030273
v  5.158584594727 2.807624816895 3.298278808594
v  5.342651367188 1.822944641113 5.591827392578
v  6.542800903320 1.564765930176 2.932479858398
# 54 vertices

vn 0.000806304161 -0.999998807907 0.001322904602
vn 0.001358151785 -0.999996781349 0.002137036994
vn 0.012557741255 -0.999901175499 0.006315346807
vn -0.000395721290 -0.999780416489 0.020952401683
vn 0.029262833297 -0.999553799629 0.005992287304
vn 0.048697739840 -0.998812735081 -0.001267767395
vn 0.031230010092 -0.999483644962 0.007556556724
vn 0.019706349820 -0.999794602394 -0.004732952453
vn 0.024391951039 -0.999363303185 0.026039877906
vn -0.023871490732 -0.999368131161 0.026334960014
vn -0.018838969991 -0.999805688858 -0.005806547590
vn -0.024687459692 -0.999693036079 0.002086127875
vn -0.023217063397 -0.999729812145 0.001128195552
vn -0.031475082040 -0.999502480030 -0.002023761859
vn -0.014679132029 -0.999832987785 0.010889261961
vn -0.011794764549 -0.999738037586 0.019615620375
vn -0.007903276943 -0.999828159809 0.016767866910
vn 0.000415964198 -0.999993860722 0.003476167563
vn 0.903649032116 0.425051033497 0.052440527827
vn 0.726596176624 0.639491915703 0.251213192940
vn 0.922844648361 0.297194957733 0.245016187429
vn 0.851995468140 0.263112187386 0.452631950378
vn 0.868568837643 0.038648620248 0.494059145451
vn 0.987275660038 0.081546299160 0.136517420411
vn 0.987674832344 -0.153063327074 -0.032710682601
vn 0.998011827469 0.061931822449 0.011695648544
vn 0.819118916988 0.013313857839 -0.573469221592
vn 0.922637581825 0.325953722000 0.206140831113
vn 0.950427711010 0.191393494606 -0.245062649250
vn 0.794263362885 0.155382856727 -0.587368607521
vn -0.152508825064 0.092723809183 -0.983942747116
vn -0.081809520721 0.188446030021 -0.978670179844
vn 0.071705721319 0.143569961190 -0.987038969994
vn -0.921080231667 0.218452259898 -0.322319418192
vn -0.862855732441 0.128287330270 -0.488899141550
vn -0.867981135845 0.044018797576 -0.494642406702
vn -0.987932860851 0.102802455425 -0.115845941007
vn -0.966974377632 0.250924259424 -0.044694263488
vn -0.683152318001 0.640815019608 0.350227028131
vn -0.470987617970 0.836225211620 0.280887991190
vn -0.045150425285 0.856676757336 0.513873934746
vn 0.006896682084 0.911588490009 0.411046057940
vn -0.015044093132 0.935106098652 0.354048401117
vn -0.365229517221 0.882552683353 0.296155571938
vn -0.037916731089 0.616302967072 0.786595821381
vn -0.509235024452 0.507678091526 0.694940745831
vn -0.072265021503 0.104149684310 0.991932749748
vn -0.557970941067 0.032449983060 0.829225778580
vn -0.917946100235 0.371708899736 0.138590797782
vn -0.980471253395 0.061444494873 0.186817303300
vn -0.901031017303 0.431191474199 0.047085296363
vn -0.926617741585 0.286758095026 0.243206396699
vn -0.738541662693 0.622966825962 0.257814973593
vn -0.851044714451 0.245962634683 0.463923782110
vn -0.858571708202 0.015123808756 0.512470424175
vn -0.985645055771 0.080758549273 0.148262843490
vn -0.982471883297 -0.180976614356 -0.044681783766
vn -0.998456180096 0.055536292493 -0.001006659819
vn -0.811228513718 -0.024281742051 -0.584224820137
vn -0.921699583530 0.342738389969 0.181659787893
vn -0.941110014915 0.226077526808 -0.251397788525
vn -0.788436293602 0.159501299262 -0.594077050686
vn 0.142053842545 0.069522850215 -0.987414419651
vn 0.101055249572 0.200801461935 -0.974405765533
vn -0.046851780266 0.168485522270 -0.984590053558
vn 0.915980756283 0.249516963959 -0.314198285341
vn 0.858970642090 0.134580835700 -0.494021713734
vn 0.859698057175 0.006842875853 -0.510756671429
vn 0.990361273289 0.085608527064 -0.108884163201
vn 0.971562564373 0.229643434286 -0.057706981897
vn 0.668819367886 0.668497323990 0.325256764889
vn 0.535639703274 0.799605727196 0.271515667439
vn 0.078436993062 0.834111213684 0.545990943909
vn -0.021637007594 0.905989766121 0.422746300697
vn 0.005491667893 0.917969822884 0.396612197161
vn 0.359734266996 0.852313935757 0.379673808813
vn 0.035891413689 0.589882552624 0.806690990925
vn 0.499649345875 0.488790988922 0.715146064758
vn 0.064844854176 0.098819665611 0.992990314960
vn 0.545944035053 0.037402048707 0.836986362934
vn 0.928705155849 0.324383467436 0.179672062397
vn 0.976781070232 0.052566412836 0.207690805197
# 82 vertex normals

vt 0.692500233650 0.899448335171 0.000000000000
vt 0.695260763168 0.816534936428 0.000000000000
vt 0.579413414001 0.917129218578 0.000000000000
vt 0.582173824310 0.807129800320 0.000000000000
vt 0.400254011154 0.807129800320 0.000000000000
vt 0.397493600845 0.917129218578 0.000000000000
vt 0.269699215889 0.917129218578 0.000000000000
vt 0.272459745407 0.807129800320 0.000000000000
vt 0.198488712311 0.875701010227 0.000000000000
vt 0.568364739418 0.669121921062 0.000000000000
vt 0.749362111092 0.759077310562 0.000000000000
vt 0.594351828098 0.895505428314 0.000000000000
vt 0.871452331543 0.836830675602 0.000000000000
vt 0.869290947914 1.001124501228 0.000000000000
vt 0.596012949944 0.999000012875 0.000000000000
vt 0.358840465546 0.999000012875 0.000000000000
vt 0.358840465546 0.878894150257 0.000000000000
vt 0.135566949844 0.999000012875 0.000000000000
vt 0.317256659269 0.473967671394 0.000000000000
vt 0.132225409150 0.470848441124 0.000000000000
vt 0.135566949844 0.878894150257 0.000000000000
vt 0.019456995651 0.999000012875 0.000000000000
vt 0.019456995651 0.878894150257 0.000000000000
vt 0.017890091985 0.470848441124 0.000000000000
vt 0.490547508001 0.254264414310 0.000000000000
vt 0.710731804371 0.396246135235 0.000000000000
vt 0.886704087257 0.530447900295 0.000000000000
vt 0.988983631134 0.752598702908 0.000000000000
vt 0.981603801250 0.988071620464 0.000000000000
# 29 texture coords

g DrawCall_0048
usemtl Material__7456
s 1
f 40/60/63 41/61/64 42/62/65 
f 41/61/64 43/63/66 42/62/65 
f 43/63/66 44/64/67 42/62/65 
f 42/62/65 44/64/67 45/65/68 
f 45/65/68 44/64/67 46/66/69 
f 44/64/67 47/67/70 46/66/69 
f 46/66/69 47/67/70 48/68/71 
f 49/68/72 50/67/73 51/66/74 
f 50/67/73 52/64/75 51/66/74 
f 51/66/74 52/64/75 53/65/76 
f 53/65/76 52/64/75 54/62/77 
f 52/64/75 55/63/78 54/62/77 
f 55/63/78 56/61/79 54/62/77 
f 54/62/77 56/61/79 57/60/80 
f 58/69/81 59/70/82 60/71/83 
f 59/70/82 61/72/84 60/71/83 
f 61/72/84 40/73/85 60/71/83 
f 40/73/85 42/74/86 60/71/83 
f 42/74/86 45/75/87 60/71/83 
f 60/71/83 45/75/87 62/76/88 
f 45/75/87 46/77/89 62/76/88 
f 60/71/83 62/76/88 58/69/81 
f 58/69/81 62/76/88 63/78/90 
f 63/78/90 62/76/88 64/79/91 
f 64/79/91 62/76/88 65/80/92 
f 62/76/88 46/77/89 65/80/92 
f 46/77/89 48/81/93 65/80/92 
f 48/81/93 66/82/94 65/80/92 
f 65/80/92 66/82/94 64/79/91 
f 64/79/91 66/82/94 67/83/95 
f 67/83/95 66/82/94 68/79/96 
f 68/79/96 66/82/94 69/80/97 
f 66/82/94 48/81/93 69/80/97 
f 48/81/93 47/77/98 69/80/97 
f 47/77/98 44/75/99 69/80/97 
f 44/75/99 70/76/100 69/80/97 
f 69/80/97 70/76/100 68/79/96 
f 68/79/96 70/76/100 71/78/101 
f 70/76/100 72/69/102 71/78/101 
f 63/84/103 71/78/101 58/85/104 
f 71/78/101 72/69/102 58/85/104 
f 58/85/104 72/69/102 59/86/105 
f 72/69/102 73/70/106 59/86/105 
f 59/86/105 73/70/106 61/87/107 
f 73/70/106 74/72/108 61/87/107 
f 61/87/107 74/72/108 40/88/109 
f 40/88/109 74/72/108 41/73/110 
f 74/72/108 75/71/111 41/73/110 
f 41/73/110 75/71/111 43/74/112 
f 43/74/112 75/71/111 44/75/99 
f 44/75/99 75/71/111 70/76/100 
f 70/76/100 75/71/111 72/69/102 
f 72/69/102 75/71/111 73/70/106 
f 75/71/111 74/72/108 73/70/106 
f 76/69/113 77/71/114 78/70/115 
f 78/70/115 77/71/114 79/72/116 
f 79/72/116 77/71/114 57/73/117 
f 57/73/117 77/71/114 54/74/118 
f 54/74/118 77/71/114 53/75/119 
f 77/71/114 80/76/120 53/75/119 
f 53/75/119 80/76/120 51/77/121 
f 77/71/114 76/69/113 80/76/120 
f 76/69/113 81/78/122 80/76/120 
f 81/78/122 82/79/123 80/76/120 
f 82/79/123 83/80/124 80/76/120 
f 80/76/120 83/80/124 51/77/121 
f 51/77/121 83/80/124 49/81/125 
f 49/81/125 83/80/124 84/82/126 
f 83/80/124 82/79/123 84/82/126 
f 82/79/123 85/83/127 84/82/126 
f 85/83/127 86/79/128 84/82/126 
f 86/79/128 87/80/129 84/82/126 
f 84/82/126 87/80/129 49/81/125 
f 49/81/125 87/80/129 50/77/130 
f 50/77/130 87/80/129 52/75/131 
f 52/75/131 87/80/129 88/76/132 
f 87/80/129 86/79/128 88/76/132 
f 86/79/128 89/78/133 88/76/132 
f 89/78/133 90/69/134 88/76/132 
f 81/84/135 76/85/136 89/78/133 
f 89/78/133 76/85/136 90/69/134 
f 76/85/136 78/86/137 90/69/134 
f 90/69/134 78/86/137 91/70/138 
f 78/86/137 79/87/139 91/70/138 
f 91/70/138 79/87/139 92/72/140 
f 79/87/139 57/88/141 92/72/140 
f 57/88/141 56/73/142 92/72/140 
f 92/72/140 56/73/142 93/71/143 
f 56/73/142 55/74/144 93/71/143 
f 55/74/144 52/75/131 93/71/143 
f 52/75/131 88/76/132 93/71/143 
f 88/76/132 90/69/134 93/71/143 
f 90/69/134 91/70/138 93/71/143 
f 93/71/143 91/70/138 92/72/140 
# 0 polygons - 94 triangles

#
# object DrawCall_0049
#

v  -2.397460937500 63.071746826172 -1.474884033203
v  -2.326904296875 61.470516204834 -1.377685546875
v  -2.527282714844 62.759254455566 -0.037796020508
v  -2.205825805664 60.848701477051 -0.317718505859
v  -2.332672119141 59.753166198730 -0.328369140625
v  -2.766006469727 60.752189636230 -1.453720092773
v  -2.011932373047 61.314147949219 -2.887313842773
v  -1.826828002930 61.902660369873 -2.313232421875
v  -1.582244873047 63.321758270264 -2.284667968750
v  -2.520385742188 64.321746826172 -2.100280761719
v  -1.641403198242 64.634246826172 -3.284866333008
v  -3.269104003906 65.821762084961 -2.477783203125
v  -2.075973510742 66.946769714355 -4.161331176758
v  -3.711395263672 67.446777343750 -1.041763305664
v  -3.523284912109 66.696762084961 -1.228652954102
v  -3.589950561523 66.634269714355 0.021133422852
v  -3.713912963867 66.759262084961 -0.291793823242
v  -3.340164184570 65.321754455566 0.084472656250
v  -3.650588989258 64.321762084961 -0.541549682617
v  -3.215179443359 64.259246826172 0.084899902344
v  -2.900604248047 64.259262084961 -0.539062500000
v  -4.335144042969 65.509262084961 -1.418853759766
v  -4.211181640625 66.821769714355 -1.105941772461
v  -0.011810302734 66.884254455566 -4.654434204102
v  -0.014556884766 64.509239196777 -3.841934204102
v  -0.018936157227 63.321750640869 -2.529418945313
v  -0.016662597656 61.840667724609 -2.551086425781
v  -0.013076782227 61.376575469971 -3.130401611328
v  -2.289581298828 66.259262084961 3.650512695313
v  -2.975402832031 65.134246826172 3.148223876953
v  -2.291030883789 64.821746826172 4.088012695313
v  -2.349792480469 63.446743011475 2.962814331055
v  -0.036270141602 61.259239196777 2.658035278320
v  -0.978149414063 60.821720123291 3.967407226563
v  -1.658752441406 61.696731567383 1.902603149414
v  -1.724807739258 61.821743011475 2.964874267578
v  -2.470626831055 62.321743011475 1.712402343750
v  -3.028320312500 63.071746826172 0.273025512695
v  -2.907073974609 63.446750640869 1.398437500000
v  -3.282485961914 65.384254455566 1.522186279297
v  -2.849975585938 66.259262084961 3.023635864258
v  -2.602279663086 66.634262084961 3.711944580078
v  -2.104568481445 67.071762084961 4.401123046875
v  -1.540817260742 66.696762084961 4.027999877930
v  -0.918533325195 67.071777343750 4.842575073242
v  -0.853759765625 66.509262084961 4.155288696289
v  -0.292724609375 66.509254455566 4.594680786133
v  -0.791046142578 66.134262084961 4.093002319336
v  -0.541458129883 65.634262084961 4.218841552734
v  -1.478118896484 65.884262084961 3.965698242188
v  -1.916229248047 68.759292602539 4.151733398438
v  -0.042922973633 68.696777343750 4.657989501953
v  -0.043960571289 67.009262084961 4.970489501953
v  -0.043334960938 66.634254455566 4.783004760742
v  0.207290649414 66.509262084961 4.596328735352
v  0.267272949219 65.696746826172 5.346527099609
v  0.458526611328 65.634262084961 4.222183227539
v  0.514343261719 64.821746826172 6.222366333008
v  0.957473754883 64.446746826172 4.536361694336
v  0.576843261719 64.321746826172 6.222595214844
v  0.769134521484 64.134239196777 4.785720825195
v  -0.044387817383 63.946754455566 5.095504760742
v  -0.048980712891 64.259239196777 6.470504760742
v  -0.673141479492 64.321746826172 6.218399047852
v  -0.793548583984 64.134246826172 4.843002319336
v  -1.042297363281 64.446746826172 4.467178344727
v  -1.853134155273 63.196746826172 3.964462280273
v  -0.610656738281 64.821746826172 6.218627929688
v  -0.048980712891 64.821731567383 6.470474243164
v  -0.045654296875 65.821754455566 5.470504760742
v  -0.357727050781 65.696762084961 5.344451904297
v  -1.230438232422 63.571758270264 4.654052734375
v  -1.355453491211 62.634246826172 4.653640747070
v  -1.353149414063 61.571754455566 3.966156005859
v  -0.605651855469 62.321743011475 4.718627929688
v  -0.729827880859 61.384239196777 4.468215942383
v  -0.043151855469 61.384227752686 4.720520019531
v  -0.041702270508 60.696735382080 4.283004760742
v  0.645172119141 61.384223937988 4.472793579102
v  0.896850585938 60.821720123291 3.973648071289
v  1.271850585938 61.571735382080 3.974899291992
v  1.650192260742 61.821739196777 2.976150512695
v  2.275177001953 63.446746826172 2.978240966797
v  2.842895507813 63.446739196777 1.417617797852
v  3.217468261719 65.384246826172 1.543869018555
v  3.159790039063 64.259246826172 0.106185913086
v  3.284179687500 65.321746826172 0.294097900391
v  3.599365234375 64.321731567383 -0.517349243164
v  1.772064208984 63.196754455566 3.914077758789
v  1.332046508789 62.634246826172 4.662597656250
v  0.519348144531 62.321735382080 4.722381591797
v  -0.043563842773 62.196750640869 4.845520019531
v  -0.606689453125 62.696739196777 5.031127929688
v  -0.481689453125 62.946743011475 5.031555175781
v  -0.544830322266 63.196746826172 5.218841552734
v  -0.045455932617 63.259250640869 5.408020019531
v  -0.045242309570 63.509243011475 5.345520019531
v  0.455169677734 63.196746826172 5.222167968750
v  0.267883300781 63.509243011475 5.159042358398
v  1.082046508789 63.571743011475 4.661773681641
v  0.393310546875 62.946750640869 5.034469604492
v  -0.044387817383 62.884243011475 5.095504760742
v  -0.044830322266 62.634243011475 5.220535278320
v  0.518295288086 62.696746826172 5.034881591797
v  -0.357116699219 63.509254455566 5.156982421875
v  2.208938598633 64.821739196777 4.103027343750
v  2.899566650391 65.134246826172 3.167816162109
v  2.774978637695 66.259262084961 3.042388916016
v  3.469177246094 67.821777343750 1.044708251953
v  1.833740234375 68.696777343750 4.164245605469
v  2.522476196289 66.509254455566 3.791564941406
v  2.020385742188 66.946762084961 4.414886474609
v  2.210388183594 66.259246826172 3.665512084961
v  1.459152221680 66.696762084961 4.038009643555
v  1.396865844727 65.884262084961 3.975296020508
v  0.770629882813 66.509262084961 4.348205566406
v  0.708938598633 66.134246826172 4.097991943359
v  0.643951416016 67.009269714355 4.847808837891
v  1.342895507813 61.571727752686 1.412628173828
v  -0.032928466797 61.321743011475 1.658050537109
v  1.218566894531 60.412197113037 0.878051757813
v  -0.030410766602 59.846858978271 1.560668945313
v  -1.276000976563 60.471553802490 0.870407104492
v  -1.406448364258 61.571746826172 1.215942382813
v  -1.088088989258 59.003875732422 0.924575805664
v  -0.028091430664 58.816562652588 1.365203857422
v  0.909942626953 59.003887176514 0.931259155273
v  2.287780761719 59.753158569336 -0.312927246094
v  2.222442626953 61.219528198242 -0.428176879883
v  2.728790283203 60.877063751221 -1.497817993164
v  2.287933349609 61.530586242676 -1.363800048828
v  1.671325683594 61.314140319824 -2.687698364258
v  1.603073120117 61.841129302979 -2.299270629883
v  2.352508544922 63.071746826172 -1.459014892578
v  1.542709350586 63.321754455566 -2.274230957031
v  2.666885375977 64.321739196777 -2.020477294922
v  1.608566284180 64.634246826172 -3.274017333984
v  2.048995971680 66.946762084961 -4.147552490234
v  2.410217285156 62.759235382080 -0.021347045898
v  2.849365234375 64.321746826172 -0.519851684570
v  3.168350219727 65.821746826172 -2.456314086914
v  3.476669311523 66.696762084961 -1.205276489258
v  4.101654052734 65.571754455566 -1.203186035156
v  2.971862792969 63.071739196777 0.230545043945
v  2.404357910156 62.321727752686 1.728652954102
v  1.589157104492 61.571735382080 2.538452148438
v  -3.469116210938 68.071769714355 1.271545410156
v  -3.220184326172 66.384262084961 1.584884643555
v  -0.041915893555 62.446754455566 4.345520019531
v  -0.038970947266 63.259243011475 3.470504760742
v  -0.042114257813 63.571739196777 4.408004760742
v  3.600006103516 67.696746826172 -0.704879760742
v  3.534591674805 66.634254455566 0.169921875000
v  3.154785156250 66.384254455566 1.606155395508
v  3.723129272461 66.759262084961 -0.141952514648
v  4.226257324219 66.821746826172 -1.077789306641
# 156 vertices

vn -0.900283873081 -0.161423414946 -0.404266506433
vn -0.970833778381 0.214683532715 -0.106736682355
vn -0.970031380653 -0.199362412095 -0.138901859522
vn -0.955731570721 0.082904756069 0.282318830490
vn -0.895759463310 0.099503226578 0.433259844780
vn -0.890896499157 0.418594270945 0.176301494241
vn -0.498393476009 0.694011986256 -0.519568383694
vn -0.593275129795 0.366558104753 -0.716700613499
vn -0.436626464128 -0.274239033461 -0.856825709343
vn -0.767157256603 -0.438717246056 -0.467971116304
vn -0.446640908718 -0.502910614014 -0.739995121956
vn -0.880708217621 -0.215232595801 -0.421933561563
vn -0.538643896580 -0.257134616375 -0.802336931229
vn -0.975825846195 -0.107400588691 -0.190339103341
vn -0.890061020851 0.057121813297 -0.452248275280
vn -0.961719334126 -0.028670430183 0.272532522678
vn -0.300737053156 0.811027526855 0.501788377762
vn -0.843989551067 -0.087425783277 0.529186546803
vn -0.663612782955 -0.740315794945 -0.107473611832
vn -0.814494431019 -0.576076805592 0.068806231022
vn -0.722012817860 -0.557070374489 -0.410329282284
vn -0.727195382118 -0.277045756578 -0.628038644791
vn -0.691621840000 0.679641664028 -0.244430869818
vn -0.229545235634 -0.314805120230 -0.920981407166
vn -0.286359071732 -0.532819569111 -0.796305060387
vn -0.192568495870 -0.362207800150 -0.911988437176
vn -0.127101019025 0.451484769583 -0.883179962635
vn -0.099943570793 0.776238441467 -0.622466981411
vn -0.533042609692 -0.210187062621 0.819565117359
vn -0.916804969311 -0.090861476958 0.388860911131
vn -0.594561636448 -0.011103286408 0.803973376751
vn -0.894387841225 -0.304953336716 0.327221363783
vn 0.008798046969 -0.969255387783 -0.245899602771
vn -0.490280151367 -0.838737964630 0.236947238445
vn -0.495630592108 -0.866397559643 -0.060873702168
vn -0.855426728725 -0.489418655634 0.169453382492
vn -0.810167372227 -0.570792973042 0.133507311344
vn -0.860579073429 -0.414987534285 -0.295277893543
vn -0.940949141979 -0.235535979271 0.243182003498
vn -0.979419291019 -0.099377915263 0.175675585866
vn -0.912094295025 0.000453051558 0.409980177879
vn -0.790281236172 -0.225915029645 0.569577038288
vn -0.531432747841 -0.236382871866 0.813450932503
vn -0.219677403569 -0.545343041420 0.808914601803
vn -0.295327752829 -0.276441395283 0.914528131485
vn -0.386343479156 -0.446626096964 0.807009220123
vn -0.685685694218 -0.156739190221 0.710821986198
vn -0.385547935963 -0.095507644117 0.917731463909
vn -0.708797693253 0.245014414191 0.661493599415
vn -0.240969330072 0.111476100981 0.964109361172
vn -0.609336674213 0.218119814992 0.762320518494
vn 0.007594890893 0.216997697949 0.976142585278
vn 0.008287126198 -0.183679029346 0.982951343060
vn -0.003280107863 0.000160832511 0.999994635582
vn 0.641582727432 -0.164476439357 0.749212324619
vn 0.760240972042 0.517485380173 0.392737239599
vn 0.701529920101 0.252558499575 0.666385769844
vn 0.697761952877 0.363701552153 0.617130041122
vn 0.717687368393 0.156861260533 0.678468406200
vn 0.684613585472 -0.463562637568 0.562506854534
vn 0.743711233139 -0.642846047878 0.183419063687
vn 0.008332777768 -0.463729739189 0.885937511921
vn -0.002722820733 -0.582000911236 0.813183546066
vn -0.691471099854 -0.463526517153 0.554085671902
vn -0.745158791542 -0.268427014351 0.610479593277
vn -0.696098446846 0.178952112794 0.695286393166
vn -0.829112887383 -0.158390685916 0.536175549030
vn -0.703548729420 0.362785965204 0.611069142818
vn -0.003105993615 0.361165046692 0.932496726513
vn -0.002355519682 0.706077992916 0.708130180836
vn -0.762840032578 0.517496347427 0.387650102377
vn -0.665069758892 0.171273738146 0.726875185966
vn -0.635157942772 -0.242111310363 0.733455181122
vn -0.795392096043 -0.363733619452 0.484818816185
vn -0.346814334393 -0.447483241558 0.824304878712
vn -0.480224013329 -0.322764486074 0.815602838993
vn -0.003110684687 -0.357264667749 0.933997988701
vn -0.001345564844 -0.915167868137 0.403070718050
vn 0.474768638611 -0.322776705027 0.818785667419
vn 0.490171045065 -0.840231060982 0.231827810407
vn 0.792359530926 -0.366881668568 0.487405627966
vn 0.869678556919 -0.430247962475 0.241962566972
vn 0.889677286148 -0.305525809526 0.339305639267
vn 0.939504384995 -0.237908840179 0.246436297894
vn 0.977355420589 -0.101772092283 0.185523018241
vn 0.913001477718 -0.407049030066 0.027190623805
vn 0.952092647552 -0.148314014077 0.267437011003
vn 0.642023980618 -0.736832618713 -0.211855694652
vn 0.831237077713 -0.157677501440 0.533087909222
vn 0.661502599716 -0.217620685697 0.717673718929
vn 0.333600133657 -0.451608240604 0.827502846718
vn -0.003058956470 -0.396686077118 0.917949259281
vn -0.392169356346 -0.201597481966 0.897530853748
vn -0.248473837972 -0.285274475813 0.925677716732
vn -0.532127320766 -0.017787108198 0.846477448940
vn -0.003282288322 -0.173753812909 0.984783649445
vn -0.003032402135 0.403016149998 0.915187835693
vn 0.504363238811 -0.025516459718 0.863114476204
vn 0.463815927505 0.356024920940 0.811246573925
vn 0.547331452370 0.186526581645 0.815865278244
vn 0.652442634106 0.166802093387 0.739253461361
vn 0.236571043730 -0.283986181021 0.929185628891
vn -0.003312598448 -0.068824380636 0.997623264790
vn -0.003284100210 -0.185330241919 0.982670783997
vn 0.370263397694 -0.208684191108 0.905182838440
vn -0.463774204254 0.341440379620 0.817515730858
vn 0.596244394779 -0.013112719171 0.802695870399
vn 0.914192020893 -0.090867049992 0.394963473082
vn 0.915916860104 -0.010294247419 0.401235938072
vn 0.970886170864 -0.012665038928 0.239206179976
vn 0.597857177258 0.210948079824 0.773348391056
vn 0.728537321091 -0.352995365858 0.587049961090
vn 0.467721372843 -0.292468637228 0.834085583687
vn 0.474346220493 -0.307998955250 0.824701368809
vn 0.244050979614 -0.569563925266 0.784879624844
vn 0.259467273951 0.080316573381 0.962406337261
vn 0.341158598661 -0.520153343678 0.782975912094
vn 0.290822714567 -0.269846081734 0.917935311794
vn 0.276596784592 -0.246574968100 0.928813755512
vn 0.610529661179 -0.736739039421 0.290635675192
vn -0.038400698453 -0.821335494518 0.569151461124
vn 0.642395615578 -0.171157822013 0.747015953064
vn 0.006112439092 -0.100029312074 0.994965732098
vn -0.639804124832 -0.134850546718 0.756614804268
vn -0.646538138390 -0.283794492483 0.708130717278
vn -0.820552408695 -0.215616643429 0.529342293739
vn -0.805865943432 -0.096071861684 0.584251940250
vn -0.755175113678 0.017288191244 0.655295073986
vn -0.564008593559 -0.082903549075 0.821596801281
vn 0.019552771002 -0.186314523220 0.982295572758
vn 0.559358179569 -0.120736457407 0.820086061954
vn 0.799915194511 0.021839348599 0.599715530872
vn 0.927886843681 -0.018913557753 0.372381865978
vn 0.902039587498 0.427834361792 0.057291764766
vn 0.941426098347 0.259765595198 -0.215031877160
vn 0.466608792543 0.607225596905 -0.643081128597
vn 0.541787981987 0.282539188862 -0.791604340076
vn 0.895770967007 -0.211730644107 -0.390851050615
vn 0.436516612768 -0.307671010494 -0.845453619957
vn 0.809123873711 -0.412049442530 -0.418967604637
vn 0.446085721254 -0.495560318232 -0.745270073414
vn 0.235692620277 -0.314810842276 -0.919425427914
vn 0.565861642361 -0.243546590209 -0.787709116936
vn 0.291665673256 -0.532822906971 -0.794374525547
vn 0.198692902923 -0.362337589264 -0.910622119904
vn 0.181584447622 0.423206597567 -0.887650430202
vn 0.189580962062 0.766866862774 -0.613167405128
vn 0.892698645592 -0.432101249695 -0.127974957228
vn 0.720668315887 -0.559776961803 -0.409007191658
vn 0.888723313808 -0.179736599326 -0.421741157770
vn 0.845416247845 0.161111772060 -0.509229242802
vn 0.713225543499 -0.316845327616 -0.625234603882
vn 0.828299582005 -0.415410161018 -0.375971019268
vn 0.811342179775 -0.570806324482 0.126111045480
vn 0.577581644058 -0.816206336021 -0.014376506209
vn -0.988268554211 -0.061980750412 0.139583855867
vn -0.987542808056 -0.150428175926 0.046157646924
vn -0.985832512379 -0.167513683438 0.008567076176
vn -0.650071024895 -0.681232392788 -0.336645424366
vn -0.468255132437 -0.883521854877 -0.011236914434
vn -0.964749932289 -0.004581643734 0.263128519058
vn -0.970971286297 -0.026051916182 0.237773105502
vn -0.994259357452 -0.009154135361 0.106604672968
vn -0.003266667482 -0.182271301746 0.983242869377
vn -0.313364177942 0.061481878161 0.947640657425
vn -0.003449451877 -0.988438665867 -0.151581883430
vn -0.945784449577 -0.276471704245 0.170455738902
vn -0.005577711854 0.276960253716 -0.960865199566
vn -0.009026565589 0.994314730167 0.106097906828
vn 0.292381882668 0.057267021388 0.954585433006
vn 0.948029041290 -0.266166746616 0.174345150590
vn 0.993760406971 0.005774260964 -0.111386552453
vn 0.968352735043 -0.002348822774 0.249574601650
vn 0.967090427876 -0.034145407379 0.252131342888
vn 0.420961350203 0.772555708885 0.475341141224
vn 0.731990218163 0.605145037174 -0.313033312559
# 176 vertex normals

vt 0.127168580890 0.711851894855 0.000000000000
vt 0.161567926407 0.844394624233 0.000000000000
vt 0.276266902685 0.756416380405 0.000000000000
vt 0.303031951189 0.886303067207 0.000000000000
vt 0.311833798885 0.981095075607 0.000000000000
vt 0.163116037846 0.972077190876 0.000000000000
vt 0.070932514966 0.945288419724 0.000000000000
vt 0.060518577695 0.825461089611 0.000000000000
vt 0.053676206619 0.700229287148 0.000000000000
vt 0.100457131863 0.607633233070 0.000000000000
vt 0.048806928098 0.625269532204 0.000000000000
vt 0.094888463616 0.477435290813 0.000000000000
vt 0.052518352866 0.482165277004 0.000000000000
vt 0.180498957634 0.283411860466 0.000000000000
vt 0.150853931904 0.384290933609 0.000000000000
vt 0.276236712933 0.417849779129 0.000000000000
vt 0.224662840366 0.412681043148 0.000000000000
vt 0.266640007496 0.508994460106 0.000000000000
vt 0.204762116075 0.590866684914 0.000000000000
vt 0.264729648829 0.612163901329 0.000000000000
vt 0.133565276861 0.604433894157 0.000000000000
vt 0.145012319088 0.532072186470 0.000000000000
vt 0.156345009804 0.406385004520 0.000000000000
vt 0.005858847871 0.487543821335 0.000000000000
vt 0.006331103854 0.633684396744 0.000000000000
vt 0.004959495738 0.696905314922 0.000000000000
vt 0.006354833953 0.808186233044 0.000000000000
vt 0.008601165377 0.939422547817 0.000000000000
vt 0.797592043877 0.420783460140 0.000000000000
vt 0.857057750225 0.525187969208 0.000000000000
vt 0.787406444550 0.526578426361 0.000000000000
vt 0.831541478634 0.682807207108 0.000000000000
vt 0.635541617870 0.846309542656 0.000000000000
vt 0.696692943573 0.828165590763 0.000000000000
vt 0.830359220505 0.821750521660 0.000000000000
vt 0.804120540619 0.785668849945 0.000000000000
vt 0.885871469975 0.761929988861 0.000000000000
vt 0.976976633072 0.706690907478 0.000000000000
vt 0.912650108337 0.679716825485 0.000000000000
vt 0.906365811825 0.521682858467 0.000000000000
vt 0.857268691063 0.424983024597 0.000000000000
vt 0.805521607399 0.372344732285 0.000000000000
vt 0.764784574509 0.360101759434 0.000000000000
vt 0.741578876972 0.397790372372 0.000000000000
vt 0.687533974648 0.365653693676 0.000000000000
vt 0.693868815899 0.406973242760 0.000000000000
vt 0.654149770737 0.403419554234 0.000000000000
vt 0.690360605717 0.435526371002 0.000000000000
vt 0.670826435089 0.476126492023 0.000000000000
vt 0.738443851471 0.440020024776 0.000000000000
vt 0.768229544163 0.239500403404 0.000000000000
vt 0.635541737080 0.240812003613 0.000000000000
vt 0.635541737080 0.366314888000 0.000000000000
vt 0.635541737080 0.397652745247 0.000000000000
vt 0.616933524609 0.403419554234 0.000000000000
vt 0.618858516216 0.468354940414 0.000000000000
vt 0.600256741047 0.476126492023 0.000000000000
vt 0.578334331512 0.537824273109 0.000000000000
vt 0.561435639858 0.550899624825 0.000000000000
vt 0.585129737854 0.545533895493 0.000000000000
vt 0.572185218334 0.591335296631 0.000000000000
vt 0.634895503521 0.600935220718 0.000000000000
vt 0.633603036404 0.574219584465 0.000000000000
vt 0.674420654774 0.553636670113 0.000000000000
vt 0.690347850323 0.591782629490 0.000000000000
vt 0.716109812260 0.556715726852 0.000000000000
vt 0.784401714802 0.700620055199 0.000000000000
vt 0.671274006367 0.533350348473 0.000000000000
vt 0.635541737080 0.529012620449 0.000000000000
vt 0.635541737080 0.462283253670 0.000000000000
vt 0.652224779129 0.468354940414 0.000000000000
vt 0.713759005070 0.625988245010 0.000000000000
vt 0.734927952290 0.702463924885 0.000000000000
vt 0.725390434265 0.781345784664 0.000000000000
vt 0.671654939651 0.716981530190 0.000000000000
vt 0.678126454353 0.775885999203 0.000000000000
vt 0.635541737080 0.779259145260 0.000000000000
vt 0.636633872986 0.834819018841 0.000000000000
vt 0.592956840992 0.775885999203 0.000000000000
vt 0.571113944054 0.829257726669 0.000000000000
vt 0.545692801476 0.781345784664 0.000000000000
vt 0.465870678425 0.784576773643 0.000000000000
vt 0.439541846514 0.682807207108 0.000000000000
vt 0.351539045572 0.685261368752 0.000000000000
vt 0.348299950361 0.532941401005 0.000000000000
vt 0.266504287720 0.623125076294 0.000000000000
vt 0.268977224827 0.516767144203 0.000000000000
vt 0.204338058829 0.593898892403 0.000000000000
vt 0.481297105551 0.668986022472 0.000000000000
vt 0.524040341377 0.697079420090 0.000000000000
vt 0.593370974064 0.713616132736 0.000000000000
vt 0.631503403187 0.718525886536 0.000000000000
vt 0.667514026165 0.675402283669 0.000000000000
vt 0.663927137852 0.667972326279 0.000000000000
vt 0.665758728981 0.655484557152 0.000000000000
vt 0.635541737080 0.648887753487 0.000000000000
vt 0.632849514484 0.631070852280 0.000000000000
vt 0.605324625969 0.655484557152 0.000000000000
vt 0.613680183887 0.634715676308 0.000000000000
vt 0.578150451183 0.589843988419 0.000000000000
vt 0.554739356041 0.620818376541 0.000000000000
vt 0.599079310894 0.667972326279 0.000000000000
vt 0.631503343582 0.668969154358 0.000000000000
vt 0.632176458836 0.678269088268 0.000000000000
vt 0.595285475254 0.675920009613 0.000000000000
vt 0.656057000160 0.634715676308 0.000000000000
vt 0.483676880598 0.526578426361 0.000000000000
vt 0.414025515318 0.525187969208 0.000000000000
vt 0.413814604282 0.424983024597 0.000000000000
vt 0.353174865246 0.279149949551 0.000000000000
vt 0.502853751183 0.239500403404 0.000000000000
vt 0.465561628342 0.372344732285 0.000000000000
vt 0.506298840046 0.360101759434 0.000000000000
vt 0.473491281271 0.420783460140 0.000000000000
vt 0.529504418373 0.397790372372 0.000000000000
vt 0.530455112457 0.440020024776 0.000000000000
vt 0.577214598656 0.406973242760 0.000000000000
vt 0.580722570419 0.435526371002 0.000000000000
vt 0.583549320698 0.365653693676 0.000000000000
vt 0.415168225765 0.860421657562 0.000000000000
vt 0.637813270092 0.883573174477 0.000000000000
vt 0.392054349184 0.900464296341 0.000000000000
vt 0.641260921955 0.939610421658 0.000000000000
vt 0.389833748341 0.901396095753 0.000000000000
vt 0.412171185017 0.861437380314 0.000000000000
vt 0.273341238499 0.756519019604 0.000000000000
vt 0.303400427103 0.889721155167 0.000000000000
vt 0.313270688057 0.976348340511 0.000000000000
vt 0.401002943516 0.983400821686 0.000000000000
vt 0.642857193947 0.986285030842 0.000000000000
vt 0.397930681705 0.982301235199 0.000000000000
vt 0.311864763498 0.977614700794 0.000000000000
vt 0.303417801857 0.887349009514 0.000000000000
vt 0.164518773556 0.968919873238 0.000000000000
vt 0.166064023972 0.847373604774 0.000000000000
vt 0.077064916492 0.944120585918 0.000000000000
vt 0.059791401029 0.825382649899 0.000000000000
vt 0.133106395602 0.710024833679 0.000000000000
vt 0.058298204094 0.694503486156 0.000000000000
vt 0.102170802653 0.603840947151 0.000000000000
vt 0.049569159746 0.623819351196 0.000000000000
vt 0.005977273919 0.487494051456 0.000000000000
vt 0.049250047654 0.482065379620 0.000000000000
vt 0.005137174390 0.634042382240 0.000000000000
vt 0.004297073931 0.697421312332 0.000000000000
vt 0.006817373447 0.817818582058 0.000000000000
vt 0.005137174390 0.932989358902 0.000000000000
vt 0.273532241583 0.754915237427 0.000000000000
vt 0.139267951250 0.605224013329 0.000000000000
vt 0.096735693514 0.482551932335 0.000000000000
vt 0.146590217948 0.390044510365 0.000000000000
vt 0.144554972649 0.529914617538 0.000000000000
vt 0.290759116411 0.723444163799 0.000000000000
vt 0.390558302402 0.766915380955 0.000000000000
vt 0.440724015236 0.821750521660 0.000000000000
vt 0.996605157852 0.435447931290 0.000000000000
vt 0.995502173901 0.530388653278 0.000000000000
vt 0.993057906628 0.627329349518 0.000000000000
vt 0.983998417854 0.755503356457 0.000000000000
vt 0.860458314419 0.860421657562 0.000000000000
vt 0.899792909622 0.300631165504 0.000000000000
vt 0.897027432919 0.438512563705 0.000000000000
vt 0.997447788715 0.304406702518 0.000000000000
vt 0.632176458836 0.691884636879 0.000000000000
vt 0.631503343582 0.666692852974 0.000000000000
vt 0.632849514484 0.627559781075 0.000000000000
vt 0.177126377821 0.294679641724 0.000000000000
vt 0.253016442060 0.402128100395 0.000000000000
vt 0.343776971102 0.430365145206 0.000000000000
vt 0.228076964617 0.413963675499 0.000000000000
vt 0.160379767418 0.409932494164 0.000000000000
# 171 texture coords

g DrawCall_0049
usemtl Material__7459
s 1
f 94/89/145 95/90/146 96/91/147 
f 95/90/146 97/92/148 96/91/147 
f 98/93/149 97/92/148 99/94/150 
f 97/92/148 95/90/146 99/94/150 
f 99/94/150 95/90/146 100/95/151 
f 100/95/151 95/90/146 101/96/152 
f 95/90/146 94/89/145 101/96/152 
f 101/96/152 94/89/145 102/97/153 
f 94/89/145 103/98/154 102/97/153 
f 102/97/153 103/98/154 104/99/155 
f 103/98/154 105/100/156 104/99/155 
f 104/99/155 105/100/156 106/101/157 
f 106/101/157 105/100/156 107/102/158 
f 105/100/156 108/103/159 107/102/158 
f 107/102/158 108/103/159 109/104/160 
f 108/103/159 110/105/161 109/104/160 
f 109/104/160 110/105/161 111/106/162 
f 110/105/161 112/107/163 111/106/162 
f 111/106/162 112/107/163 113/108/164 
f 112/107/163 114/109/165 113/108/164 
f 113/108/164 114/109/165 96/91/147 
f 96/91/147 114/109/165 94/89/145 
f 94/89/145 114/109/165 103/98/154 
f 103/98/154 114/109/165 105/100/156 
f 105/100/156 114/109/165 108/103/159 
f 108/103/159 114/109/165 115/110/166 
f 114/109/165 112/107/163 115/110/166 
f 112/107/163 110/105/161 115/110/166 
f 115/110/166 110/105/161 116/111/167 
f 110/105/161 108/103/159 116/111/167 
f 116/111/167 108/103/159 115/110/166 
f 117/112/168 118/113/169 106/101/157 
f 106/101/157 118/113/169 104/99/155 
f 118/113/169 119/114/170 104/99/155 
f 104/99/155 119/114/170 102/97/153 
f 119/114/170 120/115/171 102/97/153 
f 102/97/153 120/115/171 101/96/152 
f 101/96/152 120/115/171 100/95/151 
f 120/115/171 121/116/172 100/95/151 
f 122/117/173 123/118/174 124/119/175 
f 123/118/174 125/120/176 124/119/175 
f 126/121/177 127/122/178 128/123/179 
f 127/122/178 129/124/180 128/123/179 
f 129/124/180 130/125/181 128/123/179 
f 128/123/179 130/125/181 131/126/182 
f 131/126/182 130/125/181 132/127/183 
f 130/125/181 129/124/180 132/127/183 
f 129/124/180 125/120/176 132/127/183 
f 132/127/183 125/120/176 133/128/184 
f 125/120/176 123/118/174 133/128/184 
f 133/128/184 123/118/174 134/129/185 
f 123/118/174 122/117/173 134/129/185 
f 134/129/185 122/117/173 135/130/186 
f 135/130/186 122/117/173 136/131/187 
f 122/117/173 137/132/188 136/131/187 
f 136/131/187 137/132/188 138/133/189 
f 137/132/188 139/134/190 138/133/189 
f 138/133/189 139/134/190 140/135/191 
f 139/134/190 141/136/192 140/135/191 
f 140/135/191 141/136/192 142/137/193 
f 142/137/193 141/136/192 143/138/194 
f 141/136/192 139/134/190 143/138/194 
f 139/134/190 137/132/188 143/138/194 
f 137/132/188 122/117/173 143/138/194 
f 122/117/173 124/119/175 143/138/194 
f 143/138/194 124/119/175 142/137/193 
f 135/130/186 136/131/187 144/139/195 
f 136/131/187 138/133/189 144/139/195 
f 144/139/195 138/133/189 145/140/196 
f 145/140/196 138/133/189 146/141/197 
f 138/133/189 140/135/191 146/141/197 
f 140/135/191 147/142/198 146/141/197 
f 146/141/197 147/142/198 148/143/199 
f 147/142/198 149/144/200 148/143/199 
f 148/143/199 149/144/200 150/145/201 
f 149/144/200 151/146/202 150/145/201 
f 150/145/201 151/146/202 152/147/203 
f 151/146/202 153/148/204 152/147/203 
f 152/147/203 153/148/204 154/149/205 
f 154/149/205 153/148/204 155/150/206 
f 153/148/204 156/151/207 155/150/206 
f 156/151/207 157/152/208 155/150/206 
f 155/150/206 157/152/208 158/153/209 
f 157/152/208 159/154/210 158/153/209 
f 125/120/176 160/155/211 124/119/175 
f 160/155/211 159/154/210 124/119/175 
f 124/119/175 159/154/210 142/137/193 
f 142/137/193 159/154/210 161/156/212 
f 159/154/210 157/152/208 161/156/212 
f 161/156/212 157/152/208 162/157/213 
f 157/152/208 156/151/207 162/157/213 
f 156/151/207 153/148/204 162/157/213 
f 153/148/204 151/146/202 162/157/213 
f 162/157/213 151/146/202 163/158/214 
f 151/146/202 149/144/200 163/158/214 
f 149/144/200 147/142/198 163/158/214 
f 163/158/214 147/142/198 164/159/215 
f 147/142/198 140/135/191 164/159/215 
f 140/135/191 142/137/193 164/159/215 
f 142/137/193 161/156/212 164/159/215 
f 164/159/215 161/156/212 163/158/214 
f 161/156/212 162/157/213 163/158/214 
f 158/153/209 159/154/210 165/160/216 
f 159/154/210 160/155/211 165/160/216 
f 165/160/216 160/155/211 166/161/217 
f 160/155/211 167/162/218 166/161/217 
f 166/161/217 167/162/218 168/163/219 
f 167/162/218 169/164/220 168/163/219 
f 168/163/219 169/164/220 170/165/221 
f 169/164/220 171/166/222 170/165/221 
f 170/165/221 171/166/222 172/167/223 
f 171/166/222 173/168/224 172/167/223 
f 172/167/223 173/168/224 174/169/225 
f 173/168/224 175/170/226 174/169/225 
f 174/169/225 175/170/226 176/171/227 
f 175/170/226 177/172/228 176/171/227 
f 176/171/227 177/172/228 178/173/229 
f 177/172/228 179/174/230 178/173/229 
f 178/173/229 179/174/230 180/175/231 
f 179/174/230 181/176/232 180/175/231 
f 176/171/227 182/177/233 174/169/225 
f 182/177/233 183/178/234 174/169/225 
f 183/178/234 184/179/235 174/169/225 
f 174/169/225 184/179/235 172/167/223 
f 172/167/223 184/179/235 170/165/221 
f 184/179/235 185/180/236 170/165/221 
f 170/165/221 185/180/236 168/163/219 
f 185/180/236 186/181/237 168/163/219 
f 168/163/219 186/181/237 166/161/217 
f 186/181/237 187/182/238 166/161/217 
f 166/161/217 187/182/238 188/183/239 
f 187/182/238 189/184/240 188/183/239 
f 188/183/239 189/184/240 190/185/241 
f 189/184/240 191/186/242 190/185/241 
f 191/186/242 192/187/243 190/185/241 
f 190/185/241 192/187/243 155/150/206 
f 155/150/206 192/187/243 154/188/244 
f 192/187/243 193/189/245 154/188/244 
f 154/188/244 193/189/245 152/147/203 
f 152/147/203 193/189/245 182/177/233 
f 182/177/233 193/189/245 183/178/234 
f 193/189/245 192/187/243 183/178/234 
f 192/187/243 191/186/242 183/178/234 
f 183/178/234 191/186/242 194/190/246 
f 191/186/242 189/184/240 194/190/246 
f 194/190/246 189/184/240 195/191/247 
f 189/184/240 187/182/238 195/191/247 
f 195/191/247 187/182/238 196/192/248 
f 187/182/238 186/181/237 196/192/248 
f 186/181/237 185/180/236 196/192/248 
f 196/192/248 185/180/236 197/193/249 
f 185/180/236 184/179/235 197/193/249 
f 184/179/235 183/178/234 197/193/249 
f 183/178/234 194/190/246 197/193/249 
f 197/193/249 194/190/246 196/192/248 
f 194/190/246 195/191/247 196/192/248 
f 158/153/209 198/194/250 155/150/206 
f 155/150/206 198/194/250 190/185/241 
f 190/185/241 198/194/250 188/183/239 
f 188/183/239 198/194/250 166/161/217 
f 166/161/217 198/194/250 165/160/216 
f 198/194/250 158/153/209 165/160/216 
f 150/145/201 152/147/203 199/195/251 
f 152/147/203 182/177/233 199/195/251 
f 182/177/233 176/171/227 199/195/251 
f 199/195/251 176/171/227 200/196/252 
f 176/171/227 178/173/229 200/196/252 
f 200/196/252 178/173/229 201/197/253 
f 202/198/254 203/199/255 204/200/256 
f 203/199/255 205/201/257 204/200/256 
f 204/200/256 205/201/257 206/202/258 
f 205/201/257 207/203/259 206/202/258 
f 206/202/258 207/203/259 208/204/260 
f 207/203/259 209/205/261 208/204/260 
f 208/204/260 209/205/261 210/206/262 
f 209/205/261 148/143/199 210/206/262 
f 148/143/199 150/145/201 210/206/262 
f 210/206/262 150/145/201 208/204/260 
f 150/145/201 199/195/251 208/204/260 
f 208/204/260 199/195/251 206/202/258 
f 199/195/251 200/196/252 206/202/258 
f 200/196/252 201/197/253 206/202/258 
f 206/202/258 201/197/253 204/200/256 
f 201/197/253 202/198/254 204/200/256 
f 207/203/259 205/201/257 211/207/263 
f 205/201/257 203/199/255 211/207/263 
f 203/199/255 145/140/196 211/207/263 
f 145/140/196 146/141/197 211/207/263 
f 146/141/197 148/143/199 211/207/263 
f 148/143/199 209/205/261 211/207/263 
f 211/207/263 209/205/261 207/203/259 
f 212/208/264 213/209/265 214/210/266 
f 214/210/266 213/209/265 215/211/267 
f 215/211/267 213/209/265 216/212/268 
f 213/209/265 217/213/269 216/212/268 
f 96/214/270 97/215/271 217/213/269 
f 217/213/269 97/215/271 216/212/268 
f 97/215/271 98/216/272 216/212/268 
f 98/216/272 218/217/273 216/212/268 
f 216/212/268 218/217/273 215/211/267 
f 218/217/273 219/218/274 215/211/267 
f 219/218/274 220/219/275 215/211/267 
f 215/211/267 220/219/275 214/210/266 
f 220/219/275 221/220/276 214/210/266 
f 214/210/266 221/220/276 222/221/277 
f 221/220/276 223/222/278 222/221/277 
f 222/221/277 223/222/278 224/223/279 
f 223/222/278 225/224/280 224/223/279 
f 225/224/280 226/225/281 224/223/279 
f 224/223/279 226/225/281 227/226/282 
f 226/225/281 228/227/283 227/226/282 
f 227/226/282 228/227/283 229/228/284 
f 228/227/283 230/229/285 229/228/284 
f 117/230/286 231/231/287 118/232/288 
f 231/231/287 230/229/285 118/232/288 
f 118/232/288 230/229/285 119/233/289 
f 230/229/285 228/227/283 119/233/289 
f 119/233/289 228/227/283 120/234/290 
f 228/227/283 226/225/281 120/234/290 
f 226/225/281 225/224/280 120/234/290 
f 120/234/290 225/224/280 121/235/291 
f 214/210/266 222/221/277 212/208/264 
f 212/208/264 222/221/277 232/236/292 
f 222/221/277 224/223/279 232/236/292 
f 224/223/279 227/226/282 232/236/292 
f 232/236/292 227/226/282 233/237/293 
f 227/226/282 229/228/284 233/237/293 
f 229/228/284 234/238/294 233/237/293 
f 234/238/294 235/239/295 233/237/293 
f 235/239/295 236/240/296 233/237/293 
f 236/240/296 181/176/232 233/237/293 
f 181/176/232 179/174/230 233/237/293 
f 233/237/293 179/174/230 232/236/292 
f 232/236/292 179/174/230 237/241/297 
f 179/174/230 177/172/228 237/241/297 
f 237/241/297 177/172/228 238/242/298 
f 177/172/228 175/170/226 238/242/298 
f 238/242/298 175/170/226 239/243/299 
f 175/170/226 173/168/224 239/243/299 
f 213/209/265 212/208/264 239/243/299 
f 212/208/264 232/236/292 239/243/299 
f 232/236/292 237/241/297 239/243/299 
f 239/243/299 237/241/297 238/242/298 
f 109/244/300 111/245/301 133/128/184 
f 111/245/301 113/246/302 133/128/184 
f 133/128/184 113/246/302 132/127/183 
f 132/127/183 113/246/302 131/126/182 
f 113/246/302 96/247/303 131/126/182 
f 131/126/182 96/247/303 128/123/179 
f 96/247/303 217/248/304 128/123/179 
f 217/248/304 213/209/265 128/123/179 
f 128/123/179 213/209/265 126/121/177 
f 213/209/265 239/243/299 126/121/177 
f 239/243/299 173/168/224 126/121/177 
f 173/168/224 171/166/222 126/121/177 
f 126/121/177 171/166/222 127/122/178 
f 171/166/222 169/164/220 127/122/178 
f 169/164/220 167/162/218 127/122/178 
f 127/122/178 167/162/218 129/124/180 
f 129/124/180 167/162/218 125/120/176 
f 167/162/218 160/155/211 125/120/176 
f 144/139/195 240/249/305 135/130/186 
f 135/130/186 240/249/305 134/129/185 
f 240/249/305 241/250/306 134/129/185 
f 134/129/185 241/250/306 133/128/184 
f 133/128/184 241/250/306 109/244/300 
f 241/250/306 240/249/305 109/244/300 
f 109/244/300 240/249/305 107/251/307 
f 195/191/308 187/182/309 242/252/310 
f 187/182/309 166/161/311 242/252/310 
f 242/252/310 166/161/311 243/253/312 
f 243/253/312 166/161/311 244/254/313 
f 166/161/311 187/182/309 244/254/313 
f 187/182/309 195/191/308 244/254/313 
f 244/254/313 195/191/308 194/190/314 
f 195/191/308 242/252/310 194/190/314 
f 194/190/314 242/252/310 183/178/315 
f 242/252/310 243/253/312 183/178/315 
f 243/253/312 244/254/313 183/178/315 
f 183/178/315 244/254/313 194/190/314 
f 229/228/284 230/229/285 234/238/294 
f 230/229/285 231/231/287 234/238/294 
f 231/231/287 245/255/316 234/238/294 
f 234/238/294 245/255/316 235/239/295 
f 235/239/295 245/255/316 246/256/317 
f 245/255/316 202/198/254 246/256/317 
f 246/256/317 202/198/254 247/257/318 
f 202/198/254 201/197/253 247/257/318 
f 201/197/253 178/173/229 247/257/318 
f 247/257/318 178/173/229 246/256/317 
f 178/173/229 180/175/231 246/256/317 
f 180/175/231 248/258/319 246/256/317 
f 246/256/317 248/258/319 235/239/295 
f 248/258/319 249/259/320 235/239/295 
f 235/239/295 249/259/320 236/240/296 
f 249/259/320 248/258/319 236/240/296 
f 236/240/296 248/258/319 181/176/232 
f 248/258/319 180/175/231 181/176/232 
# 0 polygons - 298 triangles

#
# object DrawCall_0050
#

v  -0.410644531250 31.603210449219 2.973556518555
v  0.208023071289 31.603309631348 2.975158691406
v  -0.045410156250 32.881912231445 4.657653808594
v  -1.381164550781 32.190910339355 -3.082138061523
v  -1.422485351563 22.317596435547 -2.716659545898
v  -0.763916015625 23.413871765137 1.038589477539
v  -1.057037353516 20.781929016113 0.714019775391
v  -1.593338012695 16.995948791504 -3.417160034180
v  -1.235687255859 18.935424804688 0.833435058594
v  -1.667999267578 13.059761047363 -0.603073120117
v  -1.843673706055 14.308464050293 -3.416915893555
v  -1.290420532227 9.104476928711 -0.785232543945
v  -1.774963378906 9.423828125000 -4.721862792969
v  -0.858856201172 6.867485046387 -0.593185424805
v  -1.098770141602 5.810157775879 -4.833938598633
v  -4.520004272461 9.236785888672 -5.419464111328
v  -4.218872070313 5.997062683105 -5.656707763672
v  -7.532531738281 6.055191040039 -2.617218017578
v  -7.090774536133 9.987174987793 -2.621368408203
v  -7.170303344727 7.366981506348 0.940765380859
v  -6.355148315430 9.801162719727 0.628692626953
v  -5.558670043945 7.930274963379 3.197662353516
v  -6.453689575195 23.352096557617 1.577560424805
v  -6.751922607422 23.664566040039 -1.861190795898
v  -6.368225097656 21.156570434570 1.379440307617
v  -6.598312377930 18.122184753418 -2.188385009766
v  -6.237106323242 19.561233520508 1.187438964844
v  -6.048553466797 13.810966491699 0.753448486328
v  -6.409683227539 14.934455871582 -2.561096191406
v  -4.337417602539 14.620574951172 -4.927398681641
v  -2.563125610352 7.743835449219 3.211257934570
v  -3.985153198242 9.667312622070 2.135345458984
v  -3.928283691406 13.436225891113 1.887420654297
v  -3.617370605469 19.123992919922 2.448501586914
v  -3.502593994141 20.345413208008 3.077072143555
v  -3.335586547852 22.351745605469 3.215499877930
v  -5.889099121094 33.630043029785 2.516006469727
v  -1.778610229492 32.972045898438 4.777481079102
v  -5.338333129883 38.052196502686 3.402313232422
v  -0.045959472656 37.795417785645 5.160232543945
v  1.748413085938 32.972362518311 4.786956787109
v  3.128173828125 22.351982116699 2.798202514648
v  0.322677612305 23.477371215820 1.037216186523
v  0.636032104492 20.852294921875 0.725982666016
v  3.298934936523 20.341796875000 3.101425170898
v  3.351058959961 19.186729431152 2.470703125000
v  0.732391357422 18.998847961426 0.835556030273
v  3.917419433594 12.436004638672 1.226074218750
v  1.238403320313 12.060371398926 -0.971725463867
v  3.227935791016 10.686309814453 1.661727905273
v  0.801132202148 10.310371398926 -1.097595214844
v  2.598617553711 8.117561340332 3.099822998047
v  0.674392700195 6.244369506836 0.222351074219
v  6.870544433594 9.433624267578 -2.886016845703
v  6.306991577148 13.871444702148 -2.452789306641
v  6.045791625977 10.747749328613 0.297668457031
v  5.858856201172 12.747756958008 0.233489990234
v  6.043472290039 19.560745239258 1.231002807617
v  6.171371459961 21.157768249512 1.422714233398
v  6.320190429688 23.351509094238 1.685638427734
v  6.708892822266 23.601371765137 -1.812896728516
v  6.431427001953 18.121597290039 -2.141815185547
v  4.129318237305 17.370674133301 -4.837966918945
v  4.443664550781 13.432815551758 -5.459899902344
v  4.757232666016 9.182533264160 -5.894134521484
v  1.067123413086 9.495895385742 -5.221206665039
v  1.313613891602 13.808876037598 -4.159774780273
v  1.436248779297 17.371742248535 -3.410964965820
v  4.030258178711 23.914222717285 -4.073364257813
v  1.024414062500 22.352188110352 -2.647552490234
v  1.408645629883 32.128067016602 -3.067810058594
v  4.655227661133 32.997268676758 -3.311141967773
v  2.480209350586 35.300777435303 -4.625000000000
v  5.035964965820 35.426097869873 -3.867538452148
v  6.834106445313 33.806465148926 -1.116256713867
v  6.251129150391 33.629287719727 2.559020996094
v  -0.011779785156 34.959545135498 -4.379241943359
v  -0.012344360352 38.505840301514 -4.374816894531
v  5.159439086914 38.565601348877 -3.483444213867
v  6.216506958008 38.603374481201 -0.673477172852
v  5.259140014648 38.552036285400 3.438827514648
v  -0.045410156250 40.011741638184 5.369369506836
v  5.461013793945 40.136749267578 3.450256347656
v  6.411453247070 40.136737823486 -0.421585083008
v  4.981887817383 40.136734008789 -2.801391601563
v  -0.014526367188 40.136745452881 -3.880569458008
v  -5.185058593750 38.029304504395 -3.514739990234
v  -5.018051147461 40.074249267578 -2.834747314453
v  -6.197952270508 38.066627502441 -0.714614868164
v  -6.463470458984 40.074264526367 -0.464569091797
v  -5.538909912109 40.074253082275 3.413528442383
v  -6.757385253906 33.807266235352 -0.664352416992
v  -5.062622070313 35.426200866699 -3.901687622070
v  -2.496948242188 35.231651306152 -4.631622314453
v  -4.622741699219 32.997360229492 -3.342498779297
v  -4.179580688477 23.914192199707 -4.225585937500
v  -3.900604248047 17.370658874512 -4.676895141602
v  5.656646728516 8.366622924805 3.109542846680
v  7.286056518555 7.304351806641 1.429977416992
v  7.428665161133 6.117782592773 -2.938278198242
v  4.324096679688 5.562591552734 -6.437744140625
v  0.824569702148 5.374641418457 -5.637832641602
# 102 vertices

vn -0.001438905718 -0.796287119389 0.604917168617
vn -0.646625697613 -0.717600822449 0.258697152138
vn -0.001438905718 -0.796287178993 0.604917049408
vn -0.001438905601 -0.796287119389 0.604917109013
vn 0.320248574018 -0.900661349297 0.293683499098
vn -0.000602955814 -0.956407964230 0.292033314705
vn 0.428224265575 -0.189912363887 -0.883491516113
vn -0.001439034822 -0.796287119389 0.604917109013
vn -0.001439034939 -0.796287119389 0.604917109013
vn 0.840882718563 0.009477402084 -0.541134417057
vn 0.986037850380 -0.033826567233 -0.163049399853
vn 0.992033541203 -0.067742086947 -0.106209307909
vn 0.834977865219 -0.023069553077 -0.549799740314
vn 0.995282232761 -0.086278259754 -0.044377040118
vn 0.998756587505 0.025771839544 -0.042674429715
vn 0.860865414143 0.040253903717 -0.507238030434
vn 0.987400412560 0.125416442752 -0.096494160593
vn 0.728531837463 0.129937872291 -0.672575235367
vn 0.977683722973 0.182605519891 -0.103873617947
vn 0.739658355713 0.164011895657 -0.652691066265
vn -0.284218341112 0.078278899193 -0.955558657646
vn -0.193919628859 0.053706951439 -0.979546189308
vn -0.912453949451 0.079284571111 -0.401424586773
vn -0.948450744152 0.142301678658 -0.283180862665
vn -0.917726039886 0.270463466644 0.290909707546
vn -0.823169112206 0.278236985207 0.494951307774
vn -0.393664240837 0.565981268883 0.724357426167
vn -0.842190265656 -0.040352113545 0.537668347359
vn -0.936427533627 0.018236443400 -0.350386708975
vn -0.834091663361 -0.101752795279 0.542160034180
vn -0.938728094101 -0.011212513782 -0.344476133585
vn -0.810178935528 -0.106227159500 0.576477169991
vn -0.828292369843 -0.002393052913 0.560291051865
vn -0.940356791019 0.061573151499 -0.334571182728
vn -0.183501884341 0.144603013992 -0.972325563431
vn 0.508821010590 0.578967571259 0.637100994587
vn 0.155580610037 0.464972317219 0.871547698975
vn 0.146822467446 -0.053271397948 0.987727344036
vn 0.073910720646 -0.231500491500 0.970023036003
vn 0.092994004488 -0.276520103216 0.956498146057
vn 0.111832991242 -0.127707704902 0.985486745834
vn -0.803177893162 -0.027849370614 0.595088005066
vn -0.115318849683 -0.216169416904 0.969521701336
vn -0.725436747074 -0.028741752729 0.687688469887
vn -0.323724091053 -0.025999354199 0.945794224739
vn 0.678095102310 -0.182768553495 0.711886703968
vn 0.651547133923 -0.132525444031 0.746942639351
vn 0.585889756680 -0.075931280851 0.806825637817
vn 0.731636047363 -0.072730340064 0.677804529667
vn 0.815123200417 0.240641683340 0.526939988136
vn 0.909819960594 0.206431880593 0.360018849373
vn 0.575641036034 -0.374893814325 0.726699411869
vn -0.001705200179 -0.489999383688 0.871721088886
vn -0.002579244087 -0.101754218340 0.994806230068
vn 0.106972411275 -0.217631742358 0.970151185989
vn -0.526688039303 -0.384279787540 0.758240580559
vn -0.120930992067 -0.054791789502 0.991147577763
vn -0.574380159378 -0.183603495359 0.797732532024
vn -0.591592729092 -0.089168295264 0.801290869713
vn -0.075046941638 -0.193359211087 0.978253662586
vn -0.070433460176 -0.279469251633 0.957567811012
vn -0.536192417145 -0.098895207047 0.838282406330
vn -0.021643580869 0.004861976951 0.999753952026
vn -0.688204824924 0.029010558501 0.724936187267
vn -0.273485511541 0.487855732441 0.828976750374
vn -0.785970449448 0.232817113400 0.572753548622
vn -0.527202188969 0.434824466705 0.730058610439
vn -0.867582082748 0.177807629108 0.464419841766
vn 0.947815716267 0.182263538241 -0.261582493782
vn 0.973541200161 0.075988881290 -0.215506792068
vn 0.803432643414 0.324592679739 0.499134838581
vn 0.809309363365 -0.000862015702 0.587382018566
vn 0.796339273453 -0.123020127416 0.592207551003
vn 0.808429539204 -0.105383798480 0.579081952572
vn 0.791934072971 -0.082665309310 0.604985058308
vn 0.932078659534 -0.010150647722 -0.362113773823
vn 0.954038858414 -0.002169579035 -0.299675077200
vn 0.202065601945 0.137247413397 -0.969707489014
vn 0.317870318890 0.185273274779 -0.929856061935
vn 0.383729338646 0.117572173476 -0.915930449963
vn -0.742696404457 0.118893802166 -0.658988893032
vn -0.823336660862 0.156438454986 -0.545567393303
vn -0.822740793228 0.065970182419 -0.564575552940
vn 0.142966881394 0.038274988532 -0.988987088203
vn -0.824323534966 0.008601738140 -0.566053628922
vn -0.303235173225 -0.432156622410 -0.849287390709
vn 0.424144566059 -0.154277577996 -0.892356336117
vn 0.102403931320 -0.134104281664 -0.985661923885
vn 0.602726638317 -0.047286570072 -0.796545386314
vn 0.969376802444 0.036902695894 -0.242789566517
vn 0.821090161800 0.002030851785 0.570794880390
vn -0.983003556728 -0.013473645784 -0.183091312647
vn -0.016000952572 -0.835545301437 -0.549188554287
vn 0.003086075652 -0.241387277842 -0.970423936844
vn -0.008233465254 0.206918150187 -0.978323638439
vn 0.634436845779 0.221058338881 -0.740690946579
vn 0.991487443447 0.031428650022 -0.126352086663
vn 0.716100931168 -0.024132518098 0.697579443455
vn 0.316302001476 -0.023857560009 0.948358535767
vn -0.001523512998 -0.093944288790 0.995576262474
vn 0.750333011150 -0.105802699924 0.652538239956
vn 0.988303601742 -0.102133713663 -0.113246299326
vn 0.643018722534 0.313824445009 -0.698599398136
vn -0.009541280568 0.307708024979 -0.951433002949
vn -0.650055050850 0.186839729548 -0.736559092999
vn -0.643687129021 0.229123607278 -0.730184435844
vn -0.991002619267 0.029190244153 -0.130620658398
vn -0.985610723495 -0.103955514729 -0.133284300566
vn -0.750366747379 -0.084925577044 0.655543625355
vn -0.989394128323 0.024451605976 -0.143183097243
vn -0.622699081898 -0.055202040821 -0.780511736870
vn -0.097943991423 -0.137097850442 -0.985703408718
vn -0.463328540325 -0.151015177369 -0.873224556446
vn -0.141264081001 0.033895771950 -0.989391505718
vn -0.086683034897 0.063913881779 -0.994183599949
vn 0.425615429878 0.578357398510 0.695955634117
vn 0.905704617500 0.352269500494 0.235807791352
vn 0.920995831490 0.125101715326 -0.368939399719
vn 0.217391297221 0.119465924799 -0.968746066093
vn -0.729718863964 0.130862861872 -0.671107530594
vn -0.998078465462 0.035318247974 -0.050911169499
vn -0.996278524399 0.080090947449 -0.031852550805
vn -0.989382386208 0.141928717494 0.031284455210
vn -0.988223731518 -0.050656378269 -0.144387677312
vn -0.986284852028 -0.074965350330 -0.147045701742
# 125 vertex normals

vt 0.008382798173 0.268142938614 0.000000000000
vt 0.010228497908 0.320142269135 0.000000000000
vt 0.036068290472 0.197352707386 0.000000000000
vt 0.012074196711 0.357327222824 0.000000000000
vt 0.008382798173 0.277395784855 0.000000000000
vt 0.079266801476 0.285107553005 0.000000000000
vt 0.156227171421 0.425544857979 0.000000000000
vt 0.015765596181 0.417326450348 0.000000000000
vt 0.024994093925 0.488412141800 0.000000000000
vt 0.174855157733 0.568317413330 0.000000000000
vt 0.015765598044 0.573268294334 0.000000000000
vt 0.015765598044 0.709897100925 0.000000000000
vt 0.188686385751 0.714854061604 0.000000000000
vt 0.015765598044 0.919000029564 0.000000000000
vt 0.189866855741 0.919000029564 0.000000000000
vt 0.015765598044 0.999000012875 0.000000000000
vt 0.215257361531 0.999000012875 0.000000000000
vt 0.297397732735 0.919000029564 0.000000000000
vt 0.300211727619 0.999000012875 0.000000000000
vt 0.385754406452 0.999000012875 0.000000000000
vt 0.393520891666 0.919000029564 0.000000000000
vt 0.593034029007 0.999000012875 0.000000000000
vt 0.598649322987 0.917154312134 0.000000000000
vt 0.720041096210 0.999000012875 0.000000000000
vt 0.658694565296 0.364438354969 0.000000000000
vt 0.421573013067 0.368196845055 0.000000000000
vt 0.659555435181 0.476650834084 0.000000000000
vt 0.426585406065 0.566057145596 0.000000000000
vt 0.663152873516 0.561166048050 0.000000000000
vt 0.629366099834 0.696122527122 0.000000000000
vt 0.413183033466 0.710480093956 0.000000000000
vt 0.311381697655 0.719347000122 0.000000000000
vt 0.820717930794 0.999000012875 0.000000000000
vt 0.805124998093 0.915308594704 0.000000000000
vt 0.801918208599 0.699618577957 0.000000000000
vt 0.823217451572 0.570272922516 0.000000000000
vt 0.802174150944 0.499657452106 0.000000000000
vt 0.835132300854 0.380098521709 0.000000000000
vt 0.696279644966 0.235892653465 0.000000000000
vt 0.887642383575 0.239742159843 0.000000000000
vt 0.660966813564 0.059228539467 0.000000000000
vt 0.942821443081 0.057998120785 0.000000000000
vt 0.971314549446 0.408097863197 0.000000000000
vt 0.971314549446 0.492103517056 0.000000000000
vt 0.975005924702 0.576959729195 0.000000000000
vt 0.975005924702 0.713588476181 0.000000000000
vt 0.975005924702 0.922691404819 0.000000000000
vt 0.975005924702 1.002691388130 0.000000000000
vt 0.965777397156 0.316463351250 0.000000000000
vt 0.984234452248 0.246245324612 0.000000000000
vt 0.980543017387 0.059228599072 0.000000000000
vt 0.293134391308 0.573997974396 0.000000000000
vt 0.277730822563 0.350322246552 0.000000000000
vt 0.153903231025 0.306570291519 0.000000000000
vt 0.282690703869 0.250275433064 0.000000000000
vt 0.149252757430 0.184552669525 0.000000000000
vt 0.287487447262 0.180622756481 0.000000000000
vt 0.432810455561 0.211386322975 0.000000000000
vt 0.012013172731 0.267336189747 0.000000000000
vt 0.015848506242 0.215326011181 0.000000000000
vt 0.019868090749 0.066611349583 0.000000000000
vt 0.228109046817 0.062919974327 0.000000000000
vt 0.462318778038 0.062919974327 0.000000000000
vt 0.915655016899 0.058305740356 0.000000000000
vt 0.917249321938 0.012997031212 0.000000000000
vt 0.656399369240 0.012074172497 0.000000000000
vt 0.471552461386 0.012074172497 0.000000000000
vt 0.230715274811 0.012997031212 0.000000000000
vt 0.019339049235 0.021302759647 0.000000000000
# 69 texture coords

g DrawCall_0050
usemtl Material__7460
s 1
f 250/260/321 251/261/322 252/262/323 
f 250/260/321 251/261/324 252/262/323 
f 250/263/325 251/264/326 252/262/323 
f 253/265/327 251/264/326 250/263/325 
f 251/264/328 252/262/329 250/263/325 
f 253/265/327 250/263/325 254/266/330 
f 250/263/325 255/267/331 254/266/330 
f 255/267/331 256/268/332 254/266/330 
f 254/266/330 256/268/332 257/269/333 
f 256/268/332 258/270/334 257/269/333 
f 258/270/334 259/271/335 257/269/333 
f 257/269/333 259/271/335 260/272/336 
f 259/271/335 261/273/337 260/272/336 
f 260/272/336 261/273/337 262/274/338 
f 261/273/337 263/275/339 262/274/338 
f 263/275/339 264/276/340 262/274/338 
f 262/274/338 264/276/340 265/277/341 
f 264/276/340 266/278/342 265/277/341 
f 266/278/342 267/279/343 265/277/341 
f 265/277/341 267/279/343 268/280/344 
f 267/279/343 269/281/345 268/280/344 
f 268/280/344 269/281/345 270/282/346 
f 269/281/345 271/283/347 270/282/346 
f 272/284/348 273/285/349 274/286/350 
f 273/285/349 275/287/351 274/286/350 
f 274/286/350 275/287/351 276/288/352 
f 276/288/352 275/287/351 277/289/353 
f 275/287/351 278/290/354 277/289/353 
f 277/289/353 278/290/354 270/282/346 
f 270/282/346 278/290/354 268/280/344 
f 278/290/354 279/291/355 268/280/344 
f 268/280/344 279/291/355 265/277/341 
f 279/291/355 262/274/338 265/277/341 
f 280/292/356 281/293/357 271/283/347 
f 271/283/347 281/293/357 270/282/346 
f 270/282/346 281/293/357 277/289/353 
f 281/293/357 282/294/358 277/289/353 
f 277/289/353 282/294/358 276/288/352 
f 282/294/358 283/295/359 276/288/352 
f 276/288/352 283/295/359 274/286/350 
f 283/295/359 284/296/360 274/286/350 
f 284/296/360 285/297/361 274/286/350 
f 274/286/350 285/297/361 272/284/348 
f 272/284/348 285/297/361 286/298/362 
f 285/297/361 287/299/363 286/298/362 
f 286/298/362 287/299/363 288/300/364 
f 287/299/363 289/301/365 288/300/364 
f 255/302/366 285/297/361 256/303/367 
f 285/297/361 284/296/360 256/303/367 
f 284/296/360 283/295/359 256/303/367 
f 256/303/367 283/295/359 258/304/368 
f 283/295/359 282/294/358 258/304/368 
f 258/304/368 282/294/358 259/305/369 
f 282/294/358 281/293/357 259/305/369 
f 259/305/369 281/293/357 261/306/370 
f 281/293/357 280/292/356 261/306/370 
f 261/306/370 280/292/356 263/307/371 
f 255/302/366 250/308/372 285/297/361 
f 285/297/361 250/308/372 287/299/363 
f 250/308/372 252/309/373 287/299/363 
f 287/299/363 252/309/373 289/310/374 
f 289/310/374 252/309/373 290/299/375 
f 252/309/373 251/308/376 290/299/375 
f 290/299/375 251/308/376 291/297/377 
f 251/308/376 292/302/378 291/297/377 
f 292/302/378 293/303/379 291/297/377 
f 291/297/377 293/303/379 294/296/380 
f 294/296/380 293/303/379 295/295/381 
f 293/303/379 296/304/382 295/295/381 
f 295/295/381 296/304/382 297/294/383 
f 296/304/382 298/305/384 297/294/383 
f 297/294/383 298/305/384 299/293/385 
f 298/305/384 300/306/386 299/293/385 
f 299/293/385 300/306/386 301/292/387 
f 300/306/386 302/307/388 301/292/387 
f 303/280/389 304/290/390 305/282/391 
f 304/290/390 306/289/392 305/282/391 
f 305/282/391 306/289/392 299/293/385 
f 299/293/385 306/289/392 297/294/383 
f 306/289/392 307/288/393 297/294/383 
f 297/294/383 307/288/393 295/295/381 
f 307/288/393 308/286/394 295/295/381 
f 295/295/381 308/286/394 294/296/380 
f 294/296/380 308/286/394 291/297/377 
f 291/297/377 308/286/394 309/284/395 
f 309/284/395 308/286/394 310/285/396 
f 310/285/396 308/286/394 311/287/397 
f 308/286/394 307/288/393 311/287/397 
f 307/288/393 306/289/392 311/287/397 
f 306/289/392 304/290/390 311/287/397 
f 311/287/397 304/290/390 312/311/398 
f 304/290/390 313/291/399 312/311/398 
f 304/290/390 303/280/389 313/291/399 
f 303/280/389 314/277/400 313/291/399 
f 314/277/400 315/274/401 313/291/399 
f 315/274/401 316/272/402 313/291/399 
f 313/291/399 316/272/402 312/311/398 
f 316/272/402 317/269/403 312/311/398 
f 312/311/398 317/269/403 318/312/404 
f 317/269/403 319/266/405 318/312/404 
f 319/266/405 320/313/406 318/312/404 
f 318/312/404 320/313/406 321/314/407 
f 320/313/406 322/315/408 321/314/407 
f 322/315/408 323/316/409 321/314/407 
f 323/316/409 324/317/410 321/314/407 
f 321/314/407 324/317/410 310/285/396 
f 324/317/410 325/298/411 310/285/396 
f 310/285/396 325/298/411 309/284/395 
f 309/284/395 325/298/411 291/297/377 
f 325/298/411 290/299/375 291/297/377 
f 292/267/412 251/261/322 319/266/405 
f 319/266/405 251/261/322 320/313/406 
f 251/261/322 253/318/413 320/313/406 
f 253/318/413 326/319/414 320/313/406 
f 320/313/406 326/319/414 322/315/408 
f 326/319/414 327/320/415 322/315/408 
f 327/320/415 328/321/416 322/315/408 
f 322/315/408 328/321/416 323/316/409 
f 328/321/416 329/322/417 323/316/409 
f 323/316/409 329/322/417 324/317/410 
f 329/322/417 330/300/418 324/317/410 
f 324/317/410 330/300/418 325/298/411 
f 325/298/411 330/300/418 290/299/375 
f 330/300/418 289/323/419 290/299/375 
f 331/324/420 289/323/419 332/325/421 
f 289/323/419 330/300/418 332/325/421 
f 332/325/421 330/300/418 333/326/422 
f 330/300/418 329/322/417 333/326/422 
f 333/326/422 329/322/417 334/327/423 
f 329/322/417 328/321/416 334/327/423 
f 334/327/423 328/321/416 335/328/424 
f 328/321/416 327/320/415 335/328/424 
f 327/320/415 336/321/425 335/328/424 
f 335/328/424 336/321/425 337/327/426 
f 336/321/425 338/322/427 337/327/426 
f 337/327/426 338/322/427 339/326/428 
f 338/322/427 288/300/364 339/326/428 
f 339/326/428 288/300/364 340/325/429 
f 288/300/364 289/301/365 340/325/429 
f 340/325/429 289/301/365 331/324/420 
f 272/284/348 286/298/362 273/285/349 
f 273/285/349 286/298/362 341/317/430 
f 286/298/362 288/300/364 341/317/430 
f 288/300/364 338/322/427 341/317/430 
f 341/317/430 338/322/427 342/316/431 
f 338/322/427 336/321/425 342/316/431 
f 342/316/431 336/321/425 343/315/432 
f 336/321/425 327/320/415 343/315/432 
f 327/320/415 326/319/414 343/315/432 
f 326/319/414 253/265/327 343/315/432 
f 343/315/432 253/265/327 344/314/433 
f 344/314/433 253/265/327 345/312/434 
f 253/265/327 254/266/330 345/312/434 
f 254/266/330 257/269/333 345/312/434 
f 345/312/434 257/269/333 346/311/435 
f 257/269/333 260/272/336 346/311/435 
f 346/311/435 260/272/336 279/291/355 
f 260/272/336 262/274/338 279/291/355 
f 279/291/355 278/290/354 346/311/435 
f 278/290/354 275/287/351 346/311/435 
f 346/311/435 275/287/351 345/312/434 
f 275/287/351 273/285/349 345/312/434 
f 345/312/434 273/285/349 344/314/433 
f 273/285/349 341/317/430 344/314/433 
f 341/317/430 342/316/431 344/314/433 
f 344/314/433 342/316/431 343/315/432 
f 321/314/407 310/285/396 318/312/404 
f 310/285/396 311/287/397 318/312/404 
f 318/312/404 311/287/397 312/311/398 
f 301/292/387 347/283/436 299/293/385 
f 299/293/385 347/283/436 305/282/391 
f 347/283/436 348/281/437 305/282/391 
f 305/282/391 348/281/437 303/280/389 
f 348/281/437 349/279/438 303/280/389 
f 303/280/389 349/279/438 314/277/400 
f 349/279/438 350/278/439 314/277/400 
f 350/278/439 351/276/440 314/277/400 
f 314/277/400 351/276/440 315/274/401 
f 351/276/440 302/275/441 315/274/401 
f 302/275/441 300/273/442 315/274/401 
f 315/274/401 300/273/442 316/272/402 
f 300/273/442 298/271/443 316/272/402 
f 316/272/402 298/271/443 317/269/403 
f 298/271/443 296/270/444 317/269/403 
f 296/270/444 293/268/445 317/269/403 
f 317/269/403 293/268/445 319/266/405 
f 293/268/445 292/267/412 319/266/405 
# 0 polygons - 187 triangles

#
# object DrawCall_0051
#

v  34.764587402344 58.065788269043 -3.326400756836
v  33.849838256836 57.964668273926 -2.831924438477
v  33.727416992188 58.089817047119 -3.582336425781
v  33.850524902344 58.902187347412 -2.831878662109
v  35.075958251953 58.878013610840 -2.762893676758
v  34.761840820313 58.253223419189 -2.388900756836
v  33.908843994141 57.964557647705 -1.769226074219
v  35.136184692383 58.940422058105 -2.012695312500
v  33.909881591797 59.089569091797 -1.831665039063
v  36.992218017578 58.501953125000 -2.158843994141
v  36.931640625000 58.502033233643 -2.784027099609
v  35.242706298828 58.128253936768 -2.414291381836
v  36.680267333984 57.939704895020 -2.472351074219
v  -33.598495483398 57.799774169922 -2.998413085938
v  -34.648132324219 57.860748291016 -3.439346313477
v  -33.536926269531 57.924709320068 -3.689392089844
v  -36.851699829102 58.350616455078 -2.934631347656
v  -36.924118041992 58.348480224609 -2.310440063477
v  -35.007171630859 58.543594360352 -2.934051513672
v  -35.153610229492 58.778930664063 -2.127838134766
v  -33.604995727539 58.732604980469 -2.997802734375
v  -33.735015869141 58.855171203613 -2.062530517578
v  -33.663681030273 57.798507690430 -2.001235961914
v  -34.718978881836 58.102615356445 -2.569046020508
v  -35.310150146484 57.849960327148 -2.557800292969
v  -36.623443603516 57.784751892090 -2.622589111328
v  -33.664260864258 58.662952423096 -3.695983886719
v  -34.769042968750 58.370887756348 -3.869430541992
v  -35.230255126953 57.853481292725 -3.495666503906
v  -36.082138061523 58.291610717773 -3.865692138672
v  -35.913009643555 57.789840698242 -3.554244995117
v  -36.252761840820 58.346504211426 -3.370437622070
v  -35.002136230469 58.600212097168 -3.190612792969
v  -2.415145874023 4.810119628906 -3.216262817383
v  -2.656951904297 8.675758361816 -2.976379394531
v  -3.237243652344 4.747314453125 -0.472457885742
v  -3.480163574219 8.614654541016 -0.232284545898
v  -17.734573364258 60.054389953613 -1.919815063477
v  -18.791091918945 59.875457763672 -2.231597900391
v  -17.676925659180 59.177715301514 -0.420578002930
v  -9.468444824219 60.195907592773 -1.955627441406
v  -11.165908813477 58.932300567627 -3.711776733398
v  -11.171875000000 59.867862701416 -1.960739135742
v  -17.729202270508 58.993618011475 -3.483489990234
v  -18.794097900391 59.003684997559 -3.604919433594
v  -20.209106445313 59.055984497070 -3.741638183594
v  -20.214889526367 60.179126739502 -2.052917480469
v  -20.219497680664 59.177501678467 -0.616531372070
v  -20.220932006836 57.426948547363 -0.118484497070
v  -17.677276611328 57.302494049072 -0.235183715820
v  -11.177368164063 59.178466796875 -0.274017333984
v  -11.241287231445 57.365390777588 0.223770141602
v  -9.214981079102 59.575103759766 -0.457458496094
v  -9.338073730469 59.760314941406 -3.577407836914
v  -7.915512084961 59.713722229004 -3.454757690430
v  -7.859268188477 60.150009155273 -1.896606445313
v  -7.740554809570 59.472175598145 -0.281082153320
v  -7.496994018555 57.586856842041 0.594131469727
v  -7.373809814453 55.900047302246 0.468063354492
v  -8.300888061523 54.966930389404 -1.653686523438
v  -11.232528686523 55.680728912354 -2.340606689453
v  -17.484252929688 56.304313659668 -1.860641479492
v  -18.989196777344 56.444587707520 -1.861938476563
v  -20.215164184570 56.366325378418 -1.807144165039
v  -22.152465820313 56.491134643555 -1.875930786133
v  -22.158828735352 57.364028930664 0.000030517578
v  -6.983383178711 55.654747009277 -4.017135620117
v  -8.679199218750 57.456253051758 -4.403335571289
v  -7.108367919922 57.907375335693 -4.646652221680
v  -11.163650512695 57.495487213135 -4.338363647461
v  -17.727783203125 57.619037628174 -3.860015869141
v  -18.951660156250 57.688255310059 -3.985229492188
v  -20.208328247070 57.931198120117 -3.930389404297
v  -22.145812988281 57.868434906006 -3.936904907227
v  -22.147064208984 59.493091583252 -3.622589111328
v  -22.152359008789 60.178852081299 -2.059341430664
v  -22.157653808594 59.364532470703 -0.435256958008
v  -29.210403442383 58.304271697998 -3.334869384766
v  -29.212463378906 59.616161346436 -2.770889282227
v  -29.218872070313 59.551498413086 -0.833480834961
v  -29.156982421875 57.988708496094 -0.585021972656
v  -6.192886352539 51.837127685547 -3.724197387695
v  -5.500350952148 51.898826599121 -5.406143188477
v  -5.747222900391 47.941253662109 -3.483856201172
v  -4.957626342773 42.199272155762 -2.209564208984
v  -6.320648193359 47.690196990967 0.187744140625
v  -6.564102172852 51.797935485840 -0.914962768555
v  -5.405792236328 48.095542907715 3.063766479492
v  0.108596801758 42.199256896973 -3.317657470703
v  -0.009948730469 48.067440032959 -4.398147583008
v  5.046798706055 48.098327636719 -3.891265869141
v  4.793350219727 42.199253082275 -2.489532470703
v  6.393310546875 47.690181732178 0.230194091797
v  5.721862792969 42.199253082275 0.201110839844
v  6.411453247070 40.136737823486 -0.421585083008
v  4.981887817383 40.136734008789 -2.801391601563
v  -0.014526367188 40.136745452881 -3.880569458008
v  -5.018051147461 40.074249267578 -2.834747314453
v  -6.463470458984 40.074264526367 -0.464569091797
v  -5.715545654297 42.199272155762 0.162918090820
v  -4.851211547852 42.199275970459 3.353317260742
v  -0.168945312500 42.199272155762 4.931442260742
v  -0.007369995117 57.654304504395 -5.555450439453
v  4.097610473633 57.771938323975 -5.230178833008
v  -0.003677368164 51.796966552734 -5.812850952148
v  5.113525390625 51.898807525635 -5.370712280273
v  6.475280761719 51.786449432373 -3.678146362305
v  6.769027709961 51.797706604004 -0.185012817383
v  8.073669433594 54.841735839844 -1.598754882813
v  7.332244873047 55.654384613037 -3.968750000000
v  7.149291992188 57.831428527832 -4.588378906250
v  6.256362915039 59.714633941650 -3.583038330078
v  7.885864257813 59.713253021240 -3.402893066406
v  7.827377319336 60.209194183350 -1.847244262695
v  6.336029052734 60.206161499023 -1.791549682617
v  5.482528686523 59.943664550781 -1.804534912109
v  4.176498413086 60.193668365479 -3.746398925781
v  -0.011962890625 60.206779479980 -4.188293457031
v  -4.005935668945 57.881175994873 -5.273712158203
v  -4.135940551758 60.006168365479 -3.774154663086
v  -6.222732543945 59.660919189453 -3.572525024414
v  -5.268234252930 59.881175994873 -1.590408325195
v  -6.376083374023 60.081096649170 -1.833343505859
v  2.728790283203 60.877063751221 -1.497817993164
v  1.671325683594 61.314140319824 -2.687698364258
v  -0.013076782227 61.376575469971 -3.130401611328
v  -2.011932373047 61.314147949219 -2.887313842773
v  -2.766006469727 60.752189636230 -1.453720092773
v  4.836242675781 42.199253082275 3.385650634766
v  5.334793090820 48.095527648926 3.099624633789
v  -0.040267944336 48.721340179443 4.646011352539
v  -5.462310791016 51.787879943848 3.323623657227
v  -6.315338134766 57.709178924561 1.033462524414
v  -6.133712768555 59.522659301758 -0.026794433594
v  -4.960968017578 59.131172180176 -0.026901245117
v  -1.088088989258 59.003875732422 0.924575805664
v  -2.332672119141 59.753166198730 -0.328369140625
v  5.461013793945 40.136749267578 3.450256347656
v  5.516998291016 51.787864685059 3.360275268555
v  -0.040130615234 51.277931213379 4.842514038086
v  -3.524902343750 55.287311553955 3.527557373047
v  -0.093719482422 57.756160736084 2.301879882813
v  -0.028091430664 58.816562652588 1.365203857422
v  -0.161148071289 54.975269317627 4.036666870117
v  3.581085205078 55.092891693115 3.554107666016
v  6.269226074219 57.821941375732 1.264419555664
v  7.319183349609 55.963043212891 0.517517089844
v  0.909942626953 59.003887176514 0.931259155273
v  7.503799438477 57.587665557861 0.644348144531
v  7.705322265625 59.517238616943 -0.219924926758
v  6.330932617188 59.265720367432 -0.223968505859
v  5.289382934570 59.068653106689 -0.117675781250
v  2.287780761719 59.753158569336 -0.312927246094
v  -30.313568115234 58.350219726563 -3.294876098633
v  -30.172256469727 57.727848052979 -0.672729492188
v  -30.286132812500 59.352352142334 -2.728851318359
v  -30.267379760742 59.291755676270 -0.981277465820
v  -27.160217285156 57.175354003906 0.420715332031
v  -27.036300659180 58.925109863281 0.673080444336
v  -27.159225463867 60.425876617432 -0.013183593750
v  -27.153442382813 60.802822113037 -1.762756347656
v  -27.209671020508 60.429901123047 -3.638351440430
v  -27.082366943359 58.743103027344 -4.264831542969
v  -27.208587646484 57.180103302002 -3.829483032227
v  -27.153091430664 56.677726745605 -1.704833984375
v  35.014343261719 58.753074645996 -3.075592041016
v  36.307998657227 58.502521514893 -3.223464965820
v  34.953933715820 58.690673828125 -3.763290405273
v  36.122253417969 58.502693176270 -3.786544799805
v  33.852661132813 58.714714050293 -3.519378662109
v  35.183059692383 58.065864562988 -3.351974487305
v  35.933212280273 58.002815246582 -3.412170410156
v  -31.603744506836 57.607452392578 0.372528076172
v  -32.190170288086 56.992694854736 -0.871688842773
v  -31.247726440430 57.535667419434 -2.612014770508
v  -32.445297241211 58.237171173096 -0.000885009766
v  -33.766159057617 58.627418518066 -0.004180908203
v  -33.755569458008 58.823532104492 -1.006973266602
v  -33.802474975586 57.952190399170 -1.011322021484
v  -33.828262329102 57.809436798096 -0.320861816406
v  27.099777221680 56.992370605469 0.854019165039
v  27.106933593750 56.116870880127 -1.083267211914
v  28.979339599609 57.991813659668 -0.326721191406
v  29.052673339844 58.303588867188 -3.201538085938
v  27.180740356445 56.741119384766 -4.083160400391
v  27.307464599609 58.991020202637 -4.458251953125
v  29.050750732422 59.616256713867 -2.639373779297
v  27.179901123047 60.678745269775 -3.709152221680
v  27.172668457031 60.991725921631 -1.771759033203
v  29.043258666992 59.616741180420 -0.639389038086
v  27.100982666016 60.617340087891 0.665588378906
v  27.098159790039 58.867504119873 1.353530883789
v  30.263320922852 58.411022186279 -3.152511596680
v  31.196380615234 57.535278320313 -2.399871826172
v  30.127822875977 57.849723815918 -0.406112670898
v  32.099426269531 57.054027557373 -0.653167724609
v  31.435943603516 57.667282104492 0.711746215820
v  30.162353515625 59.476959228516 -0.717254638672
v  32.343429565430 58.297180175781 0.279846191406
v  33.751007080078 58.747489929199 0.280227661133
v  33.843841552734 59.027061462402 -0.769378662109
v  30.202011108398 59.418323516846 -2.523452758789
v  33.843093872070 58.027050018311 -0.769439697266
v  33.716079711914 57.758594512939 -0.097335815430
v  22.917083740234 59.305145263672 -0.349761962891
v  22.915191650391 57.492736816406 0.088180541992
v  22.921890258789 56.742282867432 -1.724105834961
v  22.922805786133 59.929771423340 -1.849914550781
v  20.548278808594 59.992557525635 -1.983810424805
v  20.542999267578 59.117897033691 -0.608627319336
v  20.541137695313 57.492996215820 -0.170715332031
v  20.546875000000 56.492607116699 -1.732940673828
v  18.940216064453 56.632724761963 -1.799819946289
v  17.874877929688 57.305751800537 -0.120574951172
v  17.004379272461 56.305450439453 -1.747787475586
v  11.943237304688 55.680973052979 -2.262023925781
v  11.748657226563 57.369148254395 0.299499511719
v  9.054290771484 59.532253265381 -0.386993408203
v  9.308471679688 60.094409942627 -1.884719848633
v  11.187835693359 59.181617736816 -0.202575683594
v  17.875671386719 59.180706024170 -0.308563232422
v  18.765258789063 59.809795379639 -2.115127563477
v  19.943939208984 58.939338684082 -3.481185913086
v  18.760025024414 58.940067291260 -3.485168457031
v  17.255035400391 60.055427551270 -1.810562133789
v  17.759338378906 58.992473602295 -3.371337890625
v  11.192718505859 59.806198120117 -1.890197753906
v  11.197570800781 58.993247985840 -3.639984130859
v  9.188293457031 59.657577514648 -3.508560180664
v  9.065643310547 57.659622192383 -4.320892333984
v  11.136672973633 57.555599212646 -4.264816284180
v  17.885223388672 57.617332458496 -3.745651245117
v  18.900115966797 57.629997253418 -3.858886718750
v  19.971405029297 57.873184204102 -3.734329223633
v  22.929534912109 57.929283142090 -3.724395751953
v  22.928573608398 59.366878509521 -3.412246704102
v  -34.941253662109 56.801818847656 0.114578247070
v  -34.453903198242 56.882141113281 -0.633956909180
v  -34.508285522461 56.300651550293 0.176910400391
v  -32.823242187500 57.112792968750 0.491867065430
v  34.893310546875 56.796337127686 0.411041259766
v  34.409729003906 56.941570281982 -0.342987060547
v  34.493133544922 56.350315093994 0.472366333008
v  32.712982177734 57.170959472656 0.776290893555
v  -5.538909912109 40.074253082275 3.413528442383
v  -0.045410156250 40.011741638184 5.369369506836
v  -4.024765014648 8.613281250000 -4.666915893555
v  -3.785125732422 4.749053955078 -4.905029296875
v  -5.528762817383 8.551132202148 -3.112930297852
v  -5.286651611328 4.684028625488 -3.290267944336
v  -4.978210449219 8.552314758301 -0.363235473633
v  -4.735260009766 4.746803283691 -0.603225708008
v  -35.271820068359 58.554592132568 -0.698150634766
v  -35.091247558594 57.762687683105 -0.511947631836
v  -35.271926879883 58.460922241211 -0.028594970703
v  -37.217651367188 58.174072265625 -0.548675537109
v  -37.169082641602 57.989402770996 -0.052612304688
v  -35.581604003906 57.706352233887 -0.455184936523
v  -37.001434326172 57.606731414795 -0.334075927734
v  35.414428710938 58.712287902832 -0.437637329102
v  35.162597656250 57.899948120117 -0.063522338867
v  35.411697387695 58.649742126465 0.374847412109
v  37.329681396484 58.211414337158 -0.305557250977
v  37.327789306641 58.148887634277 0.256942749023
v  35.516113281250 57.837749481201 -0.061553955078
v  37.078338623047 57.774082183838 0.006072998047
v  2.746948242188 8.871551513672 -3.276840209961
v  2.563934326172 4.934982299805 -3.512619018555
v  3.548690795898 8.747718811035 -0.523635864258
v  3.365676879883 4.934379577637 -0.700805664063
v  5.049148559570 8.684944152832 -0.642745971680
v  4.864608764648 4.871841430664 -0.820602416992
v  5.622375488281 8.683570861816 -3.390533447266
v  5.373535156250 4.872039794922 -3.566055297852
v  4.128524780273 8.745559692383 -4.958892822266
v  3.945190429688 4.874969482422 -5.190856933594
v  -35.085601806641 58.601837158203 -1.874359130859
v  -34.668167114258 57.858375549316 -1.505172729492
v  -35.225860595703 58.709266662598 -1.043533325195
v  -37.295822143555 58.348670959473 -1.811767578125
v  -37.365432739258 58.300571441650 -1.185317993164
v  -35.485000610352 57.844585418701 -1.500411987305
v  -37.096618652344 57.841880798340 -1.497329711914
v  35.197723388672 58.940357208252 -1.699996948242
v  34.758392333984 58.065650939941 -1.326416015625
v  35.195205688477 58.940311431885 -0.887496948242
v  37.365478515625 58.501636505127 -1.595199584961
v  37.363540649414 58.501605987549 -0.970199584961
v  35.364196777344 58.065593719482 -1.288909912109
v  37.114135742188 58.001800537109 -1.283493041992
# 290 vertices

vn 0.294696271420 -0.955458998680 0.015880100429
vn 0.218729287386 -0.846410751343 -0.485537111759
vn 0.018472671509 -0.985715210438 -0.167404711246
vn 0.056205514818 0.000007582001 -0.998419225216
vn 0.055017001927 -0.413433313370 -0.908870756626
vn 0.413496553898 -0.909683465958 -0.038686249405
vn 0.413638353348 -0.669441938400 0.617050051689
vn 0.279638886452 0.609680950642 0.741681337357
vn 0.183298856020 0.778503715992 0.600277841091
vn 0.067848801613 0.985971093178 -0.152504071593
vn 0.115662097931 0.989728331566 -0.084024332464
vn 0.737593889236 0.244859620929 0.629284560680
vn 0.198330387473 0.979949235916 -0.019091743976
vn -0.187617257237 -0.982242166996 -0.000251874153
vn 0.456345617771 -0.576455712318 -0.677825570107
vn 0.269162654877 -0.962718844414 -0.026904134080
vn -0.159826666117 -0.852602958679 -0.497517496347
vn -0.226527526975 -0.970048844814 0.087695613503
vn 0.016946641728 -0.984166204929 -0.176435992122
vn -0.104047298431 0.994534552097 -0.008667799644
vn -0.737793445587 0.281047821045 0.613736867905
vn -0.157012566924 0.948335945606 -0.275691747665
vn -0.269840359688 0.649887084961 0.710515975952
vn -0.079903893173 0.977682828903 -0.194297745824
vn -0.070528849959 0.783799827099 0.616995573044
vn -0.311830371618 -0.729073226452 0.609273433685
vn -0.269766092300 -0.962900817394 0.006949036382
vn -0.036532942206 -0.503161728382 -0.863419711590
vn -0.045464303344 0.000336817000 -0.998965919018
vn 0.188780337572 -0.980652749538 0.051790118217
vn -0.320076555014 -0.946739912033 -0.035135973245
vn -0.487548619509 -0.570063292980 -0.661304891109
vn 0.150645270944 0.017157986760 -0.988438963890
vn 0.060285270214 -0.225855290890 -0.972293734550
vn 0.016590178013 -0.538079321384 -0.842730939388
vn -0.002494310495 -0.990705251694 0.136003077030
vn -0.452514111996 -0.598965167999 -0.660660088062
vn -0.294251292944 -0.954665541649 0.045054424554
vn -0.811645746231 0.340601563454 0.474575340748
vn -0.281244814396 0.709313392639 0.646355807781
vn -0.220671012998 -0.155774056911 0.962828516960
vn -0.233411923051 0.705844163895 0.668807029724
vn -0.060119763017 0.989636659622 -0.130402594805
vn -0.107983149588 0.953726530075 -0.280615895987
vn -0.243713244796 0.966882884502 -0.075771406293
vn 0.956816434860 0.042001683265 0.287642329931
vn 0.956755936146 0.042127195746 0.287825286388
vn 0.956775605679 0.042086385190 0.287765800953
vn 0.956715106964 0.042211849242 0.287948638201
vn -0.082065224648 0.996376335621 0.022349610925
vn 0.023621976376 0.993676900864 -0.109764412045
vn -0.031108791009 0.573534846306 0.818590223789
vn -0.108881704509 0.993591666222 0.030337676406
vn -0.108284570277 0.649917304516 -0.752251267433
vn -0.091885656118 0.994584143162 -0.048573993146
vn 0.037706185132 0.589420378208 -0.806946039200
vn 0.082564212382 0.578098952770 -0.811778724194
vn 0.086317561567 0.520283579826 -0.849620044231
vn 0.147551491857 0.988520801067 0.032483011484
vn 0.062298882753 0.600992619991 0.796822905540
vn 0.010844753124 -0.386998116970 0.922016739845
vn -0.021378923208 -0.460180401802 0.887567996979
vn -0.047790519893 0.629944503307 0.775168359280
vn -0.140033900738 -0.288642853498 0.947140872478
vn -0.067976705730 0.725676596165 0.684669733047
vn -0.096685431898 0.757797539234 -0.645286619663
vn 0.004502788186 0.733936309814 -0.679203391075
vn 0.025482207537 0.996457159519 0.080148577690
vn -0.041588608176 0.679607212543 0.732396364212
vn -0.100072249770 0.153125554323 0.983126699924
vn -0.248692259192 -0.520157396793 0.817060887814
vn -0.326924443245 -0.797594785690 0.506915092468
vn -0.179337576032 -0.824283361435 0.537024199963
vn -0.060694005340 -0.853776514530 0.517089784145
vn -0.008060006425 -0.861342549324 0.507960617542
vn 0.002515676664 -0.846815228462 0.531881213188
vn -0.079244561493 -0.915489614010 0.394460409880
vn -0.012771883979 -0.445370227098 0.895255386829
vn -0.210581317544 -0.599902212620 -0.771863222122
vn -0.154423609376 -0.098497137427 -0.983082711697
vn -0.181113421917 0.103132344782 -0.978039681911
vn -0.077449977398 -0.226044118404 -0.971033215523
vn 0.009386793710 -0.366474241018 -0.930380821228
vn -0.009524695575 -0.360376536846 -0.932758271694
vn -0.030336733907 -0.335327833891 -0.941612958908
vn -0.044977977872 -0.394906491041 -0.917619645596
vn -0.010428270325 0.624654352665 -0.780831754208
vn -0.012764103711 0.999709248543 0.020458448678
vn 0.028579942882 0.594429552555 0.803639650345
vn -0.144494757056 -0.745021998882 -0.651201605797
vn -0.063568018377 -0.832741618156 -0.550000429153
vn -0.022699479014 -0.862481415272 -0.505579411983
vn -0.031907226890 -0.825662851334 -0.563260793686
vn -0.046845167875 -0.821733713150 -0.567943036556
vn -0.112123392522 0.184604704380 -0.976396143436
vn -0.105550445616 0.843621253967 -0.526462018490
vn -0.077880896628 0.746195852757 0.661155343056
vn -0.205359920859 -0.624281823635 0.753723740578
vn -0.226647660136 -0.968115210533 -0.106694579124
vn -0.143548890948 -0.925884127617 -0.349474370480
vn -0.927580654621 -0.216331928968 -0.304622203112
vn -0.504022836685 -0.205551475286 -0.838873982430
vn -0.713611543179 -0.261815726757 -0.649777710438
vn -0.679558396339 0.054944258183 -0.731561005116
vn -0.993400812149 -0.080384157598 0.081812404096
vn -0.968515336514 -0.232055008411 0.090158529580
vn -0.719986796379 -0.030512634665 0.693316638470
vn -0.016589751467 0.026723684743 -0.999505162239
vn -0.026390427724 -0.272509396076 -0.961791157722
vn 0.590338349342 -0.297159105539 -0.750464618206
vn 0.648979783058 0.028402963653 -0.760275244713
vn 0.947769105434 -0.166514322162 -0.272041738033
vn 0.938250064850 0.121873572469 -0.323780208826
vn 0.872777581215 0.294197440147 -0.389496028423
vn 0.570686578751 0.173526406288 -0.802624046803
vn -0.020704677328 0.255502969027 -0.966586530209
vn -0.534733772278 0.252456635237 -0.806427538395
vn -0.871309280396 0.296049684286 -0.391375362873
vn -0.992878019810 0.049978304654 -0.108145155013
vn -0.690456032753 0.105679601431 0.715613245964
vn -0.018401719630 0.115415714681 0.993146836758
vn 0.007647655904 0.256439685822 -0.966529965401
vn 0.133898437023 0.285518288612 -0.948973417282
vn -0.003698722459 -0.169305801392 -0.985556602478
vn 0.408101558685 -0.189254537225 -0.893104612827
vn 0.872262775898 -0.266470879316 -0.410062134266
vn 0.967884242535 -0.238117039204 -0.080624602735
vn 0.917668700218 -0.317331671715 -0.239133432508
vn 0.778743147850 -0.181463152170 -0.600525021553
vn 0.259685873985 0.289039790630 -0.921422421932
vn 0.111097946763 0.806865572929 -0.580194056034
vn 0.064158074558 0.816279232502 -0.574083626270
vn 0.009284884669 0.959438383579 -0.281765401363
vn -0.141874909401 0.956197857857 -0.256041228771
vn 0.083154134452 0.988498330116 -0.126318722963
vn 0.229278266430 0.799562454224 -0.555095791817
vn 0.010066698305 0.600008130074 -0.799930572510
vn -0.126533746719 0.312997967005 -0.941287159920
vn -0.244423836470 0.787407815456 -0.565902769566
vn -0.072325997055 0.835142910480 -0.545257031918
vn -0.149868980050 0.983552157879 -0.100818708539
vn 0.137716859579 0.965476036072 -0.221111074090
vn 0.033906053752 0.967823684216 -0.249334514141
vn -0.011611055583 0.839467287064 -0.543286204338
vn -0.253215044737 0.335222363472 -0.907473444939
vn -0.861777067184 -0.191477134824 -0.469762504101
vn -0.929537832737 -0.366870671511 0.036950103939
vn -0.764449179173 -0.069795288146 0.640894770622
vn 0.326163440943 0.943608582020 0.056747604162
vn 0.198221221566 0.850176393986 -0.487758606672
vn 0.056978452951 0.669680953026 -0.740459918976
vn -0.231158375740 0.822660088539 -0.519419014454
vn -0.332033842802 0.924402058125 0.187708199024
vn 0.681584656239 0.102720595896 0.724493503571
vn 0.690537452698 -0.047736905515 0.721719622612
vn -0.002994866809 -0.021515570581 0.999764025211
vn -0.674145996571 -0.010504439473 0.738523423672
vn -0.313234299421 0.390719234943 0.865576565266
vn -0.357808411121 0.141318649054 0.923039615154
vn -0.127056822181 0.780050456524 0.612680852413
vn 0.055067010224 0.777279376984 0.626741051674
vn -0.006744965911 0.775028467178 0.631890296936
vn -0.153722077608 0.695686995983 0.701704442501
vn -0.167434737086 0.779731392860 0.603311359882
vn 0.941563308239 0.245025992393 0.231129333377
vn 0.962610781193 0.088960826397 0.255864024162
vn 0.740351736546 0.233368411660 0.630411386490
vn 0.938697457314 -0.065412588418 0.338479340076
vn 0.927542507648 -0.132163539529 0.349567800760
vn 0.650248646736 -0.010763114318 0.759645223618
vn -0.005432866979 0.031901020557 0.999476253986
vn -0.277982562780 0.354851990938 0.892639756203
vn -0.164456158876 0.649182677269 0.742641270161
vn 0.020262666047 0.661189138889 0.749945580959
vn 0.026434922591 0.922491252422 0.385111719370
vn 0.031644180417 0.946375370026 0.321515679359
vn 0.017005471513 0.907507836819 0.419690728188
vn -0.269863992929 0.666148006916 0.695284247398
vn -0.078810073435 0.529009938240 0.844948172569
vn -0.001542837010 0.365602463484 0.930769801140
vn 0.257794320583 0.329766511917 0.908182859421
vn 0.328778564930 0.452242106199 0.829084873199
vn 0.790152370930 -0.033057026565 0.612018346786
vn 0.889492988586 -0.187747478485 0.416597098112
vn 0.124919615686 0.605859756470 0.785702943802
vn 0.136171683669 0.709544479847 0.691378295422
vn 0.462010532618 0.103317074478 0.880835890770
vn -0.000101057478 0.782422780991 0.622747600079
vn -0.132905334234 0.797502875328 0.588494181633
vn -0.155678674579 0.868258535862 0.471053361893
vn 0.012771948241 0.919840335846 0.392085015774
vn -0.021154884249 0.848968148232 0.528020381927
vn 0.050167780370 0.821469724178 0.568041026592
vn 0.184316515923 0.758760154247 0.624748349190
vn 0.295002222061 0.636006891727 0.713070094585
vn -0.097953177989 -0.407583534718 -0.907899141312
vn -0.389159977436 -0.439735352993 -0.809436440468
vn 0.186356812716 -0.972000241280 -0.143131494522
vn -0.210763901472 -0.976528704166 -0.044387299567
vn -0.398894131184 0.791983008385 -0.462218940258
vn -0.224550113082 0.833425521851 -0.504954576492
vn -0.267354846001 0.725145876408 0.634574532509
vn -0.425810664892 0.693979144096 0.580584406853
vn -0.146072998643 0.162385180593 0.975855410099
vn -0.276230216026 0.140224039555 0.950807094574
vn -0.529438555241 -0.010952514596 0.848277568817
vn -0.549302816391 0.085322849452 0.831255912781
vn -0.534627437592 0.652175426483 0.537439048290
vn -0.517817139626 0.853878617287 0.052505031228
vn -0.493767410517 0.649651050568 -0.578054726124
vn -0.410552293062 0.063203908503 -0.909643948078
vn -0.533695638180 -0.639645040035 -0.553193628788
vn -0.561960816383 -0.826277315617 -0.038286462426
vn -0.454866260290 -0.867450416088 0.201559975743
vn 0.294475078583 0.626841545105 0.721355736256
vn 0.831741511822 0.247216001153 0.497081756592
vn 0.116596102715 0.985555231571 -0.122826211154
vn 0.157639577985 0.986142396927 -0.051700528711
vn -0.211208090186 0.139794960618 -0.967392623425
vn -0.032799828798 -0.490961968899 -0.870563328266
vn -0.064963169396 -0.163837552071 -0.984345972538
vn -0.042191866785 -0.991091609001 0.126322284341
vn 0.352547138929 -0.644115865231 -0.678841114044
vn 0.269004881382 -0.960854351521 0.066296681762
vn 0.309583932161 -0.168010726571 0.935911417007
vn 0.179278612137 0.741272330284 0.646818816662
vn -0.037206169218 0.964075982571 -0.263007968664
vn 0.568084418774 0.192419067025 0.800159335136
vn 0.471092283726 -0.675398468971 0.567370235920
vn 0.640944898129 -0.598915457726 0.480093657970
vn -0.010331385769 -0.997069180012 0.075804531574
vn 0.233417809010 -0.902401268482 -0.362199008465
vn 0.360242366791 -0.249035358429 -0.899003267288
vn 0.079863935709 0.585225164890 0.806928277016
vn -0.074645213783 0.951363384724 0.298890858889
vn 0.121710605919 0.529257237911 0.839686453342
vn -0.053321711719 0.904174268246 0.423822700977
vn -0.133030146360 0.985043048859 0.109513260424
vn -0.149353936315 0.987724542618 -0.045755777508
vn -0.031792882830 0.913436710835 -0.405737131834
vn -0.173271477222 0.978066682816 -0.115596406162
vn -0.002584586386 0.625468611717 -0.780245065689
vn 0.067266225815 -0.574052572250 -0.816050827503
vn -0.094481036067 -0.990281045437 -0.102062605321
vn -0.285510748625 -0.954029321671 -0.091168448329
vn -0.506034672260 -0.859965085983 -0.066249422729
vn -0.291980803013 -0.765278458595 0.573669016361
vn -0.041403789073 -0.509210169315 0.859645724297
vn -0.106307119131 -0.351961344481 0.929958045483
vn 0.596990346909 -0.730231285095 0.332211911678
vn 0.674914717674 -0.734739303589 0.068178288639
vn 0.686015963554 -0.721857428551 0.091125994921
vn 0.766755998135 -0.281793206930 -0.576782286167
vn 0.685661375523 -0.557110667229 -0.468504190445
vn 0.602266490459 0.131724849343 -0.787352323532
vn 0.632735490799 0.305634677410 -0.711500644684
vn 0.622935473919 0.630113363266 -0.463582307100
vn 0.624270379543 0.741554558277 -0.245730161667
vn 0.555830001831 0.831293284893 0.002106486121
vn 0.668887376785 0.578469455242 0.466864854097
vn 0.672616183758 0.536353766918 0.509815752506
vn 0.640998542309 0.045438904315 0.766195893288
vn 0.683873772621 0.076993152499 0.725526511669
vn 0.596753716469 -0.206071898341 0.775512337685
vn -0.360680162907 -0.218445748091 -0.906747639179
vn -0.234822869301 -0.905830085278 -0.352604746819
vn -0.675218403339 -0.581906139851 0.453282862902
vn -0.011067925952 -0.997463285923 0.070317409933
vn -0.525824844837 -0.685618340969 0.503424048424
vn -0.628495573997 0.158924236894 0.761404216290
vn -0.038657728583 0.602364838123 0.797284245491
vn -0.108723871410 0.516725897789 0.849219322205
vn 0.053556736559 0.954418361187 0.293627828360
vn 0.043903846294 0.875072538853 0.481996357441
vn 0.121959134936 0.979194164276 0.162187397480
vn 0.118376068771 0.990997910500 -0.062531992793
vn 0.009949895553 0.903756916523 -0.427930384874
vn 0.117523260415 0.966673254967 -0.227444663644
vn -0.017242629081 0.632350802422 -0.774490237236
vn -0.033796485513 -0.529850363731 -0.847417473793
vn 0.143012240529 -0.984630525112 -0.100250586867
vn 0.294808804989 -0.953025162220 -0.069504134357
vn 0.483694791794 -0.873455643654 -0.055809009820
vn 0.294193774462 -0.812979757786 0.502507686615
vn 0.032128851861 -0.517109990120 0.855315744877
vn 0.114239014685 -0.357873201370 0.926755726337
vn 0.047857068479 0.773936390877 0.631452381611
vn -0.041016615927 0.626523673534 0.778322339058
vn 0.190764427185 -0.610369443893 0.768803000450
vn -0.003420068882 -0.449993818998 0.893025100231
vn 0.076488897204 -0.931330800056 0.356051057577
vn 0.222985327244 -0.969732582569 -0.099479816854
vn 0.009354958311 0.999622642994 0.025827744976
vn -0.089817509055 0.995958030224 -0.000658210425
vn -0.043315947056 0.615386605263 0.787034332752
vn -0.000299178850 -0.409852117300 0.912151932716
vn -0.005885636434 -0.842128336430 0.539245009422
vn 0.056979287416 -0.885130286217 0.461841672659
vn 0.065987229347 -0.477575182915 0.876109361649
vn 0.090928778052 -0.869343757629 0.485770881176
vn 0.151188328862 -0.823172211647 0.547292947769
vn 0.124622292817 -0.286426037550 0.949962854385
vn 0.275475025177 -0.800418436527 0.532394409180
vn 0.208630979061 -0.529758214951 0.822088420391
vn 0.090225845575 0.152544274926 0.984169483185
vn 0.080356851220 0.734379291534 0.673965752125
vn 0.092118725181 0.681795358658 0.725719809532
vn 0.123845338821 0.991959750652 0.026043120772
vn 0.078790470958 0.994599401951 0.067558258772
vn 0.033625677228 0.647438883781 0.761375248432
vn 0.056587286294 0.582485675812 0.810868859291
vn 0.039811141789 0.992644846439 -0.114329576492
vn -0.027492135763 0.560117185116 -0.827957093716
vn -0.023256482556 0.576842188835 -0.816524446011
vn 0.036042235792 0.999273657799 -0.012372157536
vn -0.022697594017 0.595119416714 -0.803316712379
vn 0.079271562397 0.995929419994 -0.042903017253
vn 0.092312090099 0.676114380360 -0.730990946293
vn 0.088540762663 0.756982684135 -0.647408485413
vn 0.044654272497 0.749934971333 -0.660002648830
vn 0.210871905088 -0.600416183472 -0.771384119987
vn 0.146299436688 0.099498391151 -0.984223842621
vn 0.142157539725 -0.029866086319 -0.989393353462
vn 0.060760803521 -0.221905857325 -0.973173141479
vn -0.029363323003 -0.359470665455 -0.932694315910
vn 0.035301081836 -0.378402411938 -0.924967825413
vn 0.102572977543 -0.308601349592 -0.945644736290
vn 0.053892374039 -0.398372709751 -0.915638983250
vn 0.016371648759 0.646839320660 -0.762450575829
vn 0.044088989496 0.997570753098 -0.053933355957
vn 0.138466089964 -0.922731518745 -0.359713345766
vn 0.159074574709 -0.707192540169 -0.688893318176
vn 0.079233527184 -0.838740944862 -0.538735210896
vn 0.039053671062 -0.899011254311 -0.436180680990
vn 0.063590250909 -0.836175560951 -0.544762969017
vn 0.069008111954 -0.846507847309 -0.527884721756
vn 0.110148392618 0.168214961886 -0.979577004910
vn 0.099503368139 0.391847461462 -0.914633631706
vn -0.838134407997 0.002109715715 -0.545459687710
vn -0.205710262060 0.647678613663 -0.733618199825
vn -0.536308884621 0.024509040639 -0.843665838242
vn 0.325293123722 -0.705454051495 -0.629697561264
vn -0.334411770105 -0.869172632694 0.364290654659
vn 0.237855181098 -0.369697809219 0.898191750050
vn -0.139178350568 0.436357408762 0.888944089413
vn 0.146068587899 -0.349306255579 0.925553381443
vn -0.191391453147 0.121954664588 0.973907768726
vn 0.225654140115 0.669228494167 -0.707964301109
vn 0.837823092937 -0.037911865860 -0.544623911381
vn 0.561765789986 0.054571729153 -0.825494468212
vn 0.337176769972 -0.865727305412 0.369902819395
vn -0.288340270519 -0.704189419746 -0.648827552795
vn 0.163339078426 0.442324459553 0.881855666637
vn -0.199080973864 -0.395640492439 0.896568655968
vn -0.132588148117 -0.364646017551 0.921658098698
vn 0.185289412737 0.128529712558 0.974242269993
vn -0.938185155392 0.264160096645 0.223669454455
vn -0.745552062988 0.248124599457 0.618535637856
vn -0.932458400726 0.277097135782 0.231815591455
vn -0.000966669118 0.181633859873 0.983365774155
vn 0.090505041182 0.184743642807 0.978610575199
vn 0.090775139630 0.184902176261 0.978555619717
vn 0.138980194926 0.761064827442 0.633612513542
vn 0.150140509009 0.763830542564 0.627710700035
vn 0.140825778246 0.843589305878 -0.518194139004
vn 0.195401087403 0.847691714764 -0.493190795183
vn 0.141688659787 -0.401289880276 -0.904925823212
vn 0.034106809646 -0.507724106312 -0.860844314098
vn -0.074588648975 -0.988466143608 -0.131799742579
vn -0.129533708096 -0.985435128212 -0.110175184906
vn 0.772853612900 0.087348543108 -0.628543972969
vn 0.772369325161 0.086892597377 -0.629202067852
vn 0.033447507769 0.063882753253 -0.997396767139
vn 0.041581779718 0.058374889195 -0.997428357601
vn -0.962922215462 -0.043899618089 -0.266183406115
vn -0.956734180450 -0.048255845904 -0.286934018135
vn -0.656368851662 -0.087446436286 0.749355137348
vn -0.663896679878 -0.088714674115 0.742543518543
vn -0.084704145789 -0.067851178348 0.994093239307
vn -0.086744084954 -0.067176744342 0.993963181973
vn -0.202238485217 0.015773879364 -0.979209244251
vn -0.146863505244 -0.538268327713 -0.829878509045
vn -0.160397633910 -0.223056554794 -0.961518764496
vn -0.167004421353 -0.974645078182 -0.148917853832
vn 0.027693128213 -0.865972340107 0.499324500561
vn -0.099601171911 0.440589040518 0.892166435719
vn -0.088759630919 0.550420582294 0.830155968666
vn -0.146773055196 0.978155791759 0.147203549743
vn -0.134088352323 0.972811341286 0.188834264874
vn -0.220196664333 0.923357486725 0.314522445202
vn -0.646535992622 0.067832678556 0.759861826897
vn 0.105989366770 -0.984215199947 -0.141727432609
vn -0.473398387432 -0.440865576267 -0.762582123280
vn -0.339865952730 -0.937570333481 -0.073844291270
vn 0.206643268466 -0.000094781266 -0.978416323662
vn 0.141584411263 -0.364653706551 -0.920315980911
vn 0.226022288203 -0.563619613647 -0.794510424137
vn 0.132633581758 -0.989615201950 0.055408552289
vn 0.037180490792 -0.913639605045 0.404821366072
vn 0.098654985428 0.497941464186 0.861580789089
vn 0.028365777805 0.471259325743 0.881538450718
vn 0.158407390118 0.980833172798 0.113460801542
vn 0.135063081980 0.954418659210 0.266163408756
vn 0.255192935467 0.961725771427 0.099800549448
vn 0.720821619034 0.143445104361 0.678114831448
vn -0.136516809464 -0.989488661289 -0.047700006515
vn 0.408002883196 -0.638563573360 -0.652510702610
vn 0.276481688023 -0.960300624371 0.037155993283
vn -0.959412217140 0.027795312926 0.280634313822
vn -0.960432112217 0.031084993854 0.276774019003
vn -0.566052734852 -0.013115452603 0.824264705181
vn -0.583766400814 -0.009805769660 0.811862468719
vn 0.652630448341 -0.066685937345 0.754736006260
vn 0.669428586960 -0.073124818504 0.739268660545
vn 0.962986767292 -0.044951420277 -0.265774041414
vn 0.956602513790 -0.040286362171 -0.288597702980
vn -0.035852298141 0.050061196089 -0.998102426529
vn -0.025441259146 0.060639016330 -0.997835457325
vn -0.768141090870 0.074267655611 -0.635958790779
vn -0.768714547157 0.073790319264 -0.635321080685
vn -0.125557228923 -0.065897792578 -0.989895403385
vn -0.177273601294 -0.723762333393 -0.666889905930
vn -0.104941517115 -0.409995585680 -0.906030297279
vn -0.297294020653 -0.954784214497 -0.001832547365
vn -0.105981372297 -0.656351923943 0.746973931789
vn -0.205471679568 0.573254108429 0.793196797371
vn -0.073223292828 0.722083270550 0.687920153141
vn -0.120154142380 0.992182195187 -0.033726569265
vn -0.166245773435 0.973983824253 -0.154005855322
vn -0.175045907497 0.984514057636 0.009537065402
vn -0.738802671432 0.201226890087 0.643178284168
vn 0.039268329740 -0.999157309532 -0.011945058592
vn -0.461848676205 -0.579001307487 -0.671902775764
vn -0.342563778162 -0.939109981060 -0.026880152524
vn 0.095216430724 -0.055251225829 -0.993922114372
vn 0.104779005051 -0.369916260242 -0.923137784004
vn 0.228061273694 -0.739905476570 -0.632872819901
vn 0.390860855579 -0.920001506805 -0.028724182397
vn 0.227792948484 -0.647406280041 0.727306962013
vn 0.209297597408 0.565402269363 0.797818779945
vn 0.107336796820 0.661729753017 0.742019236088
vn 0.085295252502 0.995501160622 0.041257608682
vn 0.154972240329 0.987918674946 0.000535873172
vn 0.198330268264 0.980135023594 0.000664362917
vn 0.695343911648 0.247255593538 0.674804747105
vn -0.056224908680 -0.998294889927 0.015685634688
vn 0.485000073910 -0.609031319618 -0.627579331398
vn 0.319009542465 -0.947751045227 0.000950168876
# 448 vertex normals

vt 0.817310273647 0.206503331661 0.000000000000
vt 0.811814010143 0.294275045395 0.000000000000
vt 0.826187789440 0.294275045395 0.000000000000
vt 0.801080584526 0.294275045395 0.000000000000
vt 0.801080584526 0.186761736870 0.000000000000
vt 0.836060464382 0.186734795570 0.000000000000
vt 0.836060464382 0.294275045395 0.000000000000
vt 0.870236158371 0.294275045395 0.000000000000
vt 0.870236158371 0.186734795570 0.000000000000
vt 0.836060464382 0.003689706326 0.000000000000
vt 0.870236158371 0.003689706326 0.000000000000
vt 0.817310273647 0.147554159164 0.000000000000
vt 0.801080584526 0.003689706326 0.000000000000
vt 0.817310273647 0.030608892441 0.000000000000
vt 0.801080584526 0.186728775501 0.000000000000
vt 0.836101830006 0.003689706326 0.000000000000
vt 0.836101830006 0.186734795570 0.000000000000
vt 0.642242729664 0.027742862701 0.000000000000
vt 0.796352446079 0.001264691353 0.000000000000
vt 0.644008755684 0.071810722351 0.000000000000
vt 0.796272754669 0.074593722820 0.000000000000
vt 0.378600180149 0.171237170696 0.000000000000
vt 0.443135738373 0.183823227882 0.000000000000
vt 0.381168693304 0.114055275917 0.000000000000
vt 0.144161760807 0.165140390396 0.000000000000
vt 0.306694537401 0.215786337852 0.000000000000
vt 0.308374732733 0.171919047832 0.000000000000
vt 0.375793278217 0.230254411697 0.000000000000
vt 0.440784454346 0.225857198238 0.000000000000
vt 0.502737283707 0.226660311222 0.000000000000
vt 0.505158305168 0.180025339127 0.000000000000
vt 0.507197439671 0.129805088043 0.000000000000
vt 0.506339251995 0.063139379025 0.000000000000
vt 0.381493955851 0.062636554241 0.000000000000
vt 0.308374732733 0.123183012009 0.000000000000
vt 0.308374732733 0.060458481312 0.000000000000
vt 0.134870037436 0.132173001766 0.000000000000
vt 0.133520320058 0.199041724205 0.000000000000
vt 0.054665785283 0.194659531116 0.000000000000
vt 0.056418243796 0.162864089012 0.000000000000
vt 0.056681677699 0.123659372330 0.000000000000
vt 0.083595179021 0.074153840542 0.000000000000
vt 0.082759007812 0.040436923504 0.000000000000
vt 0.102035902441 0.003741502762 0.000000000000
vt 0.308374732733 0.007409691811 0.000000000000
vt 0.379885494709 0.005587220192 0.000000000000
vt 0.449170500040 0.005587220192 0.000000000000
vt 0.505452275276 0.005587220192 0.000000000000
vt 0.568624913692 0.005587220192 0.000000000000
vt 0.571833312511 0.064507961273 0.000000000000
vt 0.016308486462 0.278258264065 0.000000000000
vt 0.117111124098 0.247306466103 0.000000000000
vt 0.021092485636 0.243826150894 0.000000000000
vt 0.301653951406 0.253532767296 0.000000000000
vt 0.375180065632 0.260131716728 0.000000000000
vt 0.443806648254 0.257875800133 0.000000000000
vt 0.502350926399 0.254262566566 0.000000000000
vt 0.565750241280 0.259638428688 0.000000000000
vt 0.566533148289 0.221496641636 0.000000000000
vt 0.569033563137 0.180632352829 0.000000000000
vt 0.571443140507 0.126811861992 0.000000000000
vt 0.308374732733 0.295060217381 0.000000000000
vt 0.375030547380 0.293237745762 0.000000000000
vt 0.444315552711 0.293237745762 0.000000000000
vt 0.500597298145 0.293237745762 0.000000000000
vt 0.563769936562 0.293237745762 0.000000000000
vt 0.798799574375 0.295817553997 0.000000000000
vt 0.799625039101 0.213558316231 0.000000000000
vt 0.800533533096 0.122549712658 0.000000000000
vt 0.799294173717 0.068718135357 0.000000000000
vt 0.796006560326 0.004074275494 0.000000000000
vt 0.014665521681 0.294220089912 0.000000000000
vt 0.248354017735 0.552910983562 0.000000000000
vt 0.186969384551 0.552331328392 0.000000000000
vt 0.199136629701 0.715535998344 0.000000000000
vt 0.194957628846 0.890208125114 0.000000000000
vt 0.342372149229 0.715927183628 0.000000000000
vt 0.339728981256 0.541984081268 0.000000000000
vt 0.496173977852 0.712579011917 0.000000000000
vt 0.010228497908 0.900255441666 0.000000000000
vt 0.012412758544 0.710790395737 0.000000000000
vt 0.197458744049 0.715991258621 0.000000000000
vt 0.193226590753 0.890208125114 0.000000000000
vt 0.343708574772 0.897632718086 0.000000000000
vt 0.334333270788 0.980284631252 0.000000000000
vt 0.195339366794 0.980284631252 0.000000000000
vt 0.010228497908 0.980284631252 0.000000000000
vt 0.197070464492 0.980284631252 0.000000000000
vt 0.340781182051 0.897624731064 0.000000000000
vt 0.434326410294 0.904346048832 0.000000000000
vt 0.663093566895 0.902282714844 0.000000000000
vt 0.011211415753 0.398511171341 0.000000000000
vt 0.117661252618 0.395074725151 0.000000000000
vt 0.011648267508 0.550499022007 0.000000000000
vt 0.185238331556 0.552331328392 0.000000000000
vt 0.246623039246 0.552910983562 0.000000000000
vt 0.331051766872 0.437922775745 0.000000000000
vt 0.258902519941 0.445339798927 0.000000000000
vt 0.251013487577 0.403958559036 0.000000000000
vt 0.195910349488 0.364872574806 0.000000000000
vt 0.282289445400 0.364092171192 0.000000000000
vt 0.281981825829 0.332197964191 0.000000000000
vt 0.212775290012 0.330258190632 0.000000000000
vt 0.150662451982 0.331979691982 0.000000000000
vt 0.118525736034 0.357092857361 0.000000000000
vt 0.011530617252 0.358155608177 0.000000000000
vt 0.119392365217 0.395074725151 0.000000000000
vt 0.120256789029 0.357092857361 0.000000000000
vt 0.197641491890 0.364872574806 0.000000000000
vt 0.152393475175 0.331979691982 0.000000000000
vt 0.214506298304 0.330258190632 0.000000000000
vt 0.283712834120 0.332197964191 0.000000000000
vt 0.283616930246 0.364092171192 0.000000000000
vt 0.260633587837 0.445339798927 0.000000000000
vt 0.377042084932 0.433590471745 0.000000000000
vt 0.097742386162 0.321031332016 0.000000000000
vt 0.088105492294 0.319064915180 0.000000000000
vt 0.010228497908 0.338919043541 0.000000000000
vt 0.082638628781 0.334338665009 0.000000000000
vt 0.099473416805 0.321031332016 0.000000000000
vt 0.887210845947 0.905302941799 0.000000000000
vt 0.854054272175 0.712579011917 0.000000000000
vt 0.665651619434 0.711595058441 0.000000000000
vt 0.489158660173 0.554261445999 0.000000000000
vt 0.497330158949 0.392012774944 0.000000000000
vt 0.372635215521 0.389676332474 0.000000000000
vt 0.369644552469 0.354894518852 0.000000000000
vt 0.491154968739 0.351794719696 0.000000000000
vt 0.540207147598 0.351148307323 0.000000000000
vt 0.645416200161 0.352859139442 0.000000000000
vt 0.622491002083 0.324585855007 0.000000000000
vt 0.987154364586 0.980284631252 0.000000000000
vt 0.987154364586 0.903015911579 0.000000000000
vt 0.887202084064 0.980284631252 0.000000000000
vt 0.985734581947 0.713494122028 0.000000000000
vt 0.983878016472 0.545311689377 0.000000000000
vt 0.857028543949 0.568459153175 0.000000000000
vt 0.667020857334 0.566398024559 0.000000000000
vt 0.563197255135 0.443104207516 0.000000000000
vt 0.660423517227 0.383956789970 0.000000000000
vt 0.662354290485 0.356555938721 0.000000000000
vt 0.358156740665 0.307985484600 0.000000000000
vt 0.472101539373 0.308044612408 0.000000000000
vt 0.536956489086 0.308851301670 0.000000000000
vt 0.618950903416 0.306304395199 0.000000000000
vt 0.659123122692 0.384692549706 0.000000000000
vt 0.659387528896 0.441385030746 0.000000000000
vt 0.774350762367 0.431152284145 0.000000000000
vt 0.869060039520 0.381179094315 0.000000000000
vt 0.956587612629 0.428129911423 0.000000000000
vt 0.984970092773 0.428898215294 0.000000000000
vt 0.660626173019 0.385040462017 0.000000000000
vt 0.697557926178 0.351784467697 0.000000000000
vt 0.953566133976 0.383123457432 0.000000000000
vt 0.955464601517 0.341788947582 0.000000000000
vt 0.884101808071 0.343904256821 0.000000000000
vt 0.887548804283 0.315578520298 0.000000000000
vt 0.955509424210 0.318696975708 0.000000000000
vt 0.834527075291 0.308941662312 0.000000000000
vt 0.832988619804 0.343351304531 0.000000000000
vt 0.728325307369 0.324585855007 0.000000000000
vt 0.738256871700 0.300279080868 0.000000000000
vt 0.802549123764 0.050585091114 0.000000000000
vt 0.856674253941 0.050584852695 0.000000000000
vt 0.802548944950 0.003314316273 0.000000000000
vt 0.856674075127 0.003314137459 0.000000000000
vt 0.856674492359 0.133989393711 0.000000000000
vt 0.802549362183 0.133989632130 0.000000000000
vt 0.802549540997 0.210532069206 0.000000000000
vt 0.856674671173 0.210531830788 0.000000000000
vt 0.802549779415 0.288897633553 0.000000000000
vt 0.856674909592 0.289168417454 0.000000000000
vt 0.856674730778 0.239302814007 0.000000000000
vt 0.856674551964 0.167019248009 0.000000000000
vt 0.856674373150 0.098317921162 0.000000000000
vt 0.856674194336 0.027926385403 0.000000000000
vt 0.996462225914 0.003689706326 0.000000000000
vt 0.976347982883 0.003689706326 0.000000000000
vt 0.996462225914 0.033361494541 0.000000000000
vt 0.953076839447 0.019062757492 0.000000000000
vt 0.962636649609 0.120464265347 0.000000000000
vt 0.996462225914 0.146274507046 0.000000000000
vt 0.976347982883 0.294275045395 0.000000000000
vt 0.996462225914 0.232393741608 0.000000000000
vt 0.944389641285 0.294275045395 0.000000000000
vt 0.874307274818 0.294275045395 0.000000000000
vt 0.874307274818 0.261913895607 0.000000000000
vt 0.874307274818 0.223853170872 0.000000000000
vt 0.996462225914 0.195234239101 0.000000000000
vt 0.874307274818 0.190437018871 0.000000000000
vt 0.874307274818 0.147638261318 0.000000000000
vt 0.874307274818 0.129487037659 0.000000000000
vt 0.874307274818 0.105328023434 0.000000000000
vt 0.874307274818 0.068456232548 0.000000000000
vt 0.874307274818 0.046720623970 0.000000000000
vt 0.874307274818 0.022012591362 0.000000000000
vt 0.944389641285 0.003689706326 0.000000000000
vt 0.874307274818 0.003689706326 0.000000000000
vt 0.818154931068 0.004074275494 0.000000000000
vt 0.818612039089 0.027901411057 0.000000000000
vt 0.848398506641 0.007434666157 0.000000000000
vt 0.842445015907 0.071238458157 0.000000000000
vt 0.821442544460 0.068718135357 0.000000000000
vt 0.818345844746 0.105739772320 0.000000000000
vt 0.849553227425 0.125393688679 0.000000000000
vt 0.850405216217 0.124229907990 0.000000000000
vt 0.818481385708 0.125070035458 0.000000000000
vt 0.850026130676 0.161364138126 0.000000000000
vt 0.812532305717 0.204317212105 0.000000000000
vt 0.852016985416 0.216078639030 0.000000000000
vt 0.822628140450 0.289936840534 0.000000000000
vt 0.859188258648 0.264990329742 0.000000000000
vt 0.799605250359 0.215529739857 0.000000000000
vt 0.801080584526 0.166001737118 0.000000000000
vt 0.817310273647 0.166001737118 0.000000000000
vt 0.835977911949 0.003689706326 0.000000000000
vt 0.835977911949 0.166001737118 0.000000000000
vt 0.870236158371 0.166001737118 0.000000000000
vt 0.835977911949 0.130846500397 0.000000000000
vt 0.333089977503 0.980284631252 0.000000000000
vt 0.440091401339 0.980284631252 0.000000000000
vt 0.344241648912 0.897874057293 0.000000000000
vt 0.663646817207 0.980284631252 0.000000000000
vt 0.867955386639 0.295552492142 0.000000000000
vt 0.867955386639 0.216857433319 0.000000000000
vt 0.867955386639 0.125036716461 0.000000000000
vt 0.867955386639 0.069154322147 0.000000000000
vt 0.867955386639 0.009389519691 0.000000000000
vt 0.794506728649 0.287348091602 0.000000000000
vt 0.642242729664 0.263992428780 0.000000000000
vt 0.793691396713 0.230435073376 0.000000000000
vt 0.641427338123 0.228457868099 0.000000000000
vt 0.794372081757 0.173200607300 0.000000000000
vt 0.642108201981 0.176170408726 0.000000000000
vt 0.794307410717 0.102107226849 0.000000000000
vt 0.642043411732 0.101602733135 0.000000000000
vt 0.794430255890 0.072672188282 0.000000000000
vt 0.642166256905 0.069889187813 0.000000000000
vt 0.801080584526 0.186734795570 0.000000000000
vt 0.791538119316 0.282199561596 0.000000000000
vt 0.644608616829 0.257864832878 0.000000000000
vt 0.791538119316 0.210728883743 0.000000000000
vt 0.642792224884 0.204650580883 0.000000000000
vt 0.791538119316 0.181242287159 0.000000000000
vt 0.642174303532 0.172706723213 0.000000000000
vt 0.791538119316 0.111889183521 0.000000000000
vt 0.642505109310 0.100825726986 0.000000000000
vt 0.791538119316 0.064070940018 0.000000000000
vt 0.639076471329 0.057078897953 0.000000000000
vt 0.791538119316 0.015053629875 0.000000000000
vt 0.641770303249 0.027633011341 0.000000000000
vt 0.836060523987 0.186734795570 0.000000000000
vt 0.836060523987 0.003689706326 0.000000000000
# 253 texture coords

g DrawCall_0051
usemtl Material__7453
s 1
f 352/329/446 353/330/447 354/331/448 
f 355/332/449 356/333/450 353/330/447 
f 356/333/450 357/329/451 353/330/447 
f 353/330/447 357/329/451 358/331/452 
f 357/329/451 359/334/453 358/331/452 
f 358/331/452 359/334/453 360/335/454 
f 360/335/454 359/334/453 355/336/455 
f 355/336/455 359/334/453 356/337/456 
f 359/334/453 361/338/457 356/337/456 
f 356/337/456 361/338/457 362/339/458 
f 357/329/451 356/333/450 363/340/459 
f 356/333/450 362/341/460 363/340/459 
f 363/340/459 362/341/460 364/342/461 
f 362/341/460 361/338/457 364/342/461 
f 364/342/461 361/338/457 363/340/459 
f 361/338/457 359/334/453 363/340/459 
f 363/340/459 359/334/453 357/329/451 
f 365/330/462 366/329/463 367/331/464 
f 368/339/465 369/338/466 370/337/467 
f 369/338/466 371/334/468 370/337/467 
f 370/337/467 371/334/468 372/336/469 
f 372/336/469 371/334/468 373/335/470 
f 373/335/470 371/334/468 374/331/471 
f 371/334/468 375/329/472 374/331/471 
f 374/331/471 375/329/472 365/330/462 
f 375/329/472 370/333/473 365/330/462 
f 365/330/462 370/333/473 372/332/474 
f 375/329/472 371/334/468 376/340/475 
f 371/334/468 369/338/466 376/340/475 
f 376/340/475 369/338/466 377/342/476 
f 369/338/466 368/341/477 377/342/476 
f 377/342/476 368/341/477 376/340/475 
f 368/341/477 370/333/473 376/340/475 
f 376/340/475 370/333/473 375/329/472 
f 378/332/478 367/330/479 379/343/480 
f 367/330/479 366/329/463 379/343/480 
f 366/329/463 380/340/481 379/343/480 
f 379/343/480 380/340/481 381/341/482 
f 380/340/481 382/342/483 381/341/482 
f 381/341/482 382/342/483 383/344/484 
f 382/342/483 380/340/481 383/344/484 
f 383/344/484 380/340/481 384/345/485 
f 380/340/481 366/329/463 384/345/485 
f 366/329/463 365/331/486 384/345/485 
f 384/345/485 365/331/486 372/335/487 
f 381/339/488 383/344/484 379/337/489 
f 383/344/484 384/345/485 379/337/489 
f 384/345/485 372/335/487 379/337/489 
f 379/337/489 372/335/487 378/336/490 
f 385/346/491 386/347/492 387/348/493 
f 386/347/492 388/349/494 387/348/493 
f 389/350/495 390/351/496 391/352/497 
f 392/353/498 393/354/499 394/355/500 
f 394/355/500 393/354/499 389/350/495 
f 393/354/499 395/356/501 389/350/495 
f 395/356/501 396/357/502 389/350/495 
f 389/350/495 396/357/502 390/351/496 
f 396/357/502 397/358/503 390/351/496 
f 397/358/503 398/359/504 390/351/496 
f 398/359/504 399/360/505 390/351/496 
f 390/351/496 399/360/505 391/352/497 
f 399/360/505 400/361/506 391/352/497 
f 400/361/506 401/362/507 391/352/497 
f 391/352/497 401/362/507 402/363/508 
f 401/362/507 403/364/509 402/363/508 
f 403/364/509 404/365/510 402/363/508 
f 404/365/510 392/353/498 402/363/508 
f 392/353/498 394/355/500 402/363/508 
f 402/363/508 394/355/500 391/352/497 
f 394/355/500 389/350/495 391/352/497 
f 393/354/499 392/353/498 405/366/511 
f 405/366/511 392/353/498 406/367/512 
f 406/367/512 392/353/498 407/368/513 
f 407/368/513 392/353/498 408/369/514 
f 392/353/498 404/365/510 408/369/514 
f 408/369/514 404/365/510 409/370/515 
f 404/365/510 403/364/509 409/370/515 
f 409/370/515 403/364/509 410/371/516 
f 410/371/516 403/364/509 411/372/517 
f 411/372/517 403/364/509 412/373/518 
f 403/364/509 401/362/507 412/373/518 
f 412/373/518 401/362/507 413/374/519 
f 413/374/519 401/362/507 414/375/520 
f 401/362/507 400/361/506 414/375/520 
f 414/375/520 400/361/506 415/376/521 
f 415/376/521 400/361/506 416/377/522 
f 416/377/522 400/361/506 417/378/523 
f 400/361/506 399/360/505 417/378/523 
f 418/379/524 419/380/525 420/381/526 
f 420/381/526 419/380/525 406/367/512 
f 406/367/512 419/380/525 405/366/511 
f 419/380/525 421/382/527 405/366/511 
f 405/366/511 421/382/527 393/354/499 
f 421/382/527 422/383/528 393/354/499 
f 393/354/499 422/383/528 395/356/501 
f 395/356/501 422/383/528 396/357/502 
f 422/383/528 423/384/529 396/357/502 
f 423/384/529 424/385/530 396/357/502 
f 396/357/502 424/385/530 397/358/503 
f 424/385/530 425/386/531 397/358/503 
f 425/386/531 426/387/532 397/358/503 
f 397/358/503 426/387/532 398/359/504 
f 426/387/532 427/388/533 398/359/504 
f 427/388/533 428/389/534 398/359/504 
f 398/359/504 428/389/534 399/360/505 
f 428/389/534 417/378/523 399/360/505 
f 412/390/535 413/391/536 421/382/527 
f 421/382/527 413/391/536 422/383/528 
f 422/383/528 413/391/536 423/384/529 
f 413/391/536 414/392/537 423/384/529 
f 414/392/537 415/393/538 423/384/529 
f 423/384/529 415/393/538 424/385/530 
f 415/393/538 416/394/539 424/385/530 
f 424/385/530 416/394/539 425/386/531 
f 416/394/539 429/395/540 425/386/531 
f 425/386/531 429/395/540 426/387/532 
f 429/395/540 430/396/541 426/387/532 
f 426/387/532 430/396/541 427/388/533 
f 430/396/541 431/397/542 427/388/533 
f 427/388/533 431/397/542 428/389/534 
f 431/397/542 432/398/543 428/389/534 
f 428/389/534 432/398/543 417/378/523 
f 417/378/523 432/398/543 416/377/522 
f 432/398/543 429/399/544 416/377/522 
f 421/382/527 419/380/525 412/390/535 
f 419/380/525 418/379/524 412/390/535 
f 412/390/535 418/379/524 411/400/545 
f 433/401/546 434/402/547 435/403/548 
f 436/404/549 437/405/550 435/403/548 
f 435/403/548 437/405/550 433/401/546 
f 433/401/546 437/405/550 438/406/551 
f 437/405/550 439/407/552 438/406/551 
f 436/404/549 435/403/548 440/408/553 
f 435/403/548 441/409/554 440/408/553 
f 441/409/554 442/410/555 440/408/553 
f 440/408/553 442/410/555 443/411/556 
f 442/410/555 444/405/557 443/411/556 
f 444/405/557 445/412/558 443/411/556 
f 445/412/558 446/413/559 443/411/556 
f 446/413/559 447/414/560 443/411/556 
f 447/414/560 448/415/561 443/411/556 
f 443/411/556 448/415/561 440/408/553 
f 440/408/553 448/415/561 436/404/549 
f 448/415/561 449/416/562 436/404/549 
f 449/416/562 450/413/563 436/404/549 
f 450/413/563 451/417/564 436/404/549 
f 436/404/549 451/417/564 437/405/550 
f 451/417/564 452/418/565 437/405/550 
f 437/405/550 452/418/565 439/407/552 
f 452/418/565 453/419/566 439/407/552 
f 454/420/567 455/421/568 456/422/569 
f 455/421/568 457/423/570 456/422/569 
f 456/422/569 457/423/570 441/409/554 
f 441/409/554 457/423/570 442/410/555 
f 457/423/570 458/424/571 442/410/555 
f 442/410/555 458/424/571 444/405/557 
f 444/405/557 458/424/571 459/406/572 
f 459/406/572 458/424/571 460/425/573 
f 460/425/573 458/424/571 461/426/574 
f 458/424/571 457/423/570 461/426/574 
f 461/426/574 457/423/570 462/427/575 
f 457/423/570 455/421/568 462/427/575 
f 455/421/568 463/428/576 462/427/575 
f 462/427/575 463/428/576 464/429/577 
f 464/429/577 463/428/576 465/430/578 
f 465/430/578 463/428/576 466/431/579 
f 466/431/579 463/428/576 467/432/580 
f 463/428/576 468/433/581 467/432/580 
f 463/428/576 455/421/568 468/433/581 
f 468/433/581 455/421/568 469/434/582 
f 455/421/568 454/420/567 469/434/582 
f 454/420/567 470/435/583 469/434/582 
f 469/434/582 470/435/583 471/436/584 
f 470/435/583 472/437/585 471/436/584 
f 471/436/584 472/437/585 473/438/586 
f 473/438/586 472/437/585 474/439/587 
f 474/439/587 472/437/585 407/440/588 
f 407/440/588 472/437/585 406/441/589 
f 406/441/589 472/437/585 420/427/590 
f 472/437/585 470/435/583 420/427/590 
f 470/435/583 434/402/547 420/427/590 
f 420/427/590 434/402/547 418/442/591 
f 434/402/547 433/401/546 418/442/591 
f 418/442/591 433/401/546 411/425/592 
f 433/401/546 438/406/551 411/425/592 
f 438/406/551 410/443/593 411/425/592 
f 475/444/594 467/432/580 476/445/595 
f 467/432/580 468/433/581 476/445/595 
f 468/433/581 469/434/582 476/445/595 
f 476/445/595 469/434/582 477/446/596 
f 477/446/596 469/434/582 478/447/597 
f 469/434/582 471/436/584 478/447/597 
f 471/436/584 473/438/586 478/447/597 
f 478/447/597 473/438/586 479/448/598 
f 480/449/599 481/450/600 453/419/566 
f 481/450/600 482/451/601 453/419/566 
f 453/419/566 482/451/601 439/407/552 
f 482/451/601 483/452/602 439/407/552 
f 439/407/552 483/452/602 438/406/551 
f 438/406/551 483/452/602 410/443/593 
f 483/452/602 484/453/603 410/443/593 
f 410/443/593 484/453/603 409/454/604 
f 409/454/604 484/453/603 408/455/605 
f 408/455/605 484/453/603 485/456/606 
f 485/456/606 484/453/603 486/457/607 
f 484/453/603 487/458/608 486/457/607 
f 486/457/607 487/458/608 488/459/609 
f 446/460/610 445/461/611 489/462/612 
f 489/462/612 445/461/611 480/449/599 
f 445/461/611 444/463/613 480/449/599 
f 480/449/599 444/463/613 481/450/600 
f 444/463/613 459/464/614 481/450/600 
f 459/464/614 490/465/615 481/450/600 
f 481/450/600 490/465/615 482/451/601 
f 490/465/615 491/466/616 482/451/601 
f 482/451/601 491/466/616 483/452/602 
f 491/466/616 492/467/617 483/452/602 
f 483/452/602 492/467/617 484/453/603 
f 492/467/617 493/468/618 484/453/603 
f 484/453/603 493/468/618 487/458/608 
f 493/468/618 494/469/619 487/458/608 
f 407/470/620 408/455/605 474/471/621 
f 408/455/605 485/456/606 474/471/621 
f 474/471/621 485/456/606 473/472/622 
f 485/456/606 486/457/607 473/472/622 
f 486/457/607 488/459/609 473/472/622 
f 473/472/622 488/459/609 479/473/623 
f 493/474/624 492/467/617 495/475/625 
f 492/467/617 491/466/616 495/475/625 
f 495/475/625 491/466/616 496/476/626 
f 491/466/616 490/465/615 496/476/626 
f 496/476/626 490/465/615 497/477/627 
f 497/477/627 490/465/615 498/478/628 
f 490/465/615 459/464/614 498/478/628 
f 498/478/628 459/464/614 460/479/629 
f 495/475/625 496/476/626 493/480/630 
f 496/476/626 497/477/627 493/480/630 
f 497/477/627 499/481/631 493/480/630 
f 493/480/630 499/481/631 494/469/619 
f 498/478/628 500/482/632 497/477/627 
f 500/482/632 501/483/633 497/477/627 
f 497/477/627 501/483/633 502/484/634 
f 502/484/634 501/483/633 466/485/635 
f 501/483/633 465/486/636 466/485/635 
f 466/485/635 467/487/637 502/484/634 
f 467/487/637 503/488/638 502/484/634 
f 502/484/634 503/488/638 497/477/627 
f 497/477/627 503/488/638 499/481/631 
f 499/481/631 503/488/638 504/489/639 
f 503/488/638 467/487/637 504/489/639 
f 504/489/639 467/487/637 475/490/640 
f 505/491/641 429/492/642 506/493/643 
f 429/492/642 432/494/644 506/493/643 
f 429/492/642 505/491/641 430/495/645 
f 505/491/641 507/496/646 430/495/645 
f 507/496/646 508/497/647 430/495/645 
f 430/495/645 508/497/647 431/498/648 
f 508/497/647 506/499/649 431/498/648 
f 506/499/649 432/500/650 431/498/648 
f 432/500/650 509/500/651 431/498/648 
f 509/500/651 510/501/652 431/498/648 
f 510/501/652 511/498/653 431/498/648 
f 431/498/648 511/498/653 430/495/645 
f 511/498/653 512/502/654 430/495/645 
f 512/502/654 513/495/655 430/495/645 
f 430/495/645 513/495/655 429/492/642 
f 513/495/655 514/503/656 429/492/642 
f 514/503/656 515/492/657 429/492/642 
f 429/492/642 515/492/657 432/494/644 
f 515/492/657 516/504/658 432/494/644 
f 516/504/658 509/494/659 432/494/644 
f 517/345/660 518/344/661 519/337/662 
f 518/344/661 520/339/663 519/337/662 
f 521/332/664 519/343/665 354/330/666 
f 354/330/666 519/343/665 352/329/446 
f 352/329/446 519/343/665 522/340/667 
f 519/343/665 520/341/668 522/340/667 
f 522/340/667 520/341/668 523/342/669 
f 520/341/668 518/344/661 523/342/669 
f 523/342/669 518/344/661 522/340/667 
f 518/344/661 517/345/660 522/340/667 
f 522/340/667 517/345/660 352/329/446 
f 352/329/446 517/345/660 353/331/670 
f 353/331/670 517/345/660 355/335/671 
f 517/345/660 519/337/662 355/335/671 
f 355/335/671 519/337/662 521/336/672 
f 508/505/673 524/506/674 506/507/675 
f 524/506/674 525/508/676 506/507/675 
f 525/508/676 526/509/677 506/507/675 
f 506/507/675 526/509/677 505/510/678 
f 524/511/679 508/512/680 527/513/681 
f 527/513/681 508/512/680 528/514/682 
f 528/514/682 508/512/680 529/515/683 
f 529/515/683 508/512/680 373/516/684 
f 508/512/680 507/517/685 373/516/684 
f 373/516/684 507/517/685 372/518/686 
f 372/518/686 507/517/685 378/519/687 
f 507/517/685 505/510/678 378/519/687 
f 378/519/687 505/510/678 367/520/688 
f 505/510/678 526/509/677 367/520/688 
f 367/520/688 526/509/677 365/521/689 
f 365/521/689 526/509/677 374/522/690 
f 526/509/677 525/508/676 374/522/690 
f 374/522/690 525/508/676 530/523/691 
f 530/523/691 525/508/676 531/524/692 
f 525/508/676 527/525/693 531/524/692 
f 531/524/692 527/525/693 528/526/694 
f 532/527/695 533/528/696 534/529/697 
f 534/529/697 533/528/696 535/530/698 
f 533/528/696 536/531/699 535/530/698 
f 536/531/699 537/532/700 535/530/698 
f 535/530/698 537/532/700 538/533/701 
f 537/532/700 539/534/702 538/535/703 
f 539/534/702 540/536/704 538/535/703 
f 538/535/703 540/536/704 541/537/705 
f 540/536/704 542/538/706 541/537/705 
f 541/537/705 542/538/706 534/539/707 
f 542/538/706 543/540/708 534/539/707 
f 534/539/707 543/540/708 532/539/709 
f 544/510/710 545/509/711 546/507/712 
f 545/509/711 547/508/713 546/507/712 
f 547/508/713 548/506/714 546/507/712 
f 546/507/712 548/506/714 549/505/715 
f 548/511/716 550/513/717 549/512/718 
f 550/513/717 551/514/719 549/512/718 
f 551/514/719 552/515/720 549/512/718 
f 552/515/720 360/516/721 549/512/718 
f 549/512/718 360/516/721 553/517/722 
f 360/516/721 355/518/723 553/517/722 
f 355/518/723 521/519/724 553/517/722 
f 553/517/722 521/519/724 544/510/710 
f 521/519/724 354/520/725 544/510/710 
f 544/510/710 354/520/725 545/509/711 
f 354/520/725 353/521/726 545/509/711 
f 353/521/726 358/522/727 545/509/711 
f 545/509/711 358/522/727 547/508/713 
f 358/522/727 554/523/728 547/508/713 
f 554/523/728 555/524/729 547/508/713 
f 547/508/713 555/524/729 550/525/730 
f 555/524/729 551/526/731 550/525/730 
f 541/397/732 556/389/733 534/398/734 
f 556/389/733 557/378/735 534/398/734 
f 557/378/735 558/377/736 534/398/734 
f 534/398/734 558/377/736 535/399/737 
f 559/388/738 560/359/739 556/389/733 
f 560/359/739 561/360/740 556/389/733 
f 556/389/733 561/360/740 557/378/735 
f 561/360/740 562/361/741 557/378/735 
f 557/378/735 562/361/741 558/377/736 
f 558/377/736 562/361/741 563/376/742 
f 563/376/742 562/361/741 564/375/743 
f 562/361/741 565/362/744 564/375/743 
f 564/375/743 565/362/744 566/374/745 
f 566/374/745 565/362/744 567/373/746 
f 565/362/744 568/364/747 567/373/746 
f 567/373/746 568/364/747 460/372/748 
f 460/372/748 568/364/747 498/371/749 
f 498/371/749 568/364/747 500/370/750 
f 568/364/747 569/365/751 500/370/750 
f 500/370/750 569/365/751 501/369/752 
f 569/365/751 570/353/753 501/369/752 
f 501/369/752 570/353/753 465/368/754 
f 570/353/753 569/365/751 571/363/755 
f 569/365/751 568/364/747 571/363/755 
f 568/364/747 565/362/744 571/363/755 
f 571/363/755 565/362/744 572/352/756 
f 565/362/744 562/361/741 572/352/756 
f 562/361/741 561/360/740 572/352/756 
f 572/352/756 561/360/740 573/351/757 
f 561/360/740 560/359/739 573/351/757 
f 560/359/739 574/358/758 573/351/757 
f 574/358/758 575/357/759 573/351/757 
f 573/351/757 575/357/759 576/350/760 
f 575/357/759 577/356/761 576/350/760 
f 576/350/760 577/356/761 578/355/762 
f 577/356/761 579/354/763 578/355/762 
f 578/355/762 579/354/763 570/353/753 
f 579/354/763 580/366/764 570/353/753 
f 580/366/764 464/367/765 570/353/753 
f 464/367/765 465/368/754 570/353/753 
f 461/379/766 462/381/767 581/380/768 
f 462/381/767 464/367/765 581/380/768 
f 464/367/765 580/366/764 581/380/768 
f 581/380/768 580/366/764 582/382/769 
f 580/366/764 579/354/763 582/382/769 
f 582/382/769 579/354/763 583/383/770 
f 579/354/763 577/356/761 583/383/770 
f 577/356/761 575/357/759 583/383/770 
f 583/383/770 575/357/759 584/384/771 
f 584/384/771 575/357/759 585/385/772 
f 575/357/759 574/358/758 585/385/772 
f 585/385/772 574/358/758 586/386/773 
f 586/386/773 574/358/758 587/387/774 
f 574/358/758 560/359/739 587/387/774 
f 560/359/739 559/388/738 587/387/774 
f 587/387/774 559/388/738 538/396/775 
f 538/396/775 559/388/738 541/397/732 
f 559/388/738 556/389/733 541/397/732 
f 460/400/776 461/379/766 567/390/777 
f 461/379/766 581/380/768 567/390/777 
f 581/380/768 582/382/769 567/390/777 
f 567/390/777 582/382/769 566/391/778 
f 582/382/769 583/383/770 566/391/778 
f 583/383/770 584/384/771 566/391/778 
f 566/391/778 584/384/771 564/392/779 
f 564/392/779 584/384/771 563/393/780 
f 584/384/771 585/385/772 563/393/780 
f 563/393/780 585/385/772 558/394/781 
f 585/385/772 586/386/773 558/394/781 
f 558/394/781 586/386/773 535/395/782 
f 586/386/773 587/387/774 535/395/782 
f 587/387/774 538/541/783 535/395/782 
f 588/341/784 527/542/785 589/342/786 
f 527/542/785 525/543/787 589/342/786 
f 525/543/787 590/544/788 589/342/786 
f 589/342/786 590/544/788 588/341/784 
f 524/545/789 527/546/790 591/547/791 
f 527/546/790 588/339/792 591/547/791 
f 588/339/792 590/544/788 591/547/791 
f 590/544/788 525/543/787 591/547/791 
f 591/547/791 525/543/787 524/545/789 
f 550/542/793 592/341/794 593/342/795 
f 592/341/794 594/544/796 593/342/795 
f 594/544/796 547/543/797 593/342/795 
f 593/342/795 547/543/797 550/542/793 
f 550/546/798 548/545/799 595/547/800 
f 548/545/799 547/543/797 595/547/800 
f 547/543/797 594/544/796 595/547/800 
f 594/544/796 592/339/801 595/547/800 
f 595/547/800 592/339/801 550/546/798 
f 454/420/567 456/422/569 470/435/583 
f 470/435/583 456/422/569 434/402/547 
f 434/402/547 456/422/569 435/403/548 
f 456/422/569 441/409/554 435/403/548 
f 570/353/753 571/363/755 578/355/762 
f 571/363/755 572/352/756 578/355/762 
f 578/355/762 572/352/756 576/350/760 
f 572/352/756 573/351/757 576/350/760 
f 450/548/802 596/549/803 451/550/804 
f 451/550/804 596/549/803 452/418/565 
f 596/549/803 597/551/805 452/418/565 
f 452/418/565 597/551/805 453/419/566 
f 453/419/566 597/551/805 480/449/599 
f 597/551/805 489/462/612 480/449/599 
f 534/395/806 546/552/807 541/396/808 
f 546/552/807 549/553/809 541/396/808 
f 541/396/808 549/553/809 538/397/810 
f 549/553/809 553/554/811 538/397/810 
f 553/554/811 544/555/812 538/397/810 
f 538/397/810 544/555/812 535/398/813 
f 544/555/812 546/556/814 535/398/813 
f 535/398/813 546/556/814 534/399/815 
f 386/557/816 385/558/817 598/559/818 
f 385/558/817 599/560/819 598/559/818 
f 598/559/818 599/560/819 600/561/820 
f 599/560/819 601/562/821 600/561/820 
f 600/561/820 601/562/821 602/563/822 
f 601/562/821 603/564/823 602/563/822 
f 602/563/822 603/564/823 388/565/824 
f 603/564/823 387/566/825 388/565/824 
f 529/332/826 530/330/827 604/567/828 
f 604/567/828 530/330/827 605/329/829 
f 530/330/827 531/331/830 605/329/829 
f 605/329/829 531/331/830 606/334/831 
f 531/331/830 528/335/832 606/334/831 
f 606/334/831 528/335/832 604/337/833 
f 528/335/832 529/336/834 604/337/833 
f 604/337/833 607/339/835 606/334/831 
f 607/339/835 608/338/836 606/334/831 
f 608/338/836 609/340/837 606/334/831 
f 606/334/831 609/340/837 605/329/829 
f 605/329/829 609/340/837 604/567/828 
f 604/567/828 609/340/837 607/341/838 
f 609/340/837 610/342/839 607/341/838 
f 607/341/838 610/342/839 608/338/836 
f 610/342/839 609/340/837 608/338/836 
f 552/332/840 611/567/841 554/330/842 
f 611/567/841 612/329/843 554/330/842 
f 554/330/842 612/329/843 555/331/844 
f 612/329/843 613/334/845 555/331/844 
f 555/331/844 613/334/845 551/335/846 
f 613/334/845 611/337/847 551/335/846 
f 551/335/846 611/337/847 552/336/848 
f 611/337/847 613/334/845 614/339/849 
f 614/339/849 613/334/845 615/338/850 
f 615/338/850 613/334/845 616/340/851 
f 613/334/845 612/329/843 616/340/851 
f 612/329/843 611/567/841 616/340/851 
f 611/567/841 614/341/852 616/340/851 
f 616/340/851 614/341/852 617/342/853 
f 614/341/852 615/338/850 617/342/853 
f 617/342/853 615/338/850 616/340/851 
f 618/568/854 619/569/855 620/570/856 
f 619/569/855 621/571/857 620/570/856 
f 620/570/856 621/571/857 622/572/858 
f 621/571/857 623/573/859 622/572/858 
f 622/572/858 623/573/859 624/574/860 
f 623/573/859 625/575/861 624/574/860 
f 624/574/860 625/575/861 626/576/862 
f 625/575/861 627/577/863 626/576/862 
f 626/576/862 627/577/863 618/578/864 
f 627/577/863 619/579/865 618/578/864 
f 373/332/866 374/330/867 628/567/868 
f 628/567/868 374/330/867 629/329/869 
f 374/330/867 530/331/870 629/329/869 
f 629/329/869 530/331/870 630/580/871 
f 530/331/870 529/335/872 630/580/871 
f 529/335/872 373/336/873 630/580/871 
f 373/336/873 628/337/874 630/580/871 
f 628/337/874 631/339/875 630/580/871 
f 631/339/875 632/581/876 630/580/871 
f 632/581/876 633/340/877 630/580/871 
f 630/580/871 633/340/877 629/329/869 
f 629/329/869 633/340/877 628/567/868 
f 628/567/868 633/340/877 631/341/878 
f 633/340/877 634/342/879 631/341/878 
f 631/341/878 634/342/879 632/581/876 
f 634/342/879 633/340/877 632/581/876 
f 360/332/880 635/567/881 358/330/882 
f 635/567/881 636/329/883 358/330/882 
f 358/330/882 636/329/883 554/331/884 
f 636/329/883 637/580/885 554/331/884 
f 554/331/884 637/580/885 552/335/886 
f 552/335/886 637/580/885 360/336/887 
f 360/336/887 637/580/885 635/337/888 
f 635/337/888 637/580/885 638/339/889 
f 638/339/889 637/580/885 639/581/890 
f 639/581/890 637/580/885 640/340/891 
f 637/580/885 636/329/883 640/340/891 
f 636/329/883 635/567/881 640/340/891 
f 635/567/881 638/341/892 640/340/891 
f 640/340/891 638/341/892 641/342/893 
f 638/341/892 639/581/890 641/342/893 
f 641/342/893 639/581/890 640/340/891 
# 0 polygons - 534 triangles

