<?xml version="1.0" encoding="utf-8"?>
<COLLADA xmlns="http://www.collada.org/2005/11/COLLADASchema" version="1.4.0">
  <asset>
    <contributor>
      <author></author>
      <authoring_tool>FBX COLLADA exporter</authoring_tool>
      <comments></comments>
    </contributor>
    <created>2011-03-06T12:37:45Z</created>
    <modified>2011-03-06T12:37:45Z</modified>
    <revision></revision>
    <title></title>
    <subject></subject>
    <keywords></keywords>
    <unit meter="0.025400"/>
    <up_axis>Y_UP</up_axis>
  </asset>
  <library_images>
    <image id="Map__482-image" name="Map__482">
      <init_from>file://C:\Documents and Settings\Friedslick6\My Documents\3dsmax\scenes\textures\THUG 2 - Mime\Tophat.png</init_from>
    </image>
    <image id="Map__480-image" name="Map__480">
      <init_from>file://C:\Documents and Settings\Friedslick6\My Documents\3dsmax\scenes\textures\THUG 2 - Mime\Feet.png</init_from>
    </image>
    <image id="Map__483-image" name="Map__483">
      <init_from>file://C:\Documents and Settings\Friedslick6\My Documents\3dsmax\scenes\textures\THUG 2 - Mime\Face.png</init_from>
    </image>
    <image id="Map__484-image" name="Map__484">
      <init_from>file://C:\Documents and Settings\Friedslick6\My Documents\3dsmax\scenes\textures\THUG 2 - Mime\Legs.png</init_from>
    </image>
    <image id="Map__477-image" name="Map__477">
      <init_from>file://C:\Documents and Settings\Friedslick6\My Documents\3dsmax\scenes\textures\THUG 2 - Mime\Chest, Arms.png</init_from>
    </image>
  </library_images>
  <library_materials>
    <material id="Material__7458" name="Material__7458">
      <instance_effect url="#Material__7458-fx"/>
    </material>
    <material id="Material__7456" name="Material__7456">
      <instance_effect url="#Material__7456-fx"/>
    </material>
    <material id="Material__7459" name="Material__7459">
      <instance_effect url="#Material__7459-fx"/>
    </material>
    <material id="Material__7460" name="Material__7460">
      <instance_effect url="#Material__7460-fx"/>
    </material>
    <material id="Material__7453" name="Material__7453">
      <instance_effect url="#Material__7453-fx"/>
    </material>
  </library_materials>
  <library_effects>
    <effect id="Material__7458-fx" name="Material__7458">
      <profile_COMMON>
        <technique sid="standard">
          <phong>
            <emission>
              <color sid="emission">0.000000  0.000000 0.000000 1.000000</color>
            </emission>
            <ambient>
              <color sid="ambient">0.588000  0.588000 0.588000 1.000000</color>
            </ambient>
            <diffuse>
              <texture texture="Map__482-image" texcoord="CHANNEL0">
                <extra>
                  <technique profile="MAYA">
                    <wrapU sid="wrapU0">TRUE</wrapU>
                    <wrapV sid="wrapV0">TRUE</wrapV>
                    <blend_mode>ADD</blend_mode>
                  </technique>
                </extra>
              </texture>
            </diffuse>
            <specular>
              <color sid="specular">0.000000  0.000000 0.000000 1.000000</color>
            </specular>
            <shininess>
              <float sid="shininess">2.000000</float>
            </shininess>
            <reflective>
              <color sid="reflective">0.000000  0.000000 0.000000 1.000000</color>
            </reflective>
            <reflectivity>
              <float sid="reflectivity">1.000000</float>
            </reflectivity>
            <transparent>
              <color sid="transparent">1.000000  1.000000 1.000000 1.000000</color>
            </transparent>
            <transparency>
              <float sid="transparency">0.000000</float>
            </transparency>
          </phong>
        </technique>
      </profile_COMMON>
    </effect>
    <effect id="Material__7456-fx" name="Material__7456">
      <profile_COMMON>
        <technique sid="standard">
          <phong>
            <emission>
              <color sid="emission">0.000000  0.000000 0.000000 1.000000</color>
            </emission>
            <ambient>
              <color sid="ambient">0.588000  0.588000 0.588000 1.000000</color>
            </ambient>
            <diffuse>
              <texture texture="Map__480-image" texcoord="CHANNEL0">
                <extra>
                  <technique profile="MAYA">
                    <wrapU sid="wrapU0">TRUE</wrapU>
                    <wrapV sid="wrapV0">TRUE</wrapV>
                    <blend_mode>ADD</blend_mode>
                  </technique>
                </extra>
              </texture>
            </diffuse>
            <specular>
              <color sid="specular">0.000000  0.000000 0.000000 1.000000</color>
            </specular>
            <shininess>
              <float sid="shininess">2.000000</float>
            </shininess>
            <reflective>
              <color sid="reflective">0.000000  0.000000 0.000000 1.000000</color>
            </reflective>
            <reflectivity>
              <float sid="reflectivity">1.000000</float>
            </reflectivity>
            <transparent>
              <color sid="transparent">1.000000  1.000000 1.000000 1.000000</color>
            </transparent>
            <transparency>
              <float sid="transparency">0.000000</float>
            </transparency>
          </phong>
        </technique>
      </profile_COMMON>
    </effect>
    <effect id="Material__7459-fx" name="Material__7459">
      <profile_COMMON>
        <technique sid="standard">
          <phong>
            <emission>
              <color sid="emission">0.000000  0.000000 0.000000 1.000000</color>
            </emission>
            <ambient>
              <color sid="ambient">0.588000  0.588000 0.588000 1.000000</color>
            </ambient>
            <diffuse>
              <texture texture="Map__483-image" texcoord="CHANNEL0">
                <extra>
                  <technique profile="MAYA">
                    <wrapU sid="wrapU0">TRUE</wrapU>
                    <wrapV sid="wrapV0">TRUE</wrapV>
                    <blend_mode>ADD</blend_mode>
                  </technique>
                </extra>
              </texture>
            </diffuse>
            <specular>
              <color sid="specular">0.000000  0.000000 0.000000 1.000000</color>
            </specular>
            <shininess>
              <float sid="shininess">2.000000</float>
            </shininess>
            <reflective>
              <color sid="reflective">0.000000  0.000000 0.000000 1.000000</color>
            </reflective>
            <reflectivity>
              <float sid="reflectivity">1.000000</float>
            </reflectivity>
            <transparent>
              <color sid="transparent">1.000000  1.000000 1.000000 1.000000</color>
            </transparent>
            <transparency>
              <float sid="transparency">0.000000</float>
            </transparency>
          </phong>
        </technique>
      </profile_COMMON>
    </effect>
    <effect id="Material__7460-fx" name="Material__7460">
      <profile_COMMON>
        <technique sid="standard">
          <phong>
            <emission>
              <color sid="emission">0.000000  0.000000 0.000000 1.000000</color>
            </emission>
            <ambient>
              <color sid="ambient">0.588000  0.588000 0.588000 1.000000</color>
            </ambient>
            <diffuse>
              <texture texture="Map__484-image" texcoord="CHANNEL0">
                <extra>
                  <technique profile="MAYA">
                    <wrapU sid="wrapU0">TRUE</wrapU>
                    <wrapV sid="wrapV0">TRUE</wrapV>
                    <blend_mode>ADD</blend_mode>
                  </technique>
                </extra>
              </texture>
            </diffuse>
            <specular>
              <color sid="specular">0.000000  0.000000 0.000000 1.000000</color>
            </specular>
            <shininess>
              <float sid="shininess">2.000000</float>
            </shininess>
            <reflective>
              <color sid="reflective">0.000000  0.000000 0.000000 1.000000</color>
            </reflective>
            <reflectivity>
              <float sid="reflectivity">1.000000</float>
            </reflectivity>
            <transparent>
              <color sid="transparent">1.000000  1.000000 1.000000 1.000000</color>
            </transparent>
            <transparency>
              <float sid="transparency">0.000000</float>
            </transparency>
          </phong>
        </technique>
      </profile_COMMON>
    </effect>
    <effect id="Material__7453-fx" name="Material__7453">
      <profile_COMMON>
        <technique sid="standard">
          <phong>
            <emission>
              <color sid="emission">0.000000  0.000000 0.000000 1.000000</color>
            </emission>
            <ambient>
              <color sid="ambient">0.588000  0.588000 0.588000 1.000000</color>
            </ambient>
            <diffuse>
              <texture texture="Map__477-image" texcoord="CHANNEL0">
                <extra>
                  <technique profile="MAYA">
                    <wrapU sid="wrapU0">TRUE</wrapU>
                    <wrapV sid="wrapV0">TRUE</wrapV>
                    <blend_mode>ADD</blend_mode>
                  </technique>
                </extra>
              </texture>
            </diffuse>
            <specular>
              <color sid="specular">0.000000  0.000000 0.000000 1.000000</color>
            </specular>
            <shininess>
              <float sid="shininess">2.000000</float>
            </shininess>
            <reflective>
              <color sid="reflective">0.000000  0.000000 0.000000 1.000000</color>
            </reflective>
            <reflectivity>
              <float sid="reflectivity">1.000000</float>
            </reflectivity>
            <transparent>
              <color sid="transparent">1.000000  1.000000 1.000000 1.000000</color>
            </transparent>
            <transparency>
              <float sid="transparency">0.000000</float>
            </transparency>
          </phong>
        </technique>
      </profile_COMMON>
    </effect>
  </library_effects>
  <library_geometries>
    <geometry id="DrawCall_0047-lib" name="DrawCall_0047Mesh">
      <mesh>
        <source id="DrawCall_0047-lib-Position">
          <float_array id="DrawCall_0047-lib-Position-array" count="186">
181.618774 149.848343 -21.627708
182.610443 147.345016 -21.252697
183.045624 146.656052 -24.252728
181.494614 150.098724 -25.002720
177.681305 149.861481 -21.690193
181.618774 149.848343 -21.627708
181.494614 150.098724 -25.002720
179.433807 150.605606 -25.065224
177.369644 150.112503 -25.002708
176.110062 147.241699 -21.252682
175.734222 146.992935 -24.502705
176.847122 143.364227 -20.690189
175.976501 144.679626 -23.877708
177.529388 141.799438 -23.190182
179.030029 141.981934 -20.440182
179.402695 141.293182 -23.252701
181.907089 142.597336 -20.565182
181.279358 141.786926 -23.252705
182.601883 144.782532 -20.940197
182.914795 144.906464 -24.127705
182.926529 148.406494 -13.690132
183.793381 145.966095 -14.002647
180.493423 149.727127 -13.565147
180.493423 149.727127 -13.565147
177.242599 149.487961 -13.940128
175.675110 147.993195 -14.377636
175.168213 145.932373 -14.877628
176.408829 143.115707 -15.252636
179.092316 141.919250 -15.190144
181.719193 142.472977 -14.940144
183.286697 143.967773 -14.502647
176.408829 143.115707 -15.252636
179.092316 141.919250 -15.190144
181.719193 142.472977 -14.940144
179.542969 145.855270 -14.627647
183.286697 143.967773 -14.502647
183.793381 145.966095 -14.002647
182.926529 148.406494 -13.690132
180.493423 149.727127 -13.565147
175.675110 147.993195 -14.377636
175.168213 145.932373 -14.877628
177.242599 149.487961 -13.940128
181.494614 150.098724 -25.002720
183.501495 152.154556 -25.752739
185.362274 147.898315 -24.815220
183.045624 146.656052 -24.252728
177.369644 150.112503 -25.002708
175.500488 151.868729 -25.690212
179.505264 153.292892 -26.002724
179.433807 150.605606 -25.065224
173.611938 147.812531 -24.815208
175.734222 146.992935 -24.502705
177.529388 141.799438 -23.190182
174.466705 141.747162 -23.440197
173.537552 144.250275 -24.002701
175.976501 144.679626 -23.877708
179.402695 141.293182 -23.252701
178.268723 138.609467 -22.752678
181.279358 141.786926 -23.252705
182.772263 139.656921 -22.940205
182.914795 144.906464 -24.127705
185.344955 142.710861 -23.627708
</float_array>
          <technique_common>
            <accessor source="#DrawCall_0047-lib-Position-array" count="62" stride="3">
              <param name="X" type="float"/>
              <param name="Y" type="float"/>
              <param name="Z" type="float"/>
            </accessor>
          </technique_common>
        </source>
        <source id="DrawCall_0047-lib-Normal0">
          <float_array id="DrawCall_0047-lib-Normal0-array" count="594">
0.079168 -0.209664 -0.974563
0.077786 -0.227603 -0.970642
0.054955 -0.228325 -0.972033
0.077786 -0.227603 -0.970642
0.070099 -0.286441 -0.955530
0.054955 -0.228325 -0.972033
0.077786 -0.227603 -0.970642
0.079168 -0.209664 -0.974563
0.086165 -0.206131 -0.974723
0.079168 -0.209664 -0.974563
0.075569 0.222922 -0.971903
0.086165 -0.206131 -0.974723
0.086165 -0.206131 -0.974723
0.075569 0.222922 -0.971903
0.068461 -0.165878 -0.983767
0.075569 0.222922 -0.971903
0.043171 -0.172411 -0.984079
0.068461 -0.165878 -0.983767
0.068461 -0.165878 -0.983767
0.043171 -0.172411 -0.984079
0.018341 -0.182416 -0.983050
0.043171 -0.172411 -0.984079
-0.049456 -0.192564 -0.980037
0.018341 -0.182416 -0.983050
0.018341 -0.182416 -0.983050
-0.049456 -0.192564 -0.980037
-0.029821 -0.185836 -0.982128
-0.049456 -0.192564 -0.980037
0.070158 -0.132118 -0.988748
-0.029821 -0.185836 -0.982128
-0.029821 -0.185836 -0.982128
0.070158 -0.132118 -0.988748
-0.007981 -0.204139 -0.978909
0.070158 -0.132118 -0.988748
-0.068266 -0.212178 -0.974844
-0.007981 -0.204139 -0.978909
-0.007981 -0.204139 -0.978909
-0.068266 -0.212178 -0.974844
-0.105038 -0.241593 -0.964676
-0.068266 -0.212178 -0.974844
-0.071290 -0.279400 -0.957525
-0.105038 -0.241593 -0.964676
-0.105038 -0.241593 -0.964676
-0.071290 -0.279400 -0.957525
-0.069238 -0.286330 -0.955626
-0.071290 -0.279400 -0.957525
0.006494 -0.325155 -0.945638
-0.069238 -0.286330 -0.955626
-0.069238 -0.286330 -0.955626
0.006494 -0.325155 -0.945638
0.003794 -0.328208 -0.944598
0.006494 -0.325155 -0.945638
0.070099 -0.286441 -0.955530
0.003794 -0.328208 -0.944598
0.003794 -0.328208 -0.944598
0.070099 -0.286441 -0.955530
0.077357 -0.290971 -0.953599
0.070099 -0.286441 -0.955530
0.077786 -0.227603 -0.970642
0.077357 -0.290971 -0.953599
-0.071484 -0.108540 0.991519
-0.096260 -0.149161 0.984116
-0.066233 -0.144935 0.987222
-0.096260 -0.149161 0.984116
-0.088746 -0.190194 0.977727
-0.066233 -0.144935 0.987222
-0.066233 -0.144935 0.987222
-0.088746 -0.190194 0.977727
-0.059359 -0.191949 0.979608
-0.059359 -0.191949 0.979608
-0.088746 -0.190194 0.977727
-0.059685 -0.221795 0.973265
-0.059685 -0.221795 0.973265
-0.088746 -0.190194 0.977727
-0.075102 -0.231142 0.970017
-0.075102 -0.231142 0.970017
-0.088746 -0.190194 0.977727
-0.088239 -0.243399 0.965904
-0.088239 -0.243399 0.965904
-0.088746 -0.190194 0.977727
-0.112070 -0.208407 0.971600
-0.112070 -0.208407 0.971600
-0.088746 -0.190194 0.977727
-0.137933 -0.190853 0.971879
-0.137933 -0.190853 0.971879
-0.088746 -0.190194 0.977727
-0.127063 -0.187517 0.974008
-0.088746 -0.190194 0.977727
-0.096260 -0.149161 0.984116
-0.127063 -0.187517 0.974008
0.002613 0.998966 0.045393
-0.473633 0.878400 0.063916
-0.054299 0.997901 0.035294
-0.054299 0.997901 0.035294
-0.473633 0.878400 0.063916
-0.388419 0.921210 0.022411
-0.388419 0.921210 0.022411
-0.473633 0.878400 0.063916
-0.851389 0.521708 -0.054390
-0.473633 0.878400 0.063916
-0.983870 0.178843 -0.003843
-0.851389 0.521708 -0.054390
-0.851389 0.521708 -0.054390
-0.983870 0.178843 -0.003843
-0.985633 -0.059909 -0.157921
-0.985633 -0.059909 -0.157921
-0.983870 0.178843 -0.003843
-0.744009 -0.654268 -0.135588
-0.983870 0.178843 -0.003843
-0.840503 -0.536905 0.072719
-0.744009 -0.654268 -0.135588
-0.744009 -0.654268 -0.135588
-0.840503 -0.536905 0.072719
-0.109622 -0.993343 -0.035390
-0.840503 -0.536905 0.072719
-0.167531 -0.975538 0.142333
-0.109622 -0.993343 -0.035390
-0.109622 -0.993343 -0.035390
-0.167531 -0.975538 0.142333
0.482579 -0.875847 -0.003064
-0.167531 -0.975538 0.142333
0.694593 -0.719134 -0.019684
0.482579 -0.875847 -0.003064
0.482579 -0.875847 -0.003064
0.694593 -0.719134 -0.019684
0.905517 -0.415033 -0.088241
0.694593 -0.719134 -0.019684
0.978683 -0.196967 -0.058167
0.905517 -0.415033 -0.088241
0.905517 -0.415033 -0.088241
0.978683 -0.196967 -0.058167
0.989125 0.088887 -0.117178
0.978683 -0.196967 -0.058167
0.978751 0.204038 -0.020384
0.989125 0.088887 -0.117178
0.989125 0.088887 -0.117178
0.978751 0.204038 -0.020384
0.778970 0.626939 -0.012394
0.978751 0.204038 -0.020384
0.898221 0.439327 -0.013826
0.778970 0.626939 -0.012394
0.778970 0.626939 -0.012394
0.898221 0.439327 -0.013826
0.478679 0.874341 0.079958
0.911992 0.410196 -0.003119
0.898221 0.439327 -0.013826
0.983141 0.155773 0.095754
0.898221 0.439327 -0.013826
0.978751 0.204038 -0.020384
0.983141 0.155773 0.095754
0.983141 0.155773 0.095754
0.978751 0.204038 -0.020384
0.971013 -0.213285 0.107900
0.978751 0.204038 -0.020384
0.978683 -0.196967 -0.058167
0.971013 -0.213285 0.107900
0.971013 -0.213285 0.107900
0.978683 -0.196967 -0.058167
0.605261 -0.784212 0.136639
0.978683 -0.196967 -0.058167
0.694593 -0.719134 -0.019684
0.605261 -0.784212 0.136639
0.605261 -0.784212 0.136639
0.694593 -0.719134 -0.019684
0.013033 -0.973125 0.229907
0.694593 -0.719134 -0.019684
-0.167531 -0.975538 0.142333
0.013033 -0.973125 0.229907
0.013033 -0.973125 0.229907
-0.167531 -0.975538 0.142333
-0.601634 -0.774455 0.195590
-0.167531 -0.975538 0.142333
-0.840503 -0.536905 0.072719
-0.601634 -0.774455 0.195590
-0.601634 -0.774455 0.195590
-0.840503 -0.536905 0.072719
-0.966862 -0.162208 0.197144
-0.966862 -0.162208 0.197144
-0.840503 -0.536905 0.072719
-0.970092 0.209515 0.122575
-0.840503 -0.536905 0.072719
-0.983870 0.178843 -0.003843
-0.970092 0.209515 0.122575
-0.970092 0.209515 0.122575
-0.983870 0.178843 -0.003843
-0.579794 0.808430 0.101386
-0.983870 0.178843 -0.003843
-0.473633 0.878400 0.063916
-0.579794 0.808430 0.101386
-0.579794 0.808430 0.101386
-0.473633 0.878400 0.063916
0.064467 0.966953 0.246668
0.064467 0.966953 0.246668
-0.473633 0.878400 0.063916
0.105045 0.975987 0.190826
-0.473633 0.878400 0.063916
0.002613 0.998966 0.045393
0.105045 0.975987 0.190826
</float_array>
          <technique_common>
            <accessor source="#DrawCall_0047-lib-Normal0-array" count="198" stride="3">
              <param name="X" type="float"/>
              <param name="Y" type="float"/>
              <param name="Z" type="float"/>
            </accessor>
          </technique_common>
        </source>
        <source id="DrawCall_0047-lib-UV0">
          <float_array id="DrawCall_0047-lib-UV0-array" count="124">
0.650222 0.997279
0.650222 0.972494
0.671580 0.972494
0.671580 0.997279
0.650221 0.823784
0.650221 0.798998
0.671579 0.798998
0.671579 0.814519
0.671579 0.823783
0.650221 0.856830
0.671580 0.856830
0.650221 0.889877
0.671580 0.883716
0.671580 0.889877
0.650221 0.914662
0.671580 0.914662
0.650222 0.931185
0.671580 0.931185
0.650222 0.947709
0.671580 0.947709
0.615513 0.982377
0.616104 0.965043
0.614627 0.994172
0.612087 0.798788
0.612648 0.827140
0.612441 0.849785
0.611378 0.866146
0.610640 0.892147
0.611024 0.914946
0.612057 0.933456
0.613239 0.949209
0.612318 0.851990
0.615988 0.852304
0.618176 0.874526
0.611270 0.918297
0.616695 0.949736
0.616104 0.965043
0.615513 0.982377
0.614627 0.994172
0.619134 0.934432
0.617381 0.897776
0.612668 0.976480
0.612691 0.850130
0.655833 0.835228
0.655126 0.798129
0.610425 0.799856
0.612493 0.924456
0.656003 0.922177
0.655975 0.883304
0.612159 0.882915
0.655891 0.947581
0.611412 0.946295
0.611134 0.992028
0.656307 0.997198
0.656146 0.977996
0.611186 0.983502
0.612510 0.924399
0.656804 0.920519
0.612487 0.886201
0.657086 0.882935
0.611253 0.848577
0.656336 0.834479
</float_array>
          <technique_common>
            <accessor source="#DrawCall_0047-lib-UV0-array" count="62" stride="2">
              <param name="S" type="float"/>
              <param name="T" type="float"/>
            </accessor>
          </technique_common>
        </source>
        <source id="DrawCall_0047-lib-UV1">
          <float_array id="DrawCall_0047-lib-UV1-array" count="124">
0.000000 1.000000
0.000000 1.000000
0.000000 1.000000
0.000000 1.000000
0.000000 1.000000
0.000000 1.000000
0.000000 1.000000
0.000000 1.000000
0.000000 1.000000
0.000000 1.000000
0.000000 1.000000
0.000000 1.000000
0.000000 1.000000
0.000000 1.000000
0.000000 1.000000
0.000000 1.000000
0.000000 1.000000
0.000000 1.000000
0.000000 1.000000
0.000000 1.000000
0.000000 1.000000
0.000000 1.000000
0.000000 1.000000
0.000000 1.000000
0.000000 1.000000
0.000000 1.000000
0.000000 1.000000
0.000000 1.000000
0.000000 1.000000
0.000000 1.000000
0.000000 1.000000
0.000000 1.000000
0.000000 1.000000
0.000000 1.000000
0.000000 1.000000
0.000000 1.000000
0.000000 1.000000
0.000000 1.000000
0.000000 1.000000
0.000000 1.000000
0.000000 1.000000
0.000000 1.000000
0.000000 1.000000
0.000000 1.000000
0.000000 1.000000
0.000000 1.000000
0.000000 1.000000
0.000000 1.000000
0.000000 1.000000
0.000000 1.000000
0.000000 1.000000
0.000000 1.000000
0.000000 1.000000
0.000000 1.000000
0.000000 1.000000
0.000000 1.000000
0.000000 1.000000
0.000000 1.000000
0.000000 1.000000
0.000000 1.000000
0.000000 1.000000
0.000000 1.000000
</float_array>
          <technique_common>
            <accessor source="#DrawCall_0047-lib-UV1-array" count="62" stride="2">
              <param name="S" type="float"/>
              <param name="T" type="float"/>
            </accessor>
          </technique_common>
        </source>
        <source id="DrawCall_0047-lib-UV2">
          <float_array id="DrawCall_0047-lib-UV2-array" count="124">
0.000000 1.000000
0.000000 1.000000
0.000000 1.000000
0.000000 1.000000
0.000000 1.000000
0.000000 1.000000
0.000000 1.000000
0.000000 1.000000
0.000000 1.000000
0.000000 1.000000
0.000000 1.000000
0.000000 1.000000
0.000000 1.000000
0.000000 1.000000
0.000000 1.000000
0.000000 1.000000
0.000000 1.000000
0.000000 1.000000
0.000000 1.000000
0.000000 1.000000
0.000000 1.000000
0.000000 1.000000
0.000000 1.000000
0.000000 1.000000
0.000000 1.000000
0.000000 1.000000
0.000000 1.000000
0.000000 1.000000
0.000000 1.000000
0.000000 1.000000
0.000000 1.000000
0.000000 1.000000
0.000000 1.000000
0.000000 1.000000
0.000000 1.000000
0.000000 1.000000
0.000000 1.000000
0.000000 1.000000
0.000000 1.000000
0.000000 1.000000
0.000000 1.000000
0.000000 1.000000
0.000000 1.000000
0.000000 1.000000
0.000000 1.000000
0.000000 1.000000
0.000000 1.000000
0.000000 1.000000
0.000000 1.000000
0.000000 1.000000
0.000000 1.000000
0.000000 1.000000
0.000000 1.000000
0.000000 1.000000
0.000000 1.000000
0.000000 1.000000
0.000000 1.000000
0.000000 1.000000
0.000000 1.000000
0.000000 1.000000
0.000000 1.000000
0.000000 1.000000
</float_array>
          <technique_common>
            <accessor source="#DrawCall_0047-lib-UV2-array" count="62" stride="2">
              <param name="S" type="float"/>
              <param name="T" type="float"/>
            </accessor>
          </technique_common>
        </source>
        <source id="DrawCall_0047-lib-UV3">
          <float_array id="DrawCall_0047-lib-UV3-array" count="124">
0.000000 1.000000
0.000000 1.000000
0.000000 1.000000
0.000000 1.000000
0.000000 1.000000
0.000000 1.000000
0.000000 1.000000
0.000000 1.000000
0.000000 1.000000
0.000000 1.000000
0.000000 1.000000
0.000000 1.000000
0.000000 1.000000
0.000000 1.000000
0.000000 1.000000
0.000000 1.000000
0.000000 1.000000
0.000000 1.000000
0.000000 1.000000
0.000000 1.000000
0.000000 1.000000
0.000000 1.000000
0.000000 1.000000
0.000000 1.000000
0.000000 1.000000
0.000000 1.000000
0.000000 1.000000
0.000000 1.000000
0.000000 1.000000
0.000000 1.000000
0.000000 1.000000
0.000000 1.000000
0.000000 1.000000
0.000000 1.000000
0.000000 1.000000
0.000000 1.000000
0.000000 1.000000
0.000000 1.000000
0.000000 1.000000
0.000000 1.000000
0.000000 1.000000
0.000000 1.000000
0.000000 1.000000
0.000000 1.000000
0.000000 1.000000
0.000000 1.000000
0.000000 1.000000
0.000000 1.000000
0.000000 1.000000
0.000000 1.000000
0.000000 1.000000
0.000000 1.000000
0.000000 1.000000
0.000000 1.000000
0.000000 1.000000
0.000000 1.000000
0.000000 1.000000
0.000000 1.000000
0.000000 1.000000
0.000000 1.000000
0.000000 1.000000
0.000000 1.000000
</float_array>
          <technique_common>
            <accessor source="#DrawCall_0047-lib-UV3-array" count="62" stride="2">
              <param name="S" type="float"/>
              <param name="T" type="float"/>
            </accessor>
          </technique_common>
        </source>
        <source id="DrawCall_0047-lib-UV4">
          <float_array id="DrawCall_0047-lib-UV4-array" count="124">
0.000000 1.000000
0.000000 1.000000
0.000000 1.000000
0.000000 1.000000
0.000000 1.000000
0.000000 1.000000
0.000000 1.000000
0.000000 1.000000
0.000000 1.000000
0.000000 1.000000
0.000000 1.000000
0.000000 1.000000
0.000000 1.000000
0.000000 1.000000
0.000000 1.000000
0.000000 1.000000
0.000000 1.000000
0.000000 1.000000
0.000000 1.000000
0.000000 1.000000
0.000000 1.000000
0.000000 1.000000
0.000000 1.000000
0.000000 1.000000
0.000000 1.000000
0.000000 1.000000
0.000000 1.000000
0.000000 1.000000
0.000000 1.000000
0.000000 1.000000
0.000000 1.000000
0.000000 1.000000
0.000000 1.000000
0.000000 1.000000
0.000000 1.000000
0.000000 1.000000
0.000000 1.000000
0.000000 1.000000
0.000000 1.000000
0.000000 1.000000
0.000000 1.000000
0.000000 1.000000
0.000000 1.000000
0.000000 1.000000
0.000000 1.000000
0.000000 1.000000
0.000000 1.000000
0.000000 1.000000
0.000000 1.000000
0.000000 1.000000
0.000000 1.000000
0.000000 1.000000
0.000000 1.000000
0.000000 1.000000
0.000000 1.000000
0.000000 1.000000
0.000000 1.000000
0.000000 1.000000
0.000000 1.000000
0.000000 1.000000
0.000000 1.000000
0.000000 1.000000
</float_array>
          <technique_common>
            <accessor source="#DrawCall_0047-lib-UV4-array" count="62" stride="2">
              <param name="S" type="float"/>
              <param name="T" type="float"/>
            </accessor>
          </technique_common>
        </source>
        <source id="DrawCall_0047-lib-UV5">
          <float_array id="DrawCall_0047-lib-UV5-array" count="124">
0.000000 1.000000
0.000000 1.000000
0.000000 1.000000
0.000000 1.000000
0.000000 1.000000
0.000000 1.000000
0.000000 1.000000
0.000000 1.000000
0.000000 1.000000
0.000000 1.000000
0.000000 1.000000
0.000000 1.000000
0.000000 1.000000
0.000000 1.000000
0.000000 1.000000
0.000000 1.000000
0.000000 1.000000
0.000000 1.000000
0.000000 1.000000
0.000000 1.000000
0.000000 1.000000
0.000000 1.000000
0.000000 1.000000
0.000000 1.000000
0.000000 1.000000
0.000000 1.000000
0.000000 1.000000
0.000000 1.000000
0.000000 1.000000
0.000000 1.000000
0.000000 1.000000
0.000000 1.000000
0.000000 1.000000
0.000000 1.000000
0.000000 1.000000
0.000000 1.000000
0.000000 1.000000
0.000000 1.000000
0.000000 1.000000
0.000000 1.000000
0.000000 1.000000
0.000000 1.000000
0.000000 1.000000
0.000000 1.000000
0.000000 1.000000
0.000000 1.000000
0.000000 1.000000
0.000000 1.000000
0.000000 1.000000
0.000000 1.000000
0.000000 1.000000
0.000000 1.000000
0.000000 1.000000
0.000000 1.000000
0.000000 1.000000
0.000000 1.000000
0.000000 1.000000
0.000000 1.000000
0.000000 1.000000
0.000000 1.000000
0.000000 1.000000
0.000000 1.000000
</float_array>
          <technique_common>
            <accessor source="#DrawCall_0047-lib-UV5-array" count="62" stride="2">
              <param name="S" type="float"/>
              <param name="T" type="float"/>
            </accessor>
          </technique_common>
        </source>
        <source id="DrawCall_0047-lib-UV6">
          <float_array id="DrawCall_0047-lib-UV6-array" count="124">
0.000000 1.000000
0.000000 1.000000
0.000000 1.000000
0.000000 1.000000
0.000000 1.000000
0.000000 1.000000
0.000000 1.000000
0.000000 1.000000
0.000000 1.000000
0.000000 1.000000
0.000000 1.000000
0.000000 1.000000
0.000000 1.000000
0.000000 1.000000
0.000000 1.000000
0.000000 1.000000
0.000000 1.000000
0.000000 1.000000
0.000000 1.000000
0.000000 1.000000
0.000000 1.000000
0.000000 1.000000
0.000000 1.000000
0.000000 1.000000
0.000000 1.000000
0.000000 1.000000
0.000000 1.000000
0.000000 1.000000
0.000000 1.000000
0.000000 1.000000
0.000000 1.000000
0.000000 1.000000
0.000000 1.000000
0.000000 1.000000
0.000000 1.000000
0.000000 1.000000
0.000000 1.000000
0.000000 1.000000
0.000000 1.000000
0.000000 1.000000
0.000000 1.000000
0.000000 1.000000
0.000000 1.000000
0.000000 1.000000
0.000000 1.000000
0.000000 1.000000
0.000000 1.000000
0.000000 1.000000
0.000000 1.000000
0.000000 1.000000
0.000000 1.000000
0.000000 1.000000
0.000000 1.000000
0.000000 1.000000
0.000000 1.000000
0.000000 1.000000
0.000000 1.000000
0.000000 1.000000
0.000000 1.000000
0.000000 1.000000
0.000000 1.000000
0.000000 1.000000
</float_array>
          <technique_common>
            <accessor source="#DrawCall_0047-lib-UV6-array" count="62" stride="2">
              <param name="S" type="float"/>
              <param name="T" type="float"/>
            </accessor>
          </technique_common>
        </source>
        <source id="DrawCall_0047-lib-UV7">
          <float_array id="DrawCall_0047-lib-UV7-array" count="124">
0.000000 1.000000
0.000000 1.000000
0.000000 1.000000
0.000000 1.000000
0.000000 1.000000
0.000000 1.000000
0.000000 1.000000
0.000000 1.000000
0.000000 1.000000
0.000000 1.000000
0.000000 1.000000
0.000000 1.000000
0.000000 1.000000
0.000000 1.000000
0.000000 1.000000
0.000000 1.000000
0.000000 1.000000
0.000000 1.000000
0.000000 1.000000
0.000000 1.000000
0.000000 1.000000
0.000000 1.000000
0.000000 1.000000
0.000000 1.000000
0.000000 1.000000
0.000000 1.000000
0.000000 1.000000
0.000000 1.000000
0.000000 1.000000
0.000000 1.000000
0.000000 1.000000
0.000000 1.000000
0.000000 1.000000
0.000000 1.000000
0.000000 1.000000
0.000000 1.000000
0.000000 1.000000
0.000000 1.000000
0.000000 1.000000
0.000000 1.000000
0.000000 1.000000
0.000000 1.000000
0.000000 1.000000
0.000000 1.000000
0.000000 1.000000
0.000000 1.000000
0.000000 1.000000
0.000000 1.000000
0.000000 1.000000
0.000000 1.000000
0.000000 1.000000
0.000000 1.000000
0.000000 1.000000
0.000000 1.000000
0.000000 1.000000
0.000000 1.000000
0.000000 1.000000
0.000000 1.000000
0.000000 1.000000
0.000000 1.000000
0.000000 1.000000
0.000000 1.000000
</float_array>
          <technique_common>
            <accessor source="#DrawCall_0047-lib-UV7-array" count="62" stride="2">
              <param name="S" type="float"/>
              <param name="T" type="float"/>
            </accessor>
          </technique_common>
        </source>
        <vertices id="DrawCall_0047-lib-Vertex">
          <input semantic="POSITION" source="#DrawCall_0047-lib-Position"/>
        </vertices>
        <polygons material="Material__7458" count="66">
          <input semantic="VERTEX" offset="0" source="#DrawCall_0047-lib-Vertex"/>
          <input semantic="NORMAL" offset="1" source="#DrawCall_0047-lib-Normal0"/>
          <input semantic="TEXCOORD" offset="2" set="0" source="#DrawCall_0047-lib-UV0"/>
          <input semantic="TEXCOORD" offset="3" set="1" source="#DrawCall_0047-lib-UV1"/>
          <input semantic="TEXCOORD" offset="4" set="2" source="#DrawCall_0047-lib-UV2"/>
          <input semantic="TEXCOORD" offset="5" set="3" source="#DrawCall_0047-lib-UV3"/>
          <input semantic="TEXCOORD" offset="6" set="4" source="#DrawCall_0047-lib-UV4"/>
          <input semantic="TEXCOORD" offset="7" set="5" source="#DrawCall_0047-lib-UV5"/>
          <input semantic="TEXCOORD" offset="8" set="6" source="#DrawCall_0047-lib-UV6"/>
          <input semantic="TEXCOORD" offset="9" set="7" source="#DrawCall_0047-lib-UV7"/>
          <p>55 0 55 55 55 55 55 55 55 55 50 1 50 50 50 50 50 50 50 50 51 2 51 51 51 51 51 51 51 51</p>
          <p>50 3 50 50 50 50 50 50 50 50 46 4 46 46 46 46 46 46 46 46 51 5 51 51 51 51 51 51 51 51</p>
          <p>50 6 50 50 50 50 50 50 50 50 55 7 55 55 55 55 55 55 55 55 54 8 54 54 54 54 54 54 54 54</p>
          <p>55 9 55 55 55 55 55 55 55 55 52 10 52 52 52 52 52 52 52 52 54 11 54 54 54 54 54 54 54 54</p>
          <p>54 12 54 54 54 54 54 54 54 54 52 13 52 52 52 52 52 52 52 52 53 14 53 53 53 53 53 53 53 53</p>
          <p>52 15 52 52 52 52 52 52 52 52 56 16 56 56 56 56 56 56 56 56 53 17 53 53 53 53 53 53 53 53</p>
          <p>53 18 53 53 53 53 53 53 53 53 56 19 56 56 56 56 56 56 56 56 57 20 57 57 57 57 57 57 57 57</p>
          <p>56 21 56 56 56 56 56 56 56 56 58 22 58 58 58 58 58 58 58 58 57 23 57 57 57 57 57 57 57 57</p>
          <p>57 24 57 57 57 57 57 57 57 57 58 25 58 58 58 58 58 58 58 58 59 26 59 59 59 59 59 59 59 59</p>
          <p>58 27 58 58 58 58 58 58 58 58 60 28 60 60 60 60 60 60 60 60 59 29 59 59 59 59 59 59 59 59</p>
          <p>59 30 59 59 59 59 59 59 59 59 60 31 60 60 60 60 60 60 60 60 61 32 61 61 61 61 61 61 61 61</p>
          <p>60 33 60 60 60 60 60 60 60 60 45 34 45 45 45 45 45 45 45 45 61 35 61 61 61 61 61 61 61 61</p>
          <p>61 36 61 61 61 61 61 61 61 61 45 37 45 45 45 45 45 45 45 45 44 38 44 44 44 44 44 44 44 44</p>
          <p>45 39 45 45 45 45 45 45 45 45 42 40 42 42 42 42 42 42 42 42 44 41 44 44 44 44 44 44 44 44</p>
          <p>44 42 44 44 44 44 44 44 44 44 42 43 42 42 42 42 42 42 42 42 43 44 43 43 43 43 43 43 43 43</p>
          <p>42 45 42 42 42 42 42 42 42 42 49 46 49 49 49 49 49 49 49 49 43 47 43 43 43 43 43 43 43 43</p>
          <p>43 48 43 43 43 43 43 43 43 43 49 49 49 49 49 49 49 49 49 49 48 50 48 48 48 48 48 48 48 48</p>
          <p>49 51 49 49 49 49 49 49 49 49 46 52 46 46 46 46 46 46 46 46 48 53 48 48 48 48 48 48 48 48</p>
          <p>48 54 48 48 48 48 48 48 48 48 46 55 46 46 46 46 46 46 46 46 47 56 47 47 47 47 47 47 47 47</p>
          <p>46 57 46 46 46 46 46 46 46 46 50 58 50 50 50 50 50 50 50 50 47 59 47 47 47 47 47 47 47 47</p>
          <p>32 60 32 32 32 32 32 32 32 32 33 61 33 33 33 33 33 33 33 33 31 62 31 31 31 31 31 31 31 31</p>
          <p>33 63 33 33 33 33 33 33 33 33 34 64 34 34 34 34 34 34 34 34 31 65 31 31 31 31 31 31 31 31</p>
          <p>31 66 31 31 31 31 31 31 31 31 34 67 34 34 34 34 34 34 34 34 40 68 40 40 40 40 40 40 40 40</p>
          <p>40 69 40 40 40 40 40 40 40 40 34 70 34 34 34 34 34 34 34 34 39 71 39 39 39 39 39 39 39 39</p>
          <p>39 72 39 39 39 39 39 39 39 39 34 73 34 34 34 34 34 34 34 34 41 74 41 41 41 41 41 41 41 41</p>
          <p>41 75 41 41 41 41 41 41 41 41 34 76 34 34 34 34 34 34 34 34 38 77 38 38 38 38 38 38 38 38</p>
          <p>38 78 38 38 38 38 38 38 38 38 34 79 34 34 34 34 34 34 34 34 37 80 37 37 37 37 37 37 37 37</p>
          <p>37 81 37 37 37 37 37 37 37 37 34 82 34 34 34 34 34 34 34 34 36 83 36 36 36 36 36 36 36 36</p>
          <p>36 84 36 36 36 36 36 36 36 36 34 85 34 34 34 34 34 34 34 34 35 86 35 35 35 35 35 35 35 35</p>
          <p>34 87 34 34 34 34 34 34 34 34 33 88 33 33 33 33 33 33 33 33 35 89 35 35 35 35 35 35 35 35</p>
          <p>5 90 5 5 5 5 5 5 5 5 4 91 4 4 4 4 4 4 4 4 23 92 23 23 23 23 23 23 23 23</p>
          <p>23 93 23 23 23 23 23 23 23 23 4 94 4 4 4 4 4 4 4 4 24 95 24 24 24 24 24 24 24 24</p>
          <p>24 96 24 24 24 24 24 24 24 24 4 97 4 4 4 4 4 4 4 4 25 98 25 25 25 25 25 25 25 25</p>
          <p>4 99 4 4 4 4 4 4 4 4 9 100 9 9 9 9 9 9 9 9 25 101 25 25 25 25 25 25 25 25</p>
          <p>25 102 25 25 25 25 25 25 25 25 9 103 9 9 9 9 9 9 9 9 26 104 26 26 26 26 26 26 26 26</p>
          <p>26 105 26 26 26 26 26 26 26 26 9 106 9 9 9 9 9 9 9 9 27 107 27 27 27 27 27 27 27 27</p>
          <p>9 108 9 9 9 9 9 9 9 9 11 109 11 11 11 11 11 11 11 11 27 110 27 27 27 27 27 27 27 27</p>
          <p>27 111 27 27 27 27 27 27 27 27 11 112 11 11 11 11 11 11 11 11 28 113 28 28 28 28 28 28 28 28</p>
          <p>11 114 11 11 11 11 11 11 11 11 14 115 14 14 14 14 14 14 14 14 28 116 28 28 28 28 28 28 28 28</p>
          <p>28 117 28 28 28 28 28 28 28 28 14 118 14 14 14 14 14 14 14 14 29 119 29 29 29 29 29 29 29 29</p>
          <p>14 120 14 14 14 14 14 14 14 14 16 121 16 16 16 16 16 16 16 16 29 122 29 29 29 29 29 29 29 29</p>
          <p>29 123 29 29 29 29 29 29 29 29 16 124 16 16 16 16 16 16 16 16 30 125 30 30 30 30 30 30 30 30</p>
          <p>16 126 16 16 16 16 16 16 16 16 18 127 18 18 18 18 18 18 18 18 30 128 30 30 30 30 30 30 30 30</p>
          <p>30 129 30 30 30 30 30 30 30 30 18 130 18 18 18 18 18 18 18 18 21 131 21 21 21 21 21 21 21 21</p>
          <p>18 132 18 18 18 18 18 18 18 18 1 133 1 1 1 1 1 1 1 1 21 134 21 21 21 21 21 21 21 21</p>
          <p>21 135 21 21 21 21 21 21 21 21 1 136 1 1 1 1 1 1 1 1 20 137 20 20 20 20 20 20 20 20</p>
          <p>1 138 1 1 1 1 1 1 1 1 0 139 0 0 0 0 0 0 0 0 20 140 20 20 20 20 20 20 20 20</p>
          <p>20 141 20 20 20 20 20 20 20 20 0 142 0 0 0 0 0 0 0 0 22 143 22 22 22 22 22 22 22 22</p>
          <p>3 144 3 3 3 3 3 3 3 3 0 145 0 0 0 0 0 0 0 0 2 146 2 2 2 2 2 2 2 2</p>
          <p>0 147 0 0 0 0 0 0 0 0 1 148 1 1 1 1 1 1 1 1 2 149 2 2 2 2 2 2 2 2</p>
          <p>2 150 2 2 2 2 2 2 2 2 1 151 1 1 1 1 1 1 1 1 19 152 19 19 19 19 19 19 19 19</p>
          <p>1 153 1 1 1 1 1 1 1 1 18 154 18 18 18 18 18 18 18 18 19 155 19 19 19 19 19 19 19 19</p>
          <p>19 156 19 19 19 19 19 19 19 19 18 157 18 18 18 18 18 18 18 18 17 158 17 17 17 17 17 17 17 17</p>
          <p>18 159 18 18 18 18 18 18 18 18 16 160 16 16 16 16 16 16 16 16 17 161 17 17 17 17 17 17 17 17</p>
          <p>17 162 17 17 17 17 17 17 17 17 16 163 16 16 16 16 16 16 16 16 15 164 15 15 15 15 15 15 15 15</p>
          <p>16 165 16 16 16 16 16 16 16 16 14 166 14 14 14 14 14 14 14 14 15 167 15 15 15 15 15 15 15 15</p>
          <p>15 168 15 15 15 15 15 15 15 15 14 169 14 14 14 14 14 14 14 14 13 170 13 13 13 13 13 13 13 13</p>
          <p>14 171 14 14 14 14 14 14 14 14 11 172 11 11 11 11 11 11 11 11 13 173 13 13 13 13 13 13 13 13</p>
          <p>13 174 13 13 13 13 13 13 13 13 11 175 11 11 11 11 11 11 11 11 12 176 12 12 12 12 12 12 12 12</p>
          <p>12 177 12 12 12 12 12 12 12 12 11 178 11 11 11 11 11 11 11 11 10 179 10 10 10 10 10 10 10 10</p>
          <p>11 180 11 11 11 11 11 11 11 11 9 181 9 9 9 9 9 9 9 9 10 182 10 10 10 10 10 10 10 10</p>
          <p>10 183 10 10 10 10 10 10 10 10 9 184 9 9 9 9 9 9 9 9 8 185 8 8 8 8 8 8 8 8</p>
          <p>9 186 9 9 9 9 9 9 9 9 4 187 4 4 4 4 4 4 4 4 8 188 8 8 8 8 8 8 8 8</p>
          <p>8 189 8 8 8 8 8 8 8 8 4 190 4 4 4 4 4 4 4 4 7 191 7 7 7 7 7 7 7 7</p>
          <p>7 192 7 7 7 7 7 7 7 7 4 193 4 4 4 4 4 4 4 4 6 194 6 6 6 6 6 6 6 6</p>
          <p>4 195 4 4 4 4 4 4 4 4 5 196 5 5 5 5 5 5 5 5 6 197 6 6 6 6 6 6 6 6</p>
        </polygons>
      </mesh>
    </geometry>
    <geometry id="DrawCall_0048-lib" name="DrawCall_0048Mesh">
      <mesh>
        <source id="DrawCall_0048-lib-Position">
          <float_array id="DrawCall_0048-lib-Position-array" count="246">
185.988419 143.018692 -90.384712
184.604202 142.652893 -89.141853
184.788269 140.359344 -90.126534
181.829483 150.960007 -90.258446
181.499130 146.594528 -90.574249
182.009552 149.463791 -87.014496
185.743668 146.893539 -91.824631
181.749069 146.969177 -91.698685
181.891296 151.023544 -91.695335
185.619476 146.518295 -90.387489
185.198212 150.388672 -90.260025
184.819153 149.517227 -87.077438
182.811295 146.651978 -87.015099
184.310226 146.771774 -87.077637
186.037415 142.901779 -91.757072
184.663330 140.239212 -91.681267
181.177750 142.420715 -91.690300
181.302292 142.169449 -90.631577
182.426468 142.406830 -89.200600
182.430603 144.404037 -88.450752
185.135239 150.514755 -91.759415
183.518097 151.703491 -90.320168
182.488220 140.230423 -90.185501
182.544067 140.058044 -91.681519
183.390808 151.142029 -87.074509
182.430603 144.404037 -88.450752
182.426468 142.406830 -89.200600
184.740372 144.459366 -88.326248
183.580307 151.829269 -91.756912
186.037415 142.901779 -91.757072
184.663330 140.239212 -91.681267
182.544067 140.058044 -91.681519
181.891296 151.023544 -91.695335
181.749069 146.969177 -91.698685
182.544067 140.058044 -91.681519
182.488220 140.230423 -90.185501
182.811295 146.651978 -87.015099
181.177750 142.420715 -91.690300
185.743668 146.893539 -91.824631
183.580307 151.829269 -91.756912
185.135239 150.514755 -91.759415
174.178925 139.571701 -90.309914
174.375504 141.995132 -89.445633
173.010300 142.380661 -90.570305
177.030472 149.167435 -87.139359
177.394836 146.106750 -90.760941
177.096634 150.600754 -90.446106
177.098541 150.664078 -91.820625
177.209915 146.420334 -91.760712
173.339432 146.374130 -91.949478
174.158966 149.241440 -87.265450
173.911942 150.052582 -90.511429
173.461090 145.997757 -90.637482
176.208374 146.423630 -87.202164
174.710358 146.554398 -87.202675
177.685089 141.744736 -91.805374
174.309509 139.456650 -91.805069
172.954559 142.264023 -91.814384
176.508270 143.797455 -88.761658
176.502777 141.684326 -89.509781
177.560028 141.435638 -90.808731
173.913864 150.178253 -91.885696
175.537842 151.355392 -90.571091
176.363861 139.438721 -90.370667
176.364288 139.255707 -91.803146
175.660492 150.856201 -87.200424
174.636093 143.867905 -88.700424
176.502777 141.684326 -89.509781
176.508270 143.797455 -88.761658
175.414948 151.481567 -91.883018
174.309509 139.456650 -91.805069
172.954559 142.264023 -91.814384
176.364288 139.255707 -91.803146
177.209915 146.420334 -91.760712
177.098541 150.664078 -91.820625
176.363861 139.438721 -90.370667
176.364288 139.255707 -91.803146
176.208374 146.423630 -87.202164
177.685089 141.744736 -91.805374
173.339432 146.374130 -91.949478
175.414948 151.481567 -91.883018
173.913864 150.178253 -91.885696
</float_array>
          <technique_common>
            <accessor source="#DrawCall_0048-lib-Position-array" count="82" stride="3">
              <param name="X" type="float"/>
              <param name="Y" type="float"/>
              <param name="Z" type="float"/>
            </accessor>
          </technique_common>
        </source>
        <source id="DrawCall_0048-lib-Normal0">
          <float_array id="DrawCall_0048-lib-Normal0-array" count="846">
0.000806 -0.001323 -0.999999
0.001358 -0.002137 -0.999997
0.012558 -0.006315 -0.999901
0.001358 -0.002137 -0.999997
-0.000396 -0.020952 -0.999780
0.012558 -0.006315 -0.999901
-0.000396 -0.020952 -0.999780
0.029263 -0.005992 -0.999554
0.012558 -0.006315 -0.999901
0.012558 -0.006315 -0.999901
0.029263 -0.005992 -0.999554
0.048698 0.001268 -0.998813
0.048698 0.001268 -0.998813
0.029263 -0.005992 -0.999554
0.031230 -0.007557 -0.999484
0.029263 -0.005992 -0.999554
0.019706 0.004733 -0.999795
0.031230 -0.007557 -0.999484
0.031230 -0.007557 -0.999484
0.019706 0.004733 -0.999795
0.024392 -0.026040 -0.999363
-0.023871 -0.026335 -0.999368
-0.018839 0.005807 -0.999806
-0.024687 -0.002086 -0.999693
-0.018839 0.005807 -0.999806
-0.023217 -0.001128 -0.999730
-0.024687 -0.002086 -0.999693
-0.024687 -0.002086 -0.999693
-0.023217 -0.001128 -0.999730
-0.031475 0.002024 -0.999503
-0.031475 0.002024 -0.999503
-0.023217 -0.001128 -0.999730
-0.014679 -0.010889 -0.999833
-0.023217 -0.001128 -0.999730
-0.011795 -0.019616 -0.999738
-0.014679 -0.010889 -0.999833
-0.011795 -0.019616 -0.999738
-0.007903 -0.016768 -0.999828
-0.014679 -0.010889 -0.999833
-0.014679 -0.010889 -0.999833
-0.007903 -0.016768 -0.999828
0.000416 -0.003476 -0.999994
0.903649 -0.052441 0.425051
0.726596 -0.251213 0.639492
0.922845 -0.245016 0.297195
0.726596 -0.251213 0.639492
0.851995 -0.452632 0.263112
0.922845 -0.245016 0.297195
0.851995 -0.452632 0.263112
0.868569 -0.494059 0.038649
0.922845 -0.245016 0.297195
0.868569 -0.494059 0.038649
0.987276 -0.136517 0.081546
0.922845 -0.245016 0.297195
0.987276 -0.136517 0.081546
0.987675 0.032711 -0.153063
0.922845 -0.245016 0.297195
0.922845 -0.245016 0.297195
0.987675 0.032711 -0.153063
0.998012 -0.011696 0.061932
0.987675 0.032711 -0.153063
0.819119 0.573469 0.013314
0.998012 -0.011696 0.061932
0.922845 -0.245016 0.297195
0.998012 -0.011696 0.061932
0.903649 -0.052441 0.425051
0.903649 -0.052441 0.425051
0.998012 -0.011696 0.061932
0.922638 -0.206141 0.325954
0.922638 -0.206141 0.325954
0.998012 -0.011696 0.061932
0.950428 0.245063 0.191393
0.950428 0.245063 0.191393
0.998012 -0.011696 0.061932
0.794263 0.587369 0.155383
0.998012 -0.011696 0.061932
0.819119 0.573469 0.013314
0.794263 0.587369 0.155383
0.819119 0.573469 0.013314
-0.152509 0.983943 0.092724
0.794263 0.587369 0.155383
-0.152509 0.983943 0.092724
-0.081810 0.978670 0.188446
0.794263 0.587369 0.155383
0.794263 0.587369 0.155383
-0.081810 0.978670 0.188446
0.950428 0.245063 0.191393
0.950428 0.245063 0.191393
-0.081810 0.978670 0.188446
0.071706 0.987039 0.143570
0.071706 0.987039 0.143570
-0.081810 0.978670 0.188446
-0.921080 0.322319 0.218452
-0.921080 0.322319 0.218452
-0.081810 0.978670 0.188446
-0.862856 0.488899 0.128287
-0.081810 0.978670 0.188446
-0.152509 0.983943 0.092724
-0.862856 0.488899 0.128287
-0.152509 0.983943 0.092724
-0.867981 0.494642 0.044019
-0.862856 0.488899 0.128287
-0.867981 0.494642 0.044019
-0.987933 0.115846 0.102802
-0.862856 0.488899 0.128287
-0.987933 0.115846 0.102802
-0.966974 0.044694 0.250924
-0.862856 0.488899 0.128287
-0.862856 0.488899 0.128287
-0.966974 0.044694 0.250924
-0.921080 0.322319 0.218452
-0.921080 0.322319 0.218452
-0.966974 0.044694 0.250924
-0.683152 -0.350227 0.640815
-0.966974 0.044694 0.250924
-0.470988 -0.280888 0.836225
-0.683152 -0.350227 0.640815
-0.045150 -0.513874 0.856677
-0.683152 -0.350227 0.640815
0.006897 -0.411046 0.911588
-0.683152 -0.350227 0.640815
-0.470988 -0.280888 0.836225
0.006897 -0.411046 0.911588
0.006897 -0.411046 0.911588
-0.470988 -0.280888 0.836225
-0.015044 -0.354048 0.935106
-0.470988 -0.280888 0.836225
-0.365229 -0.296156 0.882553
-0.015044 -0.354048 0.935106
-0.015044 -0.354048 0.935106
-0.365229 -0.296156 0.882553
-0.037917 -0.786596 0.616303
-0.365229 -0.296156 0.882553
-0.509235 -0.694941 0.507678
-0.037917 -0.786596 0.616303
-0.037917 -0.786596 0.616303
-0.509235 -0.694941 0.507678
-0.072265 -0.991933 0.104150
-0.072265 -0.991933 0.104150
-0.509235 -0.694941 0.507678
-0.557971 -0.829226 0.032450
-0.509235 -0.694941 0.507678
-0.917946 -0.138591 0.371709
-0.557971 -0.829226 0.032450
-0.557971 -0.829226 0.032450
-0.917946 -0.138591 0.371709
-0.980471 -0.186817 0.061444
-0.980471 -0.186817 0.061444
-0.917946 -0.138591 0.371709
-0.987933 0.115846 0.102802
-0.987933 0.115846 0.102802
-0.917946 -0.138591 0.371709
-0.966974 0.044694 0.250924
-0.966974 0.044694 0.250924
-0.917946 -0.138591 0.371709
-0.470988 -0.280888 0.836225
-0.470988 -0.280888 0.836225
-0.917946 -0.138591 0.371709
-0.365229 -0.296156 0.882553
-0.917946 -0.138591 0.371709
-0.509235 -0.694941 0.507678
-0.365229 -0.296156 0.882553
-0.901031 -0.047085 0.431191
-0.926618 -0.243206 0.286758
-0.738542 -0.257815 0.622967
-0.738542 -0.257815 0.622967
-0.926618 -0.243206 0.286758
-0.851045 -0.463924 0.245963
-0.851045 -0.463924 0.245963
-0.926618 -0.243206 0.286758
-0.858572 -0.512470 0.015124
-0.858572 -0.512470 0.015124
-0.926618 -0.243206 0.286758
-0.985645 -0.148263 0.080759
-0.985645 -0.148263 0.080759
-0.926618 -0.243206 0.286758
-0.982472 0.044682 -0.180977
-0.926618 -0.243206 0.286758
-0.998456 0.001007 0.055536
-0.982472 0.044682 -0.180977
-0.982472 0.044682 -0.180977
-0.998456 0.001007 0.055536
-0.811229 0.584225 -0.024282
-0.926618 -0.243206 0.286758
-0.901031 -0.047085 0.431191
-0.998456 0.001007 0.055536
-0.901031 -0.047085 0.431191
-0.921700 -0.181660 0.342738
-0.998456 0.001007 0.055536
-0.921700 -0.181660 0.342738
-0.941110 0.251398 0.226077
-0.998456 0.001007 0.055536
-0.941110 0.251398 0.226077
-0.788436 0.594077 0.159501
-0.998456 0.001007 0.055536
-0.998456 0.001007 0.055536
-0.788436 0.594077 0.159501
-0.811229 0.584225 -0.024282
-0.811229 0.584225 -0.024282
-0.788436 0.594077 0.159501
0.142054 0.987414 0.069523
0.142054 0.987414 0.069523
-0.788436 0.594077 0.159501
0.101055 0.974406 0.200801
-0.788436 0.594077 0.159501
-0.941110 0.251398 0.226077
0.101055 0.974406 0.200801
-0.941110 0.251398 0.226077
-0.046852 0.984590 0.168486
0.101055 0.974406 0.200801
-0.046852 0.984590 0.168486
0.915981 0.314198 0.249517
0.101055 0.974406 0.200801
0.915981 0.314198 0.249517
0.858971 0.494022 0.134581
0.101055 0.974406 0.200801
0.101055 0.974406 0.200801
0.858971 0.494022 0.134581
0.142054 0.987414 0.069523
0.142054 0.987414 0.069523
0.858971 0.494022 0.134581
0.859698 0.510757 0.006843
0.859698 0.510757 0.006843
0.858971 0.494022 0.134581
0.990361 0.108884 0.085609
0.990361 0.108884 0.085609
0.858971 0.494022 0.134581
0.971563 0.057707 0.229643
0.858971 0.494022 0.134581
0.915981 0.314198 0.249517
0.971563 0.057707 0.229643
0.915981 0.314198 0.249517
0.668819 -0.325257 0.668497
0.971563 0.057707 0.229643
0.668819 -0.325257 0.668497
0.535640 -0.271516 0.799606
0.971563 0.057707 0.229643
0.078437 -0.545991 0.834111
-0.021637 -0.422746 0.905990
0.668819 -0.325257 0.668497
0.668819 -0.325257 0.668497
-0.021637 -0.422746 0.905990
0.535640 -0.271516 0.799606
-0.021637 -0.422746 0.905990
0.005492 -0.396612 0.917970
0.535640 -0.271516 0.799606
0.535640 -0.271516 0.799606
0.005492 -0.396612 0.917970
0.359734 -0.379674 0.852314
0.005492 -0.396612 0.917970
0.035891 -0.806691 0.589882
0.359734 -0.379674 0.852314
0.359734 -0.379674 0.852314
0.035891 -0.806691 0.589882
0.499649 -0.715146 0.488791
0.035891 -0.806691 0.589882
0.064845 -0.992990 0.098820
0.499649 -0.715146 0.488791
0.064845 -0.992990 0.098820
0.545944 -0.836986 0.037402
0.499649 -0.715146 0.488791
0.499649 -0.715146 0.488791
0.545944 -0.836986 0.037402
0.928705 -0.179672 0.324383
0.545944 -0.836986 0.037402
0.976781 -0.207691 0.052566
0.928705 -0.179672 0.324383
0.976781 -0.207691 0.052566
0.990361 0.108884 0.085609
0.928705 -0.179672 0.324383
0.990361 0.108884 0.085609
0.971563 0.057707 0.229643
0.928705 -0.179672 0.324383
0.971563 0.057707 0.229643
0.535640 -0.271516 0.799606
0.928705 -0.179672 0.324383
0.535640 -0.271516 0.799606
0.359734 -0.379674 0.852314
0.928705 -0.179672 0.324383
0.928705 -0.179672 0.324383
0.359734 -0.379674 0.852314
0.499649 -0.715146 0.488791
</float_array>
          <technique_common>
            <accessor source="#DrawCall_0048-lib-Normal0-array" count="282" stride="3">
              <param name="X" type="float"/>
              <param name="Y" type="float"/>
              <param name="Z" type="float"/>
            </accessor>
          </technique_common>
        </source>
        <source id="DrawCall_0048-lib-UV0">
          <float_array id="DrawCall_0048-lib-UV0-array" count="164">
0.594352 0.895505
0.749362 0.759077
0.871452 0.836831
0.135567 0.878894
0.358840 0.878894
0.132225 0.470848
0.400254 0.807130
0.397494 0.917129
0.269699 0.917129
0.358840 0.878894
0.135567 0.878894
0.132225 0.470848
0.317257 0.473968
0.317257 0.473968
0.582174 0.807130
0.695261 0.816535
0.579413 0.917129
0.594352 0.895505
0.749362 0.759077
0.568365 0.669122
0.272460 0.807130
0.019457 0.878894
0.988984 0.752599
0.692500 0.899448
0.017890 0.470848
0.710732 0.396246
0.886704 0.530448
0.568365 0.669122
0.198489 0.875701
0.596013 0.999000
0.869291 1.001125
0.981604 0.988072
0.135567 0.999000
0.358840 0.999000
0.869291 1.001125
0.871452 0.836831
0.490548 0.254264
0.596013 0.999000
0.358840 0.999000
0.019457 0.999000
0.135567 0.999000
0.871452 0.836831
0.749362 0.759077
0.594352 0.895505
0.132225 0.470848
0.358840 0.878894
0.135567 0.878894
0.269699 0.917129
0.397494 0.917129
0.400254 0.807130
0.132225 0.470848
0.135567 0.878894
0.358840 0.878894
0.317257 0.473968
0.317257 0.473968
0.579413 0.917129
0.695261 0.816535
0.582174 0.807130
0.568365 0.669122
0.749362 0.759077
0.594352 0.895505
0.272460 0.807130
0.019457 0.878894
0.988984 0.752599
0.692500 0.899448
0.017890 0.470848
0.568365 0.669122
0.886704 0.530448
0.710732 0.396246
0.198489 0.875701
0.869291 1.001125
0.596013 0.999000
0.981604 0.988072
0.358840 0.999000
0.135567 0.999000
0.871452 0.836831
0.869291 1.001125
0.490548 0.254264
0.596013 0.999000
0.358840 0.999000
0.019457 0.999000
0.135567 0.999000
</float_array>
          <technique_common>
            <accessor source="#DrawCall_0048-lib-UV0-array" count="82" stride="2">
              <param name="S" type="float"/>
              <param name="T" type="float"/>
            </accessor>
          </technique_common>
        </source>
        <source id="DrawCall_0048-lib-UV1">
          <float_array id="DrawCall_0048-lib-UV1-array" count="164">
0.000000 1.000000
0.000000 1.000000
0.000000 1.000000
0.000000 1.000000
0.000000 1.000000
0.000000 1.000000
0.000000 1.000000
0.000000 1.000000
0.000000 1.000000
0.000000 1.000000
0.000000 1.000000
0.000000 1.000000
0.000000 1.000000
0.000000 1.000000
0.000000 1.000000
0.000000 1.000000
0.000000 1.000000
0.000000 1.000000
0.000000 1.000000
0.000000 1.000000
0.000000 1.000000
0.000000 1.000000
0.000000 1.000000
0.000000 1.000000
0.000000 1.000000
0.000000 1.000000
0.000000 1.000000
0.000000 1.000000
0.000000 1.000000
0.000000 1.000000
0.000000 1.000000
0.000000 1.000000
0.000000 1.000000
0.000000 1.000000
0.000000 1.000000
0.000000 1.000000
0.000000 1.000000
0.000000 1.000000
0.000000 1.000000
0.000000 1.000000
0.000000 1.000000
0.000000 1.000000
0.000000 1.000000
0.000000 1.000000
0.000000 1.000000
0.000000 1.000000
0.000000 1.000000
0.000000 1.000000
0.000000 1.000000
0.000000 1.000000
0.000000 1.000000
0.000000 1.000000
0.000000 1.000000
0.000000 1.000000
0.000000 1.000000
0.000000 1.000000
0.000000 1.000000
0.000000 1.000000
0.000000 1.000000
0.000000 1.000000
0.000000 1.000000
0.000000 1.000000
0.000000 1.000000
0.000000 1.000000
0.000000 1.000000
0.000000 1.000000
0.000000 1.000000
0.000000 1.000000
0.000000 1.000000
0.000000 1.000000
0.000000 1.000000
0.000000 1.000000
0.000000 1.000000
0.000000 1.000000
0.000000 1.000000
0.000000 1.000000
0.000000 1.000000
0.000000 1.000000
0.000000 1.000000
0.000000 1.000000
0.000000 1.000000
0.000000 1.000000
</float_array>
          <technique_common>
            <accessor source="#DrawCall_0048-lib-UV1-array" count="82" stride="2">
              <param name="S" type="float"/>
              <param name="T" type="float"/>
            </accessor>
          </technique_common>
        </source>
        <source id="DrawCall_0048-lib-UV2">
          <float_array id="DrawCall_0048-lib-UV2-array" count="164">
0.000000 1.000000
0.000000 1.000000
0.000000 1.000000
0.000000 1.000000
0.000000 1.000000
0.000000 1.000000
0.000000 1.000000
0.000000 1.000000
0.000000 1.000000
0.000000 1.000000
0.000000 1.000000
0.000000 1.000000
0.000000 1.000000
0.000000 1.000000
0.000000 1.000000
0.000000 1.000000
0.000000 1.000000
0.000000 1.000000
0.000000 1.000000
0.000000 1.000000
0.000000 1.000000
0.000000 1.000000
0.000000 1.000000
0.000000 1.000000
0.000000 1.000000
0.000000 1.000000
0.000000 1.000000
0.000000 1.000000
0.000000 1.000000
0.000000 1.000000
0.000000 1.000000
0.000000 1.000000
0.000000 1.000000
0.000000 1.000000
0.000000 1.000000
0.000000 1.000000
0.000000 1.000000
0.000000 1.000000
0.000000 1.000000
0.000000 1.000000
0.000000 1.000000
0.000000 1.000000
0.000000 1.000000
0.000000 1.000000
0.000000 1.000000
0.000000 1.000000
0.000000 1.000000
0.000000 1.000000
0.000000 1.000000
0.000000 1.000000
0.000000 1.000000
0.000000 1.000000
0.000000 1.000000
0.000000 1.000000
0.000000 1.000000
0.000000 1.000000
0.000000 1.000000
0.000000 1.000000
0.000000 1.000000
0.000000 1.000000
0.000000 1.000000
0.000000 1.000000
0.000000 1.000000
0.000000 1.000000
0.000000 1.000000
0.000000 1.000000
0.000000 1.000000
0.000000 1.000000
0.000000 1.000000
0.000000 1.000000
0.000000 1.000000
0.000000 1.000000
0.000000 1.000000
0.000000 1.000000
0.000000 1.000000
0.000000 1.000000
0.000000 1.000000
0.000000 1.000000
0.000000 1.000000
0.000000 1.000000
0.000000 1.000000
0.000000 1.000000
</float_array>
          <technique_common>
            <accessor source="#DrawCall_0048-lib-UV2-array" count="82" stride="2">
              <param name="S" type="float"/>
              <param name="T" type="float"/>
            </accessor>
          </technique_common>
        </source>
        <source id="DrawCall_0048-lib-UV3">
          <float_array id="DrawCall_0048-lib-UV3-array" count="164">
0.000000 1.000000
0.000000 1.000000
0.000000 1.000000
0.000000 1.000000
0.000000 1.000000
0.000000 1.000000
0.000000 1.000000
0.000000 1.000000
0.000000 1.000000
0.000000 1.000000
0.000000 1.000000
0.000000 1.000000
0.000000 1.000000
0.000000 1.000000
0.000000 1.000000
0.000000 1.000000
0.000000 1.000000
0.000000 1.000000
0.000000 1.000000
0.000000 1.000000
0.000000 1.000000
0.000000 1.000000
0.000000 1.000000
0.000000 1.000000
0.000000 1.000000
0.000000 1.000000
0.000000 1.000000
0.000000 1.000000
0.000000 1.000000
0.000000 1.000000
0.000000 1.000000
0.000000 1.000000
0.000000 1.000000
0.000000 1.000000
0.000000 1.000000
0.000000 1.000000
0.000000 1.000000
0.000000 1.000000
0.000000 1.000000
0.000000 1.000000
0.000000 1.000000
0.000000 1.000000
0.000000 1.000000
0.000000 1.000000
0.000000 1.000000
0.000000 1.000000
0.000000 1.000000
0.000000 1.000000
0.000000 1.000000
0.000000 1.000000
0.000000 1.000000
0.000000 1.000000
0.000000 1.000000
0.000000 1.000000
0.000000 1.000000
0.000000 1.000000
0.000000 1.000000
0.000000 1.000000
0.000000 1.000000
0.000000 1.000000
0.000000 1.000000
0.000000 1.000000
0.000000 1.000000
0.000000 1.000000
0.000000 1.000000
0.000000 1.000000
0.000000 1.000000
0.000000 1.000000
0.000000 1.000000
0.000000 1.000000
0.000000 1.000000
0.000000 1.000000
0.000000 1.000000
0.000000 1.000000
0.000000 1.000000
0.000000 1.000000
0.000000 1.000000
0.000000 1.000000
0.000000 1.000000
0.000000 1.000000
0.000000 1.000000
0.000000 1.000000
</float_array>
          <technique_common>
            <accessor source="#DrawCall_0048-lib-UV3-array" count="82" stride="2">
              <param name="S" type="float"/>
              <param name="T" type="float"/>
            </accessor>
          </technique_common>
        </source>
        <source id="DrawCall_0048-lib-UV4">
          <float_array id="DrawCall_0048-lib-UV4-array" count="164">
0.000000 1.000000
0.000000 1.000000
0.000000 1.000000
0.000000 1.000000
0.000000 1.000000
0.000000 1.000000
0.000000 1.000000
0.000000 1.000000
0.000000 1.000000
0.000000 1.000000
0.000000 1.000000
0.000000 1.000000
0.000000 1.000000
0.000000 1.000000
0.000000 1.000000
0.000000 1.000000
0.000000 1.000000
0.000000 1.000000
0.000000 1.000000
0.000000 1.000000
0.000000 1.000000
0.000000 1.000000
0.000000 1.000000
0.000000 1.000000
0.000000 1.000000
0.000000 1.000000
0.000000 1.000000
0.000000 1.000000
0.000000 1.000000
0.000000 1.000000
0.000000 1.000000
0.000000 1.000000
0.000000 1.000000
0.000000 1.000000
0.000000 1.000000
0.000000 1.000000
0.000000 1.000000
0.000000 1.000000
0.000000 1.000000
0.000000 1.000000
0.000000 1.000000
0.000000 1.000000
0.000000 1.000000
0.000000 1.000000
0.000000 1.000000
0.000000 1.000000
0.000000 1.000000
0.000000 1.000000
0.000000 1.000000
0.000000 1.000000
0.000000 1.000000
0.000000 1.000000
0.000000 1.000000
0.000000 1.000000
0.000000 1.000000
0.000000 1.000000
0.000000 1.000000
0.000000 1.000000
0.000000 1.000000
0.000000 1.000000
0.000000 1.000000
0.000000 1.000000
0.000000 1.000000
0.000000 1.000000
0.000000 1.000000
0.000000 1.000000
0.000000 1.000000
0.000000 1.000000
0.000000 1.000000
0.000000 1.000000
0.000000 1.000000
0.000000 1.000000
0.000000 1.000000
0.000000 1.000000
0.000000 1.000000
0.000000 1.000000
0.000000 1.000000
0.000000 1.000000
0.000000 1.000000
0.000000 1.000000
0.000000 1.000000
0.000000 1.000000
</float_array>
          <technique_common>
            <accessor source="#DrawCall_0048-lib-UV4-array" count="82" stride="2">
              <param name="S" type="float"/>
              <param name="T" type="float"/>
            </accessor>
          </technique_common>
        </source>
        <source id="DrawCall_0048-lib-UV5">
          <float_array id="DrawCall_0048-lib-UV5-array" count="164">
0.000000 1.000000
0.000000 1.000000
0.000000 1.000000
0.000000 1.000000
0.000000 1.000000
0.000000 1.000000
0.000000 1.000000
0.000000 1.000000
0.000000 1.000000
0.000000 1.000000
0.000000 1.000000
0.000000 1.000000
0.000000 1.000000
0.000000 1.000000
0.000000 1.000000
0.000000 1.000000
0.000000 1.000000
0.000000 1.000000
0.000000 1.000000
0.000000 1.000000
0.000000 1.000000
0.000000 1.000000
0.000000 1.000000
0.000000 1.000000
0.000000 1.000000
0.000000 1.000000
0.000000 1.000000
0.000000 1.000000
0.000000 1.000000
0.000000 1.000000
0.000000 1.000000
0.000000 1.000000
0.000000 1.000000
0.000000 1.000000
0.000000 1.000000
0.000000 1.000000
0.000000 1.000000
0.000000 1.000000
0.000000 1.000000
0.000000 1.000000
0.000000 1.000000
0.000000 1.000000
0.000000 1.000000
0.000000 1.000000
0.000000 1.000000
0.000000 1.000000
0.000000 1.000000
0.000000 1.000000
0.000000 1.000000
0.000000 1.000000
0.000000 1.000000
0.000000 1.000000
0.000000 1.000000
0.000000 1.000000
0.000000 1.000000
0.000000 1.000000
0.000000 1.000000
0.000000 1.000000
0.000000 1.000000
0.000000 1.000000
0.000000 1.000000
0.000000 1.000000
0.000000 1.000000
0.000000 1.000000
0.000000 1.000000
0.000000 1.000000
0.000000 1.000000
0.000000 1.000000
0.000000 1.000000
0.000000 1.000000
0.000000 1.000000
0.000000 1.000000
0.000000 1.000000
0.000000 1.000000
0.000000 1.000000
0.000000 1.000000
0.000000 1.000000
0.000000 1.000000
0.000000 1.000000
0.000000 1.000000
0.000000 1.000000
0.000000 1.000000
</float_array>
          <technique_common>
            <accessor source="#DrawCall_0048-lib-UV5-array" count="82" stride="2">
              <param name="S" type="float"/>
              <param name="T" type="float"/>
            </accessor>
          </technique_common>
        </source>
        <source id="DrawCall_0048-lib-UV6">
          <float_array id="DrawCall_0048-lib-UV6-array" count="164">
0.000000 1.000000
0.000000 1.000000
0.000000 1.000000
0.000000 1.000000
0.000000 1.000000
0.000000 1.000000
0.000000 1.000000
0.000000 1.000000
0.000000 1.000000
0.000000 1.000000
0.000000 1.000000
0.000000 1.000000
0.000000 1.000000
0.000000 1.000000
0.000000 1.000000
0.000000 1.000000
0.000000 1.000000
0.000000 1.000000
0.000000 1.000000
0.000000 1.000000
0.000000 1.000000
0.000000 1.000000
0.000000 1.000000
0.000000 1.000000
0.000000 1.000000
0.000000 1.000000
0.000000 1.000000
0.000000 1.000000
0.000000 1.000000
0.000000 1.000000
0.000000 1.000000
0.000000 1.000000
0.000000 1.000000
0.000000 1.000000
0.000000 1.000000
0.000000 1.000000
0.000000 1.000000
0.000000 1.000000
0.000000 1.000000
0.000000 1.000000
0.000000 1.000000
0.000000 1.000000
0.000000 1.000000
0.000000 1.000000
0.000000 1.000000
0.000000 1.000000
0.000000 1.000000
0.000000 1.000000
0.000000 1.000000
0.000000 1.000000
0.000000 1.000000
0.000000 1.000000
0.000000 1.000000
0.000000 1.000000
0.000000 1.000000
0.000000 1.000000
0.000000 1.000000
0.000000 1.000000
0.000000 1.000000
0.000000 1.000000
0.000000 1.000000
0.000000 1.000000
0.000000 1.000000
0.000000 1.000000
0.000000 1.000000
0.000000 1.000000
0.000000 1.000000
0.000000 1.000000
0.000000 1.000000
0.000000 1.000000
0.000000 1.000000
0.000000 1.000000
0.000000 1.000000
0.000000 1.000000
0.000000 1.000000
0.000000 1.000000
0.000000 1.000000
0.000000 1.000000
0.000000 1.000000
0.000000 1.000000
0.000000 1.000000
0.000000 1.000000
</float_array>
          <technique_common>
            <accessor source="#DrawCall_0048-lib-UV6-array" count="82" stride="2">
              <param name="S" type="float"/>
              <param name="T" type="float"/>
            </accessor>
          </technique_common>
        </source>
        <source id="DrawCall_0048-lib-UV7">
          <float_array id="DrawCall_0048-lib-UV7-array" count="164">
0.000000 1.000000
0.000000 1.000000
0.000000 1.000000
0.000000 1.000000
0.000000 1.000000
0.000000 1.000000
0.000000 1.000000
0.000000 1.000000
0.000000 1.000000
0.000000 1.000000
0.000000 1.000000
0.000000 1.000000
0.000000 1.000000
0.000000 1.000000
0.000000 1.000000
0.000000 1.000000
0.000000 1.000000
0.000000 1.000000
0.000000 1.000000
0.000000 1.000000
0.000000 1.000000
0.000000 1.000000
0.000000 1.000000
0.000000 1.000000
0.000000 1.000000
0.000000 1.000000
0.000000 1.000000
0.000000 1.000000
0.000000 1.000000
0.000000 1.000000
0.000000 1.000000
0.000000 1.000000
0.000000 1.000000
0.000000 1.000000
0.000000 1.000000
0.000000 1.000000
0.000000 1.000000
0.000000 1.000000
0.000000 1.000000
0.000000 1.000000
0.000000 1.000000
0.000000 1.000000
0.000000 1.000000
0.000000 1.000000
0.000000 1.000000
0.000000 1.000000
0.000000 1.000000
0.000000 1.000000
0.000000 1.000000
0.000000 1.000000
0.000000 1.000000
0.000000 1.000000
0.000000 1.000000
0.000000 1.000000
0.000000 1.000000
0.000000 1.000000
0.000000 1.000000
0.000000 1.000000
0.000000 1.000000
0.000000 1.000000
0.000000 1.000000
0.000000 1.000000
0.000000 1.000000
0.000000 1.000000
0.000000 1.000000
0.000000 1.000000
0.000000 1.000000
0.000000 1.000000
0.000000 1.000000
0.000000 1.000000
0.000000 1.000000
0.000000 1.000000
0.000000 1.000000
0.000000 1.000000
0.000000 1.000000
0.000000 1.000000
0.000000 1.000000
0.000000 1.000000
0.000000 1.000000
0.000000 1.000000
0.000000 1.000000
0.000000 1.000000
</float_array>
          <technique_common>
            <accessor source="#DrawCall_0048-lib-UV7-array" count="82" stride="2">
              <param name="S" type="float"/>
              <param name="T" type="float"/>
            </accessor>
          </technique_common>
        </source>
        <vertices id="DrawCall_0048-lib-Vertex">
          <input semantic="POSITION" source="#DrawCall_0048-lib-Position"/>
        </vertices>
        <polygons material="Material__7456" count="94">
          <input semantic="VERTEX" offset="0" source="#DrawCall_0048-lib-Vertex"/>
          <input semantic="NORMAL" offset="1" source="#DrawCall_0048-lib-Normal0"/>
          <input semantic="TEXCOORD" offset="2" set="0" source="#DrawCall_0048-lib-UV0"/>
          <input semantic="TEXCOORD" offset="3" set="1" source="#DrawCall_0048-lib-UV1"/>
          <input semantic="TEXCOORD" offset="4" set="2" source="#DrawCall_0048-lib-UV2"/>
          <input semantic="TEXCOORD" offset="5" set="3" source="#DrawCall_0048-lib-UV3"/>
          <input semantic="TEXCOORD" offset="6" set="4" source="#DrawCall_0048-lib-UV4"/>
          <input semantic="TEXCOORD" offset="7" set="5" source="#DrawCall_0048-lib-UV5"/>
          <input semantic="TEXCOORD" offset="8" set="6" source="#DrawCall_0048-lib-UV6"/>
          <input semantic="TEXCOORD" offset="9" set="7" source="#DrawCall_0048-lib-UV7"/>
          <p>64 0 64 64 64 64 64 64 64 64 56 1 56 56 56 56 56 56 56 56 55 2 55 55 55 55 55 55 55 55</p>
          <p>56 3 56 56 56 56 56 56 56 56 57 4 57 57 57 57 57 57 57 57 55 5 55 55 55 55 55 55 55 55</p>
          <p>57 6 57 57 57 57 57 57 57 57 49 7 49 49 49 49 49 49 49 49 55 8 55 55 55 55 55 55 55 55</p>
          <p>55 9 55 55 55 55 55 55 55 55 49 10 49 49 49 49 49 49 49 49 48 11 48 48 48 48 48 48 48 48</p>
          <p>48 12 48 48 48 48 48 48 48 48 49 13 49 49 49 49 49 49 49 49 47 14 47 47 47 47 47 47 47 47</p>
          <p>49 15 49 49 49 49 49 49 49 49 61 16 61 61 61 61 61 61 61 61 47 17 47 47 47 47 47 47 47 47</p>
          <p>47 18 47 47 47 47 47 47 47 47 61 19 61 61 61 61 61 61 61 61 69 20 69 69 69 69 69 69 69 69</p>
          <p>28 21 28 28 28 28 28 28 28 28 20 22 20 20 20 20 20 20 20 20 8 23 8 8 8 8 8 8 8 8</p>
          <p>20 24 20 20 20 20 20 20 20 20 6 25 6 6 6 6 6 6 6 6 8 26 8 8 8 8 8 8 8 8</p>
          <p>8 27 8 8 8 8 8 8 8 8 6 28 6 6 6 6 6 6 6 6 7 29 7 7 7 7 7 7 7 7</p>
          <p>7 30 7 7 7 7 7 7 7 7 6 31 6 6 6 6 6 6 6 6 16 32 16 16 16 16 16 16 16 16</p>
          <p>6 33 6 6 6 6 6 6 6 6 14 34 14 14 14 14 14 14 14 14 16 35 16 16 16 16 16 16 16 16</p>
          <p>14 36 14 14 14 14 14 14 14 14 15 37 15 15 15 15 15 15 15 15 16 38 16 16 16 16 16 16 16 16</p>
          <p>16 39 16 16 16 16 16 16 16 16 15 40 15 15 15 15 15 15 15 15 23 41 23 23 23 23 23 23 23 23</p>
          <p>58 42 58 58 58 58 58 58 58 58 59 43 59 59 59 59 59 59 59 59 60 44 60 60 60 60 60 60 60 60</p>
          <p>59 45 59 59 59 59 59 59 59 59 75 46 75 75 75 75 75 75 75 75 60 47 60 60 60 60 60 60 60 60</p>
          <p>75 48 75 75 75 75 75 75 75 75 76 49 76 76 76 76 76 76 76 76 60 50 60 60 60 60 60 60 60 60</p>
          <p>76 51 76 76 76 76 76 76 76 76 78 52 78 78 78 78 78 78 78 78 60 53 60 60 60 60 60 60 60 60</p>
          <p>78 54 78 78 78 78 78 78 78 78 73 55 73 73 73 73 73 73 73 73 60 56 60 60 60 60 60 60 60 60</p>
          <p>60 57 60 60 60 60 60 60 60 60 73 58 73 73 73 73 73 73 73 73 45 59 45 45 45 45 45 45 45 45</p>
          <p>73 60 73 73 73 73 73 73 73 73 74 61 74 74 74 74 74 74 74 74 45 62 45 45 45 45 45 45 45 45</p>
          <p>60 63 60 60 60 60 60 60 60 60 45 64 45 45 45 45 45 45 45 45 58 65 58 58 58 58 58 58 58 58</p>
          <p>58 66 58 58 58 58 58 58 58 58 45 67 45 45 45 45 45 45 45 45 53 68 53 53 53 53 53 53 53 53</p>
          <p>53 69 53 53 53 53 53 53 53 53 45 70 45 45 45 45 45 45 45 45 44 71 44 44 44 44 44 44 44 44</p>
          <p>44 72 44 44 44 44 44 44 44 44 45 73 45 45 45 45 45 45 45 45 46 74 46 46 46 46 46 46 46 46</p>
          <p>45 75 45 45 45 45 45 45 45 45 74 76 74 74 74 74 74 74 74 74 46 77 46 46 46 46 46 46 46 46</p>
          <p>74 78 74 74 74 74 74 74 74 74 80 79 80 80 80 80 80 80 80 80 46 80 46 46 46 46 46 46 46 46</p>
          <p>80 81 80 80 80 80 80 80 80 80 62 82 62 62 62 62 62 62 62 62 46 83 46 46 46 46 46 46 46 46</p>
          <p>46 84 46 46 46 46 46 46 46 46 62 85 62 62 62 62 62 62 62 62 44 86 44 44 44 44 44 44 44 44</p>
          <p>44 87 44 44 44 44 44 44 44 44 62 88 62 62 62 62 62 62 62 62 65 89 65 65 65 65 65 65 65 65</p>
          <p>65 90 65 65 65 65 65 65 65 65 62 91 62 62 62 62 62 62 62 62 50 92 50 50 50 50 50 50 50 50</p>
          <p>50 93 50 50 50 50 50 50 50 50 62 94 62 62 62 62 62 62 62 62 51 95 51 51 51 51 51 51 51 51</p>
          <p>62 96 62 62 62 62 62 62 62 62 80 97 80 80 80 80 80 80 80 80 51 98 51 51 51 51 51 51 51 51</p>
          <p>80 99 80 80 80 80 80 80 80 80 81 100 81 81 81 81 81 81 81 81 51 101 51 51 51 51 51 51 51 51</p>
          <p>81 102 81 81 81 81 81 81 81 81 79 103 79 79 79 79 79 79 79 79 51 104 51 51 51 51 51 51 51 51</p>
          <p>79 105 79 79 79 79 79 79 79 79 52 106 52 52 52 52 52 52 52 52 51 107 51 51 51 51 51 51 51 51</p>
          <p>51 108 51 51 51 51 51 51 51 51 52 109 52 52 52 52 52 52 52 52 50 110 50 50 50 50 50 50 50 50</p>
          <p>50 111 50 50 50 50 50 50 50 50 52 112 52 52 52 52 52 52 52 52 54 113 54 54 54 54 54 54 54 54</p>
          <p>52 114 52 52 52 52 52 52 52 52 66 115 66 66 66 66 66 66 66 66 54 116 54 54 54 54 54 54 54 54</p>
          <p>77 117 77 77 77 77 77 77 77 77 54 118 54 54 54 54 54 54 54 54 68 119 68 68 68 68 68 68 68 68</p>
          <p>54 120 54 54 54 54 54 54 54 54 66 121 66 66 66 66 66 66 66 66 68 122 68 68 68 68 68 68 68 68</p>
          <p>68 123 68 68 68 68 68 68 68 68 66 124 66 66 66 66 66 66 66 66 67 125 67 67 67 67 67 67 67 67</p>
          <p>66 126 66 66 66 66 66 66 66 66 42 127 42 42 42 42 42 42 42 42 67 128 67 67 67 67 67 67 67 67</p>
          <p>67 129 67 67 67 67 67 67 67 67 42 130 42 42 42 42 42 42 42 42 63 131 63 63 63 63 63 63 63 63</p>
          <p>42 132 42 42 42 42 42 42 42 42 41 133 41 41 41 41 41 41 41 41 63 134 63 63 63 63 63 63 63 63</p>
          <p>63 135 63 63 63 63 63 63 63 63 41 136 41 41 41 41 41 41 41 41 72 137 72 72 72 72 72 72 72 72</p>
          <p>72 138 72 72 72 72 72 72 72 72 41 139 41 41 41 41 41 41 41 41 70 140 70 70 70 70 70 70 70 70</p>
          <p>41 141 41 41 41 41 41 41 41 41 43 142 43 43 43 43 43 43 43 43 70 143 70 70 70 70 70 70 70 70</p>
          <p>70 144 70 70 70 70 70 70 70 70 43 145 43 43 43 43 43 43 43 43 71 146 71 71 71 71 71 71 71 71</p>
          <p>71 147 71 71 71 71 71 71 71 71 43 148 43 43 43 43 43 43 43 43 79 149 79 79 79 79 79 79 79 79</p>
          <p>79 150 79 79 79 79 79 79 79 79 43 151 43 43 43 43 43 43 43 43 52 152 52 52 52 52 52 52 52 52</p>
          <p>52 153 52 52 52 52 52 52 52 52 43 154 43 43 43 43 43 43 43 43 66 155 66 66 66 66 66 66 66 66</p>
          <p>66 156 66 66 66 66 66 66 66 66 43 157 43 43 43 43 43 43 43 43 42 158 42 42 42 42 42 42 42 42</p>
          <p>43 159 43 43 43 43 43 43 43 43 41 160 41 41 41 41 41 41 41 41 42 161 42 42 42 42 42 42 42 42</p>
          <p>19 162 19 19 19 19 19 19 19 19 17 163 17 17 17 17 17 17 17 17 18 164 18 18 18 18 18 18 18 18</p>
          <p>18 165 18 18 18 18 18 18 18 18 17 166 17 17 17 17 17 17 17 17 35 167 35 35 35 35 35 35 35 35</p>
          <p>35 168 35 35 35 35 35 35 35 35 17 169 17 17 17 17 17 17 17 17 34 170 34 34 34 34 34 34 34 34</p>
          <p>34 171 34 34 34 34 34 34 34 34 17 172 17 17 17 17 17 17 17 17 37 173 37 37 37 37 37 37 37 37</p>
          <p>37 174 37 37 37 37 37 37 37 37 17 175 17 17 17 17 17 17 17 17 33 176 33 33 33 33 33 33 33 33</p>
          <p>17 177 17 17 17 17 17 17 17 17 4 178 4 4 4 4 4 4 4 4 33 179 33 33 33 33 33 33 33 33</p>
          <p>33 180 33 33 33 33 33 33 33 33 4 181 4 4 4 4 4 4 4 4 32 182 32 32 32 32 32 32 32 32</p>
          <p>17 183 17 17 17 17 17 17 17 17 19 184 19 19 19 19 19 19 19 19 4 185 4 4 4 4 4 4 4 4</p>
          <p>19 186 19 19 19 19 19 19 19 19 12 187 12 12 12 12 12 12 12 12 4 188 4 4 4 4 4 4 4 4</p>
          <p>12 189 12 12 12 12 12 12 12 12 5 190 5 5 5 5 5 5 5 5 4 191 4 4 4 4 4 4 4 4</p>
          <p>5 192 5 5 5 5 5 5 5 5 3 193 3 3 3 3 3 3 3 3 4 194 4 4 4 4 4 4 4 4</p>
          <p>4 195 4 4 4 4 4 4 4 4 3 196 3 3 3 3 3 3 3 3 32 197 32 32 32 32 32 32 32 32</p>
          <p>32 198 32 32 32 32 32 32 32 32 3 199 3 3 3 3 3 3 3 3 39 200 39 39 39 39 39 39 39 39</p>
          <p>39 201 39 39 39 39 39 39 39 39 3 202 3 3 3 3 3 3 3 3 21 203 21 21 21 21 21 21 21 21</p>
          <p>3 204 3 3 3 3 3 3 3 3 5 205 5 5 5 5 5 5 5 5 21 206 21 21 21 21 21 21 21 21</p>
          <p>5 207 5 5 5 5 5 5 5 5 24 208 24 24 24 24 24 24 24 24 21 209 21 21 21 21 21 21 21 21</p>
          <p>24 210 24 24 24 24 24 24 24 24 11 211 11 11 11 11 11 11 11 11 21 212 21 21 21 21 21 21 21 21</p>
          <p>11 213 11 11 11 11 11 11 11 11 10 214 10 10 10 10 10 10 10 10 21 215 21 21 21 21 21 21 21 21</p>
          <p>21 216 21 21 21 21 21 21 21 21 10 217 10 10 10 10 10 10 10 10 39 218 39 39 39 39 39 39 39 39</p>
          <p>39 219 39 39 39 39 39 39 39 39 10 220 10 10 10 10 10 10 10 10 40 221 40 40 40 40 40 40 40 40</p>
          <p>40 222 40 40 40 40 40 40 40 40 10 223 10 10 10 10 10 10 10 10 38 224 38 38 38 38 38 38 38 38</p>
          <p>38 225 38 38 38 38 38 38 38 38 10 226 10 10 10 10 10 10 10 10 9 227 9 9 9 9 9 9 9 9</p>
          <p>10 228 10 10 10 10 10 10 10 10 11 229 11 11 11 11 11 11 11 11 9 230 9 9 9 9 9 9 9 9</p>
          <p>11 231 11 11 11 11 11 11 11 11 13 232 13 13 13 13 13 13 13 13 9 233 9 9 9 9 9 9 9 9</p>
          <p>13 234 13 13 13 13 13 13 13 13 27 235 27 27 27 27 27 27 27 27 9 236 9 9 9 9 9 9 9 9</p>
          <p>36 237 36 36 36 36 36 36 36 36 25 238 25 25 25 25 25 25 25 25 13 239 13 13 13 13 13 13 13 13</p>
          <p>13 240 13 13 13 13 13 13 13 13 25 241 25 25 25 25 25 25 25 25 27 242 27 27 27 27 27 27 27 27</p>
          <p>25 243 25 25 25 25 25 25 25 25 26 244 26 26 26 26 26 26 26 26 27 245 27 27 27 27 27 27 27 27</p>
          <p>27 246 27 27 27 27 27 27 27 27 26 247 26 26 26 26 26 26 26 26 1 248 1 1 1 1 1 1 1 1</p>
          <p>26 249 26 26 26 26 26 26 26 26 22 250 22 22 22 22 22 22 22 22 1 251 1 1 1 1 1 1 1 1</p>
          <p>1 252 1 1 1 1 1 1 1 1 22 253 22 22 22 22 22 22 22 22 2 254 2 2 2 2 2 2 2 2</p>
          <p>22 255 22 22 22 22 22 22 22 22 31 256 31 31 31 31 31 31 31 31 2 257 2 2 2 2 2 2 2 2</p>
          <p>31 258 31 31 31 31 31 31 31 31 30 259 30 30 30 30 30 30 30 30 2 260 2 2 2 2 2 2 2 2</p>
          <p>2 261 2 2 2 2 2 2 2 2 30 262 30 30 30 30 30 30 30 30 0 263 0 0 0 0 0 0 0 0</p>
          <p>30 264 30 30 30 30 30 30 30 30 29 265 29 29 29 29 29 29 29 29 0 266 0 0 0 0 0 0 0 0</p>
          <p>29 267 29 29 29 29 29 29 29 29 38 268 38 38 38 38 38 38 38 38 0 269 0 0 0 0 0 0 0 0</p>
          <p>38 270 38 38 38 38 38 38 38 38 9 271 9 9 9 9 9 9 9 9 0 272 0 0 0 0 0 0 0 0</p>
          <p>9 273 9 9 9 9 9 9 9 9 27 274 27 27 27 27 27 27 27 27 0 275 0 0 0 0 0 0 0 0</p>
          <p>27 276 27 27 27 27 27 27 27 27 1 277 1 1 1 1 1 1 1 1 0 278 0 0 0 0 0 0 0 0</p>
          <p>0 279 0 0 0 0 0 0 0 0 1 280 1 1 1 1 1 1 1 1 2 281 2 2 2 2 2 2 2 2</p>
        </polygons>
      </mesh>
    </geometry>
    <geometry id="DrawCall_0049-lib" name="DrawCall_0049Mesh">
      <mesh>
        <source id="DrawCall_0049-lib-Position">
          <float_array id="DrawCall_0049-lib-Position-array" count="528">
179.396637 139.480698 -27.127743
179.396637 139.480667 -27.690239
180.022461 139.728577 -27.627728
179.401230 140.855667 -28.002724
180.214752 141.165451 -27.815239
179.712891 140.604645 -26.252731
179.399963 140.480667 -26.127724
179.959961 139.728806 -27.127735
180.403091 141.414810 -27.502731
179.904144 141.728989 -26.315216
179.652908 141.354843 -25.440220
179.402283 141.168167 -25.315224
180.154556 141.853180 -25.815228
180.216248 141.602966 -25.440216
179.401657 140.980682 -24.940220
180.089569 141.103363 -24.940208
181.279358 141.786926 -23.252705
179.402695 141.293182 -23.252701
181.466003 141.536285 -25.002720
179.713501 140.792130 -28.440235
179.400375 140.605652 -28.440235
179.900787 140.729004 -28.752731
179.400162 140.543152 -28.690228
180.777664 141.288574 -29.315231
180.527664 141.289398 -28.377735
180.214752 141.165451 -27.815239
179.838928 140.916702 -29.002728
179.401230 140.855667 -29.065235
179.963913 140.916290 -29.252731
180.090790 141.478378 -30.565254
180.717468 141.976273 -30.377743
179.964966 141.228790 -29.627743
179.400787 140.730637 -29.315235
179.402054 141.105652 -29.752728
179.402466 141.230652 -30.565250
180.342468 141.977524 -31.127758
181.095810 142.975021 -30.127739
181.034775 143.412720 -30.377743
179.409348 143.293137 -30.690239
179.403915 141.668167 -31.252743
179.412689 144.293121 -30.627735
180.788513 144.538544 -30.377750
180.664185 145.073120 -31.537281
179.415207 144.390503 -32.102619
181.217682 142.037094 -28.752724
181.720795 142.972931 -28.502731
182.288513 144.533554 -28.502739
181.849976 144.222519 -29.627750
182.417480 145.720627 -28.877739
181.855835 145.972519 -29.190243
182.605408 145.844986 -27.690235
181.668060 146.379349 -30.729950
181.733398 146.264099 -32.196320
180.355560 145.019913 -32.945591
182.112503 147.971649 -27.627739
182.294983 146.471024 -27.627728
181.798126 147.410187 -28.877731
181.654556 141.848145 -27.127739
182.345184 142.783356 -26.815235
182.663086 144.407303 -26.565231
182.220596 142.908783 -25.690220
182.600403 144.345016 -25.565224
180.842484 141.975876 -26.065220
180.904770 141.913162 -25.252720
181.656006 142.285660 -25.690228
182.914795 144.906464 -24.127705
181.968094 142.159607 -25.440224
182.980209 145.781250 -25.315224
182.729797 145.657074 -26.627735
182.613968 148.407486 -26.127735
182.922287 147.156448 -25.252720
181.494614 150.098724 -25.002720
181.054184 149.225189 -27.315235
179.431061 149.793106 -27.440239
179.433807 150.605606 -25.065224
181.116943 148.638870 -30.635338
179.428955 148.502258 -30.108810
181.048691 148.250443 -30.108349
179.432541 149.081573 -30.572903
179.426682 148.480591 -28.627728
180.988327 148.225403 -28.627724
181.733551 147.314972 -30.418892
183.044983 146.468521 -27.627743
183.168747 146.093124 -25.190216
183.671875 147.028961 -25.127728
183.547272 147.154358 -26.377724
179.401230 140.855667 -29.065235
179.838928 140.916702 -29.002728
179.403503 141.543167 -28.377739
180.777664 141.288574 -29.315231
179.403702 141.605652 -29.502724
179.406647 142.480667 -28.690235
182.174408 147.448990 -31.072414
179.417526 144.585968 -33.132915
183.045624 146.656052 -24.252728
178.772476 139.732773 -27.627735
178.652069 141.108170 -27.815235
178.834961 139.732544 -27.127731
179.087891 140.606720 -26.252712
178.403320 141.483994 -27.502728
178.904160 141.732330 -26.315220
179.152893 141.356491 -25.440224
178.591858 141.795883 -25.440216
178.654572 141.858170 -25.815216
178.527084 141.108597 -24.877705
177.529388 141.799438 -23.190182
177.341049 141.550049 -24.877720
178.900787 140.732330 -28.752731
179.088501 140.794189 -28.440224
178.090164 141.297531 -29.315231
178.215179 141.297119 -28.377720
178.963928 140.919617 -29.002735
178.838928 140.920044 -29.252739
178.839966 141.232544 -29.627735
178.092468 141.985016 -30.377724
178.715790 141.482956 -30.565239
177.720810 142.986298 -30.127735
178.467468 141.983765 -31.127758
177.786865 144.048569 -30.252747
178.039169 144.735229 -30.377731
178.169617 145.080765 -31.477924
178.039169 144.735229 -30.377731
177.592484 141.986710 -28.752731
177.154587 141.863159 -27.127735
177.095825 142.988358 -28.502735
176.417297 145.678146 -28.877731
176.974991 144.238770 -29.627735
176.538544 144.552734 -28.502728
176.918335 145.988968 -29.190224
176.230438 145.866272 -27.690228
177.239792 146.268890 -31.100777
176.918335 145.988968 -29.190224
177.112946 146.279541 -32.196312
178.357529 145.026596 -32.945602
177.048157 147.426056 -28.877731
176.545013 146.490234 -27.690216
176.925232 148.051453 -27.627728
176.918335 145.988968 -29.190224
176.230438 145.866272 -27.690228
176.595642 142.927536 -25.690212
176.163132 144.428986 -26.565224
176.470215 142.802948 -26.815228
176.225433 144.366287 -25.565212
177.904800 141.923172 -25.252716
177.967499 141.985474 -26.065220
177.156036 142.300659 -25.690220
175.976501 144.679626 -23.877708
176.843338 142.239227 -25.315220
175.855667 145.930038 -25.315208
176.105453 145.866699 -26.627724
176.176514 148.428955 -26.127716
175.922333 147.179825 -25.252716
177.804214 149.236038 -27.315235
177.369644 150.112503 -25.002708
179.431061 149.793106 -27.440239
179.433807 150.605606 -25.065224
177.618790 148.264404 -30.046818
179.428955 148.502258 -30.108810
177.433685 148.838486 -30.635330
179.432541 149.081573 -30.572903
179.426682 148.480591 -28.627728
177.863373 148.235840 -28.627720
177.118713 147.328857 -30.478962
177.239792 146.268890 -31.100777
176.105453 145.866699 -26.627724
175.795029 146.492722 -27.627720
175.731705 146.242966 -25.190220
175.855667 145.930038 -25.315208
175.234436 147.057114 -25.127708
175.110474 147.370026 -26.440216
178.963928 140.919617 -29.002735
178.090164 141.297531 -29.315231
176.679611 147.404892 -31.197289
177.112946 146.279541 -32.196312
175.734222 146.992935 -24.502705
175.734222 146.992935 -24.502705
</float_array>
          <technique_common>
            <accessor source="#DrawCall_0049-lib-Position-array" count="176" stride="3">
              <param name="X" type="float"/>
              <param name="Y" type="float"/>
              <param name="Z" type="float"/>
            </accessor>
          </technique_common>
        </source>
        <source id="DrawCall_0049-lib-Normal0">
          <float_array id="DrawCall_0049-lib-Normal0-array" count="2682">
-0.900284 0.404267 -0.161423
-0.970834 0.106737 0.214684
-0.970031 0.138902 -0.199362
-0.970834 0.106737 0.214684
-0.955732 -0.282319 0.082905
-0.970031 0.138902 -0.199362
-0.895759 -0.433260 0.099503
-0.955732 -0.282319 0.082905
-0.890896 -0.176301 0.418594
-0.955732 -0.282319 0.082905
-0.970834 0.106737 0.214684
-0.890896 -0.176301 0.418594
-0.890896 -0.176301 0.418594
-0.970834 0.106737 0.214684
-0.498394 0.519568 0.694012
-0.498394 0.519568 0.694012
-0.970834 0.106737 0.214684
-0.593275 0.716701 0.366558
-0.970834 0.106737 0.214684
-0.900284 0.404267 -0.161423
-0.593275 0.716701 0.366558
-0.593275 0.716701 0.366558
-0.900284 0.404267 -0.161423
-0.436626 0.856826 -0.274239
-0.900284 0.404267 -0.161423
-0.767157 0.467971 -0.438717
-0.436626 0.856826 -0.274239
-0.436626 0.856826 -0.274239
-0.767157 0.467971 -0.438717
-0.446641 0.739995 -0.502911
-0.767157 0.467971 -0.438717
-0.880708 0.421934 -0.215233
-0.446641 0.739995 -0.502911
-0.446641 0.739995 -0.502911
-0.880708 0.421934 -0.215233
-0.538644 0.802337 -0.257135
-0.538644 0.802337 -0.257135
-0.880708 0.421934 -0.215233
-0.975826 0.190339 -0.107401
-0.880708 0.421934 -0.215233
-0.890061 0.452248 0.057122
-0.975826 0.190339 -0.107401
-0.975826 0.190339 -0.107401
-0.890061 0.452248 0.057122
-0.961719 -0.272532 -0.028671
-0.890061 0.452248 0.057122
-0.300737 -0.501788 0.811028
-0.961719 -0.272532 -0.028671
-0.961719 -0.272532 -0.028671
-0.300737 -0.501788 0.811028
-0.843989 -0.529187 -0.087426
-0.300737 -0.501788 0.811028
-0.663613 0.107474 -0.740316
-0.843989 -0.529187 -0.087426
-0.843989 -0.529187 -0.087426
-0.663613 0.107474 -0.740316
-0.814494 -0.068806 -0.576077
-0.663613 0.107474 -0.740316
-0.722013 0.410329 -0.557070
-0.814494 -0.068806 -0.576077
-0.814494 -0.068806 -0.576077
-0.722013 0.410329 -0.557070
-0.970031 0.138902 -0.199362
-0.970031 0.138902 -0.199362
-0.722013 0.410329 -0.557070
-0.900284 0.404267 -0.161423
-0.900284 0.404267 -0.161423
-0.722013 0.410329 -0.557070
-0.767157 0.467971 -0.438717
-0.767157 0.467971 -0.438717
-0.722013 0.410329 -0.557070
-0.880708 0.421934 -0.215233
-0.880708 0.421934 -0.215233
-0.722013 0.410329 -0.557070
-0.890061 0.452248 0.057122
-0.890061 0.452248 0.057122
-0.722013 0.410329 -0.557070
-0.727195 0.628039 -0.277046
-0.722013 0.410329 -0.557070
-0.663613 0.107474 -0.740316
-0.727195 0.628039 -0.277046
-0.663613 0.107474 -0.740316
-0.300737 -0.501788 0.811028
-0.727195 0.628039 -0.277046
-0.727195 0.628039 -0.277046
-0.300737 -0.501788 0.811028
-0.691622 0.244431 0.679642
-0.300737 -0.501788 0.811028
-0.890061 0.452248 0.057122
-0.691622 0.244431 0.679642
-0.691622 0.244431 0.679642
-0.890061 0.452248 0.057122
-0.727195 0.628039 -0.277046
-0.229545 0.920981 -0.314805
-0.286359 0.796305 -0.532820
-0.538644 0.802337 -0.257135
-0.538644 0.802337 -0.257135
-0.286359 0.796305 -0.532820
-0.446641 0.739995 -0.502911
-0.286359 0.796305 -0.532820
-0.192568 0.911988 -0.362208
-0.446641 0.739995 -0.502911
-0.446641 0.739995 -0.502911
-0.192568 0.911988 -0.362208
-0.436626 0.856826 -0.274239
-0.192568 0.911988 -0.362208
-0.127101 0.883180 0.451485
-0.436626 0.856826 -0.274239
-0.436626 0.856826 -0.274239
-0.127101 0.883180 0.451485
-0.593275 0.716701 0.366558
-0.593275 0.716701 0.366558
-0.127101 0.883180 0.451485
-0.498394 0.519568 0.694012
-0.127101 0.883180 0.451485
-0.099944 0.622467 0.776238
-0.498394 0.519568 0.694012
-0.533043 -0.819565 -0.210187
-0.916805 -0.388861 -0.090861
-0.594562 -0.803973 -0.011103
-0.916805 -0.388861 -0.090861
-0.894388 -0.327221 -0.304953
-0.594562 -0.803973 -0.011103
0.008798 0.245900 -0.969255
-0.490280 -0.236947 -0.838738
-0.495631 0.060874 -0.866398
-0.490280 -0.236947 -0.838738
-0.855427 -0.169453 -0.489419
-0.495631 0.060874 -0.866398
-0.855427 -0.169453 -0.489419
-0.810167 -0.133507 -0.570793
-0.495631 0.060874 -0.866398
-0.495631 0.060874 -0.866398
-0.810167 -0.133507 -0.570793
-0.860579 0.295278 -0.414988
-0.860579 0.295278 -0.414988
-0.810167 -0.133507 -0.570793
-0.940949 -0.243182 -0.235536
-0.810167 -0.133507 -0.570793
-0.855427 -0.169453 -0.489419
-0.940949 -0.243182 -0.235536
-0.855427 -0.169453 -0.489419
-0.894388 -0.327221 -0.304953
-0.940949 -0.243182 -0.235536
-0.940949 -0.243182 -0.235536
-0.894388 -0.327221 -0.304953
-0.979419 -0.175676 -0.099378
-0.894388 -0.327221 -0.304953
-0.916805 -0.388861 -0.090861
-0.979419 -0.175676 -0.099378
-0.979419 -0.175676 -0.099378
-0.916805 -0.388861 -0.090861
-0.912094 -0.409980 0.000453
-0.916805 -0.388861 -0.090861
-0.533043 -0.819565 -0.210187
-0.912094 -0.409980 0.000453
-0.912094 -0.409980 0.000453
-0.533043 -0.819565 -0.210187
-0.790281 -0.569577 -0.225915
-0.790281 -0.569577 -0.225915
-0.533043 -0.819565 -0.210187
-0.531433 -0.813451 -0.236383
-0.533043 -0.819565 -0.210187
-0.219677 -0.808915 -0.545343
-0.531433 -0.813451 -0.236383
-0.531433 -0.813451 -0.236383
-0.219677 -0.808915 -0.545343
-0.295328 -0.914528 -0.276441
-0.219677 -0.808915 -0.545343
-0.386343 -0.807009 -0.446626
-0.295328 -0.914528 -0.276441
-0.295328 -0.914528 -0.276441
-0.386343 -0.807009 -0.446626
-0.685686 -0.710822 -0.156739
-0.386343 -0.807009 -0.446626
-0.385548 -0.917732 -0.095508
-0.685686 -0.710822 -0.156739
-0.685686 -0.710822 -0.156739
-0.385548 -0.917732 -0.095508
-0.708798 -0.661494 0.245014
-0.708798 -0.661494 0.245014
-0.385548 -0.917732 -0.095508
-0.240969 -0.964109 0.111476
-0.385548 -0.917732 -0.095508
-0.386343 -0.807009 -0.446626
-0.240969 -0.964109 0.111476
-0.386343 -0.807009 -0.446626
-0.219677 -0.808915 -0.545343
-0.240969 -0.964109 0.111476
-0.219677 -0.808915 -0.545343
-0.533043 -0.819565 -0.210187
-0.240969 -0.964109 0.111476
-0.533043 -0.819565 -0.210187
-0.594562 -0.803973 -0.011103
-0.240969 -0.964109 0.111476
-0.240969 -0.964109 0.111476
-0.594562 -0.803973 -0.011103
-0.708798 -0.661494 0.245014
-0.790281 -0.569577 -0.225915
-0.531433 -0.813451 -0.236383
-0.609337 -0.762321 0.218120
-0.531433 -0.813451 -0.236383
-0.295328 -0.914528 -0.276441
-0.609337 -0.762321 0.218120
-0.609337 -0.762321 0.218120
-0.295328 -0.914528 -0.276441
0.007595 -0.976143 0.216998
0.007595 -0.976143 0.216998
-0.295328 -0.914528 -0.276441
0.008287 -0.982951 -0.183679
-0.295328 -0.914528 -0.276441
-0.685686 -0.710822 -0.156739
0.008287 -0.982951 -0.183679
-0.685686 -0.710822 -0.156739
-0.003280 -0.999995 0.000161
0.008287 -0.982951 -0.183679
0.008287 -0.982951 -0.183679
-0.003280 -0.999995 0.000161
0.641583 -0.749212 -0.164476
-0.003280 -0.999995 0.000161
0.760241 -0.392737 0.517485
0.641583 -0.749212 -0.164476
0.641583 -0.749212 -0.164476
0.760241 -0.392737 0.517485
0.701530 -0.666386 0.252558
0.760241 -0.392737 0.517485
0.697762 -0.617130 0.363702
0.701530 -0.666386 0.252558
0.701530 -0.666386 0.252558
0.697762 -0.617130 0.363702
0.717687 -0.678468 0.156861
0.697762 -0.617130 0.363702
0.684614 -0.562507 -0.463563
0.717687 -0.678468 0.156861
0.717687 -0.678468 0.156861
0.684614 -0.562507 -0.463563
0.743711 -0.183419 -0.642846
0.743711 -0.183419 -0.642846
0.684614 -0.562507 -0.463563
0.008333 -0.885938 -0.463730
0.684614 -0.562507 -0.463563
-0.002723 -0.813184 -0.582001
0.008333 -0.885938 -0.463730
-0.002723 -0.813184 -0.582001
-0.691471 -0.554086 -0.463526
0.008333 -0.885938 -0.463730
0.008333 -0.885938 -0.463730
-0.691471 -0.554086 -0.463526
-0.745159 -0.610480 -0.268427
-0.691471 -0.554086 -0.463526
-0.696098 -0.695286 0.178952
-0.745159 -0.610480 -0.268427
-0.894388 -0.327221 -0.304953
-0.829113 -0.536176 -0.158391
-0.594562 -0.803973 -0.011103
-0.829113 -0.536176 -0.158391
-0.696098 -0.695286 0.178952
-0.594562 -0.803973 -0.011103
-0.594562 -0.803973 -0.011103
-0.696098 -0.695286 0.178952
-0.708798 -0.661494 0.245014
-0.708798 -0.661494 0.245014
-0.696098 -0.695286 0.178952
-0.703549 -0.611069 0.362786
-0.696098 -0.695286 0.178952
-0.691471 -0.554086 -0.463526
-0.703549 -0.611069 0.362786
-0.703549 -0.611069 0.362786
-0.691471 -0.554086 -0.463526
-0.003106 -0.932497 0.361165
-0.691471 -0.554086 -0.463526
-0.002723 -0.813184 -0.582001
-0.003106 -0.932497 0.361165
-0.002723 -0.813184 -0.582001
0.684614 -0.562507 -0.463563
-0.003106 -0.932497 0.361165
0.684614 -0.562507 -0.463563
0.697762 -0.617130 0.363702
-0.003106 -0.932497 0.361165
-0.003106 -0.932497 0.361165
0.697762 -0.617130 0.363702
-0.002356 -0.708130 0.706078
0.697762 -0.617130 0.363702
0.760241 -0.392737 0.517485
-0.002356 -0.708130 0.706078
0.760241 -0.392737 0.517485
-0.003280 -0.999995 0.000161
-0.002356 -0.708130 0.706078
-0.002356 -0.708130 0.706078
-0.003280 -0.999995 0.000161
-0.762840 -0.387650 0.517496
-0.003280 -0.999995 0.000161
-0.685686 -0.710822 -0.156739
-0.762840 -0.387650 0.517496
-0.685686 -0.710822 -0.156739
-0.708798 -0.661494 0.245014
-0.762840 -0.387650 0.517496
-0.708798 -0.661494 0.245014
-0.703549 -0.611069 0.362786
-0.762840 -0.387650 0.517496
-0.762840 -0.387650 0.517496
-0.703549 -0.611069 0.362786
-0.002356 -0.708130 0.706078
-0.703549 -0.611069 0.362786
-0.003106 -0.932497 0.361165
-0.002356 -0.708130 0.706078
-0.745159 -0.610480 -0.268427
-0.696098 -0.695286 0.178952
-0.665070 -0.726875 0.171274
-0.696098 -0.695286 0.178952
-0.829113 -0.536176 -0.158391
-0.665070 -0.726875 0.171274
-0.665070 -0.726875 0.171274
-0.829113 -0.536176 -0.158391
-0.635158 -0.733455 -0.242111
-0.829113 -0.536176 -0.158391
-0.795392 -0.484819 -0.363734
-0.635158 -0.733455 -0.242111
-0.635158 -0.733455 -0.242111
-0.795392 -0.484819 -0.363734
-0.346814 -0.824305 -0.447483
-0.795392 -0.484819 -0.363734
-0.480224 -0.815603 -0.322764
-0.346814 -0.824305 -0.447483
-0.346814 -0.824305 -0.447483
-0.480224 -0.815603 -0.322764
-0.003111 -0.933998 -0.357265
-0.480224 -0.815603 -0.322764
-0.001346 -0.403071 -0.915168
-0.003111 -0.933998 -0.357265
-0.003111 -0.933998 -0.357265
-0.001346 -0.403071 -0.915168
0.474769 -0.818786 -0.322777
-0.001346 -0.403071 -0.915168
0.490171 -0.231828 -0.840231
0.474769 -0.818786 -0.322777
0.474769 -0.818786 -0.322777
0.490171 -0.231828 -0.840231
0.792360 -0.487406 -0.366882
0.490171 -0.231828 -0.840231
0.869678 -0.241963 -0.430248
0.792360 -0.487406 -0.366882
0.792360 -0.487406 -0.366882
0.869678 -0.241963 -0.430248
0.889677 -0.339306 -0.305526
0.869678 -0.241963 -0.430248
0.939504 -0.246436 -0.237909
0.889677 -0.339306 -0.305526
0.889677 -0.339306 -0.305526
0.939504 -0.246436 -0.237909
0.977355 -0.185523 -0.101772
0.939504 -0.246436 -0.237909
0.913002 -0.027191 -0.407049
0.977355 -0.185523 -0.101772
0.977355 -0.185523 -0.101772
0.913002 -0.027191 -0.407049
0.952093 -0.267437 -0.148314
0.913002 -0.027191 -0.407049
0.642024 0.211856 -0.736833
0.952093 -0.267437 -0.148314
0.889677 -0.339306 -0.305526
0.831237 -0.533088 -0.157678
0.792360 -0.487406 -0.366882
0.831237 -0.533088 -0.157678
0.661503 -0.717674 -0.217621
0.792360 -0.487406 -0.366882
0.661503 -0.717674 -0.217621
0.333600 -0.827503 -0.451608
0.792360 -0.487406 -0.366882
0.792360 -0.487406 -0.366882
0.333600 -0.827503 -0.451608
0.474769 -0.818786 -0.322777
0.474769 -0.818786 -0.322777
0.333600 -0.827503 -0.451608
-0.003111 -0.933998 -0.357265
0.333600 -0.827503 -0.451608
-0.003059 -0.917949 -0.396686
-0.003111 -0.933998 -0.357265
-0.003111 -0.933998 -0.357265
-0.003059 -0.917949 -0.396686
-0.346814 -0.824305 -0.447483
-0.003059 -0.917949 -0.396686
-0.392169 -0.897531 -0.201597
-0.346814 -0.824305 -0.447483
-0.346814 -0.824305 -0.447483
-0.392169 -0.897531 -0.201597
-0.635158 -0.733455 -0.242111
-0.392169 -0.897531 -0.201597
-0.248474 -0.925678 -0.285275
-0.635158 -0.733455 -0.242111
-0.635158 -0.733455 -0.242111
-0.248474 -0.925678 -0.285275
-0.532127 -0.846478 -0.017787
-0.248474 -0.925678 -0.285275
-0.003282 -0.984784 -0.173754
-0.532127 -0.846478 -0.017787
-0.532127 -0.846478 -0.017787
-0.003282 -0.984784 -0.173754
-0.003032 -0.915188 0.403016
-0.003282 -0.984784 -0.173754
0.504363 -0.863114 -0.025516
-0.003032 -0.915188 0.403016
0.504363 -0.863114 -0.025516
0.463816 -0.811247 0.356025
-0.003032 -0.915188 0.403016
-0.003032 -0.915188 0.403016
0.463816 -0.811247 0.356025
0.008333 -0.885938 -0.463730
0.008333 -0.885938 -0.463730
0.463816 -0.811247 0.356025
0.547331 -0.815865 0.186527
0.463816 -0.811247 0.356025
0.652443 -0.739253 0.166802
0.547331 -0.815865 0.186527
0.547331 -0.815865 0.186527
0.652443 -0.739253 0.166802
0.717687 -0.678468 0.156861
0.717687 -0.678468 0.156861
0.652443 -0.739253 0.166802
0.831237 -0.533088 -0.157678
0.831237 -0.533088 -0.157678
0.652443 -0.739253 0.166802
0.661503 -0.717674 -0.217621
0.652443 -0.739253 0.166802
0.463816 -0.811247 0.356025
0.661503 -0.717674 -0.217621
0.463816 -0.811247 0.356025
0.504363 -0.863114 -0.025516
0.661503 -0.717674 -0.217621
0.661503 -0.717674 -0.217621
0.504363 -0.863114 -0.025516
0.236571 -0.929186 -0.283986
0.504363 -0.863114 -0.025516
-0.003282 -0.984784 -0.173754
0.236571 -0.929186 -0.283986
0.236571 -0.929186 -0.283986
-0.003282 -0.984784 -0.173754
-0.003313 -0.997623 -0.068824
-0.003282 -0.984784 -0.173754
-0.248474 -0.925678 -0.285275
-0.003313 -0.997623 -0.068824
-0.003313 -0.997623 -0.068824
-0.248474 -0.925678 -0.285275
-0.003284 -0.982671 -0.185330
-0.248474 -0.925678 -0.285275
-0.392169 -0.897531 -0.201597
-0.003284 -0.982671 -0.185330
-0.392169 -0.897531 -0.201597
-0.003059 -0.917949 -0.396686
-0.003284 -0.982671 -0.185330
-0.003284 -0.982671 -0.185330
-0.003059 -0.917949 -0.396686
0.370263 -0.905183 -0.208684
-0.003059 -0.917949 -0.396686
0.333600 -0.827503 -0.451608
0.370263 -0.905183 -0.208684
0.333600 -0.827503 -0.451608
0.661503 -0.717674 -0.217621
0.370263 -0.905183 -0.208684
0.661503 -0.717674 -0.217621
0.236571 -0.929186 -0.283986
0.370263 -0.905183 -0.208684
0.370263 -0.905183 -0.208684
0.236571 -0.929186 -0.283986
-0.003284 -0.982671 -0.185330
0.236571 -0.929186 -0.283986
-0.003313 -0.997623 -0.068824
-0.003284 -0.982671 -0.185330
-0.745159 -0.610480 -0.268427
-0.463774 -0.817516 0.341440
0.008333 -0.885938 -0.463730
0.008333 -0.885938 -0.463730
-0.463774 -0.817516 0.341440
-0.003032 -0.915188 0.403016
-0.003032 -0.915188 0.403016
-0.463774 -0.817516 0.341440
-0.532127 -0.846478 -0.017787
-0.532127 -0.846478 -0.017787
-0.463774 -0.817516 0.341440
-0.635158 -0.733455 -0.242111
-0.635158 -0.733455 -0.242111
-0.463774 -0.817516 0.341440
-0.665070 -0.726875 0.171274
-0.463774 -0.817516 0.341440
-0.745159 -0.610480 -0.268427
-0.665070 -0.726875 0.171274
0.701530 -0.666386 0.252558
0.717687 -0.678468 0.156861
0.596244 -0.802696 -0.013113
0.717687 -0.678468 0.156861
0.831237 -0.533088 -0.157678
0.596244 -0.802696 -0.013113
0.831237 -0.533088 -0.157678
0.889677 -0.339306 -0.305526
0.596244 -0.802696 -0.013113
0.596244 -0.802696 -0.013113
0.889677 -0.339306 -0.305526
0.914192 -0.394963 -0.090867
0.889677 -0.339306 -0.305526
0.977355 -0.185523 -0.101772
0.914192 -0.394963 -0.090867
0.914192 -0.394963 -0.090867
0.977355 -0.185523 -0.101772
0.915917 -0.401236 -0.010294
0.970886 -0.239206 -0.012665
0.597857 -0.773348 0.210948
0.728537 -0.587050 -0.352995
0.597857 -0.773348 0.210948
0.467721 -0.834086 -0.292469
0.728537 -0.587050 -0.352995
0.728537 -0.587050 -0.352995
0.467721 -0.834086 -0.292469
0.474346 -0.824701 -0.307999
0.467721 -0.834086 -0.292469
0.244051 -0.784880 -0.569564
0.474346 -0.824701 -0.307999
0.474346 -0.824701 -0.307999
0.244051 -0.784880 -0.569564
0.259467 -0.962406 0.080317
0.244051 -0.784880 -0.569564
0.341159 -0.782976 -0.520153
0.259467 -0.962406 0.080317
0.259467 -0.962406 0.080317
0.341159 -0.782976 -0.520153
0.290823 -0.917935 -0.269846
0.341159 -0.782976 -0.520153
0.641583 -0.749212 -0.164476
0.290823 -0.917935 -0.269846
0.641583 -0.749212 -0.164476
0.701530 -0.666386 0.252558
0.290823 -0.917935 -0.269846
0.290823 -0.917935 -0.269846
0.701530 -0.666386 0.252558
0.259467 -0.962406 0.080317
0.701530 -0.666386 0.252558
0.596244 -0.802696 -0.013113
0.259467 -0.962406 0.080317
0.259467 -0.962406 0.080317
0.596244 -0.802696 -0.013113
0.474346 -0.824701 -0.307999
0.596244 -0.802696 -0.013113
0.914192 -0.394963 -0.090867
0.474346 -0.824701 -0.307999
0.914192 -0.394963 -0.090867
0.915917 -0.401236 -0.010294
0.474346 -0.824701 -0.307999
0.474346 -0.824701 -0.307999
0.915917 -0.401236 -0.010294
0.728537 -0.587050 -0.352995
0.915917 -0.401236 -0.010294
0.970886 -0.239206 -0.012665
0.728537 -0.587050 -0.352995
0.244051 -0.784880 -0.569564
0.467721 -0.834086 -0.292469
0.276597 -0.928814 -0.246575
0.467721 -0.834086 -0.292469
0.597857 -0.773348 0.210948
0.276597 -0.928814 -0.246575
0.597857 -0.773348 0.210948
0.007595 -0.976143 0.216998
0.276597 -0.928814 -0.246575
0.007595 -0.976143 0.216998
0.008287 -0.982951 -0.183679
0.276597 -0.928814 -0.246575
0.008287 -0.982951 -0.183679
0.641583 -0.749212 -0.164476
0.276597 -0.928814 -0.246575
0.641583 -0.749212 -0.164476
0.341159 -0.782976 -0.520153
0.276597 -0.928814 -0.246575
0.276597 -0.928814 -0.246575
0.341159 -0.782976 -0.520153
0.244051 -0.784880 -0.569564
0.610530 -0.290636 -0.736739
-0.038401 -0.569151 -0.821335
0.642396 -0.747016 -0.171158
0.642396 -0.747016 -0.171158
-0.038401 -0.569151 -0.821335
0.006112 -0.994966 -0.100029
0.006112 -0.994966 -0.100029
-0.038401 -0.569151 -0.821335
-0.639804 -0.756615 -0.134851
-0.038401 -0.569151 -0.821335
-0.646538 -0.708131 -0.283795
-0.639804 -0.756615 -0.134851
-0.820552 -0.529342 -0.215617
-0.805866 -0.584252 -0.096072
-0.646538 -0.708131 -0.283795
-0.646538 -0.708131 -0.283795
-0.805866 -0.584252 -0.096072
-0.639804 -0.756615 -0.134851
-0.805866 -0.584252 -0.096072
-0.755175 -0.655295 0.017288
-0.639804 -0.756615 -0.134851
-0.755175 -0.655295 0.017288
-0.564009 -0.821597 -0.082904
-0.639804 -0.756615 -0.134851
-0.639804 -0.756615 -0.134851
-0.564009 -0.821597 -0.082904
0.006112 -0.994966 -0.100029
-0.564009 -0.821597 -0.082904
0.019553 -0.982296 -0.186315
0.006112 -0.994966 -0.100029
0.019553 -0.982296 -0.186315
0.559358 -0.820086 -0.120736
0.006112 -0.994966 -0.100029
0.006112 -0.994966 -0.100029
0.559358 -0.820086 -0.120736
0.642396 -0.747016 -0.171158
0.559358 -0.820086 -0.120736
0.799915 -0.599715 0.021839
0.642396 -0.747016 -0.171158
0.642396 -0.747016 -0.171158
0.799915 -0.599715 0.021839
0.927887 -0.372382 -0.018914
0.799915 -0.599715 0.021839
0.902040 -0.057292 0.427834
0.927887 -0.372382 -0.018914
0.927887 -0.372382 -0.018914
0.902040 -0.057292 0.427834
0.941426 0.215032 0.259766
0.902040 -0.057292 0.427834
0.466609 0.643081 0.607226
0.941426 0.215032 0.259766
0.466609 0.643081 0.607226
0.541788 0.791604 0.282539
0.941426 0.215032 0.259766
0.941426 0.215032 0.259766
0.541788 0.791604 0.282539
0.895771 0.390851 -0.211731
0.541788 0.791604 0.282539
0.436517 0.845454 -0.307671
0.895771 0.390851 -0.211731
0.895771 0.390851 -0.211731
0.436517 0.845454 -0.307671
0.809124 0.418968 -0.412049
0.436517 0.845454 -0.307671
0.446086 0.745270 -0.495560
0.809124 0.418968 -0.412049
0.235693 0.919425 -0.314811
0.565862 0.787709 -0.243547
0.291666 0.794375 -0.532823
0.565862 0.787709 -0.243547
0.446086 0.745270 -0.495560
0.291666 0.794375 -0.532823
0.291666 0.794375 -0.532823
0.446086 0.745270 -0.495560
0.198693 0.910622 -0.362338
0.446086 0.745270 -0.495560
0.436517 0.845454 -0.307671
0.198693 0.910622 -0.362338
0.198693 0.910622 -0.362338
0.436517 0.845454 -0.307671
0.181584 0.887650 0.423207
0.436517 0.845454 -0.307671
0.541788 0.791604 0.282539
0.181584 0.887650 0.423207
0.541788 0.791604 0.282539
0.466609 0.643081 0.607226
0.181584 0.887650 0.423207
0.181584 0.887650 0.423207
0.466609 0.643081 0.607226
0.189581 0.613167 0.766867
0.642396 -0.747016 -0.171158
0.927887 -0.372382 -0.018914
0.610530 -0.290636 -0.736739
0.610530 -0.290636 -0.736739
0.927887 -0.372382 -0.018914
0.892699 0.127975 -0.432101
0.927887 -0.372382 -0.018914
0.941426 0.215032 0.259766
0.892699 0.127975 -0.432101
0.941426 0.215032 0.259766
0.895771 0.390851 -0.211731
0.892699 0.127975 -0.432101
0.892699 0.127975 -0.432101
0.895771 0.390851 -0.211731
0.720668 0.409007 -0.559777
0.895771 0.390851 -0.211731
0.809124 0.418968 -0.412049
0.720668 0.409007 -0.559777
0.809124 0.418968 -0.412049
0.888723 0.421741 -0.179737
0.720668 0.409007 -0.559777
0.888723 0.421741 -0.179737
0.845416 0.509229 0.161112
0.720668 0.409007 -0.559777
0.845416 0.509229 0.161112
0.713225 0.625235 -0.316845
0.720668 0.409007 -0.559777
0.713225 0.625235 -0.316845
0.642024 0.211856 -0.736833
0.720668 0.409007 -0.559777
0.642024 0.211856 -0.736833
0.913002 -0.027191 -0.407049
0.720668 0.409007 -0.559777
0.720668 0.409007 -0.559777
0.913002 -0.027191 -0.407049
0.892699 0.127975 -0.432101
0.892699 0.127975 -0.432101
0.913002 -0.027191 -0.407049
0.828300 0.375971 -0.415410
0.913002 -0.027191 -0.407049
0.939504 -0.246436 -0.237909
0.828300 0.375971 -0.415410
0.828300 0.375971 -0.415410
0.939504 -0.246436 -0.237909
0.811342 -0.126111 -0.570806
0.939504 -0.246436 -0.237909
0.869678 -0.241963 -0.430248
0.811342 -0.126111 -0.570806
0.811342 -0.126111 -0.570806
0.869678 -0.241963 -0.430248
0.577582 0.014376 -0.816206
0.869678 -0.241963 -0.430248
0.490171 -0.231828 -0.840231
0.577582 0.014376 -0.816206
-0.038401 -0.569151 -0.821335
0.610530 -0.290636 -0.736739
0.577582 0.014376 -0.816206
0.610530 -0.290636 -0.736739
0.892699 0.127975 -0.432101
0.577582 0.014376 -0.816206
0.892699 0.127975 -0.432101
0.828300 0.375971 -0.415410
0.577582 0.014376 -0.816206
0.577582 0.014376 -0.816206
0.828300 0.375971 -0.415410
0.811342 -0.126111 -0.570806
-0.988269 -0.139584 -0.061981
-0.987543 -0.046158 -0.150428
-0.979419 -0.175676 -0.099378
-0.987543 -0.046158 -0.150428
-0.985833 -0.008567 -0.167514
-0.979419 -0.175676 -0.099378
-0.979419 -0.175676 -0.099378
-0.985833 -0.008567 -0.167514
-0.940949 -0.243182 -0.235536
-0.940949 -0.243182 -0.235536
-0.985833 -0.008567 -0.167514
-0.860579 0.295278 -0.414988
-0.985833 -0.008567 -0.167514
-0.650071 0.336645 -0.681232
-0.860579 0.295278 -0.414988
-0.860579 0.295278 -0.414988
-0.650071 0.336645 -0.681232
-0.495631 0.060874 -0.866398
-0.650071 0.336645 -0.681232
-0.468255 0.011237 -0.883522
-0.495631 0.060874 -0.866398
-0.468255 0.011237 -0.883522
-0.038401 -0.569151 -0.821335
-0.495631 0.060874 -0.866398
-0.495631 0.060874 -0.866398
-0.038401 -0.569151 -0.821335
0.008798 0.245900 -0.969255
-0.038401 -0.569151 -0.821335
0.577582 0.014376 -0.816206
0.008798 0.245900 -0.969255
0.577582 0.014376 -0.816206
0.490171 -0.231828 -0.840231
0.008798 0.245900 -0.969255
0.490171 -0.231828 -0.840231
-0.001346 -0.403071 -0.915168
0.008798 0.245900 -0.969255
0.008798 0.245900 -0.969255
-0.001346 -0.403071 -0.915168
-0.490280 -0.236947 -0.838738
-0.001346 -0.403071 -0.915168
-0.480224 -0.815603 -0.322764
-0.490280 -0.236947 -0.838738
-0.480224 -0.815603 -0.322764
-0.795392 -0.484819 -0.363734
-0.490280 -0.236947 -0.838738
-0.490280 -0.236947 -0.838738
-0.795392 -0.484819 -0.363734
-0.855427 -0.169453 -0.489419
-0.855427 -0.169453 -0.489419
-0.795392 -0.484819 -0.363734
-0.894388 -0.327221 -0.304953
-0.795392 -0.484819 -0.363734
-0.829113 -0.536176 -0.158391
-0.894388 -0.327221 -0.304953
-0.609337 -0.762321 0.218120
-0.964750 -0.263129 -0.004582
-0.790281 -0.569577 -0.225915
-0.790281 -0.569577 -0.225915
-0.964750 -0.263129 -0.004582
-0.912094 -0.409980 0.000453
-0.964750 -0.263129 -0.004582
-0.970971 -0.237773 -0.026052
-0.912094 -0.409980 0.000453
-0.912094 -0.409980 0.000453
-0.970971 -0.237773 -0.026052
-0.979419 -0.175676 -0.099378
-0.979419 -0.175676 -0.099378
-0.970971 -0.237773 -0.026052
-0.988269 -0.139584 -0.061981
-0.970971 -0.237773 -0.026052
-0.964750 -0.263129 -0.004582
-0.988269 -0.139584 -0.061981
-0.988269 -0.139584 -0.061981
-0.964750 -0.263129 -0.004582
-0.994259 -0.106605 -0.009154
-0.003267 -0.983243 -0.182271
-0.313364 -0.947641 0.061482
-0.003449 0.151582 -0.988439
-0.313364 -0.947641 0.061482
-0.945784 -0.170456 -0.276472
-0.003449 0.151582 -0.988439
-0.003449 0.151582 -0.988439
-0.945784 -0.170456 -0.276472
-0.005578 0.960865 0.276960
-0.005578 0.960865 0.276960
-0.945784 -0.170456 -0.276472
-0.009027 -0.106098 0.994315
-0.945784 -0.170456 -0.276472
-0.313364 -0.947641 0.061482
-0.009027 -0.106098 0.994315
-0.313364 -0.947641 0.061482
-0.003267 -0.983243 -0.182271
-0.009027 -0.106098 0.994315
-0.009027 -0.106098 0.994315
-0.003267 -0.983243 -0.182271
0.292382 -0.954585 0.057267
-0.003267 -0.983243 -0.182271
-0.003449 0.151582 -0.988439
0.292382 -0.954585 0.057267
0.292382 -0.954585 0.057267
-0.003449 0.151582 -0.988439
0.948029 -0.174346 -0.266167
-0.003449 0.151582 -0.988439
-0.005578 0.960865 0.276960
0.948029 -0.174346 -0.266167
-0.005578 0.960865 0.276960
-0.009027 -0.106098 0.994315
0.948029 -0.174346 -0.266167
0.948029 -0.174346 -0.266167
-0.009027 -0.106098 0.994315
0.292382 -0.954585 0.057267
0.809124 0.418968 -0.412049
0.446086 0.745270 -0.495560
0.888723 0.421741 -0.179737
0.446086 0.745270 -0.495560
0.565862 0.787709 -0.243547
0.888723 0.421741 -0.179737
0.565862 0.787709 -0.243547
0.993760 0.111387 0.005774
0.888723 0.421741 -0.179737
0.888723 0.421741 -0.179737
0.993760 0.111387 0.005774
0.845416 0.509229 0.161112
0.845416 0.509229 0.161112
0.993760 0.111387 0.005774
0.968353 -0.249575 -0.002349
0.993760 0.111387 0.005774
0.970886 -0.239206 -0.012665
0.968353 -0.249575 -0.002349
0.968353 -0.249575 -0.002349
0.970886 -0.239206 -0.012665
0.967090 -0.252131 -0.034145
0.970886 -0.239206 -0.012665
0.915917 -0.401236 -0.010294
0.967090 -0.252131 -0.034145
0.915917 -0.401236 -0.010294
0.977355 -0.185523 -0.101772
0.967090 -0.252131 -0.034145
0.967090 -0.252131 -0.034145
0.977355 -0.185523 -0.101772
0.968353 -0.249575 -0.002349
0.977355 -0.185523 -0.101772
0.952093 -0.267437 -0.148314
0.968353 -0.249575 -0.002349
0.952093 -0.267437 -0.148314
0.420961 -0.475341 0.772556
0.968353 -0.249575 -0.002349
0.968353 -0.249575 -0.002349
0.420961 -0.475341 0.772556
0.845416 0.509229 0.161112
0.420961 -0.475341 0.772556
0.731990 0.313033 0.605145
0.845416 0.509229 0.161112
0.845416 0.509229 0.161112
0.731990 0.313033 0.605145
0.713225 0.625235 -0.316845
0.731990 0.313033 0.605145
0.420961 -0.475341 0.772556
0.713225 0.625235 -0.316845
0.713225 0.625235 -0.316845
0.420961 -0.475341 0.772556
0.642024 0.211856 -0.736833
0.420961 -0.475341 0.772556
0.952093 -0.267437 -0.148314
0.642024 0.211856 -0.736833
</float_array>
          <technique_common>
            <accessor source="#DrawCall_0049-lib-Normal0-array" count="894" stride="3">
              <param name="X" type="float"/>
              <param name="Y" type="float"/>
              <param name="Z" type="float"/>
            </accessor>
          </technique_common>
        </source>
        <source id="DrawCall_0049-lib-UV0">
          <float_array id="DrawCall_0049-lib-UV0-array" count="352">
0.635542 0.529013
0.633603 0.574220
0.585130 0.545534
0.634896 0.600935
0.572185 0.591335
0.618859 0.468355
0.635542 0.462283
0.578334 0.537824
0.561436 0.550900
0.600257 0.476126
0.616934 0.403420
0.635542 0.397653
0.580723 0.435526
0.577215 0.406973
0.635542 0.366315
0.583549 0.365654
0.502854 0.239500
0.635542 0.240812
0.506299 0.360102
0.613680 0.634716
0.632850 0.631071
0.605325 0.655485
0.635542 0.648888
0.524040 0.697079
0.554739 0.620818
0.578150 0.589844
0.599079 0.667972
0.631503 0.668969
0.595285 0.675920
0.592957 0.775886
0.545693 0.781346
0.593371 0.713616
0.632176 0.678269
0.631503 0.718526
0.635542 0.779259
0.571114 0.829258
0.465871 0.784577
0.440724 0.821751
0.635542 0.846310
0.636634 0.834819
0.637813 0.883573
0.415168 0.860422
0.392054 0.900464
0.641261 0.939610
0.481297 0.668986
0.439542 0.682807
0.351539 0.685261
0.390558 0.766915
0.290759 0.723444
0.273532 0.754915
0.266504 0.623125
0.303418 0.887349
0.311865 0.977615
0.397931 0.982301
0.102171 0.603841
0.139268 0.605224
0.133106 0.710025
0.483677 0.526578
0.414026 0.525188
0.348300 0.532941
0.413815 0.424983
0.343777 0.430365
0.530455 0.440020
0.529504 0.397790
0.473491 0.420783
0.353175 0.279150
0.465562 0.372345
0.253016 0.402128
0.268977 0.516767
0.096736 0.482552
0.146590 0.390045
0.049250 0.482065
0.049569 0.623819
0.005137 0.634042
0.005977 0.487494
0.077065 0.944121
0.006817 0.817819
0.059791 0.825383
0.005137 0.932989
0.004297 0.697421
0.058298 0.694503
0.166064 0.847374
0.204338 0.593899
0.228077 0.413964
0.160380 0.409932
0.144555 0.529915
0.631503 0.668969
0.599079 0.667972
0.632850 0.627560
0.524040 0.697079
0.632176 0.691885
0.631503 0.666693
0.164519 0.968920
0.642857 0.986285
0.177126 0.294680
0.674421 0.553637
0.690348 0.591783
0.671274 0.533350
0.652225 0.468355
0.716110 0.556716
0.670826 0.476126
0.654150 0.403420
0.693869 0.406973
0.690361 0.435526
0.687534 0.365654
0.768230 0.239500
0.764785 0.360102
0.665759 0.655485
0.656057 0.634716
0.734928 0.702464
0.713759 0.625988
0.663927 0.667972
0.667514 0.675402
0.671655 0.716982
0.725390 0.781346
0.678126 0.775886
0.804121 0.785669
0.696693 0.828166
0.830359 0.821751
0.860458 0.860422
0.389834 0.901396
0.412171 0.861437
0.784402 0.700620
0.787406 0.526578
0.831541 0.682807
0.976977 0.706691
0.885871 0.761930
0.912650 0.679717
0.983998 0.755503
0.993058 0.627329
0.303400 0.889721
0.273341 0.756519
0.313271 0.976348
0.401003 0.983401
0.127169 0.711852
0.133565 0.604434
0.100457 0.607633
0.276267 0.756416
0.264730 0.612164
0.857269 0.424983
0.906366 0.521683
0.857058 0.525188
0.897027 0.438513
0.741579 0.397790
0.738444 0.440020
0.797592 0.420783
0.899793 0.300631
0.805522 0.372345
0.996605 0.435448
0.995502 0.530389
0.094888 0.477435
0.150854 0.384291
0.048807 0.625270
0.052518 0.482165
0.006331 0.633684
0.005859 0.487544
0.060519 0.825461
0.006355 0.808186
0.070933 0.945288
0.008601 0.939423
0.004959 0.696905
0.053676 0.700229
0.161568 0.844395
0.303032 0.886303
0.266640 0.508994
0.204762 0.590867
0.224663 0.412681
0.276237 0.417850
0.156345 0.406385
0.145012 0.532072
0.663927 0.667972
0.734928 0.702464
0.163116 0.972077
0.311834 0.981095
0.180499 0.283412
0.997448 0.304407
</float_array>
          <technique_common>
            <accessor source="#DrawCall_0049-lib-UV0-array" count="176" stride="2">
              <param name="S" type="float"/>
              <param name="T" type="float"/>
            </accessor>
          </technique_common>
        </source>
        <source id="DrawCall_0049-lib-UV1">
          <float_array id="DrawCall_0049-lib-UV1-array" count="352">
0.000000 1.000000
0.000000 1.000000
0.000000 1.000000
0.000000 1.000000
0.000000 1.000000
0.000000 1.000000
0.000000 1.000000
0.000000 1.000000
0.000000 1.000000
0.000000 1.000000
0.000000 1.000000
0.000000 1.000000
0.000000 1.000000
0.000000 1.000000
0.000000 1.000000
0.000000 1.000000
0.000000 1.000000
0.000000 1.000000
0.000000 1.000000
0.000000 1.000000
0.000000 1.000000
0.000000 1.000000
0.000000 1.000000
0.000000 1.000000
0.000000 1.000000
0.000000 1.000000
0.000000 1.000000
0.000000 1.000000
0.000000 1.000000
0.000000 1.000000
0.000000 1.000000
0.000000 1.000000
0.000000 1.000000
0.000000 1.000000
0.000000 1.000000
0.000000 1.000000
0.000000 1.000000
0.000000 1.000000
0.000000 1.000000
0.000000 1.000000
0.000000 1.000000
0.000000 1.000000
0.000000 1.000000
0.000000 1.000000
0.000000 1.000000
0.000000 1.000000
0.000000 1.000000
0.000000 1.000000
0.000000 1.000000
0.000000 1.000000
0.000000 1.000000
0.000000 1.000000
0.000000 1.000000
0.000000 1.000000
0.000000 1.000000
0.000000 1.000000
0.000000 1.000000
0.000000 1.000000
0.000000 1.000000
0.000000 1.000000
0.000000 1.000000
0.000000 1.000000
0.000000 1.000000
0.000000 1.000000
0.000000 1.000000
0.000000 1.000000
0.000000 1.000000
0.000000 1.000000
0.000000 1.000000
0.000000 1.000000
0.000000 1.000000
0.000000 1.000000
0.000000 1.000000
0.000000 1.000000
0.000000 1.000000
0.000000 1.000000
0.000000 1.000000
0.000000 1.000000
0.000000 1.000000
0.000000 1.000000
0.000000 1.000000
0.000000 1.000000
0.000000 1.000000
0.000000 1.000000
0.000000 1.000000
0.000000 1.000000
0.000000 1.000000
0.000000 1.000000
0.000000 1.000000
0.000000 1.000000
0.000000 1.000000
0.000000 1.000000
0.000000 1.000000
0.000000 1.000000
0.000000 1.000000
0.000000 1.000000
0.000000 1.000000
0.000000 1.000000
0.000000 1.000000
0.000000 1.000000
0.000000 1.000000
0.000000 1.000000
0.000000 1.000000
0.000000 1.000000
0.000000 1.000000
0.000000 1.000000
0.000000 1.000000
0.000000 1.000000
0.000000 1.000000
0.000000 1.000000
0.000000 1.000000
0.000000 1.000000
0.000000 1.000000
0.000000 1.000000
0.000000 1.000000
0.000000 1.000000
0.000000 1.000000
0.000000 1.000000
0.000000 1.000000
0.000000 1.000000
0.000000 1.000000
0.000000 1.000000
0.000000 1.000000
0.000000 1.000000
0.000000 1.000000
0.000000 1.000000
0.000000 1.000000
0.000000 1.000000
0.000000 1.000000
0.000000 1.000000
0.000000 1.000000
0.000000 1.000000
0.000000 1.000000
0.000000 1.000000
0.000000 1.000000
0.000000 1.000000
0.000000 1.000000
0.000000 1.000000
0.000000 1.000000
0.000000 1.000000
0.000000 1.000000
0.000000 1.000000
0.000000 1.000000
0.000000 1.000000
0.000000 1.000000
0.000000 1.000000
0.000000 1.000000
0.000000 1.000000
0.000000 1.000000
0.000000 1.000000
0.000000 1.000000
0.000000 1.000000
0.000000 1.000000
0.000000 1.000000
0.000000 1.000000
0.000000 1.000000
0.000000 1.000000
0.000000 1.000000
0.000000 1.000000
0.000000 1.000000
0.000000 1.000000
0.000000 1.000000
0.000000 1.000000
0.000000 1.000000
0.000000 1.000000
0.000000 1.000000
0.000000 1.000000
0.000000 1.000000
0.000000 1.000000
0.000000 1.000000
0.000000 1.000000
0.000000 1.000000
0.000000 1.000000
0.000000 1.000000
0.000000 1.000000
0.000000 1.000000
</float_array>
          <technique_common>
            <accessor source="#DrawCall_0049-lib-UV1-array" count="176" stride="2">
              <param name="S" type="float"/>
              <param name="T" type="float"/>
            </accessor>
          </technique_common>
        </source>
        <source id="DrawCall_0049-lib-UV2">
          <float_array id="DrawCall_0049-lib-UV2-array" count="352">
0.000000 1.000000
0.000000 1.000000
0.000000 1.000000
0.000000 1.000000
0.000000 1.000000
0.000000 1.000000
0.000000 1.000000
0.000000 1.000000
0.000000 1.000000
0.000000 1.000000
0.000000 1.000000
0.000000 1.000000
0.000000 1.000000
0.000000 1.000000
0.000000 1.000000
0.000000 1.000000
0.000000 1.000000
0.000000 1.000000
0.000000 1.000000
0.000000 1.000000
0.000000 1.000000
0.000000 1.000000
0.000000 1.000000
0.000000 1.000000
0.000000 1.000000
0.000000 1.000000
0.000000 1.000000
0.000000 1.000000
0.000000 1.000000
0.000000 1.000000
0.000000 1.000000
0.000000 1.000000
0.000000 1.000000
0.000000 1.000000
0.000000 1.000000
0.000000 1.000000
0.000000 1.000000
0.000000 1.000000
0.000000 1.000000
0.000000 1.000000
0.000000 1.000000
0.000000 1.000000
0.000000 1.000000
0.000000 1.000000
0.000000 1.000000
0.000000 1.000000
0.000000 1.000000
0.000000 1.000000
0.000000 1.000000
0.000000 1.000000
0.000000 1.000000
0.000000 1.000000
0.000000 1.000000
0.000000 1.000000
0.000000 1.000000
0.000000 1.000000
0.000000 1.000000
0.000000 1.000000
0.000000 1.000000
0.000000 1.000000
0.000000 1.000000
0.000000 1.000000
0.000000 1.000000
0.000000 1.000000
0.000000 1.000000
0.000000 1.000000
0.000000 1.000000
0.000000 1.000000
0.000000 1.000000
0.000000 1.000000
0.000000 1.000000
0.000000 1.000000
0.000000 1.000000
0.000000 1.000000
0.000000 1.000000
0.000000 1.000000
0.000000 1.000000
0.000000 1.000000
0.000000 1.000000
0.000000 1.000000
0.000000 1.000000
0.000000 1.000000
0.000000 1.000000
0.000000 1.000000
0.000000 1.000000
0.000000 1.000000
0.000000 1.000000
0.000000 1.000000
0.000000 1.000000
0.000000 1.000000
0.000000 1.000000
0.000000 1.000000
0.000000 1.000000
0.000000 1.000000
0.000000 1.000000
0.000000 1.000000
0.000000 1.000000
0.000000 1.000000
0.000000 1.000000
0.000000 1.000000
0.000000 1.000000
0.000000 1.000000
0.000000 1.000000
0.000000 1.000000
0.000000 1.000000
0.000000 1.000000
0.000000 1.000000
0.000000 1.000000
0.000000 1.000000
0.000000 1.000000
0.000000 1.000000
0.000000 1.000000
0.000000 1.000000
0.000000 1.000000
0.000000 1.000000
0.000000 1.000000
0.000000 1.000000
0.000000 1.000000
0.000000 1.000000
0.000000 1.000000
0.000000 1.000000
0.000000 1.000000
0.000000 1.000000
0.000000 1.000000
0.000000 1.000000
0.000000 1.000000
0.000000 1.000000
0.000000 1.000000
0.000000 1.000000
0.000000 1.000000
0.000000 1.000000
0.000000 1.000000
0.000000 1.000000
0.000000 1.000000
0.000000 1.000000
0.000000 1.000000
0.000000 1.000000
0.000000 1.000000
0.000000 1.000000
0.000000 1.000000
0.000000 1.000000
0.000000 1.000000
0.000000 1.000000
0.000000 1.000000
0.000000 1.000000
0.000000 1.000000
0.000000 1.000000
0.000000 1.000000
0.000000 1.000000
0.000000 1.000000
0.000000 1.000000
0.000000 1.000000
0.000000 1.000000
0.000000 1.000000
0.000000 1.000000
0.000000 1.000000
0.000000 1.000000
0.000000 1.000000
0.000000 1.000000
0.000000 1.000000
0.000000 1.000000
0.000000 1.000000
0.000000 1.000000
0.000000 1.000000
0.000000 1.000000
0.000000 1.000000
0.000000 1.000000
0.000000 1.000000
0.000000 1.000000
0.000000 1.000000
0.000000 1.000000
0.000000 1.000000
0.000000 1.000000
0.000000 1.000000
0.000000 1.000000
0.000000 1.000000
</float_array>
          <technique_common>
            <accessor source="#DrawCall_0049-lib-UV2-array" count="176" stride="2">
              <param name="S" type="float"/>
              <param name="T" type="float"/>
            </accessor>
          </technique_common>
        </source>
        <source id="DrawCall_0049-lib-UV3">
          <float_array id="DrawCall_0049-lib-UV3-array" count="352">
0.000000 1.000000
0.000000 1.000000
0.000000 1.000000
0.000000 1.000000
0.000000 1.000000
0.000000 1.000000
0.000000 1.000000
0.000000 1.000000
0.000000 1.000000
0.000000 1.000000
0.000000 1.000000
0.000000 1.000000
0.000000 1.000000
0.000000 1.000000
0.000000 1.000000
0.000000 1.000000
0.000000 1.000000
0.000000 1.000000
0.000000 1.000000
0.000000 1.000000
0.000000 1.000000
0.000000 1.000000
0.000000 1.000000
0.000000 1.000000
0.000000 1.000000
0.000000 1.000000
0.000000 1.000000
0.000000 1.000000
0.000000 1.000000
0.000000 1.000000
0.000000 1.000000
0.000000 1.000000
0.000000 1.000000
0.000000 1.000000
0.000000 1.000000
0.000000 1.000000
0.000000 1.000000
0.000000 1.000000
0.000000 1.000000
0.000000 1.000000
0.000000 1.000000
0.000000 1.000000
0.000000 1.000000
0.000000 1.000000
0.000000 1.000000
0.000000 1.000000
0.000000 1.000000
0.000000 1.000000
0.000000 1.000000
0.000000 1.000000
0.000000 1.000000
0.000000 1.000000
0.000000 1.000000
0.000000 1.000000
0.000000 1.000000
0.000000 1.000000
0.000000 1.000000
0.000000 1.000000
0.000000 1.000000
0.000000 1.000000
0.000000 1.000000
0.000000 1.000000
0.000000 1.000000
0.000000 1.000000
0.000000 1.000000
0.000000 1.000000
0.000000 1.000000
0.000000 1.000000
0.000000 1.000000
0.000000 1.000000
0.000000 1.000000
0.000000 1.000000
0.000000 1.000000
0.000000 1.000000
0.000000 1.000000
0.000000 1.000000
0.000000 1.000000
0.000000 1.000000
0.000000 1.000000
0.000000 1.000000
0.000000 1.000000
0.000000 1.000000
0.000000 1.000000
0.000000 1.000000
0.000000 1.000000
0.000000 1.000000
0.000000 1.000000
0.000000 1.000000
0.000000 1.000000
0.000000 1.000000
0.000000 1.000000
0.000000 1.000000
0.000000 1.000000
0.000000 1.000000
0.000000 1.000000
0.000000 1.000000
0.000000 1.000000
0.000000 1.000000
0.000000 1.000000
0.000000 1.000000
0.000000 1.000000
0.000000 1.000000
0.000000 1.000000
0.000000 1.000000
0.000000 1.000000
0.000000 1.000000
0.000000 1.000000
0.000000 1.000000
0.000000 1.000000
0.000000 1.000000
0.000000 1.000000
0.000000 1.000000
0.000000 1.000000
0.000000 1.000000
0.000000 1.000000
0.000000 1.000000
0.000000 1.000000
0.000000 1.000000
0.000000 1.000000
0.000000 1.000000
0.000000 1.000000
0.000000 1.000000
0.000000 1.000000
0.000000 1.000000
0.000000 1.000000
0.000000 1.000000
0.000000 1.000000
0.000000 1.000000
0.000000 1.000000
0.000000 1.000000
0.000000 1.000000
0.000000 1.000000
0.000000 1.000000
0.000000 1.000000
0.000000 1.000000
0.000000 1.000000
0.000000 1.000000
0.000000 1.000000
0.000000 1.000000
0.000000 1.000000
0.000000 1.000000
0.000000 1.000000
0.000000 1.000000
0.000000 1.000000
0.000000 1.000000
0.000000 1.000000
0.000000 1.000000
0.000000 1.000000
0.000000 1.000000
0.000000 1.000000
0.000000 1.000000
0.000000 1.000000
0.000000 1.000000
0.000000 1.000000
0.000000 1.000000
0.000000 1.000000
0.000000 1.000000
0.000000 1.000000
0.000000 1.000000
0.000000 1.000000
0.000000 1.000000
0.000000 1.000000
0.000000 1.000000
0.000000 1.000000
0.000000 1.000000
0.000000 1.000000
0.000000 1.000000
0.000000 1.000000
0.000000 1.000000
0.000000 1.000000
0.000000 1.000000
0.000000 1.000000
0.000000 1.000000
0.000000 1.000000
0.000000 1.000000
0.000000 1.000000
</float_array>
          <technique_common>
            <accessor source="#DrawCall_0049-lib-UV3-array" count="176" stride="2">
              <param name="S" type="float"/>
              <param name="T" type="float"/>
            </accessor>
          </technique_common>
        </source>
        <source id="DrawCall_0049-lib-UV4">
          <float_array id="DrawCall_0049-lib-UV4-array" count="352">
0.000000 1.000000
0.000000 1.000000
0.000000 1.000000
0.000000 1.000000
0.000000 1.000000
0.000000 1.000000
0.000000 1.000000
0.000000 1.000000
0.000000 1.000000
0.000000 1.000000
0.000000 1.000000
0.000000 1.000000
0.000000 1.000000
0.000000 1.000000
0.000000 1.000000
0.000000 1.000000
0.000000 1.000000
0.000000 1.000000
0.000000 1.000000
0.000000 1.000000
0.000000 1.000000
0.000000 1.000000
0.000000 1.000000
0.000000 1.000000
0.000000 1.000000
0.000000 1.000000
0.000000 1.000000
0.000000 1.000000
0.000000 1.000000
0.000000 1.000000
0.000000 1.000000
0.000000 1.000000
0.000000 1.000000
0.000000 1.000000
0.000000 1.000000
0.000000 1.000000
0.000000 1.000000
0.000000 1.000000
0.000000 1.000000
0.000000 1.000000
0.000000 1.000000
0.000000 1.000000
0.000000 1.000000
0.000000 1.000000
0.000000 1.000000
0.000000 1.000000
0.000000 1.000000
0.000000 1.000000
0.000000 1.000000
0.000000 1.000000
0.000000 1.000000
0.000000 1.000000
0.000000 1.000000
0.000000 1.000000
0.000000 1.000000
0.000000 1.000000
0.000000 1.000000
0.000000 1.000000
0.000000 1.000000
0.000000 1.000000
0.000000 1.000000
0.000000 1.000000
0.000000 1.000000
0.000000 1.000000
0.000000 1.000000
0.000000 1.000000
0.000000 1.000000
0.000000 1.000000
0.000000 1.000000
0.000000 1.000000
0.000000 1.000000
0.000000 1.000000
0.000000 1.000000
0.000000 1.000000
0.000000 1.000000
0.000000 1.000000
0.000000 1.000000
0.000000 1.000000
0.000000 1.000000
0.000000 1.000000
0.000000 1.000000
0.000000 1.000000
0.000000 1.000000
0.000000 1.000000
0.000000 1.000000
0.000000 1.000000
0.000000 1.000000
0.000000 1.000000
0.000000 1.000000
0.000000 1.000000
0.000000 1.000000
0.000000 1.000000
0.000000 1.000000
0.000000 1.000000
0.000000 1.000000
0.000000 1.000000
0.000000 1.000000
0.000000 1.000000
0.000000 1.000000
0.000000 1.000000
0.000000 1.000000
0.000000 1.000000
0.000000 1.000000
0.000000 1.000000
0.000000 1.000000
0.000000 1.000000
0.000000 1.000000
0.000000 1.000000
0.000000 1.000000
0.000000 1.000000
0.000000 1.000000
0.000000 1.000000
0.000000 1.000000
0.000000 1.000000
0.000000 1.000000
0.000000 1.000000
0.000000 1.000000
0.000000 1.000000
0.000000 1.000000
0.000000 1.000000
0.000000 1.000000
0.000000 1.000000
0.000000 1.000000
0.000000 1.000000
0.000000 1.000000
0.000000 1.000000
0.000000 1.000000
0.000000 1.000000
0.000000 1.000000
0.000000 1.000000
0.000000 1.000000
0.000000 1.000000
0.000000 1.000000
0.000000 1.000000
0.000000 1.000000
0.000000 1.000000
0.000000 1.000000
0.000000 1.000000
0.000000 1.000000
0.000000 1.000000
0.000000 1.000000
0.000000 1.000000
0.000000 1.000000
0.000000 1.000000
0.000000 1.000000
0.000000 1.000000
0.000000 1.000000
0.000000 1.000000
0.000000 1.000000
0.000000 1.000000
0.000000 1.000000
0.000000 1.000000
0.000000 1.000000
0.000000 1.000000
0.000000 1.000000
0.000000 1.000000
0.000000 1.000000
0.000000 1.000000
0.000000 1.000000
0.000000 1.000000
0.000000 1.000000
0.000000 1.000000
0.000000 1.000000
0.000000 1.000000
0.000000 1.000000
0.000000 1.000000
0.000000 1.000000
0.000000 1.000000
0.000000 1.000000
0.000000 1.000000
0.000000 1.000000
0.000000 1.000000
0.000000 1.000000
0.000000 1.000000
0.000000 1.000000
0.000000 1.000000
</float_array>
          <technique_common>
            <accessor source="#DrawCall_0049-lib-UV4-array" count="176" stride="2">
              <param name="S" type="float"/>
              <param name="T" type="float"/>
            </accessor>
          </technique_common>
        </source>
        <source id="DrawCall_0049-lib-UV5">
          <float_array id="DrawCall_0049-lib-UV5-array" count="352">
0.000000 1.000000
0.000000 1.000000
0.000000 1.000000
0.000000 1.000000
0.000000 1.000000
0.000000 1.000000
0.000000 1.000000
0.000000 1.000000
0.000000 1.000000
0.000000 1.000000
0.000000 1.000000
0.000000 1.000000
0.000000 1.000000
0.000000 1.000000
0.000000 1.000000
0.000000 1.000000
0.000000 1.000000
0.000000 1.000000
0.000000 1.000000
0.000000 1.000000
0.000000 1.000000
0.000000 1.000000
0.000000 1.000000
0.000000 1.000000
0.000000 1.000000
0.000000 1.000000
0.000000 1.000000
0.000000 1.000000
0.000000 1.000000
0.000000 1.000000
0.000000 1.000000
0.000000 1.000000
0.000000 1.000000
0.000000 1.000000
0.000000 1.000000
0.000000 1.000000
0.000000 1.000000
0.000000 1.000000
0.000000 1.000000
0.000000 1.000000
0.000000 1.000000
0.000000 1.000000
0.000000 1.000000
0.000000 1.000000
0.000000 1.000000
0.000000 1.000000
0.000000 1.000000
0.000000 1.000000
0.000000 1.000000
0.000000 1.000000
0.000000 1.000000
0.000000 1.000000
0.000000 1.000000
0.000000 1.000000
0.000000 1.000000
0.000000 1.000000
0.000000 1.000000
0.000000 1.000000
0.000000 1.000000
0.000000 1.000000
0.000000 1.000000
0.000000 1.000000
0.000000 1.000000
0.000000 1.000000
0.000000 1.000000
0.000000 1.000000
0.000000 1.000000
0.000000 1.000000
0.000000 1.000000
0.000000 1.000000
0.000000 1.000000
0.000000 1.000000
0.000000 1.000000
0.000000 1.000000
0.000000 1.000000
0.000000 1.000000
0.000000 1.000000
0.000000 1.000000
0.000000 1.000000
0.000000 1.000000
0.000000 1.000000
0.000000 1.000000
0.000000 1.000000
0.000000 1.000000
0.000000 1.000000
0.000000 1.000000
0.000000 1.000000
0.000000 1.000000
0.000000 1.000000
0.000000 1.000000
0.000000 1.000000
0.000000 1.000000
0.000000 1.000000
0.000000 1.000000
0.000000 1.000000
0.000000 1.000000
0.000000 1.000000
0.000000 1.000000
0.000000 1.000000
0.000000 1.000000
0.000000 1.000000
0.000000 1.000000
0.000000 1.000000
0.000000 1.000000
0.000000 1.000000
0.000000 1.000000
0.000000 1.000000
0.000000 1.000000
0.000000 1.000000
0.000000 1.000000
0.000000 1.000000
0.000000 1.000000
0.000000 1.000000
0.000000 1.000000
0.000000 1.000000
0.000000 1.000000
0.000000 1.000000
0.000000 1.000000
0.000000 1.000000
0.000000 1.000000
0.000000 1.000000
0.000000 1.000000
0.000000 1.000000
0.000000 1.000000
0.000000 1.000000
0.000000 1.000000
0.000000 1.000000
0.000000 1.000000
0.000000 1.000000
0.000000 1.000000
0.000000 1.000000
0.000000 1.000000
0.000000 1.000000
0.000000 1.000000
0.000000 1.000000
0.000000 1.000000
0.000000 1.000000
0.000000 1.000000
0.000000 1.000000
0.000000 1.000000
0.000000 1.000000
0.000000 1.000000
0.000000 1.000000
0.000000 1.000000
0.000000 1.000000
0.000000 1.000000
0.000000 1.000000
0.000000 1.000000
0.000000 1.000000
0.000000 1.000000
0.000000 1.000000
0.000000 1.000000
0.000000 1.000000
0.000000 1.000000
0.000000 1.000000
0.000000 1.000000
0.000000 1.000000
0.000000 1.000000
0.000000 1.000000
0.000000 1.000000
0.000000 1.000000
0.000000 1.000000
0.000000 1.000000
0.000000 1.000000
0.000000 1.000000
0.000000 1.000000
0.000000 1.000000
0.000000 1.000000
0.000000 1.000000
0.000000 1.000000
0.000000 1.000000
0.000000 1.000000
0.000000 1.000000
0.000000 1.000000
0.000000 1.000000
0.000000 1.000000
</float_array>
          <technique_common>
            <accessor source="#DrawCall_0049-lib-UV5-array" count="176" stride="2">
              <param name="S" type="float"/>
              <param name="T" type="float"/>
            </accessor>
          </technique_common>
        </source>
        <source id="DrawCall_0049-lib-UV6">
          <float_array id="DrawCall_0049-lib-UV6-array" count="352">
0.000000 1.000000
0.000000 1.000000
0.000000 1.000000
0.000000 1.000000
0.000000 1.000000
0.000000 1.000000
0.000000 1.000000
0.000000 1.000000
0.000000 1.000000
0.000000 1.000000
0.000000 1.000000
0.000000 1.000000
0.000000 1.000000
0.000000 1.000000
0.000000 1.000000
0.000000 1.000000
0.000000 1.000000
0.000000 1.000000
0.000000 1.000000
0.000000 1.000000
0.000000 1.000000
0.000000 1.000000
0.000000 1.000000
0.000000 1.000000
0.000000 1.000000
0.000000 1.000000
0.000000 1.000000
0.000000 1.000000
0.000000 1.000000
0.000000 1.000000
0.000000 1.000000
0.000000 1.000000
0.000000 1.000000
0.000000 1.000000
0.000000 1.000000
0.000000 1.000000
0.000000 1.000000
0.000000 1.000000
0.000000 1.000000
0.000000 1.000000
0.000000 1.000000
0.000000 1.000000
0.000000 1.000000
0.000000 1.000000
0.000000 1.000000
0.000000 1.000000
0.000000 1.000000
0.000000 1.000000
0.000000 1.000000
0.000000 1.000000
0.000000 1.000000
0.000000 1.000000
0.000000 1.000000
0.000000 1.000000
0.000000 1.000000
0.000000 1.000000
0.000000 1.000000
0.000000 1.000000
0.000000 1.000000
0.000000 1.000000
0.000000 1.000000
0.000000 1.000000
0.000000 1.000000
0.000000 1.000000
0.000000 1.000000
0.000000 1.000000
0.000000 1.000000
0.000000 1.000000
0.000000 1.000000
0.000000 1.000000
0.000000 1.000000
0.000000 1.000000
0.000000 1.000000
0.000000 1.000000
0.000000 1.000000
0.000000 1.000000
0.000000 1.000000
0.000000 1.000000
0.000000 1.000000
0.000000 1.000000
0.000000 1.000000
0.000000 1.000000
0.000000 1.000000
0.000000 1.000000
0.000000 1.000000
0.000000 1.000000
0.000000 1.000000
0.000000 1.000000
0.000000 1.000000
0.000000 1.000000
0.000000 1.000000
0.000000 1.000000
0.000000 1.000000
0.000000 1.000000
0.000000 1.000000
0.000000 1.000000
0.000000 1.000000
0.000000 1.000000
0.000000 1.000000
0.000000 1.000000
0.000000 1.000000
0.000000 1.000000
0.000000 1.000000
0.000000 1.000000
0.000000 1.000000
0.000000 1.000000
0.000000 1.000000
0.000000 1.000000
0.000000 1.000000
0.000000 1.000000
0.000000 1.000000
0.000000 1.000000
0.000000 1.000000
0.000000 1.000000
0.000000 1.000000
0.000000 1.000000
0.000000 1.000000
0.000000 1.000000
0.000000 1.000000
0.000000 1.000000
0.000000 1.000000
0.000000 1.000000
0.000000 1.000000
0.000000 1.000000
0.000000 1.000000
0.000000 1.000000
0.000000 1.000000
0.000000 1.000000
0.000000 1.000000
0.000000 1.000000
0.000000 1.000000
0.000000 1.000000
0.000000 1.000000
0.000000 1.000000
0.000000 1.000000
0.000000 1.000000
0.000000 1.000000
0.000000 1.000000
0.000000 1.000000
0.000000 1.000000
0.000000 1.000000
0.000000 1.000000
0.000000 1.000000
0.000000 1.000000
0.000000 1.000000
0.000000 1.000000
0.000000 1.000000
0.000000 1.000000
0.000000 1.000000
0.000000 1.000000
0.000000 1.000000
0.000000 1.000000
0.000000 1.000000
0.000000 1.000000
0.000000 1.000000
0.000000 1.000000
0.000000 1.000000
0.000000 1.000000
0.000000 1.000000
0.000000 1.000000
0.000000 1.000000
0.000000 1.000000
0.000000 1.000000
0.000000 1.000000
0.000000 1.000000
0.000000 1.000000
0.000000 1.000000
0.000000 1.000000
0.000000 1.000000
0.000000 1.000000
0.000000 1.000000
0.000000 1.000000
0.000000 1.000000
0.000000 1.000000
0.000000 1.000000
0.000000 1.000000
</float_array>
          <technique_common>
            <accessor source="#DrawCall_0049-lib-UV6-array" count="176" stride="2">
              <param name="S" type="float"/>
              <param name="T" type="float"/>
            </accessor>
          </technique_common>
        </source>
        <source id="DrawCall_0049-lib-UV7">
          <float_array id="DrawCall_0049-lib-UV7-array" count="352">
0.000000 1.000000
0.000000 1.000000
0.000000 1.000000
0.000000 1.000000
0.000000 1.000000
0.000000 1.000000
0.000000 1.000000
0.000000 1.000000
0.000000 1.000000
0.000000 1.000000
0.000000 1.000000
0.000000 1.000000
0.000000 1.000000
0.000000 1.000000
0.000000 1.000000
0.000000 1.000000
0.000000 1.000000
0.000000 1.000000
0.000000 1.000000
0.000000 1.000000
0.000000 1.000000
0.000000 1.000000
0.000000 1.000000
0.000000 1.000000
0.000000 1.000000
0.000000 1.000000
0.000000 1.000000
0.000000 1.000000
0.000000 1.000000
0.000000 1.000000
0.000000 1.000000
0.000000 1.000000
0.000000 1.000000
0.000000 1.000000
0.000000 1.000000
0.000000 1.000000
0.000000 1.000000
0.000000 1.000000
0.000000 1.000000
0.000000 1.000000
0.000000 1.000000
0.000000 1.000000
0.000000 1.000000
0.000000 1.000000
0.000000 1.000000
0.000000 1.000000
0.000000 1.000000
0.000000 1.000000
0.000000 1.000000
0.000000 1.000000
0.000000 1.000000
0.000000 1.000000
0.000000 1.000000
0.000000 1.000000
0.000000 1.000000
0.000000 1.000000
0.000000 1.000000
0.000000 1.000000
0.000000 1.000000
0.000000 1.000000
0.000000 1.000000
0.000000 1.000000
0.000000 1.000000
0.000000 1.000000
0.000000 1.000000
0.000000 1.000000
0.000000 1.000000
0.000000 1.000000
0.000000 1.000000
0.000000 1.000000
0.000000 1.000000
0.000000 1.000000
0.000000 1.000000
0.000000 1.000000
0.000000 1.000000
0.000000 1.000000
0.000000 1.000000
0.000000 1.000000
0.000000 1.000000
0.000000 1.000000
0.000000 1.000000
0.000000 1.000000
0.000000 1.000000
0.000000 1.000000
0.000000 1.000000
0.000000 1.000000
0.000000 1.000000
0.000000 1.000000
0.000000 1.000000
0.000000 1.000000
0.000000 1.000000
0.000000 1.000000
0.000000 1.000000
0.000000 1.000000
0.000000 1.000000
0.000000 1.000000
0.000000 1.000000
0.000000 1.000000
0.000000 1.000000
0.000000 1.000000
0.000000 1.000000
0.000000 1.000000
0.000000 1.000000
0.000000 1.000000
0.000000 1.000000
0.000000 1.000000
0.000000 1.000000
0.000000 1.000000
0.000000 1.000000
0.000000 1.000000
0.000000 1.000000
0.000000 1.000000
0.000000 1.000000
0.000000 1.000000
0.000000 1.000000
0.000000 1.000000
0.000000 1.000000
0.000000 1.000000
0.000000 1.000000
0.000000 1.000000
0.000000 1.000000
0.000000 1.000000
0.000000 1.000000
0.000000 1.000000
0.000000 1.000000
0.000000 1.000000
0.000000 1.000000
0.000000 1.000000
0.000000 1.000000
0.000000 1.000000
0.000000 1.000000
0.000000 1.000000
0.000000 1.000000
0.000000 1.000000
0.000000 1.000000
0.000000 1.000000
0.000000 1.000000
0.000000 1.000000
0.000000 1.000000
0.000000 1.000000
0.000000 1.000000
0.000000 1.000000
0.000000 1.000000
0.000000 1.000000
0.000000 1.000000
0.000000 1.000000
0.000000 1.000000
0.000000 1.000000
0.000000 1.000000
0.000000 1.000000
0.000000 1.000000
0.000000 1.000000
0.000000 1.000000
0.000000 1.000000
0.000000 1.000000
0.000000 1.000000
0.000000 1.000000
0.000000 1.000000
0.000000 1.000000
0.000000 1.000000
0.000000 1.000000
0.000000 1.000000
0.000000 1.000000
0.000000 1.000000
0.000000 1.000000
0.000000 1.000000
0.000000 1.000000
0.000000 1.000000
0.000000 1.000000
0.000000 1.000000
0.000000 1.000000
0.000000 1.000000
0.000000 1.000000
0.000000 1.000000
0.000000 1.000000
0.000000 1.000000
</float_array>
          <technique_common>
            <accessor source="#DrawCall_0049-lib-UV7-array" count="176" stride="2">
              <param name="S" type="float"/>
              <param name="T" type="float"/>
            </accessor>
          </technique_common>
        </source>
        <vertices id="DrawCall_0049-lib-Vertex">
          <input semantic="POSITION" source="#DrawCall_0049-lib-Position"/>
        </vertices>
        <polygons material="Material__7459" count="298">
          <input semantic="VERTEX" offset="0" source="#DrawCall_0049-lib-Vertex"/>
          <input semantic="NORMAL" offset="1" source="#DrawCall_0049-lib-Normal0"/>
          <input semantic="TEXCOORD" offset="2" set="0" source="#DrawCall_0049-lib-UV0"/>
          <input semantic="TEXCOORD" offset="3" set="1" source="#DrawCall_0049-lib-UV1"/>
          <input semantic="TEXCOORD" offset="4" set="2" source="#DrawCall_0049-lib-UV2"/>
          <input semantic="TEXCOORD" offset="5" set="3" source="#DrawCall_0049-lib-UV3"/>
          <input semantic="TEXCOORD" offset="6" set="4" source="#DrawCall_0049-lib-UV4"/>
          <input semantic="TEXCOORD" offset="7" set="5" source="#DrawCall_0049-lib-UV5"/>
          <input semantic="TEXCOORD" offset="8" set="6" source="#DrawCall_0049-lib-UV6"/>
          <input semantic="TEXCOORD" offset="9" set="7" source="#DrawCall_0049-lib-UV7"/>
          <p>134 0 134 134 134 134 134 134 134 134 162 1 162 162 162 162 162 162 162 162 137 2 137 137 137 137 137 137 137 137</p>
          <p>162 3 162 162 162 162 162 162 162 162 163 4 163 163 163 163 163 163 163 163 137 5 137 137 137 137 137 137 137 137</p>
          <p>173 6 173 173 173 173 173 173 173 173 163 7 163 163 163 163 163 163 163 163 172 8 172 172 172 172 172 172 172 172</p>
          <p>163 9 163 163 163 163 163 163 163 163 162 10 162 162 162 162 162 162 162 162 172 11 172 172 172 172 172 172 172 172</p>
          <p>172 12 172 172 172 172 172 172 172 172 162 13 162 162 162 162 162 162 162 162 158 14 158 158 158 158 158 158 158 158</p>
          <p>158 15 158 158 158 158 158 158 158 158 162 16 162 162 162 162 162 162 162 162 156 17 156 156 156 156 156 156 156 156</p>
          <p>162 18 162 162 162 162 162 162 162 162 134 19 134 134 134 134 134 134 134 134 156 20 156 156 156 156 156 156 156 156</p>
          <p>156 21 156 156 156 156 156 156 156 156 134 22 134 134 134 134 134 134 134 134 161 23 161 161 161 161 161 161 161 161</p>
          <p>134 24 134 134 134 134 134 134 134 134 136 25 136 136 136 136 136 136 136 136 161 26 161 161 161 161 161 161 161 161</p>
          <p>161 27 161 161 161 161 161 161 161 161 136 28 136 136 136 136 136 136 136 136 152 29 152 152 152 152 152 152 152 152</p>
          <p>136 30 136 136 136 136 136 136 136 136 150 31 150 150 150 150 150 150 150 150 152 32 152 152 152 152 152 152 152 152</p>
          <p>152 33 152 152 152 152 152 152 152 152 150 34 150 150 150 150 150 150 150 150 153 35 153 153 153 153 153 153 153 153</p>
          <p>153 36 153 153 153 153 153 153 153 153 150 37 150 150 150 150 150 150 150 150 174 38 174 174 174 174 174 174 174 174</p>
          <p>150 39 150 150 150 150 150 150 150 150 151 40 151 151 151 151 151 151 151 151 174 41 174 174 174 174 174 174 174 174</p>
          <p>174 42 174 174 174 174 174 174 174 174 151 43 151 151 151 151 151 151 151 151 167 44 167 167 167 167 167 167 167 167</p>
          <p>151 45 151 151 151 151 151 151 151 151 166 46 166 166 166 166 166 166 166 166 167 47 167 167 167 167 167 167 167 167</p>
          <p>167 48 167 167 167 167 167 167 167 167 166 49 166 166 166 166 166 166 166 166 164 50 164 164 164 164 164 164 164 164</p>
          <p>166 51 166 166 166 166 166 166 166 166 165 52 165 165 165 165 165 165 165 165 164 53 164 164 164 164 164 164 164 164</p>
          <p>164 54 164 164 164 164 164 164 164 164 165 55 165 165 165 165 165 165 165 165 138 56 138 138 138 138 138 138 138 138</p>
          <p>165 57 165 165 165 165 165 165 165 165 135 58 135 135 135 135 135 135 135 135 138 59 138 138 138 138 138 138 138 138</p>
          <p>138 60 138 138 138 138 138 138 138 138 135 61 135 135 135 135 135 135 135 135 137 62 137 137 137 137 137 137 137 137</p>
          <p>137 63 137 137 137 137 137 137 137 137 135 64 135 135 135 135 135 135 135 135 134 65 134 134 134 134 134 134 134 134</p>
          <p>134 66 134 134 134 134 134 134 134 134 135 67 135 135 135 135 135 135 135 135 136 68 136 136 136 136 136 136 136 136</p>
          <p>136 69 136 136 136 136 136 136 136 136 135 70 135 135 135 135 135 135 135 135 150 71 150 150 150 150 150 150 150 150</p>
          <p>150 72 150 150 150 150 150 150 150 150 135 73 135 135 135 135 135 135 135 135 151 74 151 151 151 151 151 151 151 151</p>
          <p>151 75 151 151 151 151 151 151 151 151 135 76 135 135 135 135 135 135 135 135 169 77 169 169 169 169 169 169 169 169</p>
          <p>135 78 135 135 135 135 135 135 135 135 165 79 165 165 165 165 165 165 165 165 169 80 169 169 169 169 169 169 169 169</p>
          <p>165 81 165 165 165 165 165 165 165 165 166 82 166 166 166 166 166 166 166 166 169 83 169 169 169 169 169 169 169 169</p>
          <p>169 84 169 169 169 169 169 169 169 169 166 85 166 166 166 166 166 166 166 166 168 86 168 168 168 168 168 168 168 168</p>
          <p>166 87 166 166 166 166 166 166 166 166 151 88 151 151 151 151 151 151 151 151 168 89 168 168 168 168 168 168 168 168</p>
          <p>168 90 168 168 168 168 168 168 168 168 151 91 151 151 151 151 151 151 151 151 169 92 169 169 169 169 169 169 169 169</p>
          <p>155 93 155 155 155 155 155 155 155 155 154 94 154 154 154 154 154 154 154 154 153 95 153 153 153 153 153 153 153 153</p>
          <p>153 96 153 153 153 153 153 153 153 153 154 97 154 154 154 154 154 154 154 154 152 98 152 152 152 152 152 152 152 152</p>
          <p>154 99 154 154 154 154 154 154 154 154 160 100 160 160 160 160 160 160 160 160 152 101 152 152 152 152 152 152 152 152</p>
          <p>152 102 152 152 152 152 152 152 152 152 160 103 160 160 160 160 160 160 160 160 161 104 161 161 161 161 161 161 161 161</p>
          <p>160 105 160 160 160 160 160 160 160 160 157 106 157 157 157 157 157 157 157 157 161 107 161 161 161 161 161 161 161 161</p>
          <p>161 108 161 161 161 161 161 161 161 161 157 109 157 157 157 157 157 157 157 157 156 110 156 156 156 156 156 156 156 156</p>
          <p>156 111 156 156 156 156 156 156 156 156 157 112 157 157 157 157 157 157 157 157 158 113 158 158 158 158 158 158 158 158</p>
          <p>157 114 157 157 157 157 157 157 157 157 159 115 159 159 159 159 159 159 159 159 158 116 158 158 158 158 158 158 158 158</p>
          <p>145 117 145 145 145 145 145 145 145 145 141 118 141 141 141 141 141 141 141 141 123 119 123 123 123 123 123 123 123 123</p>
          <p>141 120 141 141 141 141 141 141 141 141 124 121 124 124 124 124 124 124 124 124 123 122 123 123 123 123 123 123 123 123</p>
          <p>38 123 38 38 38 38 38 38 38 38 117 124 117 117 117 117 117 117 117 117 118 125 118 118 118 118 118 118 118 118</p>
          <p>117 126 117 117 117 117 117 117 117 117 116 127 116 116 116 116 116 116 116 116 118 128 118 118 118 118 118 118 118 118</p>
          <p>116 129 116 116 116 116 116 116 116 116 126 130 126 126 126 126 126 126 126 126 118 131 118 118 118 118 118 118 118 118</p>
          <p>118 132 118 118 118 118 118 118 118 118 126 133 126 126 126 126 126 126 126 126 125 134 125 125 125 125 125 125 125 125</p>
          <p>125 135 125 125 125 125 125 125 125 125 126 136 126 126 126 126 126 126 126 126 127 137 127 127 127 127 127 127 127 127</p>
          <p>126 138 126 126 126 126 126 126 126 126 116 139 116 116 116 116 116 116 116 116 127 140 127 127 127 127 127 127 127 127</p>
          <p>116 141 116 116 116 116 116 116 116 116 124 142 124 124 124 124 124 124 124 124 127 143 127 127 127 127 127 127 127 127</p>
          <p>127 144 127 127 127 127 127 127 127 127 124 145 124 124 124 124 124 124 124 124 140 146 140 140 140 140 140 140 140 140</p>
          <p>124 147 124 124 124 124 124 124 124 124 141 148 141 141 141 141 141 141 141 141 140 149 140 140 140 140 140 140 140 140</p>
          <p>140 150 140 140 140 140 140 140 140 140 141 151 141 141 141 141 141 141 141 141 139 152 139 139 139 139 139 139 139 139</p>
          <p>141 153 141 141 141 141 141 141 141 141 145 154 145 145 145 145 145 145 145 145 139 155 139 139 139 139 139 139 139 139</p>
          <p>139 156 139 139 139 139 139 139 139 139 145 157 145 145 145 145 145 145 145 145 147 158 147 147 147 147 147 147 147 147</p>
          <p>147 159 147 147 147 147 147 147 147 147 145 160 145 145 145 145 145 145 145 145 106 161 106 106 106 106 106 106 106 106</p>
          <p>145 162 145 145 145 145 145 145 145 145 143 163 143 143 143 143 143 143 143 143 106 164 106 106 106 106 106 106 106 106</p>
          <p>106 165 106 106 106 106 106 106 106 106 143 166 143 143 143 143 143 143 143 143 104 167 104 104 104 104 104 104 104 104</p>
          <p>143 168 143 143 143 143 143 143 143 143 102 169 102 102 102 102 102 102 102 102 104 170 104 104 104 104 104 104 104 104</p>
          <p>104 171 104 104 104 104 104 104 104 104 102 172 102 102 102 102 102 102 102 102 101 173 101 101 101 101 101 101 101 101</p>
          <p>102 174 102 102 102 102 102 102 102 102 103 175 103 103 103 103 103 103 103 103 101 176 101 101 101 101 101 101 101 101</p>
          <p>101 177 101 101 101 101 101 101 101 101 103 178 103 103 103 103 103 103 103 103 100 179 100 100 100 100 100 100 100 100</p>
          <p>100 180 100 100 100 100 100 100 100 100 103 181 103 103 103 103 103 103 103 103 144 182 144 144 144 144 144 144 144 144</p>
          <p>103 183 103 103 103 103 103 103 103 103 102 184 102 102 102 102 102 102 102 102 144 185 144 144 144 144 144 144 144 144</p>
          <p>102 186 102 102 102 102 102 102 102 102 143 187 143 143 143 143 143 143 143 143 144 188 144 144 144 144 144 144 144 144</p>
          <p>143 189 143 143 143 143 143 143 143 143 145 190 145 145 145 145 145 145 145 145 144 191 144 144 144 144 144 144 144 144</p>
          <p>145 192 145 145 145 145 145 145 145 145 123 193 123 123 123 123 123 123 123 123 144 194 144 144 144 144 144 144 144 144</p>
          <p>144 195 144 144 144 144 144 144 144 144 123 196 123 123 123 123 123 123 123 123 100 197 100 100 100 100 100 100 100 100</p>
          <p>147 198 147 147 147 147 147 147 147 147 106 199 106 106 106 106 106 106 106 106 105 200 105 105 105 105 105 105 105 105</p>
          <p>106 201 106 106 106 106 106 106 106 106 104 202 104 104 104 104 104 104 104 104 105 203 105 105 105 105 105 105 105 105</p>
          <p>105 204 105 105 105 105 105 105 105 105 104 205 104 104 104 104 104 104 104 104 17 206 17 17 17 17 17 17 17 17</p>
          <p>17 207 17 17 17 17 17 17 17 17 104 208 104 104 104 104 104 104 104 104 14 209 14 14 14 14 14 14 14 14</p>
          <p>104 210 104 104 104 104 104 104 104 104 101 211 101 101 101 101 101 101 101 101 14 212 14 14 14 14 14 14 14 14</p>
          <p>101 213 101 101 101 101 101 101 101 101 11 214 11 11 11 11 11 11 11 11 14 215 14 14 14 14 14 14 14 14</p>
          <p>14 216 14 14 14 14 14 14 14 14 11 217 11 11 11 11 11 11 11 11 10 218 10 10 10 10 10 10 10 10</p>
          <p>11 219 11 11 11 11 11 11 11 11 5 220 5 5 5 5 5 5 5 5 10 221 10 10 10 10 10 10 10 10</p>
          <p>10 222 10 10 10 10 10 10 10 10 5 223 5 5 5 5 5 5 5 5 9 224 9 9 9 9 9 9 9 9</p>
          <p>5 225 5 5 5 5 5 5 5 5 7 226 7 7 7 7 7 7 7 7 9 227 9 9 9 9 9 9 9 9</p>
          <p>9 228 9 9 9 9 9 9 9 9 7 229 7 7 7 7 7 7 7 7 8 230 8 8 8 8 8 8 8 8</p>
          <p>7 231 7 7 7 7 7 7 7 7 2 232 2 2 2 2 2 2 2 2 8 233 8 8 8 8 8 8 8 8</p>
          <p>8 234 8 8 8 8 8 8 8 8 2 235 2 2 2 2 2 2 2 2 4 236 4 4 4 4 4 4 4 4</p>
          <p>4 237 4 4 4 4 4 4 4 4 2 238 2 2 2 2 2 2 2 2 3 239 3 3 3 3 3 3 3 3</p>
          <p>2 240 2 2 2 2 2 2 2 2 1 241 1 1 1 1 1 1 1 1 3 242 3 3 3 3 3 3 3 3</p>
          <p>1 243 1 1 1 1 1 1 1 1 95 244 95 95 95 95 95 95 95 95 3 245 3 3 3 3 3 3 3 3</p>
          <p>3 246 3 3 3 3 3 3 3 3 95 247 95 95 95 95 95 95 95 95 96 248 96 96 96 96 96 96 96 96</p>
          <p>95 249 95 95 95 95 95 95 95 95 99 250 99 99 99 99 99 99 99 99 96 251 96 96 96 96 96 96 96 96</p>
          <p>124 252 124 124 124 124 124 124 124 124 122 253 122 122 122 122 122 122 122 122 123 254 123 123 123 123 123 123 123 123</p>
          <p>122 255 122 122 122 122 122 122 122 122 99 256 99 99 99 99 99 99 99 99 123 257 123 123 123 123 123 123 123 123</p>
          <p>123 258 123 123 123 123 123 123 123 123 99 259 99 99 99 99 99 99 99 99 100 260 100 100 100 100 100 100 100 100</p>
          <p>100 261 100 100 100 100 100 100 100 100 99 262 99 99 99 99 99 99 99 99 97 263 97 97 97 97 97 97 97 97</p>
          <p>99 264 99 99 99 99 99 99 99 99 95 265 95 95 95 95 95 95 95 95 97 266 97 97 97 97 97 97 97 97</p>
          <p>97 267 97 97 97 97 97 97 97 97 95 268 95 95 95 95 95 95 95 95 0 269 0 0 0 0 0 0 0 0</p>
          <p>95 270 95 95 95 95 95 95 95 95 1 271 1 1 1 1 1 1 1 1 0 272 0 0 0 0 0 0 0 0</p>
          <p>1 273 1 1 1 1 1 1 1 1 2 274 2 2 2 2 2 2 2 2 0 275 0 0 0 0 0 0 0 0</p>
          <p>2 276 2 2 2 2 2 2 2 2 7 277 7 7 7 7 7 7 7 7 0 278 0 0 0 0 0 0 0 0</p>
          <p>0 279 0 0 0 0 0 0 0 0 7 280 7 7 7 7 7 7 7 7 6 281 6 6 6 6 6 6 6 6</p>
          <p>7 282 7 7 7 7 7 7 7 7 5 283 5 5 5 5 5 5 5 5 6 284 6 6 6 6 6 6 6 6</p>
          <p>5 285 5 5 5 5 5 5 5 5 11 286 11 11 11 11 11 11 11 11 6 287 6 6 6 6 6 6 6 6</p>
          <p>6 288 6 6 6 6 6 6 6 6 11 289 11 11 11 11 11 11 11 11 98 290 98 98 98 98 98 98 98 98</p>
          <p>11 291 11 11 11 11 11 11 11 11 101 292 101 101 101 101 101 101 101 101 98 293 98 98 98 98 98 98 98 98</p>
          <p>101 294 101 101 101 101 101 101 101 101 100 295 100 100 100 100 100 100 100 100 98 296 98 98 98 98 98 98 98 98</p>
          <p>100 297 100 100 100 100 100 100 100 100 97 298 97 97 97 97 97 97 97 97 98 299 98 98 98 98 98 98 98 98</p>
          <p>98 300 98 98 98 98 98 98 98 98 97 301 97 97 97 97 97 97 97 97 6 302 6 6 6 6 6 6 6 6</p>
          <p>97 303 97 97 97 97 97 97 97 97 0 304 0 0 0 0 0 0 0 0 6 305 6 6 6 6 6 6 6 6</p>
          <p>96 306 96 96 96 96 96 96 96 96 99 307 99 99 99 99 99 99 99 99 110 308 110 110 110 110 110 110 110 110</p>
          <p>99 309 99 99 99 99 99 99 99 99 122 310 122 122 122 122 122 122 122 122 110 311 110 110 110 110 110 110 110 110</p>
          <p>110 312 110 110 110 110 110 110 110 110 122 313 122 122 122 122 122 122 122 122 109 314 109 109 109 109 109 109 109 109</p>
          <p>122 315 122 122 122 122 122 122 122 122 114 316 114 114 114 114 114 114 114 114 109 317 109 109 109 109 109 109 109 109</p>
          <p>109 318 109 109 109 109 109 109 109 109 114 319 114 114 114 114 114 114 114 114 113 320 113 113 113 113 113 113 113 113</p>
          <p>114 321 114 114 114 114 114 114 114 114 115 322 115 115 115 115 115 115 115 115 113 323 113 113 113 113 113 113 113 113</p>
          <p>113 324 113 113 113 113 113 113 113 113 115 325 115 115 115 115 115 115 115 115 34 326 34 34 34 34 34 34 34 34</p>
          <p>115 327 115 115 115 115 115 115 115 115 39 328 39 39 39 39 39 39 39 39 34 329 34 34 34 34 34 34 34 34</p>
          <p>34 330 34 34 34 34 34 34 34 34 39 331 39 39 39 39 39 39 39 39 29 332 29 29 29 29 29 29 29 29</p>
          <p>39 333 39 39 39 39 39 39 39 39 35 334 35 35 35 35 35 35 35 35 29 335 29 29 29 29 29 29 29 29</p>
          <p>29 336 29 29 29 29 29 29 29 29 35 337 35 35 35 35 35 35 35 35 30 338 30 30 30 30 30 30 30 30</p>
          <p>35 339 35 35 35 35 35 35 35 35 36 340 36 36 36 36 36 36 36 36 30 341 30 30 30 30 30 30 30 30</p>
          <p>30 342 30 30 30 30 30 30 30 30 36 343 36 36 36 36 36 36 36 36 45 344 45 45 45 45 45 45 45 45</p>
          <p>36 345 36 36 36 36 36 36 36 36 46 346 46 46 46 46 46 46 46 46 45 347 45 45 45 45 45 45 45 45</p>
          <p>45 348 45 45 45 45 45 45 45 45 46 349 46 46 46 46 46 46 46 46 59 350 59 59 59 59 59 59 59 59</p>
          <p>46 351 46 46 46 46 46 46 46 46 50 352 50 50 50 50 50 50 50 50 59 353 59 59 59 59 59 59 59 59</p>
          <p>59 354 59 59 59 59 59 59 59 59 50 355 50 50 50 50 50 50 50 50 68 356 68 68 68 68 68 68 68 68</p>
          <p>50 357 50 50 50 50 50 50 50 50 82 358 82 82 82 82 82 82 82 82 68 359 68 68 68 68 68 68 68 68</p>
          <p>45 360 45 45 45 45 45 45 45 45 44 361 44 44 44 44 44 44 44 44 30 362 30 30 30 30 30 30 30 30</p>
          <p>44 363 44 44 44 44 44 44 44 44 23 364 23 23 23 23 23 23 23 23 30 365 30 30 30 30 30 30 30 30</p>
          <p>23 366 23 23 23 23 23 23 23 23 31 367 31 31 31 31 31 31 31 31 30 368 30 30 30 30 30 30 30 30</p>
          <p>30 369 30 30 30 30 30 30 30 30 31 370 31 31 31 31 31 31 31 31 29 371 29 29 29 29 29 29 29 29</p>
          <p>29 372 29 29 29 29 29 29 29 29 31 373 31 31 31 31 31 31 31 31 34 374 34 34 34 34 34 34 34 34</p>
          <p>31 375 31 31 31 31 31 31 31 31 33 376 33 33 33 33 33 33 33 33 34 377 34 34 34 34 34 34 34 34</p>
          <p>34 378 34 34 34 34 34 34 34 34 33 379 33 33 33 33 33 33 33 33 113 380 113 113 113 113 113 113 113 113</p>
          <p>33 381 33 33 33 33 33 33 33 33 112 382 112 112 112 112 112 112 112 112 113 383 113 113 113 113 113 113 113 113</p>
          <p>113 384 113 113 113 113 113 113 113 113 112 385 112 112 112 112 112 112 112 112 109 386 109 109 109 109 109 109 109 109</p>
          <p>112 387 112 112 112 112 112 112 112 112 111 388 111 111 111 111 111 111 111 111 109 389 109 109 109 109 109 109 109 109</p>
          <p>109 390 109 109 109 109 109 109 109 109 111 391 111 111 111 111 111 111 111 111 107 392 107 107 107 107 107 107 107 107</p>
          <p>111 393 111 111 111 111 111 111 111 111 22 394 22 22 22 22 22 22 22 22 107 395 107 107 107 107 107 107 107 107</p>
          <p>107 396 107 107 107 107 107 107 107 107 22 397 22 22 22 22 22 22 22 22 20 398 20 20 20 20 20 20 20 20</p>
          <p>22 399 22 22 22 22 22 22 22 22 21 400 21 21 21 21 21 21 21 21 20 401 20 20 20 20 20 20 20 20</p>
          <p>21 402 21 21 21 21 21 21 21 21 19 403 19 19 19 19 19 19 19 19 20 404 20 20 20 20 20 20 20 20</p>
          <p>20 405 20 20 20 20 20 20 20 20 19 406 19 19 19 19 19 19 19 19 3 407 3 3 3 3 3 3 3 3</p>
          <p>3 408 3 3 3 3 3 3 3 3 19 409 19 19 19 19 19 19 19 19 25 410 25 25 25 25 25 25 25 25</p>
          <p>19 411 19 19 19 19 19 19 19 19 24 412 24 24 24 24 24 24 24 24 25 413 25 25 25 25 25 25 25 25</p>
          <p>25 414 25 25 25 25 25 25 25 25 24 415 24 24 24 24 24 24 24 24 8 416 8 8 8 8 8 8 8 8</p>
          <p>8 417 8 8 8 8 8 8 8 8 24 418 24 24 24 24 24 24 24 24 44 419 44 44 44 44 44 44 44 44</p>
          <p>44 420 44 44 44 44 44 44 44 44 24 421 24 24 24 24 24 24 24 24 23 422 23 23 23 23 23 23 23 23</p>
          <p>24 423 24 24 24 24 24 24 24 24 19 424 19 19 19 19 19 19 19 19 23 425 23 23 23 23 23 23 23 23</p>
          <p>19 426 19 19 19 19 19 19 19 19 21 427 21 21 21 21 21 21 21 21 23 428 23 23 23 23 23 23 23 23</p>
          <p>23 429 23 23 23 23 23 23 23 23 21 430 21 21 21 21 21 21 21 21 26 431 26 26 26 26 26 26 26 26</p>
          <p>21 432 21 21 21 21 21 21 21 21 22 433 22 22 22 22 22 22 22 22 26 434 26 26 26 26 26 26 26 26</p>
          <p>26 435 26 26 26 26 26 26 26 26 22 436 22 22 22 22 22 22 22 22 27 437 27 27 27 27 27 27 27 27</p>
          <p>22 438 22 22 22 22 22 22 22 22 111 439 111 111 111 111 111 111 111 111 27 440 27 27 27 27 27 27 27 27</p>
          <p>27 441 27 27 27 27 27 27 27 27 111 442 111 111 111 111 111 111 111 111 32 443 32 32 32 32 32 32 32 32</p>
          <p>111 444 111 111 111 111 111 111 111 111 112 445 112 112 112 112 112 112 112 112 32 446 32 32 32 32 32 32 32 32</p>
          <p>112 447 112 112 112 112 112 112 112 112 33 448 33 33 33 33 33 33 33 33 32 449 32 32 32 32 32 32 32 32</p>
          <p>32 450 32 32 32 32 32 32 32 32 33 451 33 33 33 33 33 33 33 33 28 452 28 28 28 28 28 28 28 28</p>
          <p>33 453 33 33 33 33 33 33 33 33 31 454 31 31 31 31 31 31 31 31 28 455 28 28 28 28 28 28 28 28</p>
          <p>31 456 31 31 31 31 31 31 31 31 23 457 23 23 23 23 23 23 23 23 28 458 28 28 28 28 28 28 28 28</p>
          <p>23 459 23 23 23 23 23 23 23 23 26 460 26 26 26 26 26 26 26 26 28 461 28 28 28 28 28 28 28 28</p>
          <p>28 462 28 28 28 28 28 28 28 28 26 463 26 26 26 26 26 26 26 26 32 464 32 32 32 32 32 32 32 32</p>
          <p>26 465 26 26 26 26 26 26 26 26 27 466 27 27 27 27 27 27 27 27 32 467 32 32 32 32 32 32 32 32</p>
          <p>96 468 96 96 96 96 96 96 96 96 108 469 108 108 108 108 108 108 108 108 3 470 3 3 3 3 3 3 3 3</p>
          <p>3 471 3 3 3 3 3 3 3 3 108 472 108 108 108 108 108 108 108 108 20 473 20 20 20 20 20 20 20 20</p>
          <p>20 474 20 20 20 20 20 20 20 20 108 475 108 108 108 108 108 108 108 108 107 476 107 107 107 107 107 107 107 107</p>
          <p>107 477 107 107 107 107 107 107 107 107 108 478 108 108 108 108 108 108 108 108 109 479 109 109 109 109 109 109 109 109</p>
          <p>109 480 109 109 109 109 109 109 109 109 108 481 108 108 108 108 108 108 108 108 110 482 110 110 110 110 110 110 110 110</p>
          <p>108 483 108 108 108 108 108 108 108 108 96 484 96 96 96 96 96 96 96 96 110 485 110 110 110 110 110 110 110 110</p>
          <p>9 486 9 9 9 9 9 9 9 9 8 487 8 8 8 8 8 8 8 8 57 488 57 57 57 57 57 57 57 57</p>
          <p>8 489 8 8 8 8 8 8 8 8 44 490 44 44 44 44 44 44 44 44 57 491 57 57 57 57 57 57 57 57</p>
          <p>44 492 44 44 44 44 44 44 44 44 45 493 45 45 45 45 45 45 45 45 57 494 57 57 57 57 57 57 57 57</p>
          <p>57 495 57 57 57 57 57 57 57 57 45 496 45 45 45 45 45 45 45 45 58 497 58 58 58 58 58 58 58 58</p>
          <p>45 498 45 45 45 45 45 45 45 45 59 499 59 59 59 59 59 59 59 59 58 500 58 58 58 58 58 58 58 58</p>
          <p>58 501 58 58 58 58 58 58 58 58 59 502 59 59 59 59 59 59 59 59 60 503 60 60 60 60 60 60 60 60</p>
          <p>65 504 65 65 65 65 65 65 65 65 16 505 16 16 16 16 16 16 16 16 66 506 66 66 66 66 66 66 66 66</p>
          <p>16 507 16 16 16 16 16 16 16 16 18 508 18 18 18 18 18 18 18 18 66 509 66 66 66 66 66 66 66 66</p>
          <p>66 510 66 66 66 66 66 66 66 66 18 511 18 18 18 18 18 18 18 18 64 512 64 64 64 64 64 64 64 64</p>
          <p>18 513 18 18 18 18 18 18 18 18 63 514 63 63 63 63 63 63 63 63 64 515 64 64 64 64 64 64 64 64</p>
          <p>64 516 64 64 64 64 64 64 64 64 63 517 63 63 63 63 63 63 63 63 62 518 62 62 62 62 62 62 62 62</p>
          <p>63 519 63 63 63 63 63 63 63 63 13 520 13 13 13 13 13 13 13 13 62 521 62 62 62 62 62 62 62 62</p>
          <p>62 522 62 62 62 62 62 62 62 62 13 523 13 13 13 13 13 13 13 13 12 524 12 12 12 12 12 12 12 12</p>
          <p>13 525 13 13 13 13 13 13 13 13 10 526 10 10 10 10 10 10 10 10 12 527 12 12 12 12 12 12 12 12</p>
          <p>10 528 10 10 10 10 10 10 10 10 9 529 9 9 9 9 9 9 9 9 12 530 12 12 12 12 12 12 12 12</p>
          <p>12 531 12 12 12 12 12 12 12 12 9 532 9 9 9 9 9 9 9 9 62 533 62 62 62 62 62 62 62 62</p>
          <p>9 534 9 9 9 9 9 9 9 9 57 535 57 57 57 57 57 57 57 57 62 536 62 62 62 62 62 62 62 62</p>
          <p>62 537 62 62 62 62 62 62 62 62 57 538 57 57 57 57 57 57 57 57 64 539 64 64 64 64 64 64 64 64</p>
          <p>57 540 57 57 57 57 57 57 57 57 58 541 58 58 58 58 58 58 58 58 64 542 64 64 64 64 64 64 64 64</p>
          <p>58 543 58 58 58 58 58 58 58 58 60 544 60 60 60 60 60 60 60 60 64 545 64 64 64 64 64 64 64 64</p>
          <p>64 546 64 64 64 64 64 64 64 64 60 547 60 60 60 60 60 60 60 60 66 548 66 66 66 66 66 66 66 66</p>
          <p>60 549 60 60 60 60 60 60 60 60 65 550 65 65 65 65 65 65 65 65 66 551 66 66 66 66 66 66 66 66</p>
          <p>63 552 63 63 63 63 63 63 63 63 18 553 18 18 18 18 18 18 18 18 15 554 15 15 15 15 15 15 15 15</p>
          <p>18 555 18 18 18 18 18 18 18 18 16 556 16 16 16 16 16 16 16 16 15 557 15 15 15 15 15 15 15 15</p>
          <p>16 558 16 16 16 16 16 16 16 16 17 559 17 17 17 17 17 17 17 17 15 560 15 15 15 15 15 15 15 15</p>
          <p>17 561 17 17 17 17 17 17 17 17 14 562 14 14 14 14 14 14 14 14 15 563 15 15 15 15 15 15 15 15</p>
          <p>14 564 14 14 14 14 14 14 14 14 10 565 10 10 10 10 10 10 10 10 15 566 15 15 15 15 15 15 15 15</p>
          <p>10 567 10 10 10 10 10 10 10 10 13 568 13 13 13 13 13 13 13 13 15 569 15 15 15 15 15 15 15 15</p>
          <p>15 570 15 15 15 15 15 15 15 15 13 571 13 13 13 13 13 13 13 13 63 572 63 63 63 63 63 63 63 63</p>
          <p>41 573 41 41 41 41 41 41 41 41 40 574 40 40 40 40 40 40 40 40 42 575 42 42 42 42 42 42 42 42</p>
          <p>42 576 42 42 42 42 42 42 42 42 40 577 40 40 40 40 40 40 40 40 43 578 43 43 43 43 43 43 43 43</p>
          <p>43 579 43 43 43 43 43 43 43 43 40 580 40 40 40 40 40 40 40 40 120 581 120 120 120 120 120 120 120 120</p>
          <p>40 582 40 40 40 40 40 40 40 40 121 583 121 121 121 121 121 121 121 121 120 584 120 120 120 120 120 120 120 120</p>
          <p>131 585 131 131 131 131 131 131 131 131 130 586 130 130 130 130 130 130 130 130 121 587 121 121 121 121 121 121 121 121</p>
          <p>121 588 121 121 121 121 121 121 121 121 130 589 130 130 130 130 130 130 130 130 120 590 120 120 120 120 120 120 120 120</p>
          <p>130 591 130 130 130 130 130 130 130 130 132 592 132 132 132 132 132 132 132 132 120 593 120 120 120 120 120 120 120 120</p>
          <p>132 594 132 132 132 132 132 132 132 132 133 595 133 133 133 133 133 133 133 133 120 596 120 120 120 120 120 120 120 120</p>
          <p>120 597 120 120 120 120 120 120 120 120 133 598 133 133 133 133 133 133 133 133 43 599 43 43 43 43 43 43 43 43</p>
          <p>133 600 133 133 133 133 133 133 133 133 93 601 93 93 93 93 93 93 93 93 43 602 43 43 43 43 43 43 43 43</p>
          <p>93 603 93 93 93 93 93 93 93 93 53 604 53 53 53 53 53 53 53 53 43 605 43 43 43 43 43 43 43 43</p>
          <p>43 606 43 43 43 43 43 43 43 43 53 607 53 53 53 53 53 53 53 53 42 608 42 42 42 42 42 42 42 42</p>
          <p>53 609 53 53 53 53 53 53 53 53 52 610 52 52 52 52 52 52 52 52 42 611 42 42 42 42 42 42 42 42</p>
          <p>42 612 42 42 42 42 42 42 42 42 52 613 52 52 52 52 52 52 52 52 51 614 51 51 51 51 51 51 51 51</p>
          <p>52 615 52 52 52 52 52 52 52 52 92 616 92 92 92 92 92 92 92 92 51 617 51 51 51 51 51 51 51 51</p>
          <p>51 618 51 51 51 51 51 51 51 51 92 619 92 92 92 92 92 92 92 92 81 620 81 81 81 81 81 81 81 81</p>
          <p>92 621 92 92 92 92 92 92 92 92 75 622 75 75 75 75 75 75 75 75 81 623 81 81 81 81 81 81 81 81</p>
          <p>75 624 75 75 75 75 75 75 75 75 77 625 77 77 77 77 77 77 77 77 81 626 81 81 81 81 81 81 81 81</p>
          <p>81 627 81 81 81 81 81 81 81 81 77 628 77 77 77 77 77 77 77 77 56 629 56 56 56 56 56 56 56 56</p>
          <p>77 630 77 77 77 77 77 77 77 77 80 631 80 80 80 80 80 80 80 80 56 632 56 56 56 56 56 56 56 56</p>
          <p>56 633 56 56 56 56 56 56 56 56 80 634 80 80 80 80 80 80 80 80 54 635 54 54 54 54 54 54 54 54</p>
          <p>80 636 80 80 80 80 80 80 80 80 72 637 72 72 72 72 72 72 72 72 54 638 54 54 54 54 54 54 54 54</p>
          <p>74 639 74 74 74 74 74 74 74 74 71 640 71 71 71 71 71 71 71 71 73 641 73 73 73 73 73 73 73 73</p>
          <p>71 642 71 71 71 71 71 71 71 71 72 643 72 72 72 72 72 72 72 72 73 644 73 73 73 73 73 73 73 73</p>
          <p>73 645 73 73 73 73 73 73 73 73 72 646 72 72 72 72 72 72 72 72 79 647 79 79 79 79 79 79 79 79</p>
          <p>72 648 72 72 72 72 72 72 72 72 80 649 80 80 80 80 80 80 80 80 79 650 79 79 79 79 79 79 79 79</p>
          <p>79 651 79 79 79 79 79 79 79 79 80 652 80 80 80 80 80 80 80 80 76 653 76 76 76 76 76 76 76 76</p>
          <p>80 654 80 80 80 80 80 80 80 80 77 655 77 77 77 77 77 77 77 77 76 656 76 76 76 76 76 76 76 76</p>
          <p>77 657 77 77 77 77 77 77 77 77 75 658 75 75 75 75 75 75 75 75 76 659 76 76 76 76 76 76 76 76</p>
          <p>76 660 76 76 76 76 76 76 76 76 75 661 75 75 75 75 75 75 75 75 78 662 78 78 78 78 78 78 78 78</p>
          <p>42 663 42 42 42 42 42 42 42 42 51 664 51 51 51 51 51 51 51 51 41 665 41 41 41 41 41 41 41 41</p>
          <p>41 666 41 41 41 41 41 41 41 41 51 667 51 51 51 51 51 51 51 51 49 668 49 49 49 49 49 49 49 49</p>
          <p>51 669 51 51 51 51 51 51 51 51 81 670 81 81 81 81 81 81 81 81 49 671 49 49 49 49 49 49 49 49</p>
          <p>81 672 81 81 81 81 81 81 81 81 56 673 56 56 56 56 56 56 56 56 49 674 49 49 49 49 49 49 49 49</p>
          <p>49 675 49 49 49 49 49 49 49 49 56 676 56 56 56 56 56 56 56 56 55 677 55 55 55 55 55 55 55 55</p>
          <p>56 678 56 56 56 56 56 56 56 56 54 679 54 54 54 54 54 54 54 54 55 680 55 55 55 55 55 55 55 55</p>
          <p>54 681 54 54 54 54 54 54 54 54 69 682 69 69 69 69 69 69 69 69 55 683 55 55 55 55 55 55 55 55</p>
          <p>69 684 69 69 69 69 69 69 69 69 70 685 70 70 70 70 70 70 70 70 55 686 55 55 55 55 55 55 55 55</p>
          <p>70 687 70 70 70 70 70 70 70 70 85 688 85 85 85 85 85 85 85 85 55 689 55 55 55 55 55 55 55 55</p>
          <p>85 690 85 85 85 85 85 85 85 85 82 691 82 82 82 82 82 82 82 82 55 692 55 55 55 55 55 55 55 55</p>
          <p>82 693 82 82 82 82 82 82 82 82 50 694 50 50 50 50 50 50 50 50 55 695 55 55 55 55 55 55 55 55</p>
          <p>55 696 55 55 55 55 55 55 55 55 50 697 50 50 50 50 50 50 50 50 49 698 49 49 49 49 49 49 49 49</p>
          <p>49 699 49 49 49 49 49 49 49 49 50 700 50 50 50 50 50 50 50 50 48 701 48 48 48 48 48 48 48 48</p>
          <p>50 702 50 50 50 50 50 50 50 50 46 703 46 46 46 46 46 46 46 46 48 704 48 48 48 48 48 48 48 48</p>
          <p>48 705 48 48 48 48 48 48 48 48 46 706 46 46 46 46 46 46 46 46 47 707 47 47 47 47 47 47 47 47</p>
          <p>46 708 46 46 46 46 46 46 46 46 36 709 36 36 36 36 36 36 36 36 47 710 47 47 47 47 47 47 47 47</p>
          <p>47 711 47 47 47 47 47 47 47 47 36 712 36 36 36 36 36 36 36 36 37 713 37 37 37 37 37 37 37 37</p>
          <p>36 714 36 36 36 36 36 36 36 36 35 715 35 35 35 35 35 35 35 35 37 716 37 37 37 37 37 37 37 37</p>
          <p>40 717 40 40 40 40 40 40 40 40 41 718 41 41 41 41 41 41 41 41 37 719 37 37 37 37 37 37 37 37</p>
          <p>41 720 41 41 41 41 41 41 41 41 49 721 49 49 49 49 49 49 49 49 37 722 37 37 37 37 37 37 37 37</p>
          <p>49 723 49 49 49 49 49 49 49 49 48 724 48 48 48 48 48 48 48 48 37 725 37 37 37 37 37 37 37 37</p>
          <p>37 726 37 37 37 37 37 37 37 37 48 727 48 48 48 48 48 48 48 48 47 728 47 47 47 47 47 47 47 47</p>
          <p>148 729 148 148 148 148 148 148 148 148 149 730 149 149 149 149 149 149 149 149 140 731 140 140 140 140 140 140 140 140</p>
          <p>149 732 149 149 149 149 149 149 149 149 129 733 129 129 129 129 129 129 129 129 140 734 140 140 140 140 140 140 140 140</p>
          <p>140 735 140 140 140 140 140 140 140 140 129 736 129 129 129 129 129 129 129 129 127 737 127 127 127 127 127 127 127 127</p>
          <p>127 738 127 127 127 127 127 127 127 127 129 739 129 129 129 129 129 129 129 129 125 740 125 125 125 125 125 125 125 125</p>
          <p>129 741 129 129 129 129 129 129 129 129 128 742 128 128 128 128 128 128 128 128 125 743 125 125 125 125 125 125 125 125</p>
          <p>125 744 125 125 125 125 125 125 125 125 128 745 128 128 128 128 128 128 128 128 118 746 118 118 118 118 118 118 118 118</p>
          <p>128 747 128 128 128 128 128 128 128 128 119 748 119 119 119 119 119 119 119 119 118 749 118 118 118 118 118 118 118 118</p>
          <p>119 750 119 119 119 119 119 119 119 119 40 751 40 40 40 40 40 40 40 40 118 752 118 118 118 118 118 118 118 118</p>
          <p>118 753 118 118 118 118 118 118 118 118 40 754 40 40 40 40 40 40 40 40 38 755 38 38 38 38 38 38 38 38</p>
          <p>40 756 40 40 40 40 40 40 40 40 37 757 37 37 37 37 37 37 37 37 38 758 38 38 38 38 38 38 38 38</p>
          <p>37 759 37 37 37 37 37 37 37 37 35 760 35 35 35 35 35 35 35 35 38 761 38 38 38 38 38 38 38 38</p>
          <p>35 762 35 35 35 35 35 35 35 35 39 763 39 39 39 39 39 39 39 39 38 764 38 38 38 38 38 38 38 38</p>
          <p>38 765 38 38 38 38 38 38 38 38 39 766 39 39 39 39 39 39 39 39 117 767 117 117 117 117 117 117 117 117</p>
          <p>39 768 39 39 39 39 39 39 39 39 115 769 115 115 115 115 115 115 115 115 117 770 117 117 117 117 117 117 117 117</p>
          <p>115 771 115 115 115 115 115 115 115 115 114 772 114 114 114 114 114 114 114 114 117 773 117 117 117 117 117 117 117 117</p>
          <p>117 774 117 117 117 117 117 117 117 117 114 775 114 114 114 114 114 114 114 114 116 776 116 116 116 116 116 116 116 116</p>
          <p>116 777 116 116 116 116 116 116 116 116 114 778 114 114 114 114 114 114 114 114 124 779 124 124 124 124 124 124 124 124</p>
          <p>114 780 114 114 114 114 114 114 114 114 122 781 122 122 122 122 122 122 122 122 124 782 124 124 124 124 124 124 124 124</p>
          <p>105 783 105 105 105 105 105 105 105 105 146 784 146 146 146 146 146 146 146 146 147 785 147 147 147 147 147 147 147 147</p>
          <p>147 786 147 147 147 147 147 147 147 147 146 787 146 146 146 146 146 146 146 146 139 788 139 139 139 139 139 139 139 139</p>
          <p>146 789 146 146 146 146 146 146 146 146 142 790 142 142 142 142 142 142 142 142 139 791 139 139 139 139 139 139 139 139</p>
          <p>139 792 139 139 139 139 139 139 139 139 142 793 142 142 142 142 142 142 142 142 140 794 140 140 140 140 140 140 140 140</p>
          <p>140 795 140 140 140 140 140 140 140 140 142 796 142 142 142 142 142 142 142 142 148 797 148 148 148 148 148 148 148 148</p>
          <p>142 798 142 142 142 142 142 142 142 142 146 799 146 146 146 146 146 146 146 146 148 800 148 148 148 148 148 148 148 148</p>
          <p>148 801 148 148 148 148 148 148 148 148 146 802 146 146 146 146 146 146 146 146 175 803 175 175 175 175 175 175 175 175</p>
          <p>86 804 86 86 86 86 86 86 86 86 170 805 170 170 170 170 170 170 170 170 90 806 90 90 90 90 90 90 90 90</p>
          <p>170 807 170 170 170 170 170 170 170 170 171 808 171 171 171 171 171 171 171 171 90 809 90 90 90 90 90 90 90 90</p>
          <p>90 810 90 90 90 90 90 90 90 90 171 811 171 171 171 171 171 171 171 171 91 812 91 91 91 91 91 91 91 91</p>
          <p>91 813 91 91 91 91 91 91 91 91 171 814 171 171 171 171 171 171 171 171 88 815 88 88 88 88 88 88 88 88</p>
          <p>171 816 171 171 171 171 171 171 171 171 170 817 170 170 170 170 170 170 170 170 88 818 88 88 88 88 88 88 88 88</p>
          <p>170 819 170 170 170 170 170 170 170 170 86 820 86 86 86 86 86 86 86 86 88 821 88 88 88 88 88 88 88 88</p>
          <p>88 822 88 88 88 88 88 88 88 88 86 823 86 86 86 86 86 86 86 86 87 824 87 87 87 87 87 87 87 87</p>
          <p>86 825 86 86 86 86 86 86 86 86 90 826 90 90 90 90 90 90 90 90 87 827 87 87 87 87 87 87 87 87</p>
          <p>87 828 87 87 87 87 87 87 87 87 90 829 90 90 90 90 90 90 90 90 89 830 89 89 89 89 89 89 89 89</p>
          <p>90 831 90 90 90 90 90 90 90 90 91 832 91 91 91 91 91 91 91 91 89 833 89 89 89 89 89 89 89 89</p>
          <p>91 834 91 91 91 91 91 91 91 91 88 835 88 88 88 88 88 88 88 88 89 836 89 89 89 89 89 89 89 89</p>
          <p>89 837 89 89 89 89 89 89 89 89 88 838 88 88 88 88 88 88 88 88 87 839 87 87 87 87 87 87 87 87</p>
          <p>54 840 54 54 54 54 54 54 54 54 72 841 72 72 72 72 72 72 72 72 69 842 69 69 69 69 69 69 69 69</p>
          <p>72 843 72 72 72 72 72 72 72 72 71 844 71 71 71 71 71 71 71 71 69 845 69 69 69 69 69 69 69 69</p>
          <p>71 846 71 71 71 71 71 71 71 71 94 847 94 94 94 94 94 94 94 94 69 848 69 69 69 69 69 69 69 69</p>
          <p>69 849 69 69 69 69 69 69 69 69 94 850 94 94 94 94 94 94 94 94 70 851 70 70 70 70 70 70 70 70</p>
          <p>70 852 70 70 70 70 70 70 70 70 94 853 94 94 94 94 94 94 94 94 67 854 67 67 67 67 67 67 67 67</p>
          <p>94 855 94 94 94 94 94 94 94 94 65 856 65 65 65 65 65 65 65 65 67 857 67 67 67 67 67 67 67 67</p>
          <p>67 858 67 67 67 67 67 67 67 67 65 859 65 65 65 65 65 65 65 65 61 860 61 61 61 61 61 61 61 61</p>
          <p>65 861 65 65 65 65 65 65 65 65 60 862 60 60 60 60 60 60 60 60 61 863 61 61 61 61 61 61 61 61</p>
          <p>60 864 60 60 60 60 60 60 60 60 59 865 59 59 59 59 59 59 59 59 61 866 61 61 61 61 61 61 61 61</p>
          <p>61 867 61 61 61 61 61 61 61 61 59 868 59 59 59 59 59 59 59 59 67 869 67 67 67 67 67 67 67 67</p>
          <p>59 870 59 59 59 59 59 59 59 59 68 871 68 68 68 68 68 68 68 68 67 872 67 67 67 67 67 67 67 67</p>
          <p>68 873 68 68 68 68 68 68 68 68 83 874 83 83 83 83 83 83 83 83 67 875 67 67 67 67 67 67 67 67</p>
          <p>67 876 67 67 67 67 67 67 67 67 83 877 83 83 83 83 83 83 83 83 70 878 70 70 70 70 70 70 70 70</p>
          <p>83 879 83 83 83 83 83 83 83 83 84 880 84 84 84 84 84 84 84 84 70 881 70 70 70 70 70 70 70 70</p>
          <p>70 882 70 70 70 70 70 70 70 70 84 883 84 84 84 84 84 84 84 84 85 884 85 85 85 85 85 85 85 85</p>
          <p>84 885 84 84 84 84 84 84 84 84 83 886 83 83 83 83 83 83 83 83 85 887 85 85 85 85 85 85 85 85</p>
          <p>85 888 85 85 85 85 85 85 85 85 83 889 83 83 83 83 83 83 83 83 82 890 82 82 82 82 82 82 82 82</p>
          <p>83 891 83 83 83 83 83 83 83 83 68 892 68 68 68 68 68 68 68 68 82 893 82 82 82 82 82 82 82 82</p>
        </polygons>
      </mesh>
    </geometry>
    <geometry id="DrawCall_0050-lib" name="DrawCall_0050Mesh">
      <mesh>
        <source id="DrawCall_0050-lib-Position">
          <float_array id="DrawCall_0050-lib-Position-array" count="366">
179.653641 142.976013 -60.346169
179.400208 141.293518 -59.067566
179.034973 142.977615 -60.346268
181.194031 141.164215 -58.977116
182.573792 143.152969 -69.597496
185.696747 143.392151 -58.320190
180.470032 148.598724 -69.597290
180.881866 149.362137 -74.577736
180.081650 145.225189 -71.097183
186.279724 147.067429 -58.143013
186.154510 147.764069 -68.348106
184.100845 149.262314 -58.952209
179.653641 142.976013 -60.346169
184.605057 149.434616 -53.383877
184.427505 148.752563 -51.812744
185.662125 146.624649 -53.346104
183.363037 144.725098 -79.513474
180.178009 145.115616 -72.950630
180.684021 146.922897 -79.889107
184.202850 151.845306 -82.766945
180.512741 151.172379 -82.453583
183.889282 151.411072 -78.516663
181.925827 150.576172 -56.648701
179.433273 150.325989 -53.443638
185.765808 144.265533 -68.597969
184.481583 149.818710 -56.523380
185.489090 144.720169 -72.388733
185.304474 145.717682 -79.201721
185.877045 148.092987 -73.827881
182.673553 144.289444 -81.263168
180.684021 146.922897 -79.889107
180.178009 145.115616 -72.950630
183.475876 150.024536 -68.035255
179.433838 150.330414 -56.989933
186.316162 148.837189 -82.515854
185.752609 148.403961 -78.078033
185.491409 145.653503 -81.201729
180.854263 149.018982 -59.821411
179.400208 141.293518 -59.067566
179.399658 140.790939 -54.154060
186.731674 144.521194 -84.645126
185.102264 142.841629 -83.582855
182.796677 143.480469 -72.762749
180.120010 145.728821 -85.705109
180.246750 147.048767 -81.639107
182.044235 142.851349 -83.831917
180.246750 147.048767 -81.639107
180.120010 145.728821 -85.705109
180.759232 150.110947 -78.140602
178.064453 149.033310 -59.758568
179.768295 144.913956 -68.472107
179.768295 144.913956 -68.472107
183.574936 150.789139 -74.578804
186.874283 148.889450 -85.831696
185.616989 144.528458 -70.791710
179.399658 140.790939 -54.154060
184.906631 142.500916 -51.812729
179.400208 140.581802 -51.937737
180.270187 151.589005 -86.574837
184.704758 142.512344 -53.397442
185.857071 146.372757 -51.812740
183.769714 152.388916 -86.386887
180.081650 145.225189 -71.097183
182.744553 142.849747 -71.607681
179.431091 149.831741 -51.812733
179.653641 142.976013 -60.346169
179.034973 142.977615 -60.346268
173.556519 143.435165 -58.319435
176.110031 142.735672 -69.597733
177.667007 141.173691 -58.977432
178.388580 145.237152 -71.167549
177.852280 149.368332 -74.953529
178.023132 148.667831 -69.631882
174.822876 149.293671 -58.952118
172.693695 147.812363 -68.284912
172.688232 146.615524 -58.142212
179.034973 142.977615 -60.346268
173.247665 146.665787 -53.882851
174.427567 148.785919 -51.875229
174.260559 149.465912 -53.920174
177.777618 146.554245 -78.889717
178.209930 145.117737 -73.014053
175.517334 144.063751 -78.513252
175.108200 150.878571 -77.328903
177.670654 150.673035 -82.525650
174.925613 151.370636 -82.712692
176.948669 150.582794 -56.717827
172.991928 144.373611 -68.597382
174.382996 149.852859 -56.523277
172.847305 148.139557 -73.827293
173.397064 145.197723 -78.138512
173.208511 144.763733 -72.388245
175.460464 143.815826 -82.282166
178.209930 145.117737 -73.014053
177.777618 146.554245 -78.889717
178.064453 149.033310 -59.758568
175.266037 150.176758 -68.035286
173.090469 145.322479 -82.148315
173.035934 148.512268 -77.015022
172.354843 148.572540 -81.962303
172.275314 145.010406 -84.582497
173.886948 142.753510 -84.019203
175.828247 143.502670 -72.825485
178.155197 146.736404 -82.845001
178.586761 146.544357 -85.081993
178.586761 146.544357 -85.081993
178.155197 146.736404 -82.845001
176.882492 142.739914 -84.205643
177.601944 149.368088 -77.641014
178.681702 144.912582 -68.535606
178.681702 144.912582 -68.535606
175.545013 150.628067 -74.578819
171.913086 148.568390 -85.894287
173.077393 144.571732 -70.792908
173.906708 142.537643 -51.875225
179.399658 140.790939 -54.154060
178.346848 150.785110 -86.139320
174.107285 142.548859 -53.897282
172.982147 146.415741 -51.875214
175.226746 151.607880 -85.952415
175.943024 142.874100 -71.604065
178.388580 145.237152 -71.167549
</float_array>
          <technique_common>
            <accessor source="#DrawCall_0050-lib-Position-array" count="122" stride="3">
              <param name="X" type="float"/>
              <param name="Y" type="float"/>
              <param name="Z" type="float"/>
            </accessor>
          </technique_common>
        </source>
        <source id="DrawCall_0050-lib-Normal0">
          <float_array id="DrawCall_0050-lib-Normal0-array" count="1683">
-0.001439 -0.604917 -0.796287
-0.416384 -0.426000 -0.803211
-0.001439 -0.604917 -0.796287
-0.001439 -0.604917 -0.796287
-0.416384 -0.426000 -0.803211
-0.001439 -0.604917 -0.796287
0.320249 -0.293683 -0.900661
-0.000918 -0.410780 -0.911734
-0.001439 -0.604917 -0.796287
0.428224 0.883492 -0.189912
-0.000918 -0.410780 -0.911734
0.320249 -0.293683 -0.900661
-0.000918 -0.410780 -0.911734
-0.001439 -0.604917 -0.796287
0.320249 -0.293683 -0.900661
0.428224 0.883492 -0.189912
0.320249 -0.293683 -0.900661
0.840883 0.541134 0.009477
0.320249 -0.293683 -0.900661
0.986038 0.163049 -0.033827
0.840883 0.541134 0.009477
0.986038 0.163049 -0.033827
0.992034 0.106209 -0.067742
0.840883 0.541134 0.009477
0.840883 0.541134 0.009477
0.992034 0.106209 -0.067742
0.834978 0.549800 -0.023070
0.992034 0.106209 -0.067742
0.995282 0.044377 -0.086278
0.834978 0.549800 -0.023070
0.995282 0.044377 -0.086278
0.998757 0.042674 0.025772
0.834978 0.549800 -0.023070
0.834978 0.549800 -0.023070
0.998757 0.042674 0.025772
0.860865 0.507238 0.040254
0.998757 0.042674 0.025772
0.987400 0.096494 0.125416
0.860865 0.507238 0.040254
0.860865 0.507238 0.040254
0.987400 0.096494 0.125416
0.728532 0.672575 0.129938
0.987400 0.096494 0.125416
0.977684 0.103874 0.182606
0.728532 0.672575 0.129938
0.977684 0.103874 0.182606
0.739658 0.652691 0.164012
0.728532 0.672575 0.129938
0.728532 0.672575 0.129938
0.739658 0.652691 0.164012
-0.284218 0.955559 0.078279
0.739658 0.652691 0.164012
-0.193920 0.979546 0.053707
-0.284218 0.955559 0.078279
-0.193920 0.979546 0.053707
-0.912454 0.401425 0.079285
-0.284218 0.955559 0.078279
-0.284218 0.955559 0.078279
-0.912454 0.401425 0.079285
-0.948451 0.283181 0.142302
-0.912454 0.401425 0.079285
-0.917726 -0.290910 0.270463
-0.948451 0.283181 0.142302
-0.948451 0.283181 0.142302
-0.917726 -0.290910 0.270463
-0.823169 -0.494951 0.278237
-0.917726 -0.290910 0.270463
-0.393664 -0.724357 0.565981
-0.823169 -0.494951 0.278237
-0.842190 -0.537668 -0.040352
-0.936428 0.350387 0.018236
-0.834092 -0.542160 -0.101753
-0.936428 0.350387 0.018236
-0.938728 0.344476 -0.011213
-0.834092 -0.542160 -0.101753
-0.834092 -0.542160 -0.101753
-0.938728 0.344476 -0.011213
-0.810179 -0.576477 -0.106227
-0.810179 -0.576477 -0.106227
-0.938728 0.344476 -0.011213
-0.828292 -0.560291 -0.002393
-0.938728 0.344476 -0.011213
-0.940357 0.334571 0.061573
-0.828292 -0.560291 -0.002393
-0.828292 -0.560291 -0.002393
-0.940357 0.334571 0.061573
-0.823169 -0.494951 0.278237
-0.823169 -0.494951 0.278237
-0.940357 0.334571 0.061573
-0.948451 0.283181 0.142302
-0.940357 0.334571 0.061573
-0.183502 0.972326 0.144603
-0.948451 0.283181 0.142302
-0.948451 0.283181 0.142302
-0.183502 0.972326 0.144603
-0.284218 0.955559 0.078279
-0.183502 0.972326 0.144603
0.728532 0.672575 0.129938
-0.284218 0.955559 0.078279
0.508821 -0.637101 0.578968
0.155581 -0.871548 0.464972
-0.393664 -0.724357 0.565981
-0.393664 -0.724357 0.565981
0.155581 -0.871548 0.464972
-0.823169 -0.494951 0.278237
-0.823169 -0.494951 0.278237
0.155581 -0.871548 0.464972
-0.828292 -0.560291 -0.002393
0.155581 -0.871548 0.464972
0.146822 -0.987727 -0.053271
-0.828292 -0.560291 -0.002393
-0.828292 -0.560291 -0.002393
0.146822 -0.987727 -0.053271
-0.810179 -0.576477 -0.106227
0.146822 -0.987727 -0.053271
0.073911 -0.970023 -0.231500
-0.810179 -0.576477 -0.106227
-0.810179 -0.576477 -0.106227
0.073911 -0.970023 -0.231500
-0.834092 -0.542160 -0.101753
0.073911 -0.970023 -0.231500
0.092994 -0.956498 -0.276520
-0.834092 -0.542160 -0.101753
0.092994 -0.956498 -0.276520
0.111833 -0.985487 -0.127708
-0.834092 -0.542160 -0.101753
-0.834092 -0.542160 -0.101753
0.111833 -0.985487 -0.127708
-0.842190 -0.537668 -0.040352
-0.842190 -0.537668 -0.040352
0.111833 -0.985487 -0.127708
-0.803178 -0.595088 -0.027849
0.111833 -0.985487 -0.127708
-0.115319 -0.969522 -0.216169
-0.803178 -0.595088 -0.027849
-0.803178 -0.595088 -0.027849
-0.115319 -0.969522 -0.216169
-0.725437 -0.687688 -0.028742
-0.115319 -0.969522 -0.216169
-0.323724 -0.945794 -0.025999
-0.725437 -0.687688 -0.028742
0.678095 -0.711887 -0.182769
0.111833 -0.985487 -0.127708
0.651547 -0.746943 -0.132525
0.111833 -0.985487 -0.127708
0.092994 -0.956498 -0.276520
0.651547 -0.746943 -0.132525
0.092994 -0.956498 -0.276520
0.073911 -0.970023 -0.231500
0.651547 -0.746943 -0.132525
0.651547 -0.746943 -0.132525
0.073911 -0.970023 -0.231500
0.585890 -0.806826 -0.075931
0.073911 -0.970023 -0.231500
0.146822 -0.987727 -0.053271
0.585890 -0.806826 -0.075931
0.585890 -0.806826 -0.075931
0.146822 -0.987727 -0.053271
0.731636 -0.677805 -0.072730
0.146822 -0.987727 -0.053271
0.155581 -0.871548 0.464972
0.731636 -0.677805 -0.072730
0.731636 -0.677805 -0.072730
0.155581 -0.871548 0.464972
0.815123 -0.526940 0.240642
0.155581 -0.871548 0.464972
0.508821 -0.637101 0.578968
0.815123 -0.526940 0.240642
0.815123 -0.526940 0.240642
0.508821 -0.637101 0.578968
0.909820 -0.360019 0.206432
0.678095 -0.711887 -0.182769
0.575641 -0.726699 -0.374894
0.111833 -0.985487 -0.127708
0.111833 -0.985487 -0.127708
0.575641 -0.726699 -0.374894
-0.115319 -0.969522 -0.216169
0.575641 -0.726699 -0.374894
-0.001705 -0.871721 -0.489999
-0.115319 -0.969522 -0.216169
-0.115319 -0.969522 -0.216169
-0.001705 -0.871721 -0.489999
-0.002579 -0.994806 -0.101754
-0.002579 -0.994806 -0.101754
-0.001705 -0.871721 -0.489999
0.106972 -0.970151 -0.217632
-0.001705 -0.871721 -0.489999
-0.526688 -0.758241 -0.384280
0.106972 -0.970151 -0.217632
0.106972 -0.970151 -0.217632
-0.526688 -0.758241 -0.384280
-0.120931 -0.991148 -0.054792
-0.526688 -0.758241 -0.384280
-0.574380 -0.797732 -0.183603
-0.120931 -0.991148 -0.054792
-0.574380 -0.797732 -0.183603
-0.591593 -0.801291 -0.089168
-0.120931 -0.991148 -0.054792
-0.120931 -0.991148 -0.054792
-0.591593 -0.801291 -0.089168
-0.075047 -0.978254 -0.193359
-0.075047 -0.978254 -0.193359
-0.591593 -0.801291 -0.089168
-0.070433 -0.957568 -0.279469
-0.591593 -0.801291 -0.089168
-0.536192 -0.838282 -0.098895
-0.070433 -0.957568 -0.279469
-0.070433 -0.957568 -0.279469
-0.536192 -0.838282 -0.098895
-0.021644 -0.999754 0.004862
-0.536192 -0.838282 -0.098895
-0.688205 -0.724936 0.029011
-0.021644 -0.999754 0.004862
-0.021644 -0.999754 0.004862
-0.688205 -0.724936 0.029011
-0.273486 -0.828977 0.487856
-0.688205 -0.724936 0.029011
-0.785970 -0.572754 0.232817
-0.273486 -0.828977 0.487856
-0.273486 -0.828977 0.487856
-0.785970 -0.572754 0.232817
-0.527202 -0.730059 0.434824
-0.785970 -0.572754 0.232817
-0.867582 -0.464420 0.177808
-0.527202 -0.730059 0.434824
0.947816 0.261582 0.182264
0.973541 0.215507 0.075989
0.803433 -0.499135 0.324593
0.973541 0.215507 0.075989
0.809309 -0.587382 -0.000862
0.803433 -0.499135 0.324593
0.803433 -0.499135 0.324593
0.809309 -0.587382 -0.000862
-0.273486 -0.828977 0.487856
-0.273486 -0.828977 0.487856
0.809309 -0.587382 -0.000862
-0.021644 -0.999754 0.004862
0.809309 -0.587382 -0.000862
0.796339 -0.592208 -0.123020
-0.021644 -0.999754 0.004862
-0.021644 -0.999754 0.004862
0.796339 -0.592208 -0.123020
-0.070433 -0.957568 -0.279469
0.796339 -0.592208 -0.123020
0.808429 -0.579082 -0.105384
-0.070433 -0.957568 -0.279469
-0.070433 -0.957568 -0.279469
0.808429 -0.579082 -0.105384
-0.075047 -0.978254 -0.193359
-0.075047 -0.978254 -0.193359
0.808429 -0.579082 -0.105384
-0.120931 -0.991148 -0.054792
-0.120931 -0.991148 -0.054792
0.808429 -0.579082 -0.105384
0.791934 -0.604985 -0.082665
0.791934 -0.604985 -0.082665
0.808429 -0.579082 -0.105384
0.932079 0.362114 -0.010151
0.932079 0.362114 -0.010151
0.808429 -0.579082 -0.105384
0.954039 0.299675 -0.002170
0.808429 -0.579082 -0.105384
0.796339 -0.592208 -0.123020
0.954039 0.299675 -0.002170
0.796339 -0.592208 -0.123020
0.809309 -0.587382 -0.000862
0.954039 0.299675 -0.002170
0.809309 -0.587382 -0.000862
0.973541 0.215507 0.075989
0.954039 0.299675 -0.002170
0.954039 0.299675 -0.002170
0.973541 0.215507 0.075989
0.202066 0.969707 0.137247
0.973541 0.215507 0.075989
0.317870 0.929856 0.185273
0.202066 0.969707 0.137247
0.973541 0.215507 0.075989
0.947816 0.261582 0.182264
0.317870 0.929856 0.185273
0.947816 0.261582 0.182264
0.383729 0.915930 0.117572
0.317870 0.929856 0.185273
0.383729 0.915930 0.117572
-0.742696 0.658989 0.118894
0.317870 0.929856 0.185273
-0.742696 0.658989 0.118894
-0.823337 0.545567 0.156438
0.317870 0.929856 0.185273
0.317870 0.929856 0.185273
-0.823337 0.545567 0.156438
0.202066 0.969707 0.137247
-0.823337 0.545567 0.156438
-0.822741 0.564576 0.065970
0.202066 0.969707 0.137247
0.202066 0.969707 0.137247
-0.822741 0.564576 0.065970
0.142967 0.988987 0.038275
-0.822741 0.564576 0.065970
-0.824324 0.566054 0.008602
0.142967 0.988987 0.038275
-0.824324 0.566054 0.008602
-0.303235 0.849287 -0.432157
0.142967 0.988987 0.038275
0.142967 0.988987 0.038275
-0.303235 0.849287 -0.432157
0.424145 0.892356 -0.154278
-0.303235 0.849287 -0.432157
0.102404 0.985662 -0.134104
0.424145 0.892356 -0.154278
0.102404 0.985662 -0.134104
0.602727 0.796545 -0.047287
0.424145 0.892356 -0.154278
0.602727 0.796545 -0.047287
0.969377 0.242790 0.036903
0.424145 0.892356 -0.154278
0.424145 0.892356 -0.154278
0.969377 0.242790 0.036903
0.932079 0.362114 -0.010151
0.969377 0.242790 0.036903
0.821090 -0.570795 0.002031
0.932079 0.362114 -0.010151
0.932079 0.362114 -0.010151
0.821090 -0.570795 0.002031
0.791934 -0.604985 -0.082665
0.791934 -0.604985 -0.082665
0.821090 -0.570795 0.002031
-0.120931 -0.991148 -0.054792
0.821090 -0.570795 0.002031
0.106972 -0.970151 -0.217632
-0.120931 -0.991148 -0.054792
-0.983004 0.183091 -0.013474
-0.416384 -0.426000 -0.803211
-0.824324 0.566054 0.008602
-0.824324 0.566054 0.008602
-0.416384 -0.426000 -0.803211
-0.303235 0.849287 -0.432157
-0.416384 -0.426000 -0.803211
-0.016001 0.549188 -0.835545
-0.303235 0.849287 -0.432157
-0.016001 0.549188 -0.835545
0.003086 0.970424 -0.241387
-0.303235 0.849287 -0.432157
-0.303235 0.849287 -0.432157
0.003086 0.970424 -0.241387
0.102404 0.985662 -0.134104
0.003086 0.970424 -0.241387
-0.008233 0.978324 0.206918
0.102404 0.985662 -0.134104
-0.008233 0.978324 0.206918
0.634437 0.740691 0.221058
0.102404 0.985662 -0.134104
0.102404 0.985662 -0.134104
0.634437 0.740691 0.221058
0.602727 0.796545 -0.047287
0.634437 0.740691 0.221058
0.991487 0.126352 0.031429
0.602727 0.796545 -0.047287
0.602727 0.796545 -0.047287
0.991487 0.126352 0.031429
0.969377 0.242790 0.036903
0.991487 0.126352 0.031429
0.716101 -0.697579 -0.024133
0.969377 0.242790 0.036903
0.969377 0.242790 0.036903
0.716101 -0.697579 -0.024133
0.821090 -0.570795 0.002031
0.821090 -0.570795 0.002031
0.716101 -0.697579 -0.024133
0.106972 -0.970151 -0.217632
0.716101 -0.697579 -0.024133
0.316302 -0.948358 -0.023858
0.106972 -0.970151 -0.217632
-0.001524 -0.995576 -0.093944
0.316302 -0.948358 -0.023858
0.750333 -0.652538 -0.105803
0.316302 -0.948358 -0.023858
0.716101 -0.697579 -0.024133
0.750333 -0.652538 -0.105803
0.750333 -0.652538 -0.105803
0.716101 -0.697579 -0.024133
0.988304 0.113246 -0.102134
0.716101 -0.697579 -0.024133
0.991487 0.126352 0.031429
0.988304 0.113246 -0.102134
0.988304 0.113246 -0.102134
0.991487 0.126352 0.031429
0.643019 0.698599 0.313825
0.991487 0.126352 0.031429
0.634437 0.740691 0.221058
0.643019 0.698599 0.313825
0.643019 0.698599 0.313825
0.634437 0.740691 0.221058
-0.009541 0.951433 0.307708
0.634437 0.740691 0.221058
-0.008233 0.978324 0.206918
-0.009541 0.951433 0.307708
-0.008233 0.978324 0.206918
-0.650055 0.736559 0.186840
-0.009541 0.951433 0.307708
-0.009541 0.951433 0.307708
-0.650055 0.736559 0.186840
-0.643687 0.730184 0.229124
-0.650055 0.736559 0.186840
-0.991003 0.130621 0.029190
-0.643687 0.730184 0.229124
-0.643687 0.730184 0.229124
-0.991003 0.130621 0.029190
-0.985611 0.133284 -0.103955
-0.991003 0.130621 0.029190
-0.725437 -0.687688 -0.028742
-0.985611 0.133284 -0.103955
-0.985611 0.133284 -0.103955
-0.725437 -0.687688 -0.028742
-0.750367 -0.655544 -0.084926
-0.725437 -0.687688 -0.028742
-0.323724 -0.945794 -0.025999
-0.750367 -0.655544 -0.084926
-0.750367 -0.655544 -0.084926
-0.323724 -0.945794 -0.025999
-0.001524 -0.995576 -0.093944
-0.842190 -0.537668 -0.040352
-0.803178 -0.595088 -0.027849
-0.936428 0.350387 0.018236
-0.936428 0.350387 0.018236
-0.803178 -0.595088 -0.027849
-0.989394 0.143183 0.024452
-0.803178 -0.595088 -0.027849
-0.725437 -0.687688 -0.028742
-0.989394 0.143183 0.024452
-0.725437 -0.687688 -0.028742
-0.991003 0.130621 0.029190
-0.989394 0.143183 0.024452
-0.989394 0.143183 0.024452
-0.991003 0.130621 0.029190
-0.622699 0.780512 -0.055202
-0.991003 0.130621 0.029190
-0.650055 0.736559 0.186840
-0.622699 0.780512 -0.055202
-0.622699 0.780512 -0.055202
-0.650055 0.736559 0.186840
-0.097944 0.985703 -0.137098
-0.650055 0.736559 0.186840
-0.008233 0.978324 0.206918
-0.097944 0.985703 -0.137098
-0.008233 0.978324 0.206918
0.003086 0.970424 -0.241387
-0.097944 0.985703 -0.137098
0.003086 0.970424 -0.241387
0.428224 0.883492 -0.189912
-0.097944 0.985703 -0.137098
-0.097944 0.985703 -0.137098
0.428224 0.883492 -0.189912
-0.463329 0.873225 -0.151015
-0.463329 0.873225 -0.151015
0.428224 0.883492 -0.189912
-0.141264 0.989391 0.033896
0.428224 0.883492 -0.189912
0.840883 0.541134 0.009477
-0.141264 0.989391 0.033896
0.840883 0.541134 0.009477
0.834978 0.549800 -0.023070
-0.141264 0.989391 0.033896
-0.141264 0.989391 0.033896
0.834978 0.549800 -0.023070
-0.086683 0.994184 0.063914
0.834978 0.549800 -0.023070
0.860865 0.507238 0.040254
-0.086683 0.994184 0.063914
-0.086683 0.994184 0.063914
0.860865 0.507238 0.040254
-0.183502 0.972326 0.144603
0.860865 0.507238 0.040254
0.728532 0.672575 0.129938
-0.183502 0.972326 0.144603
-0.183502 0.972326 0.144603
-0.940357 0.334571 0.061573
-0.086683 0.994184 0.063914
-0.940357 0.334571 0.061573
-0.938728 0.344476 -0.011213
-0.086683 0.994184 0.063914
-0.086683 0.994184 0.063914
-0.938728 0.344476 -0.011213
-0.141264 0.989391 0.033896
-0.938728 0.344476 -0.011213
-0.936428 0.350387 0.018236
-0.141264 0.989391 0.033896
-0.141264 0.989391 0.033896
-0.936428 0.350387 0.018236
-0.463329 0.873225 -0.151015
-0.936428 0.350387 0.018236
-0.989394 0.143183 0.024452
-0.463329 0.873225 -0.151015
-0.989394 0.143183 0.024452
-0.622699 0.780512 -0.055202
-0.463329 0.873225 -0.151015
-0.463329 0.873225 -0.151015
-0.622699 0.780512 -0.055202
-0.097944 0.985703 -0.137098
0.424145 0.892356 -0.154278
0.932079 0.362114 -0.010151
0.142967 0.988987 0.038275
0.932079 0.362114 -0.010151
0.954039 0.299675 -0.002170
0.142967 0.988987 0.038275
0.142967 0.988987 0.038275
0.954039 0.299675 -0.002170
0.202066 0.969707 0.137247
-0.527202 -0.730059 0.434824
0.425615 -0.695956 0.578357
-0.273486 -0.828977 0.487856
-0.273486 -0.828977 0.487856
0.425615 -0.695956 0.578357
0.803433 -0.499135 0.324593
0.425615 -0.695956 0.578357
0.905705 -0.235808 0.352270
0.803433 -0.499135 0.324593
0.803433 -0.499135 0.324593
0.905705 -0.235808 0.352270
0.947816 0.261582 0.182264
0.905705 -0.235808 0.352270
0.920996 0.368939 0.125102
0.947816 0.261582 0.182264
0.947816 0.261582 0.182264
0.920996 0.368939 0.125102
0.383729 0.915930 0.117572
0.920996 0.368939 0.125102
0.217391 0.968746 0.119466
0.383729 0.915930 0.117572
0.217391 0.968746 0.119466
-0.729719 0.671107 0.130863
0.383729 0.915930 0.117572
0.383729 0.915930 0.117572
-0.729719 0.671107 0.130863
-0.742696 0.658989 0.118894
-0.729719 0.671107 0.130863
-0.998078 0.050911 0.035318
-0.742696 0.658989 0.118894
-0.998078 0.050911 0.035318
-0.996278 0.031853 0.080091
-0.742696 0.658989 0.118894
-0.742696 0.658989 0.118894
-0.996278 0.031853 0.080091
-0.823337 0.545567 0.156438
-0.996278 0.031853 0.080091
-0.989382 -0.031284 0.141929
-0.823337 0.545567 0.156438
-0.823337 0.545567 0.156438
-0.989382 -0.031284 0.141929
-0.822741 0.564576 0.065970
-0.989382 -0.031284 0.141929
-0.988224 0.144388 -0.050656
-0.822741 0.564576 0.065970
-0.988224 0.144388 -0.050656
-0.986285 0.147046 -0.074965
-0.822741 0.564576 0.065970
-0.822741 0.564576 0.065970
-0.986285 0.147046 -0.074965
-0.824324 0.566054 0.008602
-0.986285 0.147046 -0.074965
-0.983004 0.183091 -0.013474
-0.824324 0.566054 0.008602
</float_array>
          <technique_common>
            <accessor source="#DrawCall_0050-lib-Normal0-array" count="561" stride="3">
              <param name="X" type="float"/>
              <param name="Y" type="float"/>
              <param name="Z" type="float"/>
            </accessor>
          </technique_common>
        </source>
        <source id="DrawCall_0050-lib-UV0">
          <float_array id="DrawCall_0050-lib-UV0-array" count="244">
0.010228 0.320142
0.036068 0.197353
0.008383 0.268143
0.887642 0.239742
0.835132 0.380099
0.696280 0.235893
0.156227 0.425545
0.174855 0.568317
0.024994 0.488412
0.432810 0.211386
0.421573 0.368197
0.282691 0.250275
0.965777 0.316463
0.228109 0.062920
0.230715 0.012997
0.462319 0.062920
0.801918 0.699619
0.975006 0.576960
0.975006 0.713588
0.297398 0.919000
0.189867 0.919000
0.311382 0.719347
0.149253 0.184553
0.019868 0.066611
0.658695 0.364438
0.287487 0.180623
0.663153 0.561166
0.629366 0.696123
0.426585 0.566057
0.805125 0.915309
0.015766 0.709897
0.015766 0.573268
0.277731 0.350322
0.015849 0.215326
0.393521 0.919000
0.413183 0.710480
0.598649 0.917154
0.153903 0.306570
0.984234 0.246245
0.980543 0.059229
0.593034 0.999000
0.720041 0.999000
0.823217 0.570273
0.015766 0.999000
0.015766 0.919000
0.820718 0.999000
0.975006 0.922691
0.975006 1.002691
0.188686 0.714854
0.012013 0.267336
0.015766 0.417326
0.971315 0.408098
0.293134 0.573998
0.385754 0.999000
0.659555 0.476651
0.915655 0.058306
0.656399 0.012074
0.917249 0.012997
0.215257 0.999000
0.660967 0.059229
0.471552 0.012074
0.300212 0.999000
0.971315 0.492104
0.802174 0.499657
0.019339 0.021303
0.008383 0.277396
0.012074 0.357327
0.696280 0.235893
0.835132 0.380099
0.887642 0.239742
0.024994 0.488412
0.174855 0.568317
0.156227 0.425545
0.282691 0.250275
0.421573 0.368197
0.432810 0.211386
0.965777 0.316463
0.462319 0.062920
0.230715 0.012997
0.228109 0.062920
0.975006 0.713588
0.975006 0.576960
0.801918 0.699619
0.311382 0.719347
0.189867 0.919000
0.297398 0.919000
0.149253 0.184553
0.658695 0.364438
0.287487 0.180623
0.426585 0.566057
0.629366 0.696123
0.663153 0.561166
0.805125 0.915309
0.015766 0.573268
0.015766 0.709897
0.079267 0.285108
0.277731 0.350322
0.598649 0.917154
0.413183 0.710480
0.393521 0.919000
0.593034 0.999000
0.720041 0.999000
0.823217 0.570273
0.015766 0.919000
0.015766 0.999000
0.975006 1.002691
0.975006 0.922691
0.820718 0.999000
0.188686 0.714854
0.015766 0.417326
0.971315 0.408098
0.293134 0.573998
0.385754 0.999000
0.659555 0.476651
0.656399 0.012074
0.942821 0.057998
0.215257 0.999000
0.660967 0.059229
0.471552 0.012074
0.300212 0.999000
0.802174 0.499657
0.971315 0.492104
</float_array>
          <technique_common>
            <accessor source="#DrawCall_0050-lib-UV0-array" count="122" stride="2">
              <param name="S" type="float"/>
              <param name="T" type="float"/>
            </accessor>
          </technique_common>
        </source>
        <source id="DrawCall_0050-lib-UV1">
          <float_array id="DrawCall_0050-lib-UV1-array" count="244">
0.000000 1.000000
0.000000 1.000000
0.000000 1.000000
0.000000 1.000000
0.000000 1.000000
0.000000 1.000000
0.000000 1.000000
0.000000 1.000000
0.000000 1.000000
0.000000 1.000000
0.000000 1.000000
0.000000 1.000000
0.000000 1.000000
0.000000 1.000000
0.000000 1.000000
0.000000 1.000000
0.000000 1.000000
0.000000 1.000000
0.000000 1.000000
0.000000 1.000000
0.000000 1.000000
0.000000 1.000000
0.000000 1.000000
0.000000 1.000000
0.000000 1.000000
0.000000 1.000000
0.000000 1.000000
0.000000 1.000000
0.000000 1.000000
0.000000 1.000000
0.000000 1.000000
0.000000 1.000000
0.000000 1.000000
0.000000 1.000000
0.000000 1.000000
0.000000 1.000000
0.000000 1.000000
0.000000 1.000000
0.000000 1.000000
0.000000 1.000000
0.000000 1.000000
0.000000 1.000000
0.000000 1.000000
0.000000 1.000000
0.000000 1.000000
0.000000 1.000000
0.000000 1.000000
0.000000 1.000000
0.000000 1.000000
0.000000 1.000000
0.000000 1.000000
0.000000 1.000000
0.000000 1.000000
0.000000 1.000000
0.000000 1.000000
0.000000 1.000000
0.000000 1.000000
0.000000 1.000000
0.000000 1.000000
0.000000 1.000000
0.000000 1.000000
0.000000 1.000000
0.000000 1.000000
0.000000 1.000000
0.000000 1.000000
0.000000 1.000000
0.000000 1.000000
0.000000 1.000000
0.000000 1.000000
0.000000 1.000000
0.000000 1.000000
0.000000 1.000000
0.000000 1.000000
0.000000 1.000000
0.000000 1.000000
0.000000 1.000000
0.000000 1.000000
0.000000 1.000000
0.000000 1.000000
0.000000 1.000000
0.000000 1.000000
0.000000 1.000000
0.000000 1.000000
0.000000 1.000000
0.000000 1.000000
0.000000 1.000000
0.000000 1.000000
0.000000 1.000000
0.000000 1.000000
0.000000 1.000000
0.000000 1.000000
0.000000 1.000000
0.000000 1.000000
0.000000 1.000000
0.000000 1.000000
0.000000 1.000000
0.000000 1.000000
0.000000 1.000000
0.000000 1.000000
0.000000 1.000000
0.000000 1.000000
0.000000 1.000000
0.000000 1.000000
0.000000 1.000000
0.000000 1.000000
0.000000 1.000000
0.000000 1.000000
0.000000 1.000000
0.000000 1.000000
0.000000 1.000000
0.000000 1.000000
0.000000 1.000000
0.000000 1.000000
0.000000 1.000000
0.000000 1.000000
0.000000 1.000000
0.000000 1.000000
0.000000 1.000000
0.000000 1.000000
0.000000 1.000000
0.000000 1.000000
0.000000 1.000000
</float_array>
          <technique_common>
            <accessor source="#DrawCall_0050-lib-UV1-array" count="122" stride="2">
              <param name="S" type="float"/>
              <param name="T" type="float"/>
            </accessor>
          </technique_common>
        </source>
        <source id="DrawCall_0050-lib-UV2">
          <float_array id="DrawCall_0050-lib-UV2-array" count="244">
0.000000 1.000000
0.000000 1.000000
0.000000 1.000000
0.000000 1.000000
0.000000 1.000000
0.000000 1.000000
0.000000 1.000000
0.000000 1.000000
0.000000 1.000000
0.000000 1.000000
0.000000 1.000000
0.000000 1.000000
0.000000 1.000000
0.000000 1.000000
0.000000 1.000000
0.000000 1.000000
0.000000 1.000000
0.000000 1.000000
0.000000 1.000000
0.000000 1.000000
0.000000 1.000000
0.000000 1.000000
0.000000 1.000000
0.000000 1.000000
0.000000 1.000000
0.000000 1.000000
0.000000 1.000000
0.000000 1.000000
0.000000 1.000000
0.000000 1.000000
0.000000 1.000000
0.000000 1.000000
0.000000 1.000000
0.000000 1.000000
0.000000 1.000000
0.000000 1.000000
0.000000 1.000000
0.000000 1.000000
0.000000 1.000000
0.000000 1.000000
0.000000 1.000000
0.000000 1.000000
0.000000 1.000000
0.000000 1.000000
0.000000 1.000000
0.000000 1.000000
0.000000 1.000000
0.000000 1.000000
0.000000 1.000000
0.000000 1.000000
0.000000 1.000000
0.000000 1.000000
0.000000 1.000000
0.000000 1.000000
0.000000 1.000000
0.000000 1.000000
0.000000 1.000000
0.000000 1.000000
0.000000 1.000000
0.000000 1.000000
0.000000 1.000000
0.000000 1.000000
0.000000 1.000000
0.000000 1.000000
0.000000 1.000000
0.000000 1.000000
0.000000 1.000000
0.000000 1.000000
0.000000 1.000000
0.000000 1.000000
0.000000 1.000000
0.000000 1.000000
0.000000 1.000000
0.000000 1.000000
0.000000 1.000000
0.000000 1.000000
0.000000 1.000000
0.000000 1.000000
0.000000 1.000000
0.000000 1.000000
0.000000 1.000000
0.000000 1.000000
0.000000 1.000000
0.000000 1.000000
0.000000 1.000000
0.000000 1.000000
0.000000 1.000000
0.000000 1.000000
0.000000 1.000000
0.000000 1.000000
0.000000 1.000000
0.000000 1.000000
0.000000 1.000000
0.000000 1.000000
0.000000 1.000000
0.000000 1.000000
0.000000 1.000000
0.000000 1.000000
0.000000 1.000000
0.000000 1.000000
0.000000 1.000000
0.000000 1.000000
0.000000 1.000000
0.000000 1.000000
0.000000 1.000000
0.000000 1.000000
0.000000 1.000000
0.000000 1.000000
0.000000 1.000000
0.000000 1.000000
0.000000 1.000000
0.000000 1.000000
0.000000 1.000000
0.000000 1.000000
0.000000 1.000000
0.000000 1.000000
0.000000 1.000000
0.000000 1.000000
0.000000 1.000000
0.000000 1.000000
0.000000 1.000000
0.000000 1.000000
</float_array>
          <technique_common>
            <accessor source="#DrawCall_0050-lib-UV2-array" count="122" stride="2">
              <param name="S" type="float"/>
              <param name="T" type="float"/>
            </accessor>
          </technique_common>
        </source>
        <source id="DrawCall_0050-lib-UV3">
          <float_array id="DrawCall_0050-lib-UV3-array" count="244">
0.000000 1.000000
0.000000 1.000000
0.000000 1.000000
0.000000 1.000000
0.000000 1.000000
0.000000 1.000000
0.000000 1.000000
0.000000 1.000000
0.000000 1.000000
0.000000 1.000000
0.000000 1.000000
0.000000 1.000000
0.000000 1.000000
0.000000 1.000000
0.000000 1.000000
0.000000 1.000000
0.000000 1.000000
0.000000 1.000000
0.000000 1.000000
0.000000 1.000000
0.000000 1.000000
0.000000 1.000000
0.000000 1.000000
0.000000 1.000000
0.000000 1.000000
0.000000 1.000000
0.000000 1.000000
0.000000 1.000000
0.000000 1.000000
0.000000 1.000000
0.000000 1.000000
0.000000 1.000000
0.000000 1.000000
0.000000 1.000000
0.000000 1.000000
0.000000 1.000000
0.000000 1.000000
0.000000 1.000000
0.000000 1.000000
0.000000 1.000000
0.000000 1.000000
0.000000 1.000000
0.000000 1.000000
0.000000 1.000000
0.000000 1.000000
0.000000 1.000000
0.000000 1.000000
0.000000 1.000000
0.000000 1.000000
0.000000 1.000000
0.000000 1.000000
0.000000 1.000000
0.000000 1.000000
0.000000 1.000000
0.000000 1.000000
0.000000 1.000000
0.000000 1.000000
0.000000 1.000000
0.000000 1.000000
0.000000 1.000000
0.000000 1.000000
0.000000 1.000000
0.000000 1.000000
0.000000 1.000000
0.000000 1.000000
0.000000 1.000000
0.000000 1.000000
0.000000 1.000000
0.000000 1.000000
0.000000 1.000000
0.000000 1.000000
0.000000 1.000000
0.000000 1.000000
0.000000 1.000000
0.000000 1.000000
0.000000 1.000000
0.000000 1.000000
0.000000 1.000000
0.000000 1.000000
0.000000 1.000000
0.000000 1.000000
0.000000 1.000000
0.000000 1.000000
0.000000 1.000000
0.000000 1.000000
0.000000 1.000000
0.000000 1.000000
0.000000 1.000000
0.000000 1.000000
0.000000 1.000000
0.000000 1.000000
0.000000 1.000000
0.000000 1.000000
0.000000 1.000000
0.000000 1.000000
0.000000 1.000000
0.000000 1.000000
0.000000 1.000000
0.000000 1.000000
0.000000 1.000000
0.000000 1.000000
0.000000 1.000000
0.000000 1.000000
0.000000 1.000000
0.000000 1.000000
0.000000 1.000000
0.000000 1.000000
0.000000 1.000000
0.000000 1.000000
0.000000 1.000000
0.000000 1.000000
0.000000 1.000000
0.000000 1.000000
0.000000 1.000000
0.000000 1.000000
0.000000 1.000000
0.000000 1.000000
0.000000 1.000000
0.000000 1.000000
0.000000 1.000000
0.000000 1.000000
0.000000 1.000000
</float_array>
          <technique_common>
            <accessor source="#DrawCall_0050-lib-UV3-array" count="122" stride="2">
              <param name="S" type="float"/>
              <param name="T" type="float"/>
            </accessor>
          </technique_common>
        </source>
        <source id="DrawCall_0050-lib-UV4">
          <float_array id="DrawCall_0050-lib-UV4-array" count="244">
0.000000 1.000000
0.000000 1.000000
0.000000 1.000000
0.000000 1.000000
0.000000 1.000000
0.000000 1.000000
0.000000 1.000000
0.000000 1.000000
0.000000 1.000000
0.000000 1.000000
0.000000 1.000000
0.000000 1.000000
0.000000 1.000000
0.000000 1.000000
0.000000 1.000000
0.000000 1.000000
0.000000 1.000000
0.000000 1.000000
0.000000 1.000000
0.000000 1.000000
0.000000 1.000000
0.000000 1.000000
0.000000 1.000000
0.000000 1.000000
0.000000 1.000000
0.000000 1.000000
0.000000 1.000000
0.000000 1.000000
0.000000 1.000000
0.000000 1.000000
0.000000 1.000000
0.000000 1.000000
0.000000 1.000000
0.000000 1.000000
0.000000 1.000000
0.000000 1.000000
0.000000 1.000000
0.000000 1.000000
0.000000 1.000000
0.000000 1.000000
0.000000 1.000000
0.000000 1.000000
0.000000 1.000000
0.000000 1.000000
0.000000 1.000000
0.000000 1.000000
0.000000 1.000000
0.000000 1.000000
0.000000 1.000000
0.000000 1.000000
0.000000 1.000000
0.000000 1.000000
0.000000 1.000000
0.000000 1.000000
0.000000 1.000000
0.000000 1.000000
0.000000 1.000000
0.000000 1.000000
0.000000 1.000000
0.000000 1.000000
0.000000 1.000000
0.000000 1.000000
0.000000 1.000000
0.000000 1.000000
0.000000 1.000000
0.000000 1.000000
0.000000 1.000000
0.000000 1.000000
0.000000 1.000000
0.000000 1.000000
0.000000 1.000000
0.000000 1.000000
0.000000 1.000000
0.000000 1.000000
0.000000 1.000000
0.000000 1.000000
0.000000 1.000000
0.000000 1.000000
0.000000 1.000000
0.000000 1.000000
0.000000 1.000000
0.000000 1.000000
0.000000 1.000000
0.000000 1.000000
0.000000 1.000000
0.000000 1.000000
0.000000 1.000000
0.000000 1.000000
0.000000 1.000000
0.000000 1.000000
0.000000 1.000000
0.000000 1.000000
0.000000 1.000000
0.000000 1.000000
0.000000 1.000000
0.000000 1.000000
0.000000 1.000000
0.000000 1.000000
0.000000 1.000000
0.000000 1.000000
0.000000 1.000000
0.000000 1.000000
0.000000 1.000000
0.000000 1.000000
0.000000 1.000000
0.000000 1.000000
0.000000 1.000000
0.000000 1.000000
0.000000 1.000000
0.000000 1.000000
0.000000 1.000000
0.000000 1.000000
0.000000 1.000000
0.000000 1.000000
0.000000 1.000000
0.000000 1.000000
0.000000 1.000000
0.000000 1.000000
0.000000 1.000000
0.000000 1.000000
0.000000 1.000000
0.000000 1.000000
</float_array>
          <technique_common>
            <accessor source="#DrawCall_0050-lib-UV4-array" count="122" stride="2">
              <param name="S" type="float"/>
              <param name="T" type="float"/>
            </accessor>
          </technique_common>
        </source>
        <source id="DrawCall_0050-lib-UV5">
          <float_array id="DrawCall_0050-lib-UV5-array" count="244">
0.000000 1.000000
0.000000 1.000000
0.000000 1.000000
0.000000 1.000000
0.000000 1.000000
0.000000 1.000000
0.000000 1.000000
0.000000 1.000000
0.000000 1.000000
0.000000 1.000000
0.000000 1.000000
0.000000 1.000000
0.000000 1.000000
0.000000 1.000000
0.000000 1.000000
0.000000 1.000000
0.000000 1.000000
0.000000 1.000000
0.000000 1.000000
0.000000 1.000000
0.000000 1.000000
0.000000 1.000000
0.000000 1.000000
0.000000 1.000000
0.000000 1.000000
0.000000 1.000000
0.000000 1.000000
0.000000 1.000000
0.000000 1.000000
0.000000 1.000000
0.000000 1.000000
0.000000 1.000000
0.000000 1.000000
0.000000 1.000000
0.000000 1.000000
0.000000 1.000000
0.000000 1.000000
0.000000 1.000000
0.000000 1.000000
0.000000 1.000000
0.000000 1.000000
0.000000 1.000000
0.000000 1.000000
0.000000 1.000000
0.000000 1.000000
0.000000 1.000000
0.000000 1.000000
0.000000 1.000000
0.000000 1.000000
0.000000 1.000000
0.000000 1.000000
0.000000 1.000000
0.000000 1.000000
0.000000 1.000000
0.000000 1.000000
0.000000 1.000000
0.000000 1.000000
0.000000 1.000000
0.000000 1.000000
0.000000 1.000000
0.000000 1.000000
0.000000 1.000000
0.000000 1.000000
0.000000 1.000000
0.000000 1.000000
0.000000 1.000000
0.000000 1.000000
0.000000 1.000000
0.000000 1.000000
0.000000 1.000000
0.000000 1.000000
0.000000 1.000000
0.000000 1.000000
0.000000 1.000000
0.000000 1.000000
0.000000 1.000000
0.000000 1.000000
0.000000 1.000000
0.000000 1.000000
0.000000 1.000000
0.000000 1.000000
0.000000 1.000000
0.000000 1.000000
0.000000 1.000000
0.000000 1.000000
0.000000 1.000000
0.000000 1.000000
0.000000 1.000000
0.000000 1.000000
0.000000 1.000000
0.000000 1.000000
0.000000 1.000000
0.000000 1.000000
0.000000 1.000000
0.000000 1.000000
0.000000 1.000000
0.000000 1.000000
0.000000 1.000000
0.000000 1.000000
0.000000 1.000000
0.000000 1.000000
0.000000 1.000000
0.000000 1.000000
0.000000 1.000000
0.000000 1.000000
0.000000 1.000000
0.000000 1.000000
0.000000 1.000000
0.000000 1.000000
0.000000 1.000000
0.000000 1.000000
0.000000 1.000000
0.000000 1.000000
0.000000 1.000000
0.000000 1.000000
0.000000 1.000000
0.000000 1.000000
0.000000 1.000000
0.000000 1.000000
0.000000 1.000000
0.000000 1.000000
0.000000 1.000000
</float_array>
          <technique_common>
            <accessor source="#DrawCall_0050-lib-UV5-array" count="122" stride="2">
              <param name="S" type="float"/>
              <param name="T" type="float"/>
            </accessor>
          </technique_common>
        </source>
        <source id="DrawCall_0050-lib-UV6">
          <float_array id="DrawCall_0050-lib-UV6-array" count="244">
0.000000 1.000000
0.000000 1.000000
0.000000 1.000000
0.000000 1.000000
0.000000 1.000000
0.000000 1.000000
0.000000 1.000000
0.000000 1.000000
0.000000 1.000000
0.000000 1.000000
0.000000 1.000000
0.000000 1.000000
0.000000 1.000000
0.000000 1.000000
0.000000 1.000000
0.000000 1.000000
0.000000 1.000000
0.000000 1.000000
0.000000 1.000000
0.000000 1.000000
0.000000 1.000000
0.000000 1.000000
0.000000 1.000000
0.000000 1.000000
0.000000 1.000000
0.000000 1.000000
0.000000 1.000000
0.000000 1.000000
0.000000 1.000000
0.000000 1.000000
0.000000 1.000000
0.000000 1.000000
0.000000 1.000000
0.000000 1.000000
0.000000 1.000000
0.000000 1.000000
0.000000 1.000000
0.000000 1.000000
0.000000 1.000000
0.000000 1.000000
0.000000 1.000000
0.000000 1.000000
0.000000 1.000000
0.000000 1.000000
0.000000 1.000000
0.000000 1.000000
0.000000 1.000000
0.000000 1.000000
0.000000 1.000000
0.000000 1.000000
0.000000 1.000000
0.000000 1.000000
0.000000 1.000000
0.000000 1.000000
0.000000 1.000000
0.000000 1.000000
0.000000 1.000000
0.000000 1.000000
0.000000 1.000000
0.000000 1.000000
0.000000 1.000000
0.000000 1.000000
0.000000 1.000000
0.000000 1.000000
0.000000 1.000000
0.000000 1.000000
0.000000 1.000000
0.000000 1.000000
0.000000 1.000000
0.000000 1.000000
0.000000 1.000000
0.000000 1.000000
0.000000 1.000000
0.000000 1.000000
0.000000 1.000000
0.000000 1.000000
0.000000 1.000000
0.000000 1.000000
0.000000 1.000000
0.000000 1.000000
0.000000 1.000000
0.000000 1.000000
0.000000 1.000000
0.000000 1.000000
0.000000 1.000000
0.000000 1.000000
0.000000 1.000000
0.000000 1.000000
0.000000 1.000000
0.000000 1.000000
0.000000 1.000000
0.000000 1.000000
0.000000 1.000000
0.000000 1.000000
0.000000 1.000000
0.000000 1.000000
0.000000 1.000000
0.000000 1.000000
0.000000 1.000000
0.000000 1.000000
0.000000 1.000000
0.000000 1.000000
0.000000 1.000000
0.000000 1.000000
0.000000 1.000000
0.000000 1.000000
0.000000 1.000000
0.000000 1.000000
0.000000 1.000000
0.000000 1.000000
0.000000 1.000000
0.000000 1.000000
0.000000 1.000000
0.000000 1.000000
0.000000 1.000000
0.000000 1.000000
0.000000 1.000000
0.000000 1.000000
0.000000 1.000000
0.000000 1.000000
0.000000 1.000000
0.000000 1.000000
</float_array>
          <technique_common>
            <accessor source="#DrawCall_0050-lib-UV6-array" count="122" stride="2">
              <param name="S" type="float"/>
              <param name="T" type="float"/>
            </accessor>
          </technique_common>
        </source>
        <source id="DrawCall_0050-lib-UV7">
          <float_array id="DrawCall_0050-lib-UV7-array" count="244">
0.000000 1.000000
0.000000 1.000000
0.000000 1.000000
0.000000 1.000000
0.000000 1.000000
0.000000 1.000000
0.000000 1.000000
0.000000 1.000000
0.000000 1.000000
0.000000 1.000000
0.000000 1.000000
0.000000 1.000000
0.000000 1.000000
0.000000 1.000000
0.000000 1.000000
0.000000 1.000000
0.000000 1.000000
0.000000 1.000000
0.000000 1.000000
0.000000 1.000000
0.000000 1.000000
0.000000 1.000000
0.000000 1.000000
0.000000 1.000000
0.000000 1.000000
0.000000 1.000000
0.000000 1.000000
0.000000 1.000000
0.000000 1.000000
0.000000 1.000000
0.000000 1.000000
0.000000 1.000000
0.000000 1.000000
0.000000 1.000000
0.000000 1.000000
0.000000 1.000000
0.000000 1.000000
0.000000 1.000000
0.000000 1.000000
0.000000 1.000000
0.000000 1.000000
0.000000 1.000000
0.000000 1.000000
0.000000 1.000000
0.000000 1.000000
0.000000 1.000000
0.000000 1.000000
0.000000 1.000000
0.000000 1.000000
0.000000 1.000000
0.000000 1.000000
0.000000 1.000000
0.000000 1.000000
0.000000 1.000000
0.000000 1.000000
0.000000 1.000000
0.000000 1.000000
0.000000 1.000000
0.000000 1.000000
0.000000 1.000000
0.000000 1.000000
0.000000 1.000000
0.000000 1.000000
0.000000 1.000000
0.000000 1.000000
0.000000 1.000000
0.000000 1.000000
0.000000 1.000000
0.000000 1.000000
0.000000 1.000000
0.000000 1.000000
0.000000 1.000000
0.000000 1.000000
0.000000 1.000000
0.000000 1.000000
0.000000 1.000000
0.000000 1.000000
0.000000 1.000000
0.000000 1.000000
0.000000 1.000000
0.000000 1.000000
0.000000 1.000000
0.000000 1.000000
0.000000 1.000000
0.000000 1.000000
0.000000 1.000000
0.000000 1.000000
0.000000 1.000000
0.000000 1.000000
0.000000 1.000000
0.000000 1.000000
0.000000 1.000000
0.000000 1.000000
0.000000 1.000000
0.000000 1.000000
0.000000 1.000000
0.000000 1.000000
0.000000 1.000000
0.000000 1.000000
0.000000 1.000000
0.000000 1.000000
0.000000 1.000000
0.000000 1.000000
0.000000 1.000000
0.000000 1.000000
0.000000 1.000000
0.000000 1.000000
0.000000 1.000000
0.000000 1.000000
0.000000 1.000000
0.000000 1.000000
0.000000 1.000000
0.000000 1.000000
0.000000 1.000000
0.000000 1.000000
0.000000 1.000000
0.000000 1.000000
0.000000 1.000000
0.000000 1.000000
0.000000 1.000000
0.000000 1.000000
0.000000 1.000000
</float_array>
          <technique_common>
            <accessor source="#DrawCall_0050-lib-UV7-array" count="122" stride="2">
              <param name="S" type="float"/>
              <param name="T" type="float"/>
            </accessor>
          </technique_common>
        </source>
        <vertices id="DrawCall_0050-lib-Vertex">
          <input semantic="POSITION" source="#DrawCall_0050-lib-Position"/>
        </vertices>
        <polygons material="Material__7460" count="187">
          <input semantic="VERTEX" offset="0" source="#DrawCall_0050-lib-Vertex"/>
          <input semantic="NORMAL" offset="1" source="#DrawCall_0050-lib-Normal0"/>
          <input semantic="TEXCOORD" offset="2" set="0" source="#DrawCall_0050-lib-UV0"/>
          <input semantic="TEXCOORD" offset="3" set="1" source="#DrawCall_0050-lib-UV1"/>
          <input semantic="TEXCOORD" offset="4" set="2" source="#DrawCall_0050-lib-UV2"/>
          <input semantic="TEXCOORD" offset="5" set="3" source="#DrawCall_0050-lib-UV3"/>
          <input semantic="TEXCOORD" offset="6" set="4" source="#DrawCall_0050-lib-UV4"/>
          <input semantic="TEXCOORD" offset="7" set="5" source="#DrawCall_0050-lib-UV5"/>
          <input semantic="TEXCOORD" offset="8" set="6" source="#DrawCall_0050-lib-UV6"/>
          <input semantic="TEXCOORD" offset="9" set="7" source="#DrawCall_0050-lib-UV7"/>
          <p>2 0 2 2 2 2 2 2 2 2 0 1 0 0 0 0 0 0 0 0 1 2 1 1 1 1 1 1 1 1</p>
          <p>2 3 2 2 2 2 2 2 2 2 0 4 0 0 0 0 0 0 0 0 1 5 1 1 1 1 1 1 1 1</p>
          <p>66 6 66 66 66 66 66 66 66 66 65 7 65 65 65 65 65 65 65 65 1 8 1 1 1 1 1 1 1 1</p>
          <p>95 9 95 95 95 95 95 95 95 95 65 10 65 65 65 65 65 65 65 65 66 11 66 66 66 66 66 66 66 66</p>
          <p>65 12 65 65 65 65 65 65 65 65 1 13 1 1 1 1 1 1 1 1 66 14 66 66 66 66 66 66 66 66</p>
          <p>95 15 95 95 95 95 95 95 95 95 66 16 66 66 66 66 66 66 66 66 72 17 72 72 72 72 72 72 72 72</p>
          <p>66 18 66 66 66 66 66 66 66 66 109 19 109 109 109 109 109 109 109 109 72 20 72 72 72 72 72 72 72 72</p>
          <p>109 21 109 109 109 109 109 109 109 109 70 22 70 70 70 70 70 70 70 70 72 23 72 72 72 72 72 72 72 72</p>
          <p>72 24 72 72 72 72 72 72 72 72 70 25 70 70 70 70 70 70 70 70 71 26 71 71 71 71 71 71 71 71</p>
          <p>70 27 70 70 70 70 70 70 70 70 93 28 93 93 93 93 93 93 93 93 71 29 71 71 71 71 71 71 71 71</p>
          <p>93 30 93 93 93 93 93 93 93 93 94 31 94 94 94 94 94 94 94 94 71 32 71 71 71 71 71 71 71 71</p>
          <p>71 33 71 71 71 71 71 71 71 71 94 34 94 94 94 94 94 94 94 94 108 35 108 108 108 108 108 108 108 108</p>
          <p>94 36 94 94 94 94 94 94 94 94 103 37 103 103 103 103 103 103 103 103 108 38 108 108 108 108 108 108 108 108</p>
          <p>108 39 108 108 108 108 108 108 108 108 103 40 103 103 103 103 103 103 103 103 84 41 84 84 84 84 84 84 84 84</p>
          <p>103 42 103 103 103 103 103 103 103 103 104 43 104 104 104 104 104 104 104 104 84 44 84 84 84 84 84 84 84 84</p>
          <p>104 45 104 104 104 104 104 104 104 104 116 46 116 116 116 116 116 116 116 116 84 47 84 84 84 84 84 84 84 84</p>
          <p>84 48 84 84 84 84 84 84 84 84 116 49 116 116 116 116 116 116 116 116 85 50 85 85 85 85 85 85 85 85</p>
          <p>116 51 116 116 116 116 116 116 116 116 119 52 119 119 119 119 119 119 119 119 85 53 85 85 85 85 85 85 85 85</p>
          <p>119 54 119 119 119 119 119 119 119 119 112 55 112 112 112 112 112 112 112 112 85 56 85 85 85 85 85 85 85 85</p>
          <p>85 57 85 85 85 85 85 85 85 85 112 58 112 112 112 112 112 112 112 112 99 59 99 99 99 99 99 99 99 99</p>
          <p>112 60 112 112 112 112 112 112 112 112 100 61 100 100 100 100 100 100 100 100 99 62 99 99 99 99 99 99 99 99</p>
          <p>99 63 99 99 99 99 99 99 99 99 100 64 100 100 100 100 100 100 100 100 97 65 97 97 97 97 97 97 97 97</p>
          <p>100 66 100 100 100 100 100 100 100 100 101 67 101 101 101 101 101 101 101 101 97 68 97 97 97 97 97 97 97 97</p>
          <p>87 69 87 87 87 87 87 87 87 87 74 70 74 74 74 74 74 74 74 74 113 71 113 113 113 113 113 113 113 113</p>
          <p>74 72 74 74 74 74 74 74 74 74 89 73 89 89 89 89 89 89 89 89 113 74 113 113 113 113 113 113 113 113</p>
          <p>113 75 113 113 113 113 113 113 113 113 89 76 89 89 89 89 89 89 89 89 91 77 91 91 91 91 91 91 91 91</p>
          <p>91 78 91 91 91 91 91 91 91 91 89 79 89 89 89 89 89 89 89 89 90 80 90 90 90 90 90 90 90 90</p>
          <p>89 81 89 89 89 89 89 89 89 89 98 82 98 98 98 98 98 98 98 98 90 83 90 90 90 90 90 90 90 90</p>
          <p>90 84 90 90 90 90 90 90 90 90 98 85 98 98 98 98 98 98 98 98 97 86 97 97 97 97 97 97 97 97</p>
          <p>97 87 97 97 97 97 97 97 97 97 98 88 98 98 98 98 98 98 98 98 99 89 99 99 99 99 99 99 99 99</p>
          <p>98 90 98 98 98 98 98 98 98 98 83 91 83 83 83 83 83 83 83 83 99 92 99 99 99 99 99 99 99 99</p>
          <p>99 93 99 99 99 99 99 99 99 99 83 94 83 83 83 83 83 83 83 83 85 95 85 85 85 85 85 85 85 85</p>
          <p>83 96 83 83 83 83 83 83 83 83 84 97 84 84 84 84 84 84 84 84 85 98 85 85 85 85 85 85 85 85</p>
          <p>107 99 107 107 107 107 107 107 107 107 92 100 92 92 92 92 92 92 92 92 101 101 101 101 101 101 101 101 101 101</p>
          <p>101 102 101 101 101 101 101 101 101 101 92 103 92 92 92 92 92 92 92 92 97 104 97 97 97 97 97 97 97 97</p>
          <p>97 105 97 97 97 97 97 97 97 97 92 106 92 92 92 92 92 92 92 92 90 107 90 90 90 90 90 90 90 90</p>
          <p>92 108 92 92 92 92 92 92 92 92 82 109 82 82 82 82 82 82 82 82 90 110 90 90 90 90 90 90 90 90</p>
          <p>90 111 90 90 90 90 90 90 90 90 82 112 82 82 82 82 82 82 82 82 91 113 91 91 91 91 91 91 91 91</p>
          <p>82 114 82 82 82 82 82 82 82 82 102 115 102 102 102 102 102 102 102 102 91 116 91 91 91 91 91 91 91 91</p>
          <p>91 117 91 91 91 91 91 91 91 91 102 118 102 102 102 102 102 102 102 102 113 119 113 113 113 113 113 113 113 113</p>
          <p>102 120 102 102 102 102 102 102 102 102 120 121 120 120 120 120 120 120 120 120 113 122 113 113 113 113 113 113 113 113</p>
          <p>120 123 120 120 120 120 120 120 120 120 68 124 68 68 68 68 68 68 68 68 113 125 113 113 113 113 113 113 113 113</p>
          <p>113 126 113 113 113 113 113 113 113 113 68 127 68 68 68 68 68 68 68 68 87 128 87 87 87 87 87 87 87 87</p>
          <p>87 129 87 87 87 87 87 87 87 87 68 130 68 68 68 68 68 68 68 68 67 131 67 67 67 67 67 67 67 67</p>
          <p>68 132 68 68 68 68 68 68 68 68 69 133 69 69 69 69 69 69 69 69 67 134 67 67 67 67 67 67 67 67</p>
          <p>67 135 67 67 67 67 67 67 67 67 69 136 69 69 69 69 69 69 69 69 117 137 117 117 117 117 117 117 117 117</p>
          <p>69 138 69 69 69 69 69 69 69 69 115 139 115 115 115 115 115 115 115 115 117 140 117 117 117 117 117 117 117 117</p>
          <p>110 141 110 110 110 110 110 110 110 110 68 142 68 68 68 68 68 68 68 68 121 143 121 121 121 121 121 121 121 121</p>
          <p>68 144 68 68 68 68 68 68 68 68 120 145 120 120 120 120 120 120 120 120 121 146 121 121 121 121 121 121 121 121</p>
          <p>120 147 120 120 120 120 120 120 120 120 102 148 102 102 102 102 102 102 102 102 121 149 121 121 121 121 121 121 121 121</p>
          <p>121 150 121 121 121 121 121 121 121 121 102 151 102 102 102 102 102 102 102 102 81 152 81 81 81 81 81 81 81 81</p>
          <p>102 153 102 102 102 102 102 102 102 102 82 154 82 82 82 82 82 82 82 82 81 155 81 81 81 81 81 81 81 81</p>
          <p>81 156 81 81 81 81 81 81 81 81 82 157 82 82 82 82 82 82 82 82 80 158 80 80 80 80 80 80 80 80</p>
          <p>82 159 82 82 82 82 82 82 82 82 92 160 92 92 92 92 92 92 92 92 80 161 80 80 80 80 80 80 80 80</p>
          <p>80 162 80 80 80 80 80 80 80 80 92 163 92 92 92 92 92 92 92 92 106 164 106 106 106 106 106 106 106 106</p>
          <p>92 165 92 92 92 92 92 92 92 92 107 166 107 107 107 107 107 107 107 107 106 167 106 106 106 106 106 106 106 106</p>
          <p>106 168 106 106 106 106 106 106 106 106 107 169 107 107 107 107 107 107 107 107 105 170 105 105 105 105 105 105 105 105</p>
          <p>110 171 110 110 110 110 110 110 110 110 76 172 76 76 76 76 76 76 76 76 68 173 68 68 68 68 68 68 68 68</p>
          <p>68 174 68 68 68 68 68 68 68 68 76 175 76 76 76 76 76 76 76 76 69 176 69 69 69 69 69 69 69 69</p>
          <p>76 177 76 76 76 76 76 76 76 76 38 178 38 38 38 38 38 38 38 38 69 179 69 69 69 69 69 69 69 69</p>
          <p>69 180 69 69 69 69 69 69 69 69 38 181 38 38 38 38 38 38 38 38 39 182 39 39 39 39 39 39 39 39</p>
          <p>39 183 39 39 39 39 39 39 39 39 38 184 38 38 38 38 38 38 38 38 3 185 3 3 3 3 3 3 3 3</p>
          <p>38 186 38 38 38 38 38 38 38 38 12 187 12 12 12 12 12 12 12 12 3 188 3 3 3 3 3 3 3 3</p>
          <p>3 189 3 3 3 3 3 3 3 3 12 190 12 12 12 12 12 12 12 12 4 191 4 4 4 4 4 4 4 4</p>
          <p>12 192 12 12 12 12 12 12 12 12 51 193 51 51 51 51 51 51 51 51 4 194 4 4 4 4 4 4 4 4</p>
          <p>51 195 51 51 51 51 51 51 51 51 62 196 62 62 62 62 62 62 62 62 4 197 4 4 4 4 4 4 4 4</p>
          <p>4 198 4 4 4 4 4 4 4 4 62 199 62 62 62 62 62 62 62 62 63 200 63 63 63 63 63 63 63 63</p>
          <p>63 201 63 63 63 63 63 63 63 63 62 202 62 62 62 62 62 62 62 62 42 203 42 42 42 42 42 42 42 42</p>
          <p>62 204 62 62 62 62 62 62 62 62 17 205 17 17 17 17 17 17 17 17 42 206 42 42 42 42 42 42 42 42</p>
          <p>42 207 42 42 42 42 42 42 42 42 17 208 17 17 17 17 17 17 17 17 16 209 16 16 16 16 16 16 16 16</p>
          <p>17 210 17 17 17 17 17 17 17 17 18 211 18 18 18 18 18 18 18 18 16 212 16 16 16 16 16 16 16 16</p>
          <p>16 213 16 16 16 16 16 16 16 16 18 214 18 18 18 18 18 18 18 18 29 215 29 29 29 29 29 29 29 29</p>
          <p>18 216 18 18 18 18 18 18 18 18 46 217 46 46 46 46 46 46 46 46 29 218 29 29 29 29 29 29 29 29</p>
          <p>29 219 29 29 29 29 29 29 29 29 46 220 46 46 46 46 46 46 46 46 45 221 45 45 45 45 45 45 45 45</p>
          <p>46 222 46 46 46 46 46 46 46 46 47 223 47 47 47 47 47 47 47 47 45 224 45 45 45 45 45 45 45 45</p>
          <p>34 225 34 34 34 34 34 34 34 34 35 226 35 35 35 35 35 35 35 35 36 227 36 36 36 36 36 36 36 36</p>
          <p>35 228 35 35 35 35 35 35 35 35 27 229 27 27 27 27 27 27 27 27 36 230 36 36 36 36 36 36 36 36</p>
          <p>36 231 36 36 36 36 36 36 36 36 27 232 27 27 27 27 27 27 27 27 29 233 29 29 29 29 29 29 29 29</p>
          <p>29 234 29 29 29 29 29 29 29 29 27 235 27 27 27 27 27 27 27 27 16 236 16 16 16 16 16 16 16 16</p>
          <p>27 237 27 27 27 27 27 27 27 27 26 238 26 26 26 26 26 26 26 26 16 239 16 16 16 16 16 16 16 16</p>
          <p>16 240 16 16 16 16 16 16 16 16 26 241 26 26 26 26 26 26 26 26 42 242 42 42 42 42 42 42 42 42</p>
          <p>26 243 26 26 26 26 26 26 26 26 54 244 54 54 54 54 54 54 54 54 42 245 42 42 42 42 42 42 42 42</p>
          <p>42 246 42 42 42 42 42 42 42 42 54 247 54 54 54 54 54 54 54 54 63 248 63 63 63 63 63 63 63 63</p>
          <p>63 249 63 63 63 63 63 63 63 63 54 250 54 54 54 54 54 54 54 54 4 251 4 4 4 4 4 4 4 4</p>
          <p>4 252 4 4 4 4 4 4 4 4 54 253 54 54 54 54 54 54 54 54 24 254 24 24 24 24 24 24 24 24</p>
          <p>24 255 24 24 24 24 24 24 24 24 54 256 54 54 54 54 54 54 54 54 10 257 10 10 10 10 10 10 10 10</p>
          <p>10 258 10 10 10 10 10 10 10 10 54 259 54 54 54 54 54 54 54 54 28 260 28 28 28 28 28 28 28 28</p>
          <p>54 261 54 54 54 54 54 54 54 54 26 262 26 26 26 26 26 26 26 26 28 263 28 28 28 28 28 28 28 28</p>
          <p>26 264 26 26 26 26 26 26 26 26 27 265 27 27 27 27 27 27 27 27 28 266 28 28 28 28 28 28 28 28</p>
          <p>27 267 27 27 27 27 27 27 27 27 35 268 35 35 35 35 35 35 35 35 28 269 28 28 28 28 28 28 28 28</p>
          <p>28 270 28 28 28 28 28 28 28 28 35 271 35 35 35 35 35 35 35 35 52 272 52 52 52 52 52 52 52 52</p>
          <p>35 273 35 35 35 35 35 35 35 35 21 274 21 21 21 21 21 21 21 21 52 275 52 52 52 52 52 52 52 52</p>
          <p>35 276 35 35 35 35 35 35 35 35 34 277 34 34 34 34 34 34 34 34 21 278 21 21 21 21 21 21 21 21</p>
          <p>34 279 34 34 34 34 34 34 34 34 19 280 19 19 19 19 19 19 19 19 21 281 21 21 21 21 21 21 21 21</p>
          <p>19 282 19 19 19 19 19 19 19 19 20 283 20 20 20 20 20 20 20 20 21 284 21 21 21 21 21 21 21 21</p>
          <p>20 285 20 20 20 20 20 20 20 20 48 286 48 48 48 48 48 48 48 48 21 287 21 21 21 21 21 21 21 21</p>
          <p>21 288 21 21 21 21 21 21 21 21 48 289 48 48 48 48 48 48 48 48 52 290 52 52 52 52 52 52 52 52</p>
          <p>48 291 48 48 48 48 48 48 48 48 7 292 7 7 7 7 7 7 7 7 52 293 52 52 52 52 52 52 52 52</p>
          <p>52 294 52 52 52 52 52 52 52 52 7 295 7 7 7 7 7 7 7 7 32 296 32 32 32 32 32 32 32 32</p>
          <p>7 297 7 7 7 7 7 7 7 7 6 298 6 6 6 6 6 6 6 6 32 299 32 32 32 32 32 32 32 32</p>
          <p>6 300 6 6 6 6 6 6 6 6 37 301 37 37 37 37 37 37 37 37 32 302 32 32 32 32 32 32 32 32</p>
          <p>32 303 32 32 32 32 32 32 32 32 37 304 37 37 37 37 37 37 37 37 11 305 11 11 11 11 11 11 11 11</p>
          <p>37 306 37 37 37 37 37 37 37 37 22 307 22 22 22 22 22 22 22 22 11 308 11 11 11 11 11 11 11 11</p>
          <p>22 309 22 22 22 22 22 22 22 22 25 310 25 25 25 25 25 25 25 25 11 311 11 11 11 11 11 11 11 11</p>
          <p>25 312 25 25 25 25 25 25 25 25 9 313 9 9 9 9 9 9 9 9 11 314 11 11 11 11 11 11 11 11</p>
          <p>11 315 11 11 11 11 11 11 11 11 9 316 9 9 9 9 9 9 9 9 10 317 10 10 10 10 10 10 10 10</p>
          <p>9 318 9 9 9 9 9 9 9 9 5 319 5 5 5 5 5 5 5 5 10 320 10 10 10 10 10 10 10 10</p>
          <p>10 321 10 10 10 10 10 10 10 10 5 322 5 5 5 5 5 5 5 5 24 323 24 24 24 24 24 24 24 24</p>
          <p>24 324 24 24 24 24 24 24 24 24 5 325 5 5 5 5 5 5 5 5 4 326 4 4 4 4 4 4 4 4</p>
          <p>5 327 5 5 5 5 5 5 5 5 3 328 3 3 3 3 3 3 3 3 4 329 4 4 4 4 4 4 4 4</p>
          <p>50 330 50 50 50 50 50 50 50 50 0 331 0 0 0 0 0 0 0 0 6 332 6 6 6 6 6 6 6 6</p>
          <p>6 333 6 6 6 6 6 6 6 6 0 334 0 0 0 0 0 0 0 0 37 335 37 37 37 37 37 37 37 37</p>
          <p>0 336 0 0 0 0 0 0 0 0 49 337 49 49 49 49 49 49 49 49 37 338 37 37 37 37 37 37 37 37</p>
          <p>49 339 49 49 49 49 49 49 49 49 33 340 33 33 33 33 33 33 33 33 37 341 37 37 37 37 37 37 37 37</p>
          <p>37 342 37 37 37 37 37 37 37 37 33 343 33 33 33 33 33 33 33 33 22 344 22 22 22 22 22 22 22 22</p>
          <p>33 345 33 33 33 33 33 33 33 33 23 346 23 23 23 23 23 23 23 23 22 347 22 22 22 22 22 22 22 22</p>
          <p>23 348 23 23 23 23 23 23 23 23 13 349 13 13 13 13 13 13 13 13 22 350 22 22 22 22 22 22 22 22</p>
          <p>22 351 22 22 22 22 22 22 22 22 13 352 13 13 13 13 13 13 13 13 25 353 25 25 25 25 25 25 25 25</p>
          <p>13 354 13 13 13 13 13 13 13 13 15 355 15 15 15 15 15 15 15 15 25 356 25 25 25 25 25 25 25 25</p>
          <p>25 357 25 25 25 25 25 25 25 25 15 358 15 15 15 15 15 15 15 15 9 359 9 9 9 9 9 9 9 9</p>
          <p>15 360 15 15 15 15 15 15 15 15 59 361 59 59 59 59 59 59 59 59 9 362 9 9 9 9 9 9 9 9</p>
          <p>9 363 9 9 9 9 9 9 9 9 59 364 59 59 59 59 59 59 59 59 5 365 5 5 5 5 5 5 5 5</p>
          <p>5 366 5 5 5 5 5 5 5 5 59 367 59 59 59 59 59 59 59 59 3 368 3 3 3 3 3 3 3 3</p>
          <p>59 369 59 59 59 59 59 59 59 59 55 370 55 55 55 55 55 55 55 55 3 371 3 3 3 3 3 3 3 3</p>
          <p>57 372 57 57 57 57 57 57 57 57 55 373 55 55 55 55 55 55 55 55 56 374 56 56 56 56 56 56 56 56</p>
          <p>55 375 55 55 55 55 55 55 55 55 59 376 59 59 59 59 59 59 59 59 56 377 56 56 56 56 56 56 56 56</p>
          <p>56 378 56 56 56 56 56 56 56 56 59 379 59 59 59 59 59 59 59 59 60 380 60 60 60 60 60 60 60 60</p>
          <p>59 381 59 59 59 59 59 59 59 59 15 382 15 15 15 15 15 15 15 15 60 383 60 60 60 60 60 60 60 60</p>
          <p>60 384 60 60 60 60 60 60 60 60 15 385 15 15 15 15 15 15 15 15 14 386 14 14 14 14 14 14 14 14</p>
          <p>15 387 15 15 15 15 15 15 15 15 13 388 13 13 13 13 13 13 13 13 14 389 14 14 14 14 14 14 14 14</p>
          <p>14 390 14 14 14 14 14 14 14 14 13 391 13 13 13 13 13 13 13 13 64 392 64 64 64 64 64 64 64 64</p>
          <p>13 393 13 13 13 13 13 13 13 13 23 394 23 23 23 23 23 23 23 23 64 395 64 64 64 64 64 64 64 64</p>
          <p>23 396 23 23 23 23 23 23 23 23 79 397 79 79 79 79 79 79 79 79 64 398 64 64 64 64 64 64 64 64</p>
          <p>64 399 64 64 64 64 64 64 64 64 79 400 79 79 79 79 79 79 79 79 78 401 78 78 78 78 78 78 78 78</p>
          <p>79 402 79 79 79 79 79 79 79 79 77 403 77 77 77 77 77 77 77 77 78 404 78 78 78 78 78 78 78 78</p>
          <p>78 405 78 78 78 78 78 78 78 78 77 406 77 77 77 77 77 77 77 77 118 407 118 118 118 118 118 118 118 118</p>
          <p>77 408 77 77 77 77 77 77 77 77 117 409 117 117 117 117 117 117 117 117 118 410 118 118 118 118 118 118 118 118</p>
          <p>118 411 118 118 118 118 118 118 118 118 117 412 117 117 117 117 117 117 117 117 114 413 114 114 114 114 114 114 114 114</p>
          <p>117 414 117 117 117 117 117 117 117 117 115 415 115 115 115 115 115 115 115 115 114 416 114 114 114 114 114 114 114 114</p>
          <p>114 417 114 114 114 114 114 114 114 114 115 418 115 115 115 115 115 115 115 115 57 419 57 57 57 57 57 57 57 57</p>
          <p>87 420 87 87 87 87 87 87 87 87 67 421 67 67 67 67 67 67 67 67 74 422 74 74 74 74 74 74 74 74</p>
          <p>74 423 74 74 74 74 74 74 74 74 67 424 67 67 67 67 67 67 67 67 75 425 75 75 75 75 75 75 75 75</p>
          <p>67 426 67 67 67 67 67 67 67 67 117 427 117 117 117 117 117 117 117 117 75 428 75 75 75 75 75 75 75 75</p>
          <p>117 429 117 117 117 117 117 117 117 117 77 430 77 77 77 77 77 77 77 77 75 431 75 75 75 75 75 75 75 75</p>
          <p>75 432 75 75 75 75 75 75 75 75 77 433 77 77 77 77 77 77 77 77 88 434 88 88 88 88 88 88 88 88</p>
          <p>77 435 77 77 77 77 77 77 77 77 79 436 79 79 79 79 79 79 79 79 88 437 88 88 88 88 88 88 88 88</p>
          <p>88 438 88 88 88 88 88 88 88 88 79 439 79 79 79 79 79 79 79 79 86 440 86 86 86 86 86 86 86 86</p>
          <p>79 441 79 79 79 79 79 79 79 79 23 442 23 23 23 23 23 23 23 23 86 443 86 86 86 86 86 86 86 86</p>
          <p>23 444 23 23 23 23 23 23 23 23 33 445 33 33 33 33 33 33 33 33 86 446 86 86 86 86 86 86 86 86</p>
          <p>33 447 33 33 33 33 33 33 33 33 95 448 95 95 95 95 95 95 95 95 86 449 86 86 86 86 86 86 86 86</p>
          <p>86 450 86 86 86 86 86 86 86 86 95 451 95 95 95 95 95 95 95 95 73 452 73 73 73 73 73 73 73 73</p>
          <p>73 453 73 73 73 73 73 73 73 73 95 454 95 95 95 95 95 95 95 95 96 455 96 96 96 96 96 96 96 96</p>
          <p>95 456 95 95 95 95 95 95 95 95 72 457 72 72 72 72 72 72 72 72 96 458 96 96 96 96 96 96 96 96</p>
          <p>72 459 72 72 72 72 72 72 72 72 71 460 71 71 71 71 71 71 71 71 96 461 96 96 96 96 96 96 96 96</p>
          <p>96 462 96 96 96 96 96 96 96 96 71 463 71 71 71 71 71 71 71 71 111 464 111 111 111 111 111 111 111 111</p>
          <p>71 465 71 71 71 71 71 71 71 71 108 466 108 108 108 108 108 108 108 108 111 467 111 111 111 111 111 111 111 111</p>
          <p>111 468 111 111 111 111 111 111 111 111 108 469 108 108 108 108 108 108 108 108 83 470 83 83 83 83 83 83 83 83</p>
          <p>108 471 108 108 108 108 108 108 108 108 84 472 84 84 84 84 84 84 84 84 83 473 83 83 83 83 83 83 83 83</p>
          <p>83 474 83 83 83 83 83 83 83 83 98 475 98 98 98 98 98 98 98 98 111 476 111 111 111 111 111 111 111 111</p>
          <p>98 477 98 98 98 98 98 98 98 98 89 478 89 89 89 89 89 89 89 89 111 479 111 111 111 111 111 111 111 111</p>
          <p>111 480 111 111 111 111 111 111 111 111 89 481 89 89 89 89 89 89 89 89 96 482 96 96 96 96 96 96 96 96</p>
          <p>89 483 89 89 89 89 89 89 89 89 74 484 74 74 74 74 74 74 74 74 96 485 96 96 96 96 96 96 96 96</p>
          <p>96 486 96 96 96 96 96 96 96 96 74 487 74 74 74 74 74 74 74 74 73 488 73 73 73 73 73 73 73 73</p>
          <p>74 489 74 74 74 74 74 74 74 74 75 490 75 75 75 75 75 75 75 75 73 491 73 73 73 73 73 73 73 73</p>
          <p>75 492 75 75 75 75 75 75 75 75 88 493 88 88 88 88 88 88 88 88 73 494 73 73 73 73 73 73 73 73</p>
          <p>73 495 73 73 73 73 73 73 73 73 88 496 88 88 88 88 88 88 88 88 86 497 86 86 86 86 86 86 86 86</p>
          <p>11 498 11 11 11 11 11 11 11 11 10 499 10 10 10 10 10 10 10 10 32 500 32 32 32 32 32 32 32 32</p>
          <p>10 501 10 10 10 10 10 10 10 10 28 502 28 28 28 28 28 28 28 28 32 503 32 32 32 32 32 32 32 32</p>
          <p>32 504 32 32 32 32 32 32 32 32 28 505 28 28 28 28 28 28 28 28 52 506 52 52 52 52 52 52 52 52</p>
          <p>45 507 45 45 45 45 45 45 45 45 41 508 41 41 41 41 41 41 41 41 29 509 29 29 29 29 29 29 29 29</p>
          <p>29 510 29 29 29 29 29 29 29 29 41 511 41 41 41 41 41 41 41 41 36 512 36 36 36 36 36 36 36 36</p>
          <p>41 513 41 41 41 41 41 41 41 41 40 514 40 40 40 40 40 40 40 40 36 515 36 36 36 36 36 36 36 36</p>
          <p>36 516 36 36 36 36 36 36 36 36 40 517 40 40 40 40 40 40 40 40 34 518 34 34 34 34 34 34 34 34</p>
          <p>40 519 40 40 40 40 40 40 40 40 53 520 53 53 53 53 53 53 53 53 34 521 34 34 34 34 34 34 34 34</p>
          <p>34 522 34 34 34 34 34 34 34 34 53 523 53 53 53 53 53 53 53 53 19 524 19 19 19 19 19 19 19 19</p>
          <p>53 525 53 53 53 53 53 53 53 53 61 526 61 61 61 61 61 61 61 61 19 527 19 19 19 19 19 19 19 19</p>
          <p>61 528 61 61 61 61 61 61 61 61 58 529 58 58 58 58 58 58 58 58 19 530 19 19 19 19 19 19 19 19</p>
          <p>19 531 19 19 19 19 19 19 19 19 58 532 58 58 58 58 58 58 58 58 20 533 20 20 20 20 20 20 20 20</p>
          <p>58 534 58 58 58 58 58 58 58 58 43 535 43 43 43 43 43 43 43 43 20 536 20 20 20 20 20 20 20 20</p>
          <p>43 537 43 43 43 43 43 43 43 43 44 538 44 44 44 44 44 44 44 44 20 539 20 20 20 20 20 20 20 20</p>
          <p>20 540 20 20 20 20 20 20 20 20 44 541 44 44 44 44 44 44 44 44 48 542 48 48 48 48 48 48 48 48</p>
          <p>44 543 44 44 44 44 44 44 44 44 30 544 30 30 30 30 30 30 30 30 48 545 48 48 48 48 48 48 48 48</p>
          <p>48 546 48 48 48 48 48 48 48 48 30 547 30 30 30 30 30 30 30 30 7 548 7 7 7 7 7 7 7 7</p>
          <p>30 549 30 30 30 30 30 30 30 30 31 550 31 31 31 31 31 31 31 31 7 551 7 7 7 7 7 7 7 7</p>
          <p>31 552 31 31 31 31 31 31 31 31 8 553 8 8 8 8 8 8 8 8 7 554 7 7 7 7 7 7 7 7</p>
          <p>7 555 7 7 7 7 7 7 7 7 8 556 8 8 8 8 8 8 8 8 6 557 6 6 6 6 6 6 6 6</p>
          <p>8 558 8 8 8 8 8 8 8 8 50 559 50 50 50 50 50 50 50 50 6 560 6 6 6 6 6 6 6 6</p>
        </polygons>
      </mesh>
    </geometry>
    <geometry id="DrawCall_0051-lib" name="DrawCall_0051Mesh">
      <mesh>
        <source id="DrawCall_0051-lib-Position">
          <float_array id="DrawCall_0051-lib-Position-array" count="1344">
184.492416 149.842438 -43.851151
179.554214 149.268829 -49.750221
179.435669 150.349319 -43.882038
185.714844 144.686752 -34.127537
184.735001 146.068848 -32.880825
180.355560 145.019913 -32.945591
187.272995 147.798416 -31.740284
185.781647 147.742722 -31.743317
187.150940 146.171097 -32.432240
183.622116 149.697571 -31.755810
185.701981 149.534210 -32.234844
183.543228 151.181351 -34.177540
179.438248 151.506622 -34.295174
179.433655 150.139465 -31.742699
184.238968 148.440704 -49.750225
184.427505 148.752563 -51.812744
179.431091 149.831741 -51.812733
181.733398 146.264099 -32.196320
185.776550 146.175140 -32.683758
184.928146 147.755707 -32.005814
184.928146 147.755707 -32.005814
185.781647 147.742722 -31.743317
187.272995 147.798416 -31.740284
185.920898 149.629318 -40.163029
187.519287 147.549927 -37.107742
186.214645 146.136185 -40.151772
186.214645 146.136185 -40.151772
187.519287 147.549927 -37.107742
186.764801 145.433655 -35.986435
181.116943 148.638870 -30.635338
184.559143 151.321884 -40.050671
186.594910 150.539551 -34.118050
186.777863 149.919922 -36.295094
185.838928 145.720978 -44.259296
184.962616 142.590897 -40.161613
183.026703 142.397064 -36.856586
179.351898 143.649292 -34.193317
179.284470 141.914505 -36.974209
179.405487 141.108658 -40.671547
179.405350 141.305161 -43.228138
179.441940 151.764023 -40.152512
182.174408 147.448990 -31.072414
182.174408 147.448990 -31.072414
184.780411 142.851547 -43.853951
185.838928 145.720978 -44.259296
187.331482 149.354065 -32.236225
179.432541 149.081573 -30.572903
186.949417 145.306824 -34.361813
185.857071 146.372757 -51.812740
185.167480 145.750061 -49.750225
185.167480 145.750061 -49.750225
184.906631 142.500916 -51.812729
185.857071 146.372757 -51.812740
184.281860 142.565521 -49.750225
179.400208 140.581802 -51.937737
179.276672 141.019730 -49.750206
173.698395 149.435028 -44.008224
173.130280 144.917709 -34.240299
174.484650 145.978073 -32.818306
173.311905 145.977966 -32.426819
171.705063 146.232254 -32.477303
173.069534 147.784515 -31.868382
171.586349 147.847778 -31.799469
175.439682 151.224884 -34.068302
173.222885 149.523697 -32.288559
175.309677 149.725327 -31.943310
174.427567 148.785919 -51.875229
174.487991 148.160736 -49.750206
173.069534 147.784515 -31.868382
174.177383 147.541580 -32.068302
174.177383 147.541580 -32.068302
171.586349 147.847778 -31.799469
172.881516 146.866135 -40.151543
171.144730 147.604858 -36.982548
173.252731 149.675369 -40.112350
172.071808 145.483109 -36.049431
177.433685 148.838486 -30.635330
172.462234 149.968307 -36.294731
172.337250 150.597824 -34.042103
173.945267 151.357315 -40.050652
173.124969 145.763428 -44.259281
173.983307 142.627548 -40.161598
175.920715 142.423615 -36.662167
179.351898 143.649292 -34.193317
179.351898 143.649292 -34.193317
177.112946 146.279541 -32.196312
176.679611 147.404892 -31.197289
176.679611 147.404892 -31.197289
174.039825 142.887405 -43.853935
171.530106 149.405930 -32.235756
171.948624 145.357040 -34.362621
172.982147 146.415741 -51.875214
173.730072 145.788254 -49.750206
172.982147 146.415741 -51.875214
173.906708 142.537643 -51.875225
173.730072 145.788254 -49.750206
174.594406 142.597855 -49.750202
191.194275 145.651672 -34.580330
197.320496 146.071747 -34.643726
190.633453 146.153748 -32.767860
197.204956 149.322510 -32.957005
197.330841 149.696823 -34.332146
190.643188 149.591156 -32.956230
191.388855 148.213196 -36.268505
196.449997 147.698959 -35.644028
188.633911 149.459732 -32.291901
188.754089 147.835892 -31.855068
196.700653 147.761734 -31.894051
190.638336 147.841370 -32.143280
197.321289 146.259735 -32.768772
188.499908 146.338165 -32.417225
186.949417 145.306824 -34.361813
191.388855 148.213196 -36.268505
190.582291 150.215988 -34.393879
196.449997 147.698959 -35.644028
188.511261 150.272064 -34.289856
187.331482 149.354065 -32.236225
186.594910 150.539551 -34.118050
186.777863 149.919922 -36.295094
199.988617 146.559799 -32.831581
198.210876 148.066299 -32.139683
199.986755 146.121887 -34.456482
187.150940 146.171097 -32.432240
187.272995 147.798416 -31.740284
186.764801 145.433655 -35.986435
187.519287 147.549927 -37.107742
198.385834 147.750992 -35.316753
198.205643 149.436340 -33.009411
199.389557 149.432358 -33.010139
199.417023 149.685501 -34.076294
198.345734 149.810059 -34.319481
198.385834 147.750992 -35.316753
199.993896 147.934982 -31.956921
199.992493 147.684113 -35.456871
199.992493 147.684113 -35.456871
202.368423 147.801086 -32.019707
208.488876 146.590561 -32.332737
208.496368 148.590546 -32.333221
208.424957 146.277893 -33.957664
202.360809 145.862991 -34.456741
202.367508 147.675278 -35.207195
202.367508 147.675278 -35.207195
202.375153 149.675568 -34.020195
202.374191 149.363419 -32.582600
208.498291 149.152710 -33.645889
208.496368 148.590546 -32.333221
202.362701 146.300934 -32.644333
208.498291 149.152710 -33.645889
187.519287 147.549927 -37.107742
168.268250 146.225189 -32.771011
161.768341 146.186356 -34.646984
168.204330 145.727402 -34.584087
168.279709 149.662949 -33.017178
161.717834 149.811188 -34.330441
161.716415 149.434662 -32.955860
161.961365 147.811813 -35.645164
168.213089 148.291779 -36.268749
169.977173 147.906799 -31.753571
170.107544 149.528580 -32.189163
168.273743 147.911911 -32.081615
161.711044 147.870987 -31.895088
161.768692 146.371750 -32.771763
171.948624 145.357040 -34.362621
170.230637 146.408630 -32.374374
161.961365 147.811813 -35.645164
168.281967 150.289536 -34.453991
168.213089 148.291779 -36.268749
170.766418 150.354507 -34.493225
172.337250 150.597824 -34.042103
171.530106 149.405930 -32.235756
172.462234 149.968307 -36.294731
171.144730 147.604858 -36.982548
160.654526 148.182770 -32.074020
159.226120 146.567703 -32.771976
159.224686 146.069656 -34.522530
171.705063 146.232254 -32.477303
171.586349 147.847778 -31.799469
172.071808 145.483109 -36.049431
160.456421 147.813110 -35.504890
159.236511 149.692810 -32.893494
160.651520 149.556091 -32.945793
159.237289 149.881561 -34.018280
160.456421 147.813110 -35.504890
160.493958 149.936401 -34.261223
159.230728 148.004089 -31.770351
159.230453 147.758316 -35.583153
159.230453 147.758316 -35.583153
150.233154 148.722061 -32.333317
150.226746 146.784653 -32.397980
157.293259 148.010513 -31.770626
157.293152 147.827103 -35.458344
157.286789 145.951141 -34.585449
150.288635 146.536194 -33.960770
157.299805 149.888077 -34.081043
157.293152 147.827103 -35.458344
157.298553 149.573761 -32.456387
150.235214 149.286041 -33.645206
157.287964 146.386429 -32.584946
150.235214 149.286041 -33.645206
171.144730 147.604858 -36.982548
209.708939 149.103683 -33.538456
209.573441 146.357285 -34.099754
208.498291 149.152710 -33.645889
208.496368 148.590546 -32.333221
209.647629 148.474625 -32.531155
209.607971 146.668427 -32.472519
208.488876 146.590561 -32.332737
209.573441 146.357285 -34.099754
208.424957 146.277893 -33.957664
208.424957 146.277893 -33.957664
213.289459 146.720551 -32.922417
213.288712 146.720612 -33.922428
214.640823 146.838669 -33.009167
210.641998 148.351044 -34.414200
213.354462 147.720398 -33.984921
211.545044 146.604340 -34.895451
213.295456 148.783096 -33.984810
213.355499 147.782837 -32.859909
213.296143 148.783051 -33.047291
209.647629 148.474625 -32.531155
213.289459 146.720551 -32.922417
214.860046 146.388809 -33.237190
213.288712 146.720612 -33.922428
211.789047 145.671326 -33.652298
213.196625 145.670944 -33.201988
209.607971 146.668427 -32.472519
209.573441 146.357285 -34.099754
213.298279 149.470551 -33.234764
209.708939 149.103683 -33.538456
213.173035 149.533508 -33.859661
213.354462 147.720398 -33.984921
213.295456 148.783096 -33.984810
214.207458 148.340073 -33.696255
210.881561 145.239426 -34.282196
214.608215 146.014694 -34.049530
214.204010 147.277588 -33.883827
213.355499 147.782837 -32.859909
210.881561 145.239426 -34.282196
211.545044 146.604340 -34.895451
211.789047 145.671326 -33.652298
213.855347 146.294159 -35.007908
214.628677 149.303146 -33.883614
215.753616 149.174637 -33.446957
214.459961 149.026764 -33.196404
209.607971 146.668427 -32.472519
213.938751 145.478806 -35.599163
212.158600 145.174881 -34.778519
211.789047 145.671326 -33.652298
214.338928 145.540131 -35.153141
214.581802 147.963867 -33.009056
214.688324 148.365463 -33.821224
216.437836 148.110016 -33.447525
214.521576 148.714066 -33.071465
214.809814 147.240082 -33.883884
214.643341 147.651169 -33.009121
216.811096 147.546371 -33.447842
214.857315 145.576324 -33.299736
214.961731 146.012726 -34.111729
216.773407 145.694229 -33.800591
213.289459 146.720551 -32.922417
213.196625 145.670944 -33.201988
214.860046 146.388809 -33.237190
214.521576 148.714066 -33.071465
216.377258 148.735199 -33.447445
213.161697 146.048508 -34.190884
211.789047 145.671326 -33.652298
213.196625 145.670944 -33.201988
214.643341 147.651169 -33.009121
216.811096 147.546371 -33.447842
216.809158 146.921371 -33.447872
213.354462 147.720398 -33.984921
213.288712 146.720612 -33.922428
216.523956 145.945099 -34.175396
216.775299 146.256729 -33.738064
216.775299 146.256729 -33.738064
214.210205 149.277573 -33.883690
213.295456 148.783096 -33.984810
214.399551 149.714462 -33.258804
215.378830 149.363342 -33.946663
215.567871 149.737717 -33.446785
216.125885 148.423523 -34.009773
216.377258 148.735199 -33.447445
216.559753 147.234665 -33.947678
213.161697 146.048508 -34.190884
214.338928 145.540131 -35.153141
213.355499 147.782837 -32.859909
213.355499 147.782837 -32.859909
213.296143 148.783051 -33.047291
213.173035 149.533508 -33.859661
214.399551 149.714462 -33.258804
213.173035 149.533508 -33.859661
213.296143 148.783051 -33.047291
213.289459 146.720551 -32.922417
215.567871 149.737717 -33.446785
210.881561 145.239426 -34.282196
213.296143 148.783051 -33.047291
213.298279 149.470551 -33.234764
213.298279 149.470551 -33.234764
144.219757 146.994705 -33.240211
145.643143 146.962494 -33.997288
145.690048 146.958145 -33.125946
147.255447 146.822861 -34.956783
145.781937 147.952408 -34.150970
148.197891 148.563187 -34.413811
145.847122 148.949585 -34.149704
149.159485 148.680023 -32.597126
145.840622 148.948975 -33.216873
145.710602 148.013702 -33.094307
145.643143 146.962494 -33.997288
144.173798 146.649323 -33.394886
145.690048 146.958145 -33.125946
149.178238 146.932449 -32.657722
145.679459 145.955353 -33.322060
147.000320 145.952057 -33.712307
149.273361 146.623901 -34.221630
149.132050 149.246048 -33.599258
145.781357 149.647156 -33.286526
145.908691 149.640564 -34.024769
144.726639 148.520218 -33.846863
145.847122 148.949585 -34.149704
145.781937 147.952408 -34.150970
147.841873 145.578644 -34.342026
144.354370 146.463120 -34.186790
144.777451 147.456345 -34.091103
145.710602 148.013702 -33.094307
147.841873 145.578644 -34.342026
144.991714 146.585129 -35.067337
147.000320 145.952057 -33.712307
147.255447 146.822861 -34.956783
144.443481 149.141785 -33.349266
143.192856 149.321609 -33.602974
144.215363 149.446838 -34.095997
149.178238 146.932449 -32.657722
146.622375 145.459305 -34.836685
144.937332 145.774261 -35.648827
144.504364 145.836594 -35.147659
147.000320 145.952057 -33.712307
142.521500 148.261612 -33.600998
144.135468 148.508972 -34.099518
144.292007 148.079010 -33.170547
144.438446 148.885223 -33.405884
142.149796 147.762939 -33.600807
144.360016 147.825531 -33.347641
143.960617 147.451584 -34.104893
142.276535 146.003784 -33.960075
143.864014 146.406357 -34.243126
144.173691 145.979767 -33.488556
144.173798 146.649323 -33.394886
145.679459 145.955353 -33.322060
145.690048 146.958145 -33.125946
142.593918 148.885803 -33.598862
144.438446 148.885223 -33.405884
147.000320 145.952057 -33.712307
145.617355 146.272034 -34.140041
145.679459 145.955353 -33.322060
142.149796 147.762939 -33.600807
144.360016 147.825531 -33.347641
142.080185 147.136490 -33.648907
145.781937 147.952408 -34.150970
145.643143 146.962494 -33.997288
142.227966 146.499847 -33.775406
142.444183 146.285248 -34.342747
142.227966 146.499847 -33.775406
145.847122 148.949585 -34.149704
144.797485 149.390518 -34.088730
144.676575 149.820602 -33.578590
143.363480 149.816864 -33.657867
143.532608 149.505417 -34.159637
142.822174 148.573761 -34.164726
142.593918 148.885803 -33.598862
142.348999 147.448502 -34.107597
145.617355 146.272034 -34.140041
144.504364 145.836594 -35.147659
145.710602 148.013702 -33.094307
145.840622 148.948975 -33.216873
145.710602 148.013702 -33.094307
144.676575 149.820602 -33.578590
145.908691 149.640564 -34.024769
145.908691 149.640564 -34.024769
145.840622 148.948975 -33.216873
145.690048 146.958145 -33.125946
143.363480 149.816864 -33.657867
147.841873 145.578644 -34.342026
145.840622 148.948975 -33.216873
145.781357 149.647156 -33.286526
145.781357 149.647156 -33.286526
150.235214 149.286041 -33.645206
149.273361 146.623901 -34.221630
149.132050 149.246048 -33.599258
150.233154 148.722061 -32.333317
149.159485 148.680023 -32.597126
149.178238 146.932449 -32.657722
150.226746 146.784653 -32.397980
149.273361 146.623901 -34.221630
150.288635 146.536194 -33.960770
150.288635 146.536194 -33.960770
178.357529 145.026596 -32.945602
182.009552 149.463791 -87.014496
182.811295 146.651978 -87.015099
182.994308 146.474808 -83.201759
182.192566 149.228012 -83.077927
184.310226 146.771774 -87.077637
184.819153 149.517227 -87.077438
185.067993 149.341705 -83.265907
184.494766 146.593918 -83.264534
183.390808 151.142029 -87.074509
182.009552 149.463791 -87.014496
182.192566 149.228012 -83.077927
183.574142 150.910065 -83.203918
176.208374 146.423630 -87.202164
177.030472 149.167435 -87.139359
176.788666 148.927551 -83.273720
175.965454 146.183456 -83.334824
174.158966 149.241440 -87.265450
174.710358 146.554398 -87.202675
174.467407 146.314407 -83.397163
173.916855 149.064102 -83.398346
177.030472 149.167435 -87.139359
175.660492 150.856201 -87.200424
175.420853 150.618088 -83.336197
176.788666 148.927551 -83.273720
176.208374 146.423630 -87.202164
175.965454 146.183456 -83.334824
208.498291 149.152710 -33.645889
206.753082 150.409424 -32.958458
208.496368 148.590546 -32.333221
206.626358 150.034332 -35.208359
206.618286 147.722931 -30.957752
206.546600 145.285583 -31.332138
208.488876 146.590561 -32.332737
208.496368 148.590546 -32.333221
206.625519 149.660324 -31.270733
206.543777 144.597641 -33.081974
206.545395 145.097153 -34.957108
208.424957 146.277893 -33.957664
206.552551 147.034439 -35.832607
208.424957 146.277893 -33.957664
206.545395 145.097153 -34.957108
152.363251 150.216003 -33.206375
152.237030 149.780655 -34.769375
152.235947 149.589523 -31.519577
152.286392 145.964355 -31.523602
152.292175 147.713928 -31.146656
152.409317 145.278091 -33.024368
152.285400 145.530457 -34.774124
152.292526 147.656006 -35.271751
152.285400 145.530457 -34.774124
179.417526 144.585968 -33.132915
</float_array>
          <technique_common>
            <accessor source="#DrawCall_0051-lib-Position-array" count="448" stride="3">
              <param name="X" type="float"/>
              <param name="Y" type="float"/>
              <param name="Z" type="float"/>
            </accessor>
          </technique_common>
        </source>
        <source id="DrawCall_0051-lib-Normal0">
          <float_array id="DrawCall_0051-lib-Normal0-array" count="4806">
0.294696 -0.015880 -0.955459
0.218729 0.485537 -0.846411
0.018473 0.167405 -0.985715
0.056206 0.998419 0.000008
0.055017 0.908871 -0.413433
0.218729 0.485537 -0.846411
0.055017 0.908871 -0.413433
0.413497 0.038686 -0.909684
0.218729 0.485537 -0.846411
0.218729 0.485537 -0.846411
0.413497 0.038686 -0.909684
0.413638 -0.617050 -0.669442
0.413497 0.038686 -0.909684
0.279639 -0.741681 0.609681
0.413638 -0.617050 -0.669442
0.413638 -0.617050 -0.669442
0.279639 -0.741681 0.609681
0.183299 -0.600278 0.778504
0.183299 -0.600278 0.778504
0.279639 -0.741681 0.609681
0.067849 0.152504 0.985971
0.067849 0.152504 0.985971
0.279639 -0.741681 0.609681
0.115662 0.084024 0.989728
0.279639 -0.741681 0.609681
0.737594 -0.629285 0.244860
0.115662 0.084024 0.989728
0.115662 0.084024 0.989728
0.737594 -0.629285 0.244860
0.198330 0.019092 0.979949
0.413497 0.038686 -0.909684
0.055017 0.908871 -0.413433
-0.187617 0.000252 -0.982242
0.055017 0.908871 -0.413433
0.456346 0.677826 -0.576456
-0.187617 0.000252 -0.982242
-0.187617 0.000252 -0.982242
0.456346 0.677826 -0.576456
0.269163 0.026904 -0.962719
0.456346 0.677826 -0.576456
0.737594 -0.629285 0.244860
0.269163 0.026904 -0.962719
0.269163 0.026904 -0.962719
0.737594 -0.629285 0.244860
-0.187617 0.000252 -0.982242
0.737594 -0.629285 0.244860
0.279639 -0.741681 0.609681
-0.187617 0.000252 -0.982242
-0.187617 0.000252 -0.982242
0.279639 -0.741681 0.609681
0.413497 0.038686 -0.909684
-0.159827 0.497518 -0.852603
-0.226528 -0.087696 -0.970049
0.016947 0.176436 -0.984166
-0.104047 0.008668 0.994535
-0.737794 -0.613737 0.281048
-0.157013 0.275692 0.948336
-0.737794 -0.613737 0.281048
-0.269840 -0.710516 0.649887
-0.157013 0.275692 0.948336
-0.157013 0.275692 0.948336
-0.269840 -0.710516 0.649887
-0.079904 0.194298 0.977683
-0.079904 0.194298 0.977683
-0.269840 -0.710516 0.649887
-0.070529 -0.616996 0.783800
-0.070529 -0.616996 0.783800
-0.269840 -0.710516 0.649887
-0.311830 -0.609273 -0.729073
-0.269840 -0.710516 0.649887
-0.269766 -0.006949 -0.962901
-0.311830 -0.609273 -0.729073
-0.311830 -0.609273 -0.729073
-0.269766 -0.006949 -0.962901
-0.159827 0.497518 -0.852603
-0.269766 -0.006949 -0.962901
-0.036533 0.863420 -0.503162
-0.159827 0.497518 -0.852603
-0.159827 0.497518 -0.852603
-0.036533 0.863420 -0.503162
-0.045464 0.998966 0.000337
-0.269766 -0.006949 -0.962901
-0.269840 -0.710516 0.649887
0.188780 -0.051790 -0.980653
-0.269840 -0.710516 0.649887
-0.737794 -0.613737 0.281048
0.188780 -0.051790 -0.980653
0.188780 -0.051790 -0.980653
-0.737794 -0.613737 0.281048
-0.320077 0.035136 -0.946740
-0.737794 -0.613737 0.281048
-0.487549 0.661305 -0.570063
-0.320077 0.035136 -0.946740
-0.320077 0.035136 -0.946740
-0.487549 0.661305 -0.570063
0.188780 -0.051790 -0.980653
-0.487549 0.661305 -0.570063
-0.036533 0.863420 -0.503162
0.188780 -0.051790 -0.980653
0.188780 -0.051790 -0.980653
-0.036533 0.863420 -0.503162
-0.269766 -0.006949 -0.962901
0.150645 0.988439 0.017158
0.060285 0.972294 -0.225855
0.016590 0.842731 -0.538079
0.060285 0.972294 -0.225855
-0.226528 -0.087696 -0.970049
0.016590 0.842731 -0.538079
-0.226528 -0.087696 -0.970049
-0.002494 -0.136003 -0.990705
0.016590 0.842731 -0.538079
0.016590 0.842731 -0.538079
-0.002494 -0.136003 -0.990705
-0.452514 0.660660 -0.598965
-0.002494 -0.136003 -0.990705
-0.294251 -0.045054 -0.954666
-0.452514 0.660660 -0.598965
-0.452514 0.660660 -0.598965
-0.294251 -0.045054 -0.954666
-0.811646 -0.474575 0.340602
-0.294251 -0.045054 -0.954666
-0.002494 -0.136003 -0.990705
-0.811646 -0.474575 0.340602
-0.811646 -0.474575 0.340602
-0.002494 -0.136003 -0.990705
-0.281245 -0.646356 0.709313
-0.002494 -0.136003 -0.990705
-0.226528 -0.087696 -0.970049
-0.281245 -0.646356 0.709313
-0.226528 -0.087696 -0.970049
-0.220671 -0.962829 -0.155774
-0.281245 -0.646356 0.709313
-0.281245 -0.646356 0.709313
-0.220671 -0.962829 -0.155774
-0.233412 -0.668807 0.705844
-0.060120 0.130403 0.989637
-0.811646 -0.474575 0.340602
-0.107983 0.280616 0.953727
-0.811646 -0.474575 0.340602
-0.281245 -0.646356 0.709313
-0.107983 0.280616 0.953727
-0.281245 -0.646356 0.709313
-0.233412 -0.668807 0.705844
-0.107983 0.280616 0.953727
-0.107983 0.280616 0.953727
-0.233412 -0.668807 0.705844
-0.243713 0.075771 0.966883
0.956816 -0.287642 0.042002
0.956756 -0.287825 0.042127
0.956776 -0.287766 0.042086
0.956756 -0.287825 0.042127
0.956715 -0.287949 0.042212
0.956776 -0.287766 0.042086
-0.082065 -0.022350 0.996376
0.023622 0.109764 0.993677
-0.031109 -0.818590 0.573535
-0.108882 -0.030338 0.993592
-0.108285 0.752251 0.649917
-0.091886 0.048574 0.994584
-0.091886 0.048574 0.994584
-0.108285 0.752251 0.649917
-0.082065 -0.022350 0.996376
-0.108285 0.752251 0.649917
0.037706 0.806946 0.589420
-0.082065 -0.022350 0.996376
0.037706 0.806946 0.589420
0.082564 0.811779 0.578099
-0.082065 -0.022350 0.996376
-0.082065 -0.022350 0.996376
0.082564 0.811779 0.578099
0.023622 0.109764 0.993677
0.082564 0.811779 0.578099
0.086318 0.849620 0.520284
0.023622 0.109764 0.993677
0.086318 0.849620 0.520284
0.147551 -0.032483 0.988521
0.023622 0.109764 0.993677
0.147551 -0.032483 0.988521
0.062299 -0.796823 0.600993
0.023622 0.109764 0.993677
0.023622 0.109764 0.993677
0.062299 -0.796823 0.600993
-0.031109 -0.818590 0.573535
0.062299 -0.796823 0.600993
0.010845 -0.922017 -0.386998
-0.031109 -0.818590 0.573535
0.010845 -0.922017 -0.386998
-0.021379 -0.887568 -0.460180
-0.031109 -0.818590 0.573535
-0.031109 -0.818590 0.573535
-0.021379 -0.887568 -0.460180
-0.047791 -0.775168 0.629944
-0.021379 -0.887568 -0.460180
-0.140034 -0.947141 -0.288643
-0.047791 -0.775168 0.629944
-0.140034 -0.947141 -0.288643
-0.067977 -0.684670 0.725677
-0.047791 -0.775168 0.629944
-0.067977 -0.684670 0.725677
-0.108882 -0.030338 0.993592
-0.047791 -0.775168 0.629944
-0.108882 -0.030338 0.993592
-0.091886 0.048574 0.994584
-0.047791 -0.775168 0.629944
-0.047791 -0.775168 0.629944
-0.091886 0.048574 0.994584
-0.031109 -0.818590 0.573535
-0.091886 0.048574 0.994584
-0.082065 -0.022350 0.996376
-0.031109 -0.818590 0.573535
-0.108285 0.752251 0.649917
-0.108882 -0.030338 0.993592
-0.096685 0.645287 0.757798
-0.096685 0.645287 0.757798
-0.108882 -0.030338 0.993592
0.004503 0.679203 0.733936
0.004503 0.679203 0.733936
-0.108882 -0.030338 0.993592
0.025482 -0.080149 0.996457
0.025482 -0.080149 0.996457
-0.108882 -0.030338 0.993592
-0.041589 -0.732396 0.679607
-0.108882 -0.030338 0.993592
-0.067977 -0.684670 0.725677
-0.041589 -0.732396 0.679607
-0.041589 -0.732396 0.679607
-0.067977 -0.684670 0.725677
-0.100072 -0.983127 0.153126
-0.067977 -0.684670 0.725677
-0.140034 -0.947141 -0.288643
-0.100072 -0.983127 0.153126
-0.100072 -0.983127 0.153126
-0.140034 -0.947141 -0.288643
-0.248692 -0.817061 -0.520157
-0.248692 -0.817061 -0.520157
-0.140034 -0.947141 -0.288643
-0.326924 -0.506915 -0.797595
-0.326924 -0.506915 -0.797595
-0.140034 -0.947141 -0.288643
-0.179338 -0.537024 -0.824283
-0.140034 -0.947141 -0.288643
-0.021379 -0.887568 -0.460180
-0.179338 -0.537024 -0.824283
-0.179338 -0.537024 -0.824283
-0.021379 -0.887568 -0.460180
-0.060694 -0.517090 -0.853777
-0.060694 -0.517090 -0.853777
-0.021379 -0.887568 -0.460180
-0.008060 -0.507961 -0.861343
-0.021379 -0.887568 -0.460180
0.010845 -0.922017 -0.386998
-0.008060 -0.507961 -0.861343
-0.008060 -0.507961 -0.861343
0.010845 -0.922017 -0.386998
0.002516 -0.531881 -0.846815
0.002516 -0.531881 -0.846815
0.010845 -0.922017 -0.386998
-0.079245 -0.394460 -0.915490
-0.079245 -0.394460 -0.915490
0.010845 -0.922017 -0.386998
-0.012772 -0.895255 -0.445370
0.010845 -0.922017 -0.386998
0.062299 -0.796823 0.600993
-0.012772 -0.895255 -0.445370
-0.210581 0.771863 -0.599902
-0.154424 0.983083 -0.098497
-0.181113 0.978040 0.103132
-0.181113 0.978040 0.103132
-0.154424 0.983083 -0.098497
0.004503 0.679203 0.733936
0.004503 0.679203 0.733936
-0.154424 0.983083 -0.098497
-0.096685 0.645287 0.757798
-0.154424 0.983083 -0.098497
-0.077450 0.971033 -0.226044
-0.096685 0.645287 0.757798
-0.096685 0.645287 0.757798
-0.077450 0.971033 -0.226044
-0.108285 0.752251 0.649917
-0.077450 0.971033 -0.226044
0.009387 0.930381 -0.366474
-0.108285 0.752251 0.649917
-0.108285 0.752251 0.649917
0.009387 0.930381 -0.366474
0.037706 0.806946 0.589420
0.037706 0.806946 0.589420
0.009387 0.930381 -0.366474
0.082564 0.811779 0.578099
0.009387 0.930381 -0.366474
-0.009525 0.932758 -0.360377
0.082564 0.811779 0.578099
-0.009525 0.932758 -0.360377
-0.030337 0.941613 -0.335328
0.082564 0.811779 0.578099
0.082564 0.811779 0.578099
-0.030337 0.941613 -0.335328
0.086318 0.849620 0.520284
-0.030337 0.941613 -0.335328
-0.044978 0.917620 -0.394906
0.086318 0.849620 0.520284
-0.044978 0.917620 -0.394906
-0.010428 0.780832 0.624654
0.086318 0.849620 0.520284
0.086318 0.849620 0.520284
-0.010428 0.780832 0.624654
0.147551 -0.032483 0.988521
-0.010428 0.780832 0.624654
-0.012764 -0.020458 0.999709
0.147551 -0.032483 0.988521
-0.012764 -0.020458 0.999709
0.028580 -0.803640 0.594430
0.147551 -0.032483 0.988521
0.147551 -0.032483 0.988521
0.028580 -0.803640 0.594430
0.062299 -0.796823 0.600993
0.028580 -0.803640 0.594430
-0.012772 -0.895255 -0.445370
0.062299 -0.796823 0.600993
-0.144495 0.651202 -0.745022
-0.063568 0.550000 -0.832742
-0.077450 0.971033 -0.226044
-0.077450 0.971033 -0.226044
-0.063568 0.550000 -0.832742
0.009387 0.930381 -0.366474
0.009387 0.930381 -0.366474
-0.063568 0.550000 -0.832742
-0.009525 0.932758 -0.360377
-0.063568 0.550000 -0.832742
-0.022699 0.505579 -0.862481
-0.009525 0.932758 -0.360377
-0.022699 0.505579 -0.862481
-0.031907 0.563261 -0.825663
-0.009525 0.932758 -0.360377
-0.009525 0.932758 -0.360377
-0.031907 0.563261 -0.825663
-0.030337 0.941613 -0.335328
-0.031907 0.563261 -0.825663
-0.046845 0.567943 -0.821734
-0.030337 0.941613 -0.335328
-0.030337 0.941613 -0.335328
-0.046845 0.567943 -0.821734
-0.044978 0.917620 -0.394906
-0.046845 0.567943 -0.821734
-0.112123 0.976396 0.184605
-0.044978 0.917620 -0.394906
-0.044978 0.917620 -0.394906
-0.112123 0.976396 0.184605
-0.010428 0.780832 0.624654
-0.112123 0.976396 0.184605
-0.105550 0.526462 0.843621
-0.010428 0.780832 0.624654
-0.010428 0.780832 0.624654
-0.105550 0.526462 0.843621
-0.012764 -0.020458 0.999709
-0.105550 0.526462 0.843621
-0.077881 -0.661155 0.746196
-0.012764 -0.020458 0.999709
-0.012764 -0.020458 0.999709
-0.077881 -0.661155 0.746196
0.028580 -0.803640 0.594430
-0.077881 -0.661155 0.746196
-0.205360 -0.753724 -0.624282
0.028580 -0.803640 0.594430
0.028580 -0.803640 0.594430
-0.205360 -0.753724 -0.624282
-0.012772 -0.895255 -0.445370
-0.012772 -0.895255 -0.445370
-0.205360 -0.753724 -0.624282
-0.079245 -0.394460 -0.915490
-0.205360 -0.753724 -0.624282
-0.226648 0.106695 -0.968115
-0.079245 -0.394460 -0.915490
-0.077450 0.971033 -0.226044
-0.154424 0.983083 -0.098497
-0.144495 0.651202 -0.745022
-0.154424 0.983083 -0.098497
-0.210581 0.771863 -0.599902
-0.144495 0.651202 -0.745022
-0.144495 0.651202 -0.745022
-0.210581 0.771863 -0.599902
-0.143549 0.349474 -0.925884
-0.927581 0.304622 -0.216332
-0.504023 0.838874 -0.205551
-0.713612 0.649778 -0.261816
-0.679558 0.731561 0.054944
-0.993401 -0.081812 -0.080384
-0.713612 0.649778 -0.261816
-0.713612 0.649778 -0.261816
-0.993401 -0.081812 -0.080384
-0.927581 0.304622 -0.216332
-0.927581 0.304622 -0.216332
-0.993401 -0.081812 -0.080384
-0.968515 -0.090159 -0.232055
-0.993401 -0.081812 -0.080384
-0.719987 -0.693317 -0.030513
-0.968515 -0.090159 -0.232055
-0.679558 0.731561 0.054944
-0.713612 0.649778 -0.261816
-0.016590 0.999505 0.026724
-0.713612 0.649778 -0.261816
-0.026390 0.961791 -0.272509
-0.016590 0.999505 0.026724
-0.026390 0.961791 -0.272509
0.590338 0.750465 -0.297159
-0.016590 0.999505 0.026724
-0.016590 0.999505 0.026724
0.590338 0.750465 -0.297159
0.648980 0.760275 0.028403
0.590338 0.750465 -0.297159
0.947769 0.272042 -0.166514
0.648980 0.760275 0.028403
0.947769 0.272042 -0.166514
0.938250 0.323780 0.121874
0.648980 0.760275 0.028403
0.938250 0.323780 0.121874
0.872778 0.389496 0.294197
0.648980 0.760275 0.028403
0.872778 0.389496 0.294197
0.570687 0.802624 0.173526
0.648980 0.760275 0.028403
0.570687 0.802624 0.173526
-0.020705 0.966587 0.255503
0.648980 0.760275 0.028403
0.648980 0.760275 0.028403
-0.020705 0.966587 0.255503
-0.016590 0.999505 0.026724
-0.016590 0.999505 0.026724
-0.020705 0.966587 0.255503
-0.679558 0.731561 0.054944
-0.020705 0.966587 0.255503
-0.534734 0.806428 0.252457
-0.679558 0.731561 0.054944
-0.534734 0.806428 0.252457
-0.871309 0.391375 0.296050
-0.679558 0.731561 0.054944
-0.871309 0.391375 0.296050
-0.992878 0.108145 0.049978
-0.679558 0.731561 0.054944
-0.679558 0.731561 0.054944
-0.992878 0.108145 0.049978
-0.993401 -0.081812 -0.080384
-0.992878 0.108145 0.049978
-0.690456 -0.715613 0.105680
-0.993401 -0.081812 -0.080384
-0.993401 -0.081812 -0.080384
-0.690456 -0.715613 0.105680
-0.719987 -0.693317 -0.030513
-0.690456 -0.715613 0.105680
-0.018402 -0.993147 0.115416
-0.719987 -0.693317 -0.030513
0.007648 0.966530 0.256440
0.133898 0.948973 0.285518
-0.003699 0.985557 -0.169306
0.133898 0.948973 0.285518
0.408102 0.893105 -0.189255
-0.003699 0.985557 -0.169306
-0.003699 0.985557 -0.169306
0.408102 0.893105 -0.189255
-0.026390 0.961791 -0.272509
-0.026390 0.961791 -0.272509
0.408102 0.893105 -0.189255
0.590338 0.750465 -0.297159
0.408102 0.893105 -0.189255
0.872263 0.410062 -0.266471
0.590338 0.750465 -0.297159
0.590338 0.750465 -0.297159
0.872263 0.410062 -0.266471
0.947769 0.272042 -0.166514
0.947769 0.272042 -0.166514
0.872263 0.410062 -0.266471
0.967884 0.080625 -0.238117
0.967884 0.080625 -0.238117
0.872263 0.410062 -0.266471
0.917669 0.239133 -0.317332
0.917669 0.239133 -0.317332
0.872263 0.410062 -0.266471
0.778743 0.600525 -0.181463
0.872263 0.410062 -0.266471
0.408102 0.893105 -0.189255
0.778743 0.600525 -0.181463
0.778743 0.600525 -0.181463
0.408102 0.893105 -0.189255
0.259686 0.921422 0.289040
0.408102 0.893105 -0.189255
0.133898 0.948973 0.285518
0.259686 0.921422 0.289040
0.133898 0.948973 0.285518
0.111098 0.580194 0.806866
0.259686 0.921422 0.289040
0.259686 0.921422 0.289040
0.111098 0.580194 0.806866
0.064158 0.574084 0.816279
0.064158 0.574084 0.816279
0.111098 0.580194 0.806866
0.009285 0.281765 0.959438
0.009285 0.281765 0.959438
0.111098 0.580194 0.806866
-0.141875 0.256041 0.956198
-0.141875 0.256041 0.956198
0.111098 0.580194 0.806866
0.083154 0.126319 0.988498
0.111098 0.580194 0.806866
0.229278 0.555096 0.799562
0.083154 0.126319 0.988498
0.111098 0.580194 0.806866
0.133898 0.948973 0.285518
0.229278 0.555096 0.799562
0.229278 0.555096 0.799562
0.133898 0.948973 0.285518
0.010067 0.799931 0.600008
0.133898 0.948973 0.285518
0.007648 0.966530 0.256440
0.010067 0.799931 0.600008
0.007648 0.966530 0.256440
-0.126534 0.941287 0.312998
0.010067 0.799931 0.600008
0.010067 0.799931 0.600008
-0.126534 0.941287 0.312998
-0.244424 0.565903 0.787408
-0.126534 0.941287 0.312998
-0.072326 0.545257 0.835143
-0.244424 0.565903 0.787408
-0.244424 0.565903 0.787408
-0.072326 0.545257 0.835143
-0.149869 0.100819 0.983552
-0.149869 0.100819 0.983552
-0.072326 0.545257 0.835143
0.137717 0.221111 0.965476
0.137717 0.221111 0.965476
-0.072326 0.545257 0.835143
0.033906 0.249335 0.967824
0.033906 0.249335 0.967824
-0.072326 0.545257 0.835143
-0.011611 0.543286 0.839467
-0.011611 0.543286 0.839467
-0.072326 0.545257 0.835143
-0.253215 0.907473 0.335222
-0.072326 0.545257 0.835143
-0.126534 0.941287 0.312998
-0.253215 0.907473 0.335222
-0.126534 0.941287 0.312998
-0.504023 0.838874 -0.205551
-0.253215 0.907473 0.335222
-0.253215 0.907473 0.335222
-0.504023 0.838874 -0.205551
-0.861777 0.469763 -0.191477
-0.504023 0.838874 -0.205551
-0.927581 0.304622 -0.216332
-0.861777 0.469763 -0.191477
-0.861777 0.469763 -0.191477
-0.927581 0.304622 -0.216332
-0.929538 -0.036950 -0.366871
-0.927581 0.304622 -0.216332
-0.968515 -0.090159 -0.232055
-0.929538 -0.036950 -0.366871
-0.968515 -0.090159 -0.232055
-0.764449 -0.640895 -0.069795
-0.929538 -0.036950 -0.366871
0.326163 -0.056748 0.943609
0.083154 0.126319 0.988498
0.198221 0.487759 0.850176
0.083154 0.126319 0.988498
0.229278 0.555096 0.799562
0.198221 0.487759 0.850176
0.229278 0.555096 0.799562
0.010067 0.799931 0.600008
0.198221 0.487759 0.850176
0.198221 0.487759 0.850176
0.010067 0.799931 0.600008
0.056978 0.740460 0.669681
0.056978 0.740460 0.669681
0.010067 0.799931 0.600008
-0.231158 0.519419 0.822660
0.010067 0.799931 0.600008
-0.244424 0.565903 0.787408
-0.231158 0.519419 0.822660
-0.244424 0.565903 0.787408
-0.149869 0.100819 0.983552
-0.231158 0.519419 0.822660
-0.231158 0.519419 0.822660
-0.149869 0.100819 0.983552
-0.332034 -0.187708 0.924402
0.681585 -0.724494 0.102721
0.690537 -0.721720 -0.047737
-0.018402 -0.993147 0.115416
0.690537 -0.721720 -0.047737
-0.002995 -0.999764 -0.021516
-0.018402 -0.993147 0.115416
-0.018402 -0.993147 0.115416
-0.002995 -0.999764 -0.021516
-0.719987 -0.693317 -0.030513
-0.002995 -0.999764 -0.021516
-0.674146 -0.738523 -0.010504
-0.719987 -0.693317 -0.030513
-0.719987 -0.693317 -0.030513
-0.674146 -0.738523 -0.010504
-0.968515 -0.090159 -0.232055
-0.968515 -0.090159 -0.232055
-0.674146 -0.738523 -0.010504
-0.764449 -0.640895 -0.069795
-0.674146 -0.738523 -0.010504
-0.313234 -0.865577 0.390719
-0.764449 -0.640895 -0.069795
-0.764449 -0.640895 -0.069795
-0.313234 -0.865577 0.390719
-0.357808 -0.923040 0.141319
-0.357808 -0.923040 0.141319
-0.313234 -0.865577 0.390719
-0.127057 -0.612681 0.780050
-0.127057 -0.612681 0.780050
-0.313234 -0.865577 0.390719
0.055067 -0.626741 0.777279
0.055067 -0.626741 0.777279
-0.313234 -0.865577 0.390719
-0.006745 -0.631890 0.775028
-0.313234 -0.865577 0.390719
-0.153722 -0.701705 0.695687
-0.006745 -0.631890 0.775028
-0.006745 -0.631890 0.775028
-0.153722 -0.701705 0.695687
-0.167435 -0.603311 0.779731
0.941563 -0.231129 0.245026
0.962611 -0.255864 0.088961
0.740352 -0.630411 0.233368
0.740352 -0.630411 0.233368
0.962611 -0.255864 0.088961
0.681585 -0.724494 0.102721
0.962611 -0.255864 0.088961
0.938697 -0.338479 -0.065413
0.681585 -0.724494 0.102721
0.681585 -0.724494 0.102721
0.938697 -0.338479 -0.065413
0.690537 -0.721720 -0.047737
0.938697 -0.338479 -0.065413
0.927543 -0.349568 -0.132164
0.690537 -0.721720 -0.047737
0.927543 -0.349568 -0.132164
0.650249 -0.759645 -0.010763
0.690537 -0.721720 -0.047737
0.690537 -0.721720 -0.047737
0.650249 -0.759645 -0.010763
-0.002995 -0.999764 -0.021516
0.650249 -0.759645 -0.010763
-0.005433 -0.999476 0.031901
-0.002995 -0.999764 -0.021516
-0.002995 -0.999764 -0.021516
-0.005433 -0.999476 0.031901
-0.674146 -0.738523 -0.010504
-0.005433 -0.999476 0.031901
-0.277983 -0.892640 0.354852
-0.674146 -0.738523 -0.010504
-0.674146 -0.738523 -0.010504
-0.277983 -0.892640 0.354852
-0.313234 -0.865577 0.390719
-0.277983 -0.892640 0.354852
-0.164456 -0.742641 0.649183
-0.313234 -0.865577 0.390719
-0.313234 -0.865577 0.390719
-0.164456 -0.742641 0.649183
-0.153722 -0.701705 0.695687
-0.164456 -0.742641 0.649183
0.020263 -0.749946 0.661189
-0.153722 -0.701705 0.695687
0.026435 -0.385112 0.922491
-0.127057 -0.612681 0.780050
0.031644 -0.321516 0.946375
-0.127057 -0.612681 0.780050
0.055067 -0.626741 0.777279
0.031644 -0.321516 0.946375
0.031644 -0.321516 0.946375
0.055067 -0.626741 0.777279
0.017005 -0.419691 0.907508
0.055067 -0.626741 0.777279
-0.006745 -0.631890 0.775028
0.017005 -0.419691 0.907508
-0.006745 -0.631890 0.775028
-0.167435 -0.603311 0.779731
0.017005 -0.419691 0.907508
0.017005 -0.419691 0.907508
-0.167435 -0.603311 0.779731
-0.269864 -0.695284 0.666148
-0.078810 -0.844948 0.529010
-0.277983 -0.892640 0.354852
-0.001543 -0.930770 0.365602
-0.277983 -0.892640 0.354852
-0.005433 -0.999476 0.031901
-0.001543 -0.930770 0.365602
-0.001543 -0.930770 0.365602
-0.005433 -0.999476 0.031901
0.257794 -0.908183 0.329766
-0.005433 -0.999476 0.031901
0.650249 -0.759645 -0.010763
0.257794 -0.908183 0.329766
0.257794 -0.908183 0.329766
0.650249 -0.759645 -0.010763
0.328779 -0.829085 0.452242
0.328779 -0.829085 0.452242
0.650249 -0.759645 -0.010763
0.790152 -0.612018 -0.033057
0.650249 -0.759645 -0.010763
0.927543 -0.349568 -0.132164
0.790152 -0.612018 -0.033057
0.790152 -0.612018 -0.033057
0.927543 -0.349568 -0.132164
0.889493 -0.416597 -0.187747
-0.001543 -0.930770 0.365602
0.257794 -0.908183 0.329766
0.124920 -0.785703 0.605860
0.257794 -0.908183 0.329766
0.328779 -0.829085 0.452242
0.124920 -0.785703 0.605860
0.328779 -0.829085 0.452242
0.136172 -0.691378 0.709544
0.124920 -0.785703 0.605860
0.124920 -0.785703 0.605860
0.136172 -0.691378 0.709544
0.020263 -0.749946 0.661189
0.790152 -0.612018 -0.033057
0.462011 -0.880836 0.103317
0.328779 -0.829085 0.452242
0.462011 -0.880836 0.103317
-0.000101 -0.622748 0.782423
0.328779 -0.829085 0.452242
0.328779 -0.829085 0.452242
-0.000101 -0.622748 0.782423
-0.132905 -0.588494 0.797503
-0.132905 -0.588494 0.797503
-0.000101 -0.622748 0.782423
-0.155679 -0.471053 0.868259
-0.000101 -0.622748 0.782423
0.012772 -0.392085 0.919840
-0.155679 -0.471053 0.868259
-0.155679 -0.471053 0.868259
-0.021155 -0.528020 0.848968
-0.132905 -0.588494 0.797503
-0.021155 -0.528020 0.848968
0.050168 -0.568041 0.821470
-0.132905 -0.588494 0.797503
-0.132905 -0.588494 0.797503
0.050168 -0.568041 0.821470
0.328779 -0.829085 0.452242
0.328779 -0.829085 0.452242
0.050168 -0.568041 0.821470
0.136172 -0.691378 0.709544
0.136172 -0.691378 0.709544
0.050168 -0.568041 0.821470
0.184317 -0.624748 0.758760
0.050168 -0.568041 0.821470
-0.021155 -0.528020 0.848968
0.184317 -0.624748 0.758760
0.184317 -0.624748 0.758760
-0.021155 -0.528020 0.848968
0.295002 -0.713070 0.636007
-0.097953 0.907899 -0.407584
-0.389160 0.809436 -0.439735
0.186357 0.143131 -0.972000
-0.389160 0.809436 -0.439735
-0.210764 0.044387 -0.976529
0.186357 0.143131 -0.972000
-0.389160 0.809436 -0.439735
-0.097953 0.907899 -0.407584
-0.398894 0.462219 0.791983
-0.097953 0.907899 -0.407584
-0.224550 0.504955 0.833425
-0.398894 0.462219 0.791983
-0.224550 0.504955 0.833425
-0.267355 -0.634575 0.725146
-0.398894 0.462219 0.791983
-0.398894 0.462219 0.791983
-0.267355 -0.634575 0.725146
-0.425811 -0.580584 0.693979
-0.267355 -0.634575 0.725146
-0.146073 -0.975855 0.162385
-0.425811 -0.580584 0.693979
-0.146073 -0.975855 0.162385
-0.276230 -0.950807 0.140224
-0.425811 -0.580584 0.693979
-0.276230 -0.950807 0.140224
-0.529439 -0.848278 -0.010953
-0.425811 -0.580584 0.693979
-0.529439 -0.848278 -0.010953
-0.549303 -0.831256 0.085323
-0.425811 -0.580584 0.693979
-0.549303 -0.831256 0.085323
-0.534627 -0.537439 0.652175
-0.425811 -0.580584 0.693979
-0.425811 -0.580584 0.693979
-0.534627 -0.537439 0.652175
-0.398894 0.462219 0.791983
-0.534627 -0.537439 0.652175
-0.517817 -0.052505 0.853879
-0.398894 0.462219 0.791983
-0.517817 -0.052505 0.853879
-0.493767 0.578055 0.649651
-0.398894 0.462219 0.791983
-0.398894 0.462219 0.791983
-0.493767 0.578055 0.649651
-0.389160 0.809436 -0.439735
-0.493767 0.578055 0.649651
-0.410552 0.909644 0.063204
-0.389160 0.809436 -0.439735
-0.410552 0.909644 0.063204
-0.533696 0.553194 -0.639645
-0.389160 0.809436 -0.439735
-0.389160 0.809436 -0.439735
-0.533696 0.553194 -0.639645
-0.210764 0.044387 -0.976529
-0.533696 0.553194 -0.639645
-0.561961 0.038286 -0.826277
-0.210764 0.044387 -0.976529
-0.561961 0.038286 -0.826277
-0.454866 -0.201560 -0.867450
-0.210764 0.044387 -0.976529
0.294475 -0.721356 0.626841
0.831742 -0.497082 0.247216
0.116596 0.122826 0.985555
0.831742 -0.497082 0.247216
0.157640 0.051701 0.986142
0.116596 0.122826 0.985555
-0.211208 0.967393 0.139795
-0.032800 0.870563 -0.490962
-0.064963 0.984346 -0.163838
-0.064963 0.984346 -0.163838
-0.032800 0.870563 -0.490962
0.294696 -0.015880 -0.955459
0.294696 -0.015880 -0.955459
-0.032800 0.870563 -0.490962
-0.042192 -0.126322 -0.991092
-0.032800 0.870563 -0.490962
0.352547 0.678841 -0.644116
-0.042192 -0.126322 -0.991092
-0.042192 -0.126322 -0.991092
0.352547 0.678841 -0.644116
0.269005 -0.066297 -0.960854
0.352547 0.678841 -0.644116
0.831742 -0.497082 0.247216
0.269005 -0.066297 -0.960854
0.269005 -0.066297 -0.960854
0.831742 -0.497082 0.247216
-0.042192 -0.126322 -0.991092
0.831742 -0.497082 0.247216
0.294475 -0.721356 0.626841
-0.042192 -0.126322 -0.991092
-0.042192 -0.126322 -0.991092
0.294475 -0.721356 0.626841
0.294696 -0.015880 -0.955459
0.294696 -0.015880 -0.955459
0.294475 -0.721356 0.626841
0.309584 -0.935911 -0.168011
0.309584 -0.935911 -0.168011
0.294475 -0.721356 0.626841
0.179279 -0.646819 0.741272
0.294475 -0.721356 0.626841
0.116596 0.122826 0.985555
0.179279 -0.646819 0.741272
0.179279 -0.646819 0.741272
0.116596 0.122826 0.985555
-0.037206 0.263008 0.964076
0.568084 -0.800159 0.192419
0.471092 -0.567370 -0.675398
0.640945 -0.480094 -0.598915
0.471092 -0.567370 -0.675398
-0.010331 -0.075805 -0.997069
0.640945 -0.480094 -0.598915
-0.010331 -0.075805 -0.997069
0.233418 0.362199 -0.902401
0.640945 -0.480094 -0.598915
0.640945 -0.480094 -0.598915
0.233418 0.362199 -0.902401
0.360242 0.899003 -0.249035
0.079864 -0.806928 0.585225
-0.074645 -0.298891 0.951363
0.121711 -0.839686 0.529257
0.121711 -0.839686 0.529257
-0.074645 -0.298891 0.951363
-0.053322 -0.423823 0.904174
-0.053322 -0.423823 0.904174
-0.074645 -0.298891 0.951363
-0.133030 -0.109513 0.985043
-0.133030 -0.109513 0.985043
-0.074645 -0.298891 0.951363
-0.149354 0.045756 0.987725
-0.074645 -0.298891 0.951363
-0.031793 0.405737 0.913437
-0.149354 0.045756 0.987725
-0.149354 0.045756 0.987725
-0.031793 0.405737 0.913437
-0.173271 0.115596 0.978067
-0.173271 0.115596 0.978067
-0.031793 0.405737 0.913437
-0.002585 0.780245 0.625469
-0.031793 0.405737 0.913437
0.360242 0.899003 -0.249035
-0.002585 0.780245 0.625469
-0.002585 0.780245 0.625469
0.360242 0.899003 -0.249035
0.067266 0.816051 -0.574053
0.360242 0.899003 -0.249035
0.233418 0.362199 -0.902401
0.067266 0.816051 -0.574053
0.067266 0.816051 -0.574053
0.233418 0.362199 -0.902401
-0.094481 0.102063 -0.990281
-0.094481 0.102063 -0.990281
0.233418 0.362199 -0.902401
-0.285511 0.091168 -0.954029
0.233418 0.362199 -0.902401
-0.010331 -0.075805 -0.997069
-0.285511 0.091168 -0.954029
-0.285511 0.091168 -0.954029
-0.010331 -0.075805 -0.997069
-0.506035 0.066249 -0.859965
-0.506035 0.066249 -0.859965
-0.010331 -0.075805 -0.997069
-0.291981 -0.573669 -0.765278
-0.010331 -0.075805 -0.997069
-0.041404 -0.859646 -0.509210
-0.291981 -0.573669 -0.765278
-0.291981 -0.573669 -0.765278
-0.041404 -0.859646 -0.509210
-0.106307 -0.929958 -0.351961
0.596990 -0.332212 -0.730231
0.674915 -0.068178 -0.734739
0.686016 -0.091126 -0.721857
0.686016 -0.091126 -0.721857
0.674915 -0.068178 -0.734739
0.766756 0.576782 -0.281793
0.674915 -0.068178 -0.734739
0.685661 0.468504 -0.557111
0.766756 0.576782 -0.281793
0.685661 0.468504 -0.557111
0.602266 0.787352 0.131725
0.766756 0.576782 -0.281793
0.766756 0.576782 -0.281793
0.602266 0.787352 0.131725
0.632736 0.711501 0.305635
0.602266 0.787352 0.131725
0.622935 0.463582 0.630113
0.624270 0.245730 0.741555
0.622935 0.463582 0.630113
0.555830 -0.002106 0.831293
0.624270 0.245730 0.741555
0.624270 0.245730 0.741555
0.555830 -0.002106 0.831293
0.668887 -0.466865 0.578469
0.555830 -0.002106 0.831293
0.672616 -0.509816 0.536354
0.668887 -0.466865 0.578469
0.668887 -0.466865 0.578469
0.672616 -0.509816 0.536354
0.640998 -0.766196 0.045439
0.672616 -0.509816 0.536354
0.683874 -0.725527 0.076993
0.640998 -0.766196 0.045439
0.640998 -0.766196 0.045439
0.683874 -0.725527 0.076993
0.596754 -0.775512 -0.206072
-0.360680 0.906748 -0.218446
-0.234823 0.352605 -0.905830
-0.675218 -0.453283 -0.581906
-0.234823 0.352605 -0.905830
-0.011068 -0.070317 -0.997463
-0.675218 -0.453283 -0.581906
-0.011068 -0.070317 -0.997463
-0.525825 -0.503424 -0.685618
-0.675218 -0.453283 -0.581906
-0.675218 -0.453283 -0.581906
-0.525825 -0.503424 -0.685618
-0.628496 -0.761404 0.158924
-0.038658 -0.797284 0.602365
-0.108724 -0.849219 0.516726
0.053557 -0.293628 0.954418
-0.108724 -0.849219 0.516726
0.043904 -0.481996 0.875073
0.053557 -0.293628 0.954418
0.043904 -0.481996 0.875073
0.121959 -0.162187 0.979194
0.053557 -0.293628 0.954418
0.121959 -0.162187 0.979194
0.118376 0.062532 0.990998
0.053557 -0.293628 0.954418
0.053557 -0.293628 0.954418
0.118376 0.062532 0.990998
0.009950 0.427930 0.903757
0.118376 0.062532 0.990998
0.117523 0.227445 0.966673
0.009950 0.427930 0.903757
0.117523 0.227445 0.966673
-0.017243 0.774490 0.632351
0.009950 0.427930 0.903757
0.009950 0.427930 0.903757
-0.017243 0.774490 0.632351
-0.360680 0.906748 -0.218446
-0.017243 0.774490 0.632351
-0.033796 0.847417 -0.529850
-0.360680 0.906748 -0.218446
-0.360680 0.906748 -0.218446
-0.033796 0.847417 -0.529850
-0.234823 0.352605 -0.905830
-0.033796 0.847417 -0.529850
0.143012 0.100251 -0.984631
-0.234823 0.352605 -0.905830
0.143012 0.100251 -0.984631
0.294809 0.069504 -0.953025
-0.234823 0.352605 -0.905830
-0.234823 0.352605 -0.905830
0.294809 0.069504 -0.953025
-0.011068 -0.070317 -0.997463
0.294809 0.069504 -0.953025
0.483695 0.055809 -0.873456
-0.011068 -0.070317 -0.997463
0.483695 0.055809 -0.873456
0.294194 -0.502508 -0.812980
-0.011068 -0.070317 -0.997463
-0.011068 -0.070317 -0.997463
0.294194 -0.502508 -0.812980
0.032129 -0.855316 -0.517110
0.294194 -0.502508 -0.812980
0.114239 -0.926756 -0.357873
0.032129 -0.855316 -0.517110
0.047857 -0.631453 0.773936
-0.041017 -0.778322 0.626524
0.190764 -0.768803 -0.610369
-0.041017 -0.778322 0.626524
-0.003420 -0.893025 -0.449994
0.190764 -0.768803 -0.610369
-0.003420 -0.893025 -0.449994
0.076489 -0.356051 -0.931331
0.190764 -0.768803 -0.610369
0.190764 -0.768803 -0.610369
0.076489 -0.356051 -0.931331
0.222985 0.099480 -0.969733
0.009355 -0.025828 0.999623
-0.089818 0.000658 0.995958
-0.041017 -0.778322 0.626524
-0.089818 0.000658 0.995958
-0.043316 -0.787034 0.615387
-0.041017 -0.778322 0.626524
-0.041017 -0.778322 0.626524
-0.043316 -0.787034 0.615387
-0.003420 -0.893025 -0.449994
-0.043316 -0.787034 0.615387
-0.000299 -0.912152 -0.409852
-0.003420 -0.893025 -0.449994
-0.003420 -0.893025 -0.449994
-0.000299 -0.912152 -0.409852
0.076489 -0.356051 -0.931331
0.076489 -0.356051 -0.931331
-0.000299 -0.912152 -0.409852
-0.005886 -0.539245 -0.842128
-0.005886 -0.539245 -0.842128
-0.000299 -0.912152 -0.409852
0.056979 -0.461842 -0.885130
-0.000299 -0.912152 -0.409852
0.065987 -0.876109 -0.477575
0.056979 -0.461842 -0.885130
0.056979 -0.461842 -0.885130
0.065987 -0.876109 -0.477575
0.090929 -0.485771 -0.869344
0.090929 -0.485771 -0.869344
0.065987 -0.876109 -0.477575
0.151188 -0.547293 -0.823172
0.065987 -0.876109 -0.477575
0.124622 -0.949963 -0.286426
0.151188 -0.547293 -0.823172
0.151188 -0.547293 -0.823172
0.124622 -0.949963 -0.286426
0.275475 -0.532395 -0.800418
0.275475 -0.532395 -0.800418
0.124622 -0.949963 -0.286426
0.208631 -0.822088 -0.529758
0.208631 -0.822088 -0.529758
0.124622 -0.949963 -0.286426
0.090226 -0.984169 0.152544
0.124622 -0.949963 -0.286426
0.080357 -0.673966 0.734379
0.090226 -0.984169 0.152544
0.090226 -0.984169 0.152544
0.080357 -0.673966 0.734379
0.092119 -0.725720 0.681795
0.080357 -0.673966 0.734379
0.123845 -0.026043 0.991960
0.092119 -0.725720 0.681795
0.092119 -0.725720 0.681795
0.123845 -0.026043 0.991960
0.078790 -0.067558 0.994599
0.123845 -0.026043 0.991960
0.080357 -0.673966 0.734379
0.033626 -0.761375 0.647439
0.080357 -0.673966 0.734379
0.124622 -0.949963 -0.286426
0.033626 -0.761375 0.647439
0.124622 -0.949963 -0.286426
0.065987 -0.876109 -0.477575
0.033626 -0.761375 0.647439
0.033626 -0.761375 0.647439
0.065987 -0.876109 -0.477575
0.056587 -0.810869 0.582486
0.065987 -0.876109 -0.477575
-0.000299 -0.912152 -0.409852
0.056587 -0.810869 0.582486
-0.000299 -0.912152 -0.409852
-0.043316 -0.787034 0.615387
0.056587 -0.810869 0.582486
0.056587 -0.810869 0.582486
-0.043316 -0.787034 0.615387
0.039811 0.114330 0.992645
-0.043316 -0.787034 0.615387
-0.089818 0.000658 0.995958
0.039811 0.114330 0.992645
-0.089818 0.000658 0.995958
-0.027492 0.827957 0.560117
0.039811 0.114330 0.992645
-0.027492 0.827957 0.560117
-0.023256 0.816524 0.576842
0.039811 0.114330 0.992645
0.039811 0.114330 0.992645
-0.023256 0.816524 0.576842
0.036042 0.012372 0.999274
-0.023256 0.816524 0.576842
-0.022698 0.803317 0.595119
0.036042 0.012372 0.999274
0.036042 0.012372 0.999274
-0.022698 0.803317 0.595119
0.079272 0.042903 0.995929
-0.022698 0.803317 0.595119
0.092312 0.730991 0.676114
0.079272 0.042903 0.995929
0.079272 0.042903 0.995929
0.092312 0.730991 0.676114
0.123845 -0.026043 0.991960
0.092312 0.730991 0.676114
0.088541 0.647408 0.756983
0.123845 -0.026043 0.991960
0.088541 0.647408 0.756983
0.044654 0.660003 0.749935
0.123845 -0.026043 0.991960
0.044654 0.660003 0.749935
0.078790 -0.067558 0.994599
0.123845 -0.026043 0.991960
0.210872 0.771384 -0.600416
0.146299 0.984224 0.099498
0.142158 0.989393 -0.029866
0.146299 0.984224 0.099498
0.044654 0.660003 0.749935
0.142158 0.989393 -0.029866
0.044654 0.660003 0.749935
0.088541 0.647408 0.756983
0.142158 0.989393 -0.029866
0.142158 0.989393 -0.029866
0.088541 0.647408 0.756983
0.060761 0.973173 -0.221906
0.088541 0.647408 0.756983
0.092312 0.730991 0.676114
0.060761 0.973173 -0.221906
0.060761 0.973173 -0.221906
0.092312 0.730991 0.676114
-0.029363 0.932694 -0.359471
0.092312 0.730991 0.676114
-0.022698 0.803317 0.595119
-0.029363 0.932694 -0.359471
-0.022698 0.803317 0.595119
-0.023256 0.816524 0.576842
-0.029363 0.932694 -0.359471
-0.029363 0.932694 -0.359471
-0.023256 0.816524 0.576842
0.035301 0.924968 -0.378402
0.035301 0.924968 -0.378402
-0.023256 0.816524 0.576842
0.102573 0.945645 -0.308601
-0.023256 0.816524 0.576842
-0.027492 0.827957 0.560117
0.102573 0.945645 -0.308601
0.102573 0.945645 -0.308601
-0.027492 0.827957 0.560117
0.053892 0.915639 -0.398373
0.053892 0.915639 -0.398373
-0.027492 0.827957 0.560117
0.016372 0.762451 0.646839
-0.027492 0.827957 0.560117
-0.089818 0.000658 0.995958
0.016372 0.762451 0.646839
-0.089818 0.000658 0.995958
0.009355 -0.025828 0.999623
0.016372 0.762451 0.646839
0.016372 0.762451 0.646839
0.009355 -0.025828 0.999623
0.044089 0.053933 0.997571
0.044089 0.053933 0.997571
0.009355 -0.025828 0.999623
0.047857 -0.631453 0.773936
0.009355 -0.025828 0.999623
-0.041017 -0.778322 0.626524
0.047857 -0.631453 0.773936
0.138466 0.359713 -0.922732
0.210872 0.771384 -0.600416
0.159075 0.688893 -0.707193
0.210872 0.771384 -0.600416
0.142158 0.989393 -0.029866
0.159075 0.688893 -0.707193
0.142158 0.989393 -0.029866
0.060761 0.973173 -0.221906
0.159075 0.688893 -0.707193
0.159075 0.688893 -0.707193
0.060761 0.973173 -0.221906
0.079234 0.538735 -0.838741
0.060761 0.973173 -0.221906
-0.029363 0.932694 -0.359471
0.079234 0.538735 -0.838741
-0.029363 0.932694 -0.359471
0.035301 0.924968 -0.378402
0.079234 0.538735 -0.838741
0.079234 0.538735 -0.838741
0.035301 0.924968 -0.378402
0.039054 0.436181 -0.899011
0.039054 0.436181 -0.899011
0.035301 0.924968 -0.378402
0.063590 0.544763 -0.836176
0.035301 0.924968 -0.378402
0.102573 0.945645 -0.308601
0.063590 0.544763 -0.836176
0.063590 0.544763 -0.836176
0.102573 0.945645 -0.308601
0.069008 0.527885 -0.846508
0.102573 0.945645 -0.308601
0.053892 0.915639 -0.398373
0.069008 0.527885 -0.846508
0.069008 0.527885 -0.846508
0.053892 0.915639 -0.398373
0.110148 0.979577 0.168215
0.053892 0.915639 -0.398373
0.016372 0.762451 0.646839
0.110148 0.979577 0.168215
0.016372 0.762451 0.646839
0.099503 0.914634 0.391848
0.110148 0.979577 0.168215
-0.838135 0.545460 0.002110
-0.205710 0.733618 0.647679
-0.536309 0.843666 0.024509
-0.205710 0.733618 0.647679
0.325293 0.629698 -0.705454
-0.536309 0.843666 0.024509
0.325293 0.629698 -0.705454
-0.334412 -0.364291 -0.869173
-0.536309 0.843666 0.024509
-0.536309 0.843666 0.024509
-0.334412 -0.364291 -0.869173
-0.838135 0.545460 0.002110
0.237855 -0.898192 -0.369698
-0.139178 -0.888944 0.436357
0.146069 -0.925553 -0.349306
-0.139178 -0.888944 0.436357
-0.191391 -0.973908 0.121955
0.146069 -0.925553 -0.349306
-0.191391 -0.973908 0.121955
-0.334412 -0.364291 -0.869173
0.146069 -0.925553 -0.349306
-0.334412 -0.364291 -0.869173
0.325293 0.629698 -0.705454
0.146069 -0.925553 -0.349306
0.146069 -0.925553 -0.349306
0.325293 0.629698 -0.705454
0.237855 -0.898192 -0.369698
0.225654 0.707964 0.669228
0.837823 0.544624 -0.037912
0.561766 0.825494 0.054572
0.837823 0.544624 -0.037912
0.337177 -0.369903 -0.865727
0.561766 0.825494 0.054572
0.337177 -0.369903 -0.865727
-0.288340 0.648828 -0.704189
0.561766 0.825494 0.054572
0.561766 0.825494 0.054572
-0.288340 0.648828 -0.704189
0.225654 0.707964 0.669228
0.163339 -0.881856 0.442324
-0.199081 -0.896569 -0.395640
-0.132588 -0.921658 -0.364646
-0.199081 -0.896569 -0.395640
-0.288340 0.648828 -0.704189
-0.132588 -0.921658 -0.364646
-0.288340 0.648828 -0.704189
0.337177 -0.369903 -0.865727
-0.132588 -0.921658 -0.364646
0.337177 -0.369903 -0.865727
0.185289 -0.974242 0.128530
-0.132588 -0.921658 -0.364646
-0.132588 -0.921658 -0.364646
0.185289 -0.974242 0.128530
0.163339 -0.881856 0.442324
0.007648 0.966530 0.256440
-0.003699 0.985557 -0.169306
-0.126534 0.941287 0.312998
-0.126534 0.941287 0.312998
-0.003699 0.985557 -0.169306
-0.504023 0.838874 -0.205551
-0.504023 0.838874 -0.205551
-0.003699 0.985557 -0.169306
-0.713612 0.649778 -0.261816
-0.003699 0.985557 -0.169306
-0.026390 0.961791 -0.272509
-0.713612 0.649778 -0.261816
0.123845 -0.026043 0.991960
0.033626 -0.761375 0.647439
0.079272 0.042903 0.995929
0.033626 -0.761375 0.647439
0.056587 -0.810869 0.582486
0.079272 0.042903 0.995929
0.079272 0.042903 0.995929
0.056587 -0.810869 0.582486
0.036042 0.012372 0.999274
0.056587 -0.810869 0.582486
0.039811 0.114330 0.992645
0.036042 0.012372 0.999274
-0.938185 -0.223669 0.264160
-0.745552 -0.618536 0.248125
-0.932458 -0.231816 0.277097
-0.932458 -0.231816 0.277097
-0.745552 -0.618536 0.248125
-0.690456 -0.715613 0.105680
-0.745552 -0.618536 0.248125
-0.000967 -0.983366 0.181634
-0.690456 -0.715613 0.105680
-0.690456 -0.715613 0.105680
-0.000967 -0.983366 0.181634
-0.018402 -0.993147 0.115416
-0.018402 -0.993147 0.115416
-0.000967 -0.983366 0.181634
0.681585 -0.724494 0.102721
-0.000967 -0.983366 0.181634
0.740352 -0.630411 0.233368
0.681585 -0.724494 0.102721
0.090505 -0.978611 0.184744
0.090775 -0.978556 0.184902
0.138980 -0.633613 0.761065
0.090775 -0.978556 0.184902
0.150141 -0.627711 0.763831
0.138980 -0.633613 0.761065
0.138980 -0.633613 0.761065
0.150141 -0.627711 0.763831
0.140826 0.518194 0.843589
0.150141 -0.627711 0.763831
0.195401 0.493191 0.847692
0.140826 0.518194 0.843589
0.195401 0.493191 0.847692
0.141689 0.904926 -0.401290
0.140826 0.518194 0.843589
0.140826 0.518194 0.843589
0.141689 0.904926 -0.401290
0.034107 0.860844 -0.507724
0.141689 0.904926 -0.401290
-0.074589 0.131800 -0.988466
0.034107 0.860844 -0.507724
0.034107 0.860844 -0.507724
-0.074589 0.131800 -0.988466
-0.129534 0.110175 -0.985435
0.772854 0.628544 0.087349
0.772369 0.629202 0.086893
0.033447 0.997397 0.063883
0.772369 0.629202 0.086893
0.041582 0.997428 0.058375
0.033447 0.997397 0.063883
0.033447 0.997397 0.063883
0.041582 0.997428 0.058375
-0.962922 0.266183 -0.043900
0.041582 0.997428 0.058375
-0.956734 0.286934 -0.048256
-0.962922 0.266183 -0.043900
-0.962922 0.266183 -0.043900
-0.956734 0.286934 -0.048256
-0.656369 -0.749355 -0.087446
-0.956734 0.286934 -0.048256
-0.663897 -0.742543 -0.088715
-0.656369 -0.749355 -0.087446
-0.656369 -0.749355 -0.087446
-0.663897 -0.742543 -0.088715
-0.084704 -0.994093 -0.067851
-0.663897 -0.742543 -0.088715
-0.086744 -0.993963 -0.067177
-0.084704 -0.994093 -0.067851
-0.202238 0.979209 0.015774
-0.146863 0.829879 -0.538268
-0.160398 0.961519 -0.223057
-0.160398 0.961519 -0.223057
-0.146863 0.829879 -0.538268
-0.167004 0.148918 -0.974645
-0.146863 0.829879 -0.538268
0.027693 -0.499325 -0.865972
-0.167004 0.148918 -0.974645
-0.167004 0.148918 -0.974645
0.027693 -0.499325 -0.865972
-0.099601 -0.892166 0.440589
0.027693 -0.499325 -0.865972
-0.088760 -0.830156 0.550421
-0.099601 -0.892166 0.440589
-0.099601 -0.892166 0.440589
-0.088760 -0.830156 0.550421
-0.146773 -0.147204 0.978156
-0.088760 -0.830156 0.550421
-0.134088 -0.188834 0.972811
-0.146773 -0.147204 0.978156
-0.146773 -0.147204 0.978156
-0.220197 -0.314522 0.923358
-0.099601 -0.892166 0.440589
-0.220197 -0.314522 0.923358
-0.646536 -0.759862 0.067833
-0.099601 -0.892166 0.440589
-0.646536 -0.759862 0.067833
0.105989 0.141727 -0.984215
-0.099601 -0.892166 0.440589
-0.099601 -0.892166 0.440589
0.105989 0.141727 -0.984215
-0.167004 0.148918 -0.974645
-0.167004 0.148918 -0.974645
0.105989 0.141727 -0.984215
-0.160398 0.961519 -0.223057
-0.160398 0.961519 -0.223057
0.105989 0.141727 -0.984215
-0.473399 0.762582 -0.440866
0.105989 0.141727 -0.984215
-0.339866 0.073844 -0.937570
-0.473399 0.762582 -0.440866
-0.473399 0.762582 -0.440866
-0.339866 0.073844 -0.937570
-0.646536 -0.759862 0.067833
-0.339866 0.073844 -0.937570
0.105989 0.141727 -0.984215
-0.646536 -0.759862 0.067833
0.206643 0.978416 -0.000095
0.141584 0.920316 -0.364654
0.226022 0.794510 -0.563620
0.141584 0.920316 -0.364654
0.132634 -0.055409 -0.989615
0.226022 0.794510 -0.563620
0.226022 0.794510 -0.563620
0.132634 -0.055409 -0.989615
0.037180 -0.404821 -0.913640
0.132634 -0.055409 -0.989615
0.098655 -0.861581 0.497941
0.037180 -0.404821 -0.913640
0.037180 -0.404821 -0.913640
0.098655 -0.861581 0.497941
0.028366 -0.881538 0.471259
0.098655 -0.861581 0.497941
0.158407 -0.113461 0.980833
0.028366 -0.881538 0.471259
0.028366 -0.881538 0.471259
0.158407 -0.113461 0.980833
0.135063 -0.266163 0.954419
0.158407 -0.113461 0.980833
0.098655 -0.861581 0.497941
0.255193 -0.099801 0.961726
0.255193 -0.099801 0.961726
0.098655 -0.861581 0.497941
0.720822 -0.678115 0.143445
0.720822 -0.678115 0.143445
0.098655 -0.861581 0.497941
-0.136517 0.047700 -0.989489
0.098655 -0.861581 0.497941
0.132634 -0.055409 -0.989615
-0.136517 0.047700 -0.989489
0.132634 -0.055409 -0.989615
0.141584 0.920316 -0.364654
-0.136517 0.047700 -0.989489
0.141584 0.920316 -0.364654
0.408003 0.652511 -0.638564
-0.136517 0.047700 -0.989489
-0.136517 0.047700 -0.989489
0.408003 0.652511 -0.638564
0.276482 -0.037156 -0.960301
0.408003 0.652511 -0.638564
0.720822 -0.678115 0.143445
0.276482 -0.037156 -0.960301
0.276482 -0.037156 -0.960301
0.720822 -0.678115 0.143445
-0.136517 0.047700 -0.989489
-0.959412 -0.280634 0.027795
-0.960432 -0.276774 0.031085
-0.566053 -0.824265 -0.013115
-0.960432 -0.276774 0.031085
-0.583766 -0.811862 -0.009806
-0.566053 -0.824265 -0.013115
-0.566053 -0.824265 -0.013115
-0.583766 -0.811862 -0.009806
0.652631 -0.754736 -0.066686
-0.583766 -0.811862 -0.009806
0.669429 -0.739269 -0.073125
0.652631 -0.754736 -0.066686
0.652631 -0.754736 -0.066686
0.669429 -0.739269 -0.073125
0.962987 0.265774 -0.044951
0.669429 -0.739269 -0.073125
0.956603 0.288598 -0.040286
0.962987 0.265774 -0.044951
0.962987 0.265774 -0.044951
0.956603 0.288598 -0.040286
-0.035852 0.998102 0.050061
0.956603 0.288598 -0.040286
-0.025441 0.997836 0.060639
-0.035852 0.998102 0.050061
-0.035852 0.998102 0.050061
-0.025441 0.997836 0.060639
-0.768141 0.635959 0.074268
-0.025441 0.997836 0.060639
-0.768715 0.635321 0.073790
-0.768141 0.635959 0.074268
-0.125557 0.989895 -0.065898
-0.177274 0.666890 -0.723762
-0.104942 0.906030 -0.409996
-0.104942 0.906030 -0.409996
-0.177274 0.666890 -0.723762
-0.297294 0.001833 -0.954784
-0.177274 0.666890 -0.723762
-0.105981 -0.746974 -0.656352
-0.297294 0.001833 -0.954784
-0.297294 0.001833 -0.954784
-0.105981 -0.746974 -0.656352
-0.205472 -0.793197 0.573254
-0.105981 -0.746974 -0.656352
-0.073223 -0.687920 0.722083
-0.205472 -0.793197 0.573254
-0.073223 -0.687920 0.722083
-0.120154 0.033727 0.992182
-0.205472 -0.793197 0.573254
-0.120154 0.033727 0.992182
-0.166246 0.154006 0.973984
-0.205472 -0.793197 0.573254
-0.166246 0.154006 0.973984
-0.175046 -0.009537 0.984514
-0.205472 -0.793197 0.573254
-0.175046 -0.009537 0.984514
-0.738803 -0.643178 0.201227
-0.205472 -0.793197 0.573254
-0.738803 -0.643178 0.201227
0.039268 0.011945 -0.999157
-0.205472 -0.793197 0.573254
-0.205472 -0.793197 0.573254
0.039268 0.011945 -0.999157
-0.297294 0.001833 -0.954784
-0.297294 0.001833 -0.954784
0.039268 0.011945 -0.999157
-0.104942 0.906030 -0.409996
-0.104942 0.906030 -0.409996
0.039268 0.011945 -0.999157
-0.461849 0.671903 -0.579001
0.039268 0.011945 -0.999157
-0.342564 0.026880 -0.939110
-0.461849 0.671903 -0.579001
-0.461849 0.671903 -0.579001
-0.342564 0.026880 -0.939110
-0.738803 -0.643178 0.201227
-0.342564 0.026880 -0.939110
0.039268 0.011945 -0.999157
-0.738803 -0.643178 0.201227
0.095216 0.993922 -0.055251
0.104779 0.923138 -0.369916
0.228061 0.632873 -0.739906
0.104779 0.923138 -0.369916
0.390861 0.028724 -0.920001
0.228061 0.632873 -0.739906
0.228061 0.632873 -0.739906
0.390861 0.028724 -0.920001
0.227793 -0.727307 -0.647406
0.390861 0.028724 -0.920001
0.209298 -0.797819 0.565402
0.227793 -0.727307 -0.647406
0.227793 -0.727307 -0.647406
0.209298 -0.797819 0.565402
0.107337 -0.742019 0.661730
0.107337 -0.742019 0.661730
0.209298 -0.797819 0.565402
0.085295 -0.041258 0.995501
0.085295 -0.041258 0.995501
0.209298 -0.797819 0.565402
0.154972 -0.000536 0.987919
0.154972 -0.000536 0.987919
0.209298 -0.797819 0.565402
0.198330 -0.000664 0.980135
0.198330 -0.000664 0.980135
0.209298 -0.797819 0.565402
0.695344 -0.674805 0.247256
0.695344 -0.674805 0.247256
0.209298 -0.797819 0.565402
-0.056225 -0.015686 -0.998295
0.209298 -0.797819 0.565402
0.390861 0.028724 -0.920001
-0.056225 -0.015686 -0.998295
0.390861 0.028724 -0.920001
0.104779 0.923138 -0.369916
-0.056225 -0.015686 -0.998295
0.104779 0.923138 -0.369916
0.485000 0.627579 -0.609031
-0.056225 -0.015686 -0.998295
-0.056225 -0.015686 -0.998295
0.485000 0.627579 -0.609031
0.319010 -0.000950 -0.947751
0.485000 0.627579 -0.609031
0.695344 -0.674805 0.247256
0.319010 -0.000950 -0.947751
0.319010 -0.000950 -0.947751
0.695344 -0.674805 0.247256
-0.056225 -0.015686 -0.998295
</float_array>
          <technique_common>
            <accessor source="#DrawCall_0051-lib-Normal0-array" count="1602" stride="3">
              <param name="X" type="float"/>
              <param name="Y" type="float"/>
              <param name="Z" type="float"/>
            </accessor>
          </technique_common>
        </source>
        <source id="DrawCall_0051-lib-UV0">
          <float_array id="DrawCall_0051-lib-UV0-array" count="896">
0.197459 0.715991
0.010228 0.900255
0.012413 0.710790
0.869060 0.381179
0.832989 0.343351
0.697558 0.351784
0.955509 0.318697
0.887549 0.315579
0.955465 0.341789
0.118526 0.357093
0.195910 0.364873
0.117661 0.395075
0.011211 0.398511
0.011531 0.358156
0.193227 0.890208
0.195339 0.980285
0.010228 0.980285
0.728325 0.324586
0.884102 0.343904
0.150662 0.331980
0.834527 0.308942
0.212775 0.330258
0.281982 0.332198
0.246623 0.552911
0.331052 0.437923
0.339729 0.541984
0.983878 0.545312
0.984970 0.428898
0.956588 0.428130
0.088105 0.319065
0.185238 0.552331
0.251013 0.403959
0.258903 0.445340
0.342372 0.715927
0.857029 0.568459
0.774351 0.431152
0.660626 0.385040
0.659388 0.441385
0.667021 0.566398
0.665652 0.711595
0.011648 0.550499
0.738257 0.300279
0.097742 0.321031
0.854054 0.712579
0.985735 0.713494
0.282289 0.364092
0.010228 0.338919
0.953566 0.383123
0.334333 0.980285
0.343709 0.897633
0.987154 0.903016
0.887202 0.980285
0.987154 0.980285
0.887211 0.905303
0.663647 0.980285
0.663094 0.902283
0.199137 0.715536
0.497330 0.392013
0.540207 0.351148
0.491155 0.351795
0.369645 0.354895
0.472102 0.308045
0.358157 0.307985
0.119392 0.395075
0.197641 0.364873
0.120257 0.357093
0.197070 0.980285
0.194958 0.890208
0.214506 0.330258
0.152393 0.331980
0.536956 0.308851
0.283713 0.332198
0.339729 0.541984
0.331052 0.437923
0.248354 0.552911
0.377042 0.433590
0.082639 0.334339
0.260634 0.445340
0.251013 0.403959
0.186969 0.552331
0.342372 0.715927
0.489159 0.554261
0.563197 0.443104
0.659123 0.384693
0.660424 0.383957
0.622491 0.324586
0.099473 0.321031
0.618951 0.306304
0.496174 0.712579
0.283617 0.364092
0.372635 0.389676
0.334333 0.980285
0.340781 0.897625
0.333090 0.980285
0.440091 0.980285
0.344242 0.897874
0.434326 0.904346
0.308375 0.060458
0.381494 0.062637
0.308375 0.123183
0.375793 0.230254
0.375180 0.260132
0.306695 0.215786
0.308375 0.007410
0.379885 0.005587
0.133520 0.199042
0.144162 0.165140
0.378600 0.171237
0.308375 0.171919
0.381169 0.114055
0.134870 0.132173
0.083595 0.074154
0.308375 0.295060
0.301654 0.253533
0.375031 0.293238
0.117111 0.247306
0.054666 0.194660
0.021092 0.243826
0.016308 0.278258
0.507197 0.129805
0.443136 0.183823
0.506339 0.063139
0.056682 0.123659
0.056418 0.162864
0.082759 0.040437
0.102036 0.003742
0.449171 0.005587
0.440784 0.225857
0.502737 0.226660
0.502351 0.254263
0.443807 0.257876
0.444316 0.293238
0.505158 0.180025
0.500597 0.293238
0.505452 0.005587
0.569034 0.180632
0.800534 0.122550
0.799625 0.213558
0.799294 0.068718
0.571833 0.064508
0.568625 0.005587
0.563770 0.293238
0.565750 0.259638
0.566533 0.221497
0.798800 0.295818
0.799605 0.215530
0.571443 0.126812
0.796007 0.004074
0.014666 0.294220
0.308375 0.123183
0.381494 0.062637
0.308375 0.060458
0.306695 0.215786
0.375180 0.260132
0.375793 0.230254
0.379885 0.005587
0.308375 0.007410
0.144162 0.165140
0.133520 0.199042
0.308375 0.171919
0.378600 0.171237
0.381169 0.114055
0.083595 0.074154
0.134870 0.132173
0.375031 0.293238
0.301654 0.253533
0.308375 0.295060
0.117111 0.247306
0.021092 0.243826
0.054666 0.194660
0.016308 0.278258
0.014666 0.294220
0.443136 0.183823
0.507197 0.129805
0.506339 0.063139
0.056682 0.123659
0.056418 0.162864
0.082759 0.040437
0.449171 0.005587
0.502737 0.226660
0.440784 0.225857
0.502351 0.254263
0.444316 0.293238
0.443807 0.257876
0.505158 0.180025
0.500597 0.293238
0.505452 0.005587
0.799625 0.213558
0.800534 0.122550
0.569034 0.180632
0.568625 0.005587
0.571833 0.064508
0.799294 0.068718
0.565750 0.259638
0.563770 0.293238
0.566533 0.221497
0.798800 0.295818
0.571443 0.126812
0.796007 0.004074
0.102036 0.003742
0.867955 0.069154
0.867955 0.009390
0.799294 0.068718
0.800534 0.122550
0.867955 0.125037
0.867955 0.216857
0.799625 0.213558
0.867955 0.295552
0.798800 0.295818
0.796007 0.004074
0.836060 0.294275
0.826188 0.294275
0.836061 0.186735
0.962637 0.120464
0.874307 0.068456
0.953077 0.019063
0.874307 0.105328
0.874307 0.223853
0.874307 0.190437
0.996462 0.195234
0.801081 0.294275
0.801081 0.186735
0.811814 0.294275
0.944390 0.294275
0.874307 0.294275
0.996462 0.232394
0.996462 0.033361
0.874307 0.147638
0.996462 0.146275
0.874307 0.129487
0.826188 0.294275
0.811814 0.294275
0.817310 0.206503
0.976348 0.003690
0.817310 0.206503
0.817310 0.206503
0.870236 0.294275
0.976348 0.294275
0.817310 0.166002
0.801081 0.166002
0.817310 0.030609
0.817310 0.147554
0.836102 0.003690
0.836102 0.186735
0.996462 0.003690
0.835978 0.003690
0.835978 0.130847
0.870236 0.166002
0.870236 0.003690
0.836060 0.186735
0.817310 0.147554
0.836060 0.003690
0.870236 0.186735
0.817310 0.147554
0.801081 0.186735
0.801081 0.003690
0.836060 0.186735
0.817310 0.147554
0.836060 0.003690
0.870236 0.294275
0.836060 0.294275
0.870236 0.186735
0.801081 0.186762
0.801081 0.003690
0.874307 0.022013
0.944390 0.003690
0.874307 0.003690
0.870236 0.186735
0.870236 0.003690
0.836061 0.003690
0.811814 0.294275
0.874307 0.046721
0.817310 0.030609
0.801081 0.003690
0.870236 0.003690
0.817310 0.206503
0.826188 0.294275
0.870236 0.186735
0.817310 0.030609
0.801081 0.003690
0.817310 0.030609
0.870236 0.003690
0.817310 0.030609
0.826188 0.294275
0.801081 0.003690
0.801081 0.294275
0.836060 0.294275
0.870236 0.294275
0.811814 0.294275
0.801081 0.186729
0.826188 0.294275
0.801081 0.294275
0.874307 0.261914
0.870236 0.003690
0.835978 0.166002
0.836060 0.294275
0.870236 0.294275
0.801081 0.294275
0.836061 0.186735
0.826188 0.294275
0.836060 0.294275
0.953077 0.019063
0.874307 0.068456
0.962637 0.120464
0.874307 0.105328
0.996462 0.195234
0.874307 0.190437
0.874307 0.223853
0.811814 0.294275
0.801081 0.186735
0.801081 0.294275
0.996462 0.232394
0.874307 0.294275
0.944390 0.294275
0.996462 0.033361
0.996462 0.146275
0.874307 0.147638
0.874307 0.129487
0.817310 0.206503
0.811814 0.294275
0.826188 0.294275
0.976348 0.003690
0.817310 0.206503
0.817310 0.206503
0.870236 0.294275
0.976348 0.294275
0.817310 0.030609
0.801081 0.166002
0.817310 0.166002
0.836102 0.186735
0.836102 0.003690
0.817310 0.147554
0.996462 0.003690
0.835978 0.130847
0.835978 0.003690
0.870236 0.003690
0.870236 0.166002
0.836060 0.003690
0.817310 0.147554
0.836060 0.186735
0.870236 0.186735
0.801081 0.003690
0.801081 0.186735
0.817310 0.147554
0.836060 0.003690
0.817310 0.147554
0.836060 0.186735
0.870236 0.186735
0.836060 0.294275
0.870236 0.294275
0.801081 0.003690
0.801081 0.186762
0.944390 0.003690
0.874307 0.022013
0.874307 0.003690
0.870236 0.003690
0.870236 0.186735
0.836061 0.003690
0.811814 0.294275
0.874307 0.046721
0.801081 0.003690
0.817310 0.030609
0.870236 0.003690
0.826188 0.294275
0.817310 0.206503
0.870236 0.186735
0.801081 0.003690
0.817310 0.030609
0.817310 0.030609
0.870236 0.003690
0.817310 0.030609
0.826188 0.294275
0.801081 0.003690
0.801081 0.294275
0.870236 0.294275
0.836060 0.294275
0.801081 0.186729
0.811814 0.294275
0.826188 0.294275
0.801081 0.294275
0.874307 0.261914
0.870236 0.003690
0.835978 0.166002
0.836060 0.294275
0.870236 0.294275
0.801081 0.294275
0.856674 0.050585
0.802549 0.003314
0.802549 0.050585
0.856674 0.133989
0.802549 0.133990
0.802550 0.210532
0.856675 0.210532
0.802550 0.288898
0.856675 0.289168
0.856674 0.003314
0.645416 0.352859
0.644609 0.257865
0.642792 0.204651
0.791538 0.210729
0.791538 0.282200
0.642174 0.172707
0.642505 0.100826
0.791538 0.111889
0.791538 0.181242
0.639076 0.057079
0.641770 0.027633
0.791538 0.015054
0.791538 0.064071
0.644009 0.071811
0.642243 0.027743
0.796352 0.001265
0.796273 0.074594
0.642108 0.176170
0.642043 0.101603
0.794307 0.102107
0.794372 0.173201
0.642243 0.263992
0.641427 0.228458
0.793691 0.230435
0.794507 0.287348
0.642166 0.069889
0.794430 0.072672
0.842445 0.071238
0.818346 0.105740
0.849553 0.125394
0.821443 0.068718
0.850026 0.161364
0.852017 0.216079
0.812532 0.204317
0.818481 0.125070
0.850405 0.124230
0.859188 0.264990
0.822628 0.289937
0.822628 0.289937
0.818612 0.027901
0.848399 0.007435
0.818155 0.004074
0.856674 0.098318
0.856674 0.050585
0.856674 0.133989
0.856675 0.210532
0.856675 0.167019
0.856675 0.239303
0.856675 0.289168
0.856674 0.027926
0.856674 0.003314
0.662354 0.356556
</float_array>
          <technique_common>
            <accessor source="#DrawCall_0051-lib-UV0-array" count="448" stride="2">
              <param name="S" type="float"/>
              <param name="T" type="float"/>
            </accessor>
          </technique_common>
        </source>
        <source id="DrawCall_0051-lib-UV1">
          <float_array id="DrawCall_0051-lib-UV1-array" count="896">
0.000000 1.000000
0.000000 1.000000
0.000000 1.000000
0.000000 1.000000
0.000000 1.000000
0.000000 1.000000
0.000000 1.000000
0.000000 1.000000
0.000000 1.000000
0.000000 1.000000
0.000000 1.000000
0.000000 1.000000
0.000000 1.000000
0.000000 1.000000
0.000000 1.000000
0.000000 1.000000
0.000000 1.000000
0.000000 1.000000
0.000000 1.000000
0.000000 1.000000
0.000000 1.000000
0.000000 1.000000
0.000000 1.000000
0.000000 1.000000
0.000000 1.000000
0.000000 1.000000
0.000000 1.000000
0.000000 1.000000
0.000000 1.000000
0.000000 1.000000
0.000000 1.000000
0.000000 1.000000
0.000000 1.000000
0.000000 1.000000
0.000000 1.000000
0.000000 1.000000
0.000000 1.000000
0.000000 1.000000
0.000000 1.000000
0.000000 1.000000
0.000000 1.000000
0.000000 1.000000
0.000000 1.000000
0.000000 1.000000
0.000000 1.000000
0.000000 1.000000
0.000000 1.000000
0.000000 1.000000
0.000000 1.000000
0.000000 1.000000
0.000000 1.000000
0.000000 1.000000
0.000000 1.000000
0.000000 1.000000
0.000000 1.000000
0.000000 1.000000
0.000000 1.000000
0.000000 1.000000
0.000000 1.000000
0.000000 1.000000
0.000000 1.000000
0.000000 1.000000
0.000000 1.000000
0.000000 1.000000
0.000000 1.000000
0.000000 1.000000
0.000000 1.000000
0.000000 1.000000
0.000000 1.000000
0.000000 1.000000
0.000000 1.000000
0.000000 1.000000
0.000000 1.000000
0.000000 1.000000
0.000000 1.000000
0.000000 1.000000
0.000000 1.000000
0.000000 1.000000
0.000000 1.000000
0.000000 1.000000
0.000000 1.000000
0.000000 1.000000
0.000000 1.000000
0.000000 1.000000
0.000000 1.000000
0.000000 1.000000
0.000000 1.000000
0.000000 1.000000
0.000000 1.000000
0.000000 1.000000
0.000000 1.000000
0.000000 1.000000
0.000000 1.000000
0.000000 1.000000
0.000000 1.000000
0.000000 1.000000
0.000000 1.000000
0.000000 1.000000
0.000000 1.000000
0.000000 1.000000
0.000000 1.000000
0.000000 1.000000
0.000000 1.000000
0.000000 1.000000
0.000000 1.000000
0.000000 1.000000
0.000000 1.000000
0.000000 1.000000
0.000000 1.000000
0.000000 1.000000
0.000000 1.000000
0.000000 1.000000
0.000000 1.000000
0.000000 1.000000
0.000000 1.000000
0.000000 1.000000
0.000000 1.000000
0.000000 1.000000
0.000000 1.000000
0.000000 1.000000
0.000000 1.000000
0.000000 1.000000
0.000000 1.000000
0.000000 1.000000
0.000000 1.000000
0.000000 1.000000
0.000000 1.000000
0.000000 1.000000
0.000000 1.000000
0.000000 1.000000
0.000000 1.000000
0.000000 1.000000
0.000000 1.000000
0.000000 1.000000
0.000000 1.000000
0.000000 1.000000
0.000000 1.000000
0.000000 1.000000
0.000000 1.000000
0.000000 1.000000
0.000000 1.000000
0.000000 1.000000
0.000000 1.000000
0.000000 1.000000
0.000000 1.000000
0.000000 1.000000
0.000000 1.000000
0.000000 1.000000
0.000000 1.000000
0.000000 1.000000
0.000000 1.000000
0.000000 1.000000
0.000000 1.000000
0.000000 1.000000
0.000000 1.000000
0.000000 1.000000
0.000000 1.000000
0.000000 1.000000
0.000000 1.000000
0.000000 1.000000
0.000000 1.000000
0.000000 1.000000
0.000000 1.000000
0.000000 1.000000
0.000000 1.000000
0.000000 1.000000
0.000000 1.000000
0.000000 1.000000
0.000000 1.000000
0.000000 1.000000
0.000000 1.000000
0.000000 1.000000
0.000000 1.000000
0.000000 1.000000
0.000000 1.000000
0.000000 1.000000
0.000000 1.000000
0.000000 1.000000
0.000000 1.000000
0.000000 1.000000
0.000000 1.000000
0.000000 1.000000
0.000000 1.000000
0.000000 1.000000
0.000000 1.000000
0.000000 1.000000
0.000000 1.000000
0.000000 1.000000
0.000000 1.000000
0.000000 1.000000
0.000000 1.000000
0.000000 1.000000
0.000000 1.000000
0.000000 1.000000
0.000000 1.000000
0.000000 1.000000
0.000000 1.000000
0.000000 1.000000
0.000000 1.000000
0.000000 1.000000
0.000000 1.000000
0.000000 1.000000
0.000000 1.000000
0.000000 1.000000
0.000000 1.000000
0.000000 1.000000
0.000000 1.000000
0.000000 1.000000
0.000000 1.000000
0.000000 1.000000
0.000000 1.000000
0.000000 1.000000
0.000000 1.000000
0.000000 1.000000
0.000000 1.000000
0.000000 1.000000
0.000000 1.000000
0.000000 1.000000
0.000000 1.000000
0.000000 1.000000
0.000000 1.000000
0.000000 1.000000
0.000000 1.000000
0.000000 1.000000
0.000000 1.000000
0.000000 1.000000
0.000000 1.000000
0.000000 1.000000
0.000000 1.000000
0.000000 1.000000
0.000000 1.000000
0.000000 1.000000
0.000000 1.000000
0.000000 1.000000
0.000000 1.000000
0.000000 1.000000
0.000000 1.000000
0.000000 1.000000
0.000000 1.000000
0.000000 1.000000
0.000000 1.000000
0.000000 1.000000
0.000000 1.000000
0.000000 1.000000
0.000000 1.000000
0.000000 1.000000
0.000000 1.000000
0.000000 1.000000
0.000000 1.000000
0.000000 1.000000
0.000000 1.000000
0.000000 1.000000
0.000000 1.000000
0.000000 1.000000
0.000000 1.000000
0.000000 1.000000
0.000000 1.000000
0.000000 1.000000
0.000000 1.000000
0.000000 1.000000
0.000000 1.000000
0.000000 1.000000
0.000000 1.000000
0.000000 1.000000
0.000000 1.000000
0.000000 1.000000
0.000000 1.000000
0.000000 1.000000
0.000000 1.000000
0.000000 1.000000
0.000000 1.000000
0.000000 1.000000
0.000000 1.000000
0.000000 1.000000
0.000000 1.000000
0.000000 1.000000
0.000000 1.000000
0.000000 1.000000
0.000000 1.000000
0.000000 1.000000
0.000000 1.000000
0.000000 1.000000
0.000000 1.000000
0.000000 1.000000
0.000000 1.000000
0.000000 1.000000
0.000000 1.000000
0.000000 1.000000
0.000000 1.000000
0.000000 1.000000
0.000000 1.000000
0.000000 1.000000
0.000000 1.000000
0.000000 1.000000
0.000000 1.000000
0.000000 1.000000
0.000000 1.000000
0.000000 1.000000
0.000000 1.000000
0.000000 1.000000
0.000000 1.000000
0.000000 1.000000
0.000000 1.000000
0.000000 1.000000
0.000000 1.000000
0.000000 1.000000
0.000000 1.000000
0.000000 1.000000
0.000000 1.000000
0.000000 1.000000
0.000000 1.000000
0.000000 1.000000
0.000000 1.000000
0.000000 1.000000
0.000000 1.000000
0.000000 1.000000
0.000000 1.000000
0.000000 1.000000
0.000000 1.000000
0.000000 1.000000
0.000000 1.000000
0.000000 1.000000
0.000000 1.000000
0.000000 1.000000
0.000000 1.000000
0.000000 1.000000
0.000000 1.000000
0.000000 1.000000
0.000000 1.000000
0.000000 1.000000
0.000000 1.000000
0.000000 1.000000
0.000000 1.000000
0.000000 1.000000
0.000000 1.000000
0.000000 1.000000
0.000000 1.000000
0.000000 1.000000
0.000000 1.000000
0.000000 1.000000
0.000000 1.000000
0.000000 1.000000
0.000000 1.000000
0.000000 1.000000
0.000000 1.000000
0.000000 1.000000
0.000000 1.000000
0.000000 1.000000
0.000000 1.000000
0.000000 1.000000
0.000000 1.000000
0.000000 1.000000
0.000000 1.000000
0.000000 1.000000
0.000000 1.000000
0.000000 1.000000
0.000000 1.000000
0.000000 1.000000
0.000000 1.000000
0.000000 1.000000
0.000000 1.000000
0.000000 1.000000
0.000000 1.000000
0.000000 1.000000
0.000000 1.000000
0.000000 1.000000
0.000000 1.000000
0.000000 1.000000
0.000000 1.000000
0.000000 1.000000
0.000000 1.000000
0.000000 1.000000
0.000000 1.000000
0.000000 1.000000
0.000000 1.000000
0.000000 1.000000
0.000000 1.000000
0.000000 1.000000
0.000000 1.000000
0.000000 1.000000
0.000000 1.000000
0.000000 1.000000
0.000000 1.000000
0.000000 1.000000
0.000000 1.000000
0.000000 1.000000
0.000000 1.000000
0.000000 1.000000
0.000000 1.000000
0.000000 1.000000
0.000000 1.000000
0.000000 1.000000
0.000000 1.000000
0.000000 1.000000
0.000000 1.000000
0.000000 1.000000
0.000000 1.000000
0.000000 1.000000
0.000000 1.000000
0.000000 1.000000
0.000000 1.000000
0.000000 1.000000
0.000000 1.000000
0.000000 1.000000
0.000000 1.000000
0.000000 1.000000
0.000000 1.000000
0.000000 1.000000
0.000000 1.000000
0.000000 1.000000
0.000000 1.000000
0.000000 1.000000
0.000000 1.000000
0.000000 1.000000
0.000000 1.000000
0.000000 1.000000
0.000000 1.000000
0.000000 1.000000
0.000000 1.000000
0.000000 1.000000
0.000000 1.000000
0.000000 1.000000
0.000000 1.000000
0.000000 1.000000
0.000000 1.000000
0.000000 1.000000
0.000000 1.000000
0.000000 1.000000
0.000000 1.000000
0.000000 1.000000
0.000000 1.000000
0.000000 1.000000
0.000000 1.000000
0.000000 1.000000
0.000000 1.000000
0.000000 1.000000
0.000000 1.000000
0.000000 1.000000
0.000000 1.000000
0.000000 1.000000
0.000000 1.000000
0.000000 1.000000
0.000000 1.000000
0.000000 1.000000
0.000000 1.000000
0.000000 1.000000
0.000000 1.000000
0.000000 1.000000
</float_array>
          <technique_common>
            <accessor source="#DrawCall_0051-lib-UV1-array" count="448" stride="2">
              <param name="S" type="float"/>
              <param name="T" type="float"/>
            </accessor>
          </technique_common>
        </source>
        <source id="DrawCall_0051-lib-UV2">
          <float_array id="DrawCall_0051-lib-UV2-array" count="896">
0.000000 1.000000
0.000000 1.000000
0.000000 1.000000
0.000000 1.000000
0.000000 1.000000
0.000000 1.000000
0.000000 1.000000
0.000000 1.000000
0.000000 1.000000
0.000000 1.000000
0.000000 1.000000
0.000000 1.000000
0.000000 1.000000
0.000000 1.000000
0.000000 1.000000
0.000000 1.000000
0.000000 1.000000
0.000000 1.000000
0.000000 1.000000
0.000000 1.000000
0.000000 1.000000
0.000000 1.000000
0.000000 1.000000
0.000000 1.000000
0.000000 1.000000
0.000000 1.000000
0.000000 1.000000
0.000000 1.000000
0.000000 1.000000
0.000000 1.000000
0.000000 1.000000
0.000000 1.000000
0.000000 1.000000
0.000000 1.000000
0.000000 1.000000
0.000000 1.000000
0.000000 1.000000
0.000000 1.000000
0.000000 1.000000
0.000000 1.000000
0.000000 1.000000
0.000000 1.000000
0.000000 1.000000
0.000000 1.000000
0.000000 1.000000
0.000000 1.000000
0.000000 1.000000
0.000000 1.000000
0.000000 1.000000
0.000000 1.000000
0.000000 1.000000
0.000000 1.000000
0.000000 1.000000
0.000000 1.000000
0.000000 1.000000
0.000000 1.000000
0.000000 1.000000
0.000000 1.000000
0.000000 1.000000
0.000000 1.000000
0.000000 1.000000
0.000000 1.000000
0.000000 1.000000
0.000000 1.000000
0.000000 1.000000
0.000000 1.000000
0.000000 1.000000
0.000000 1.000000
0.000000 1.000000
0.000000 1.000000
0.000000 1.000000
0.000000 1.000000
0.000000 1.000000
0.000000 1.000000
0.000000 1.000000
0.000000 1.000000
0.000000 1.000000
0.000000 1.000000
0.000000 1.000000
0.000000 1.000000
0.000000 1.000000
0.000000 1.000000
0.000000 1.000000
0.000000 1.000000
0.000000 1.000000
0.000000 1.000000
0.000000 1.000000
0.000000 1.000000
0.000000 1.000000
0.000000 1.000000
0.000000 1.000000
0.000000 1.000000
0.000000 1.000000
0.000000 1.000000
0.000000 1.000000
0.000000 1.000000
0.000000 1.000000
0.000000 1.000000
0.000000 1.000000
0.000000 1.000000
0.000000 1.000000
0.000000 1.000000
0.000000 1.000000
0.000000 1.000000
0.000000 1.000000
0.000000 1.000000
0.000000 1.000000
0.000000 1.000000
0.000000 1.000000
0.000000 1.000000
0.000000 1.000000
0.000000 1.000000
0.000000 1.000000
0.000000 1.000000
0.000000 1.000000
0.000000 1.000000
0.000000 1.000000
0.000000 1.000000
0.000000 1.000000
0.000000 1.000000
0.000000 1.000000
0.000000 1.000000
0.000000 1.000000
0.000000 1.000000
0.000000 1.000000
0.000000 1.000000
0.000000 1.000000
0.000000 1.000000
0.000000 1.000000
0.000000 1.000000
0.000000 1.000000
0.000000 1.000000
0.000000 1.000000
0.000000 1.000000
0.000000 1.000000
0.000000 1.000000
0.000000 1.000000
0.000000 1.000000
0.000000 1.000000
0.000000 1.000000
0.000000 1.000000
0.000000 1.000000
0.000000 1.000000
0.000000 1.000000
0.000000 1.000000
0.000000 1.000000
0.000000 1.000000
0.000000 1.000000
0.000000 1.000000
0.000000 1.000000
0.000000 1.000000
0.000000 1.000000
0.000000 1.000000
0.000000 1.000000
0.000000 1.000000
0.000000 1.000000
0.000000 1.000000
0.000000 1.000000
0.000000 1.000000
0.000000 1.000000
0.000000 1.000000
0.000000 1.000000
0.000000 1.000000
0.000000 1.000000
0.000000 1.000000
0.000000 1.000000
0.000000 1.000000
0.000000 1.000000
0.000000 1.000000
0.000000 1.000000
0.000000 1.000000
0.000000 1.000000
0.000000 1.000000
0.000000 1.000000
0.000000 1.000000
0.000000 1.000000
0.000000 1.000000
0.000000 1.000000
0.000000 1.000000
0.000000 1.000000
0.000000 1.000000
0.000000 1.000000
0.000000 1.000000
0.000000 1.000000
0.000000 1.000000
0.000000 1.000000
0.000000 1.000000
0.000000 1.000000
0.000000 1.000000
0.000000 1.000000
0.000000 1.000000
0.000000 1.000000
0.000000 1.000000
0.000000 1.000000
0.000000 1.000000
0.000000 1.000000
0.000000 1.000000
0.000000 1.000000
0.000000 1.000000
0.000000 1.000000
0.000000 1.000000
0.000000 1.000000
0.000000 1.000000
0.000000 1.000000
0.000000 1.000000
0.000000 1.000000
0.000000 1.000000
0.000000 1.000000
0.000000 1.000000
0.000000 1.000000
0.000000 1.000000
0.000000 1.000000
0.000000 1.000000
0.000000 1.000000
0.000000 1.000000
0.000000 1.000000
0.000000 1.000000
0.000000 1.000000
0.000000 1.000000
0.000000 1.000000
0.000000 1.000000
0.000000 1.000000
0.000000 1.000000
0.000000 1.000000
0.000000 1.000000
0.000000 1.000000
0.000000 1.000000
0.000000 1.000000
0.000000 1.000000
0.000000 1.000000
0.000000 1.000000
0.000000 1.000000
0.000000 1.000000
0.000000 1.000000
0.000000 1.000000
0.000000 1.000000
0.000000 1.000000
0.000000 1.000000
0.000000 1.000000
0.000000 1.000000
0.000000 1.000000
0.000000 1.000000
0.000000 1.000000
0.000000 1.000000
0.000000 1.000000
0.000000 1.000000
0.000000 1.000000
0.000000 1.000000
0.000000 1.000000
0.000000 1.000000
0.000000 1.000000
0.000000 1.000000
0.000000 1.000000
0.000000 1.000000
0.000000 1.000000
0.000000 1.000000
0.000000 1.000000
0.000000 1.000000
0.000000 1.000000
0.000000 1.000000
0.000000 1.000000
0.000000 1.000000
0.000000 1.000000
0.000000 1.000000
0.000000 1.000000
0.000000 1.000000
0.000000 1.000000
0.000000 1.000000
0.000000 1.000000
0.000000 1.000000
0.000000 1.000000
0.000000 1.000000
0.000000 1.000000
0.000000 1.000000
0.000000 1.000000
0.000000 1.000000
0.000000 1.000000
0.000000 1.000000
0.000000 1.000000
0.000000 1.000000
0.000000 1.000000
0.000000 1.000000
0.000000 1.000000
0.000000 1.000000
0.000000 1.000000
0.000000 1.000000
0.000000 1.000000
0.000000 1.000000
0.000000 1.000000
0.000000 1.000000
0.000000 1.000000
0.000000 1.000000
0.000000 1.000000
0.000000 1.000000
0.000000 1.000000
0.000000 1.000000
0.000000 1.000000
0.000000 1.000000
0.000000 1.000000
0.000000 1.000000
0.000000 1.000000
0.000000 1.000000
0.000000 1.000000
0.000000 1.000000
0.000000 1.000000
0.000000 1.000000
0.000000 1.000000
0.000000 1.000000
0.000000 1.000000
0.000000 1.000000
0.000000 1.000000
0.000000 1.000000
0.000000 1.000000
0.000000 1.000000
0.000000 1.000000
0.000000 1.000000
0.000000 1.000000
0.000000 1.000000
0.000000 1.000000
0.000000 1.000000
0.000000 1.000000
0.000000 1.000000
0.000000 1.000000
0.000000 1.000000
0.000000 1.000000
0.000000 1.000000
0.000000 1.000000
0.000000 1.000000
0.000000 1.000000
0.000000 1.000000
0.000000 1.000000
0.000000 1.000000
0.000000 1.000000
0.000000 1.000000
0.000000 1.000000
0.000000 1.000000
0.000000 1.000000
0.000000 1.000000
0.000000 1.000000
0.000000 1.000000
0.000000 1.000000
0.000000 1.000000
0.000000 1.000000
0.000000 1.000000
0.000000 1.000000
0.000000 1.000000
0.000000 1.000000
0.000000 1.000000
0.000000 1.000000
0.000000 1.000000
0.000000 1.000000
0.000000 1.000000
0.000000 1.000000
0.000000 1.000000
0.000000 1.000000
0.000000 1.000000
0.000000 1.000000
0.000000 1.000000
0.000000 1.000000
0.000000 1.000000
0.000000 1.000000
0.000000 1.000000
0.000000 1.000000
0.000000 1.000000
0.000000 1.000000
0.000000 1.000000
0.000000 1.000000
0.000000 1.000000
0.000000 1.000000
0.000000 1.000000
0.000000 1.000000
0.000000 1.000000
0.000000 1.000000
0.000000 1.000000
0.000000 1.000000
0.000000 1.000000
0.000000 1.000000
0.000000 1.000000
0.000000 1.000000
0.000000 1.000000
0.000000 1.000000
0.000000 1.000000
0.000000 1.000000
0.000000 1.000000
0.000000 1.000000
0.000000 1.000000
0.000000 1.000000
0.000000 1.000000
0.000000 1.000000
0.000000 1.000000
0.000000 1.000000
0.000000 1.000000
0.000000 1.000000
0.000000 1.000000
0.000000 1.000000
0.000000 1.000000
0.000000 1.000000
0.000000 1.000000
0.000000 1.000000
0.000000 1.000000
0.000000 1.000000
0.000000 1.000000
0.000000 1.000000
0.000000 1.000000
0.000000 1.000000
0.000000 1.000000
0.000000 1.000000
0.000000 1.000000
0.000000 1.000000
0.000000 1.000000
0.000000 1.000000
0.000000 1.000000
0.000000 1.000000
0.000000 1.000000
0.000000 1.000000
0.000000 1.000000
0.000000 1.000000
0.000000 1.000000
0.000000 1.000000
0.000000 1.000000
0.000000 1.000000
0.000000 1.000000
0.000000 1.000000
0.000000 1.000000
0.000000 1.000000
0.000000 1.000000
0.000000 1.000000
0.000000 1.000000
0.000000 1.000000
0.000000 1.000000
0.000000 1.000000
0.000000 1.000000
0.000000 1.000000
0.000000 1.000000
0.000000 1.000000
0.000000 1.000000
0.000000 1.000000
0.000000 1.000000
0.000000 1.000000
0.000000 1.000000
0.000000 1.000000
0.000000 1.000000
0.000000 1.000000
0.000000 1.000000
0.000000 1.000000
0.000000 1.000000
0.000000 1.000000
0.000000 1.000000
</float_array>
          <technique_common>
            <accessor source="#DrawCall_0051-lib-UV2-array" count="448" stride="2">
              <param name="S" type="float"/>
              <param name="T" type="float"/>
            </accessor>
          </technique_common>
        </source>
        <source id="DrawCall_0051-lib-UV3">
          <float_array id="DrawCall_0051-lib-UV3-array" count="896">
0.000000 1.000000
0.000000 1.000000
0.000000 1.000000
0.000000 1.000000
0.000000 1.000000
0.000000 1.000000
0.000000 1.000000
0.000000 1.000000
0.000000 1.000000
0.000000 1.000000
0.000000 1.000000
0.000000 1.000000
0.000000 1.000000
0.000000 1.000000
0.000000 1.000000
0.000000 1.000000
0.000000 1.000000
0.000000 1.000000
0.000000 1.000000
0.000000 1.000000
0.000000 1.000000
0.000000 1.000000
0.000000 1.000000
0.000000 1.000000
0.000000 1.000000
0.000000 1.000000
0.000000 1.000000
0.000000 1.000000
0.000000 1.000000
0.000000 1.000000
0.000000 1.000000
0.000000 1.000000
0.000000 1.000000
0.000000 1.000000
0.000000 1.000000
0.000000 1.000000
0.000000 1.000000
0.000000 1.000000
0.000000 1.000000
0.000000 1.000000
0.000000 1.000000
0.000000 1.000000
0.000000 1.000000
0.000000 1.000000
0.000000 1.000000
0.000000 1.000000
0.000000 1.000000
0.000000 1.000000
0.000000 1.000000
0.000000 1.000000
0.000000 1.000000
0.000000 1.000000
0.000000 1.000000
0.000000 1.000000
0.000000 1.000000
0.000000 1.000000
0.000000 1.000000
0.000000 1.000000
0.000000 1.000000
0.000000 1.000000
0.000000 1.000000
0.000000 1.000000
0.000000 1.000000
0.000000 1.000000
0.000000 1.000000
0.000000 1.000000
0.000000 1.000000
0.000000 1.000000
0.000000 1.000000
0.000000 1.000000
0.000000 1.000000
0.000000 1.000000
0.000000 1.000000
0.000000 1.000000
0.000000 1.000000
0.000000 1.000000
0.000000 1.000000
0.000000 1.000000
0.000000 1.000000
0.000000 1.000000
0.000000 1.000000
0.000000 1.000000
0.000000 1.000000
0.000000 1.000000
0.000000 1.000000
0.000000 1.000000
0.000000 1.000000
0.000000 1.000000
0.000000 1.000000
0.000000 1.000000
0.000000 1.000000
0.000000 1.000000
0.000000 1.000000
0.000000 1.000000
0.000000 1.000000
0.000000 1.000000
0.000000 1.000000
0.000000 1.000000
0.000000 1.000000
0.000000 1.000000
0.000000 1.000000
0.000000 1.000000
0.000000 1.000000
0.000000 1.000000
0.000000 1.000000
0.000000 1.000000
0.000000 1.000000
0.000000 1.000000
0.000000 1.000000
0.000000 1.000000
0.000000 1.000000
0.000000 1.000000
0.000000 1.000000
0.000000 1.000000
0.000000 1.000000
0.000000 1.000000
0.000000 1.000000
0.000000 1.000000
0.000000 1.000000
0.000000 1.000000
0.000000 1.000000
0.000000 1.000000
0.000000 1.000000
0.000000 1.000000
0.000000 1.000000
0.000000 1.000000
0.000000 1.000000
0.000000 1.000000
0.000000 1.000000
0.000000 1.000000
0.000000 1.000000
0.000000 1.000000
0.000000 1.000000
0.000000 1.000000
0.000000 1.000000
0.000000 1.000000
0.000000 1.000000
0.000000 1.000000
0.000000 1.000000
0.000000 1.000000
0.000000 1.000000
0.000000 1.000000
0.000000 1.000000
0.000000 1.000000
0.000000 1.000000
0.000000 1.000000
0.000000 1.000000
0.000000 1.000000
0.000000 1.000000
0.000000 1.000000
0.000000 1.000000
0.000000 1.000000
0.000000 1.000000
0.000000 1.000000
0.000000 1.000000
0.000000 1.000000
0.000000 1.000000
0.000000 1.000000
0.000000 1.000000
0.000000 1.000000
0.000000 1.000000
0.000000 1.000000
0.000000 1.000000
0.000000 1.000000
0.000000 1.000000
0.000000 1.000000
0.000000 1.000000
0.000000 1.000000
0.000000 1.000000
0.000000 1.000000
0.000000 1.000000
0.000000 1.000000
0.000000 1.000000
0.000000 1.000000
0.000000 1.000000
0.000000 1.000000
0.000000 1.000000
0.000000 1.000000
0.000000 1.000000
0.000000 1.000000
0.000000 1.000000
0.000000 1.000000
0.000000 1.000000
0.000000 1.000000
0.000000 1.000000
0.000000 1.000000
0.000000 1.000000
0.000000 1.000000
0.000000 1.000000
0.000000 1.000000
0.000000 1.000000
0.000000 1.000000
0.000000 1.000000
0.000000 1.000000
0.000000 1.000000
0.000000 1.000000
0.000000 1.000000
0.000000 1.000000
0.000000 1.000000
0.000000 1.000000
0.000000 1.000000
0.000000 1.000000
0.000000 1.000000
0.000000 1.000000
0.000000 1.000000
0.000000 1.000000
0.000000 1.000000
0.000000 1.000000
0.000000 1.000000
0.000000 1.000000
0.000000 1.000000
0.000000 1.000000
0.000000 1.000000
0.000000 1.000000
0.000000 1.000000
0.000000 1.000000
0.000000 1.000000
0.000000 1.000000
0.000000 1.000000
0.000000 1.000000
0.000000 1.000000
0.000000 1.000000
0.000000 1.000000
0.000000 1.000000
0.000000 1.000000
0.000000 1.000000
0.000000 1.000000
0.000000 1.000000
0.000000 1.000000
0.000000 1.000000
0.000000 1.000000
0.000000 1.000000
0.000000 1.000000
0.000000 1.000000
0.000000 1.000000
0.000000 1.000000
0.000000 1.000000
0.000000 1.000000
0.000000 1.000000
0.000000 1.000000
0.000000 1.000000
0.000000 1.000000
0.000000 1.000000
0.000000 1.000000
0.000000 1.000000
0.000000 1.000000
0.000000 1.000000
0.000000 1.000000
0.000000 1.000000
0.000000 1.000000
0.000000 1.000000
0.000000 1.000000
0.000000 1.000000
0.000000 1.000000
0.000000 1.000000
0.000000 1.000000
0.000000 1.000000
0.000000 1.000000
0.000000 1.000000
0.000000 1.000000
0.000000 1.000000
0.000000 1.000000
0.000000 1.000000
0.000000 1.000000
0.000000 1.000000
0.000000 1.000000
0.000000 1.000000
0.000000 1.000000
0.000000 1.000000
0.000000 1.000000
0.000000 1.000000
0.000000 1.000000
0.000000 1.000000
0.000000 1.000000
0.000000 1.000000
0.000000 1.000000
0.000000 1.000000
0.000000 1.000000
0.000000 1.000000
0.000000 1.000000
0.000000 1.000000
0.000000 1.000000
0.000000 1.000000
0.000000 1.000000
0.000000 1.000000
0.000000 1.000000
0.000000 1.000000
0.000000 1.000000
0.000000 1.000000
0.000000 1.000000
0.000000 1.000000
0.000000 1.000000
0.000000 1.000000
0.000000 1.000000
0.000000 1.000000
0.000000 1.000000
0.000000 1.000000
0.000000 1.000000
0.000000 1.000000
0.000000 1.000000
0.000000 1.000000
0.000000 1.000000
0.000000 1.000000
0.000000 1.000000
0.000000 1.000000
0.000000 1.000000
0.000000 1.000000
0.000000 1.000000
0.000000 1.000000
0.000000 1.000000
0.000000 1.000000
0.000000 1.000000
0.000000 1.000000
0.000000 1.000000
0.000000 1.000000
0.000000 1.000000
0.000000 1.000000
0.000000 1.000000
0.000000 1.000000
0.000000 1.000000
0.000000 1.000000
0.000000 1.000000
0.000000 1.000000
0.000000 1.000000
0.000000 1.000000
0.000000 1.000000
0.000000 1.000000
0.000000 1.000000
0.000000 1.000000
0.000000 1.000000
0.000000 1.000000
0.000000 1.000000
0.000000 1.000000
0.000000 1.000000
0.000000 1.000000
0.000000 1.000000
0.000000 1.000000
0.000000 1.000000
0.000000 1.000000
0.000000 1.000000
0.000000 1.000000
0.000000 1.000000
0.000000 1.000000
0.000000 1.000000
0.000000 1.000000
0.000000 1.000000
0.000000 1.000000
0.000000 1.000000
0.000000 1.000000
0.000000 1.000000
0.000000 1.000000
0.000000 1.000000
0.000000 1.000000
0.000000 1.000000
0.000000 1.000000
0.000000 1.000000
0.000000 1.000000
0.000000 1.000000
0.000000 1.000000
0.000000 1.000000
0.000000 1.000000
0.000000 1.000000
0.000000 1.000000
0.000000 1.000000
0.000000 1.000000
0.000000 1.000000
0.000000 1.000000
0.000000 1.000000
0.000000 1.000000
0.000000 1.000000
0.000000 1.000000
0.000000 1.000000
0.000000 1.000000
0.000000 1.000000
0.000000 1.000000
0.000000 1.000000
0.000000 1.000000
0.000000 1.000000
0.000000 1.000000
0.000000 1.000000
0.000000 1.000000
0.000000 1.000000
0.000000 1.000000
0.000000 1.000000
0.000000 1.000000
0.000000 1.000000
0.000000 1.000000
0.000000 1.000000
0.000000 1.000000
0.000000 1.000000
0.000000 1.000000
0.000000 1.000000
0.000000 1.000000
0.000000 1.000000
0.000000 1.000000
0.000000 1.000000
0.000000 1.000000
0.000000 1.000000
0.000000 1.000000
0.000000 1.000000
0.000000 1.000000
0.000000 1.000000
0.000000 1.000000
0.000000 1.000000
0.000000 1.000000
0.000000 1.000000
0.000000 1.000000
0.000000 1.000000
0.000000 1.000000
0.000000 1.000000
0.000000 1.000000
0.000000 1.000000
0.000000 1.000000
0.000000 1.000000
0.000000 1.000000
0.000000 1.000000
0.000000 1.000000
0.000000 1.000000
0.000000 1.000000
0.000000 1.000000
0.000000 1.000000
0.000000 1.000000
0.000000 1.000000
0.000000 1.000000
0.000000 1.000000
0.000000 1.000000
0.000000 1.000000
0.000000 1.000000
0.000000 1.000000
0.000000 1.000000
0.000000 1.000000
0.000000 1.000000
0.000000 1.000000
0.000000 1.000000
0.000000 1.000000
0.000000 1.000000
0.000000 1.000000
0.000000 1.000000
0.000000 1.000000
0.000000 1.000000
0.000000 1.000000
0.000000 1.000000
0.000000 1.000000
0.000000 1.000000
0.000000 1.000000
0.000000 1.000000
0.000000 1.000000
0.000000 1.000000
</float_array>
          <technique_common>
            <accessor source="#DrawCall_0051-lib-UV3-array" count="448" stride="2">
              <param name="S" type="float"/>
              <param name="T" type="float"/>
            </accessor>
          </technique_common>
        </source>
        <source id="DrawCall_0051-lib-UV4">
          <float_array id="DrawCall_0051-lib-UV4-array" count="896">
0.000000 1.000000
0.000000 1.000000
0.000000 1.000000
0.000000 1.000000
0.000000 1.000000
0.000000 1.000000
0.000000 1.000000
0.000000 1.000000
0.000000 1.000000
0.000000 1.000000
0.000000 1.000000
0.000000 1.000000
0.000000 1.000000
0.000000 1.000000
0.000000 1.000000
0.000000 1.000000
0.000000 1.000000
0.000000 1.000000
0.000000 1.000000
0.000000 1.000000
0.000000 1.000000
0.000000 1.000000
0.000000 1.000000
0.000000 1.000000
0.000000 1.000000
0.000000 1.000000
0.000000 1.000000
0.000000 1.000000
0.000000 1.000000
0.000000 1.000000
0.000000 1.000000
0.000000 1.000000
0.000000 1.000000
0.000000 1.000000
0.000000 1.000000
0.000000 1.000000
0.000000 1.000000
0.000000 1.000000
0.000000 1.000000
0.000000 1.000000
0.000000 1.000000
0.000000 1.000000
0.000000 1.000000
0.000000 1.000000
0.000000 1.000000
0.000000 1.000000
0.000000 1.000000
0.000000 1.000000
0.000000 1.000000
0.000000 1.000000
0.000000 1.000000
0.000000 1.000000
0.000000 1.000000
0.000000 1.000000
0.000000 1.000000
0.000000 1.000000
0.000000 1.000000
0.000000 1.000000
0.000000 1.000000
0.000000 1.000000
0.000000 1.000000
0.000000 1.000000
0.000000 1.000000
0.000000 1.000000
0.000000 1.000000
0.000000 1.000000
0.000000 1.000000
0.000000 1.000000
0.000000 1.000000
0.000000 1.000000
0.000000 1.000000
0.000000 1.000000
0.000000 1.000000
0.000000 1.000000
0.000000 1.000000
0.000000 1.000000
0.000000 1.000000
0.000000 1.000000
0.000000 1.000000
0.000000 1.000000
0.000000 1.000000
0.000000 1.000000
0.000000 1.000000
0.000000 1.000000
0.000000 1.000000
0.000000 1.000000
0.000000 1.000000
0.000000 1.000000
0.000000 1.000000
0.000000 1.000000
0.000000 1.000000
0.000000 1.000000
0.000000 1.000000
0.000000 1.000000
0.000000 1.000000
0.000000 1.000000
0.000000 1.000000
0.000000 1.000000
0.000000 1.000000
0.000000 1.000000
0.000000 1.000000
0.000000 1.000000
0.000000 1.000000
0.000000 1.000000
0.000000 1.000000
0.000000 1.000000
0.000000 1.000000
0.000000 1.000000
0.000000 1.000000
0.000000 1.000000
0.000000 1.000000
0.000000 1.000000
0.000000 1.000000
0.000000 1.000000
0.000000 1.000000
0.000000 1.000000
0.000000 1.000000
0.000000 1.000000
0.000000 1.000000
0.000000 1.000000
0.000000 1.000000
0.000000 1.000000
0.000000 1.000000
0.000000 1.000000
0.000000 1.000000
0.000000 1.000000
0.000000 1.000000
0.000000 1.000000
0.000000 1.000000
0.000000 1.000000
0.000000 1.000000
0.000000 1.000000
0.000000 1.000000
0.000000 1.000000
0.000000 1.000000
0.000000 1.000000
0.000000 1.000000
0.000000 1.000000
0.000000 1.000000
0.000000 1.000000
0.000000 1.000000
0.000000 1.000000
0.000000 1.000000
0.000000 1.000000
0.000000 1.000000
0.000000 1.000000
0.000000 1.000000
0.000000 1.000000
0.000000 1.000000
0.000000 1.000000
0.000000 1.000000
0.000000 1.000000
0.000000 1.000000
0.000000 1.000000
0.000000 1.000000
0.000000 1.000000
0.000000 1.000000
0.000000 1.000000
0.000000 1.000000
0.000000 1.000000
0.000000 1.000000
0.000000 1.000000
0.000000 1.000000
0.000000 1.000000
0.000000 1.000000
0.000000 1.000000
0.000000 1.000000
0.000000 1.000000
0.000000 1.000000
0.000000 1.000000
0.000000 1.000000
0.000000 1.000000
0.000000 1.000000
0.000000 1.000000
0.000000 1.000000
0.000000 1.000000
0.000000 1.000000
0.000000 1.000000
0.000000 1.000000
0.000000 1.000000
0.000000 1.000000
0.000000 1.000000
0.000000 1.000000
0.000000 1.000000
0.000000 1.000000
0.000000 1.000000
0.000000 1.000000
0.000000 1.000000
0.000000 1.000000
0.000000 1.000000
0.000000 1.000000
0.000000 1.000000
0.000000 1.000000
0.000000 1.000000
0.000000 1.000000
0.000000 1.000000
0.000000 1.000000
0.000000 1.000000
0.000000 1.000000
0.000000 1.000000
0.000000 1.000000
0.000000 1.000000
0.000000 1.000000
0.000000 1.000000
0.000000 1.000000
0.000000 1.000000
0.000000 1.000000
0.000000 1.000000
0.000000 1.000000
0.000000 1.000000
0.000000 1.000000
0.000000 1.000000
0.000000 1.000000
0.000000 1.000000
0.000000 1.000000
0.000000 1.000000
0.000000 1.000000
0.000000 1.000000
0.000000 1.000000
0.000000 1.000000
0.000000 1.000000
0.000000 1.000000
0.000000 1.000000
0.000000 1.000000
0.000000 1.000000
0.000000 1.000000
0.000000 1.000000
0.000000 1.000000
0.000000 1.000000
0.000000 1.000000
0.000000 1.000000
0.000000 1.000000
0.000000 1.000000
0.000000 1.000000
0.000000 1.000000
0.000000 1.000000
0.000000 1.000000
0.000000 1.000000
0.000000 1.000000
0.000000 1.000000
0.000000 1.000000
0.000000 1.000000
0.000000 1.000000
0.000000 1.000000
0.000000 1.000000
0.000000 1.000000
0.000000 1.000000
0.000000 1.000000
0.000000 1.000000
0.000000 1.000000
0.000000 1.000000
0.000000 1.000000
0.000000 1.000000
0.000000 1.000000
0.000000 1.000000
0.000000 1.000000
0.000000 1.000000
0.000000 1.000000
0.000000 1.000000
0.000000 1.000000
0.000000 1.000000
0.000000 1.000000
0.000000 1.000000
0.000000 1.000000
0.000000 1.000000
0.000000 1.000000
0.000000 1.000000
0.000000 1.000000
0.000000 1.000000
0.000000 1.000000
0.000000 1.000000
0.000000 1.000000
0.000000 1.000000
0.000000 1.000000
0.000000 1.000000
0.000000 1.000000
0.000000 1.000000
0.000000 1.000000
0.000000 1.000000
0.000000 1.000000
0.000000 1.000000
0.000000 1.000000
0.000000 1.000000
0.000000 1.000000
0.000000 1.000000
0.000000 1.000000
0.000000 1.000000
0.000000 1.000000
0.000000 1.000000
0.000000 1.000000
0.000000 1.000000
0.000000 1.000000
0.000000 1.000000
0.000000 1.000000
0.000000 1.000000
0.000000 1.000000
0.000000 1.000000
0.000000 1.000000
0.000000 1.000000
0.000000 1.000000
0.000000 1.000000
0.000000 1.000000
0.000000 1.000000
0.000000 1.000000
0.000000 1.000000
0.000000 1.000000
0.000000 1.000000
0.000000 1.000000
0.000000 1.000000
0.000000 1.000000
0.000000 1.000000
0.000000 1.000000
0.000000 1.000000
0.000000 1.000000
0.000000 1.000000
0.000000 1.000000
0.000000 1.000000
0.000000 1.000000
0.000000 1.000000
0.000000 1.000000
0.000000 1.000000
0.000000 1.000000
0.000000 1.000000
0.000000 1.000000
0.000000 1.000000
0.000000 1.000000
0.000000 1.000000
0.000000 1.000000
0.000000 1.000000
0.000000 1.000000
0.000000 1.000000
0.000000 1.000000
0.000000 1.000000
0.000000 1.000000
0.000000 1.000000
0.000000 1.000000
0.000000 1.000000
0.000000 1.000000
0.000000 1.000000
0.000000 1.000000
0.000000 1.000000
0.000000 1.000000
0.000000 1.000000
0.000000 1.000000
0.000000 1.000000
0.000000 1.000000
0.000000 1.000000
0.000000 1.000000
0.000000 1.000000
0.000000 1.000000
0.000000 1.000000
0.000000 1.000000
0.000000 1.000000
0.000000 1.000000
0.000000 1.000000
0.000000 1.000000
0.000000 1.000000
0.000000 1.000000
0.000000 1.000000
0.000000 1.000000
0.000000 1.000000
0.000000 1.000000
0.000000 1.000000
0.000000 1.000000
0.000000 1.000000
0.000000 1.000000
0.000000 1.000000
0.000000 1.000000
0.000000 1.000000
0.000000 1.000000
0.000000 1.000000
0.000000 1.000000
0.000000 1.000000
0.000000 1.000000
0.000000 1.000000
0.000000 1.000000
0.000000 1.000000
0.000000 1.000000
0.000000 1.000000
0.000000 1.000000
0.000000 1.000000
0.000000 1.000000
0.000000 1.000000
0.000000 1.000000
0.000000 1.000000
0.000000 1.000000
0.000000 1.000000
0.000000 1.000000
0.000000 1.000000
0.000000 1.000000
0.000000 1.000000
0.000000 1.000000
0.000000 1.000000
0.000000 1.000000
0.000000 1.000000
0.000000 1.000000
0.000000 1.000000
0.000000 1.000000
0.000000 1.000000
0.000000 1.000000
0.000000 1.000000
0.000000 1.000000
0.000000 1.000000
0.000000 1.000000
0.000000 1.000000
0.000000 1.000000
0.000000 1.000000
0.000000 1.000000
0.000000 1.000000
0.000000 1.000000
0.000000 1.000000
0.000000 1.000000
0.000000 1.000000
0.000000 1.000000
0.000000 1.000000
0.000000 1.000000
0.000000 1.000000
0.000000 1.000000
0.000000 1.000000
0.000000 1.000000
0.000000 1.000000
0.000000 1.000000
0.000000 1.000000
0.000000 1.000000
0.000000 1.000000
0.000000 1.000000
0.000000 1.000000
0.000000 1.000000
0.000000 1.000000
0.000000 1.000000
0.000000 1.000000
0.000000 1.000000
0.000000 1.000000
0.000000 1.000000
0.000000 1.000000
0.000000 1.000000
0.000000 1.000000
0.000000 1.000000
0.000000 1.000000
0.000000 1.000000
0.000000 1.000000
0.000000 1.000000
0.000000 1.000000
0.000000 1.000000
0.000000 1.000000
0.000000 1.000000
0.000000 1.000000
0.000000 1.000000
</float_array>
          <technique_common>
            <accessor source="#DrawCall_0051-lib-UV4-array" count="448" stride="2">
              <param name="S" type="float"/>
              <param name="T" type="float"/>
            </accessor>
          </technique_common>
        </source>
        <source id="DrawCall_0051-lib-UV5">
          <float_array id="DrawCall_0051-lib-UV5-array" count="896">
0.000000 1.000000
0.000000 1.000000
0.000000 1.000000
0.000000 1.000000
0.000000 1.000000
0.000000 1.000000
0.000000 1.000000
0.000000 1.000000
0.000000 1.000000
0.000000 1.000000
0.000000 1.000000
0.000000 1.000000
0.000000 1.000000
0.000000 1.000000
0.000000 1.000000
0.000000 1.000000
0.000000 1.000000
0.000000 1.000000
0.000000 1.000000
0.000000 1.000000
0.000000 1.000000
0.000000 1.000000
0.000000 1.000000
0.000000 1.000000
0.000000 1.000000
0.000000 1.000000
0.000000 1.000000
0.000000 1.000000
0.000000 1.000000
0.000000 1.000000
0.000000 1.000000
0.000000 1.000000
0.000000 1.000000
0.000000 1.000000
0.000000 1.000000
0.000000 1.000000
0.000000 1.000000
0.000000 1.000000
0.000000 1.000000
0.000000 1.000000
0.000000 1.000000
0.000000 1.000000
0.000000 1.000000
0.000000 1.000000
0.000000 1.000000
0.000000 1.000000
0.000000 1.000000
0.000000 1.000000
0.000000 1.000000
0.000000 1.000000
0.000000 1.000000
0.000000 1.000000
0.000000 1.000000
0.000000 1.000000
0.000000 1.000000
0.000000 1.000000
0.000000 1.000000
0.000000 1.000000
0.000000 1.000000
0.000000 1.000000
0.000000 1.000000
0.000000 1.000000
0.000000 1.000000
0.000000 1.000000
0.000000 1.000000
0.000000 1.000000
0.000000 1.000000
0.000000 1.000000
0.000000 1.000000
0.000000 1.000000
0.000000 1.000000
0.000000 1.000000
0.000000 1.000000
0.000000 1.000000
0.000000 1.000000
0.000000 1.000000
0.000000 1.000000
0.000000 1.000000
0.000000 1.000000
0.000000 1.000000
0.000000 1.000000
0.000000 1.000000
0.000000 1.000000
0.000000 1.000000
0.000000 1.000000
0.000000 1.000000
0.000000 1.000000
0.000000 1.000000
0.000000 1.000000
0.000000 1.000000
0.000000 1.000000
0.000000 1.000000
0.000000 1.000000
0.000000 1.000000
0.000000 1.000000
0.000000 1.000000
0.000000 1.000000
0.000000 1.000000
0.000000 1.000000
0.000000 1.000000
0.000000 1.000000
0.000000 1.000000
0.000000 1.000000
0.000000 1.000000
0.000000 1.000000
0.000000 1.000000
0.000000 1.000000
0.000000 1.000000
0.000000 1.000000
0.000000 1.000000
0.000000 1.000000
0.000000 1.000000
0.000000 1.000000
0.000000 1.000000
0.000000 1.000000
0.000000 1.000000
0.000000 1.000000
0.000000 1.000000
0.000000 1.000000
0.000000 1.000000
0.000000 1.000000
0.000000 1.000000
0.000000 1.000000
0.000000 1.000000
0.000000 1.000000
0.000000 1.000000
0.000000 1.000000
0.000000 1.000000
0.000000 1.000000
0.000000 1.000000
0.000000 1.000000
0.000000 1.000000
0.000000 1.000000
0.000000 1.000000
0.000000 1.000000
0.000000 1.000000
0.000000 1.000000
0.000000 1.000000
0.000000 1.000000
0.000000 1.000000
0.000000 1.000000
0.000000 1.000000
0.000000 1.000000
0.000000 1.000000
0.000000 1.000000
0.000000 1.000000
0.000000 1.000000
0.000000 1.000000
0.000000 1.000000
0.000000 1.000000
0.000000 1.000000
0.000000 1.000000
0.000000 1.000000
0.000000 1.000000
0.000000 1.000000
0.000000 1.000000
0.000000 1.000000
0.000000 1.000000
0.000000 1.000000
0.000000 1.000000
0.000000 1.000000
0.000000 1.000000
0.000000 1.000000
0.000000 1.000000
0.000000 1.000000
0.000000 1.000000
0.000000 1.000000
0.000000 1.000000
0.000000 1.000000
0.000000 1.000000
0.000000 1.000000
0.000000 1.000000
0.000000 1.000000
0.000000 1.000000
0.000000 1.000000
0.000000 1.000000
0.000000 1.000000
0.000000 1.000000
0.000000 1.000000
0.000000 1.000000
0.000000 1.000000
0.000000 1.000000
0.000000 1.000000
0.000000 1.000000
0.000000 1.000000
0.000000 1.000000
0.000000 1.000000
0.000000 1.000000
0.000000 1.000000
0.000000 1.000000
0.000000 1.000000
0.000000 1.000000
0.000000 1.000000
0.000000 1.000000
0.000000 1.000000
0.000000 1.000000
0.000000 1.000000
0.000000 1.000000
0.000000 1.000000
0.000000 1.000000
0.000000 1.000000
0.000000 1.000000
0.000000 1.000000
0.000000 1.000000
0.000000 1.000000
0.000000 1.000000
0.000000 1.000000
0.000000 1.000000
0.000000 1.000000
0.000000 1.000000
0.000000 1.000000
0.000000 1.000000
0.000000 1.000000
0.000000 1.000000
0.000000 1.000000
0.000000 1.000000
0.000000 1.000000
0.000000 1.000000
0.000000 1.000000
0.000000 1.000000
0.000000 1.000000
0.000000 1.000000
0.000000 1.000000
0.000000 1.000000
0.000000 1.000000
0.000000 1.000000
0.000000 1.000000
0.000000 1.000000
0.000000 1.000000
0.000000 1.000000
0.000000 1.000000
0.000000 1.000000
0.000000 1.000000
0.000000 1.000000
0.000000 1.000000
0.000000 1.000000
0.000000 1.000000
0.000000 1.000000
0.000000 1.000000
0.000000 1.000000
0.000000 1.000000
0.000000 1.000000
0.000000 1.000000
0.000000 1.000000
0.000000 1.000000
0.000000 1.000000
0.000000 1.000000
0.000000 1.000000
0.000000 1.000000
0.000000 1.000000
0.000000 1.000000
0.000000 1.000000
0.000000 1.000000
0.000000 1.000000
0.000000 1.000000
0.000000 1.000000
0.000000 1.000000
0.000000 1.000000
0.000000 1.000000
0.000000 1.000000
0.000000 1.000000
0.000000 1.000000
0.000000 1.000000
0.000000 1.000000
0.000000 1.000000
0.000000 1.000000
0.000000 1.000000
0.000000 1.000000
0.000000 1.000000
0.000000 1.000000
0.000000 1.000000
0.000000 1.000000
0.000000 1.000000
0.000000 1.000000
0.000000 1.000000
0.000000 1.000000
0.000000 1.000000
0.000000 1.000000
0.000000 1.000000
0.000000 1.000000
0.000000 1.000000
0.000000 1.000000
0.000000 1.000000
0.000000 1.000000
0.000000 1.000000
0.000000 1.000000
0.000000 1.000000
0.000000 1.000000
0.000000 1.000000
0.000000 1.000000
0.000000 1.000000
0.000000 1.000000
0.000000 1.000000
0.000000 1.000000
0.000000 1.000000
0.000000 1.000000
0.000000 1.000000
0.000000 1.000000
0.000000 1.000000
0.000000 1.000000
0.000000 1.000000
0.000000 1.000000
0.000000 1.000000
0.000000 1.000000
0.000000 1.000000
0.000000 1.000000
0.000000 1.000000
0.000000 1.000000
0.000000 1.000000
0.000000 1.000000
0.000000 1.000000
0.000000 1.000000
0.000000 1.000000
0.000000 1.000000
0.000000 1.000000
0.000000 1.000000
0.000000 1.000000
0.000000 1.000000
0.000000 1.000000
0.000000 1.000000
0.000000 1.000000
0.000000 1.000000
0.000000 1.000000
0.000000 1.000000
0.000000 1.000000
0.000000 1.000000
0.000000 1.000000
0.000000 1.000000
0.000000 1.000000
0.000000 1.000000
0.000000 1.000000
0.000000 1.000000
0.000000 1.000000
0.000000 1.000000
0.000000 1.000000
0.000000 1.000000
0.000000 1.000000
0.000000 1.000000
0.000000 1.000000
0.000000 1.000000
0.000000 1.000000
0.000000 1.000000
0.000000 1.000000
0.000000 1.000000
0.000000 1.000000
0.000000 1.000000
0.000000 1.000000
0.000000 1.000000
0.000000 1.000000
0.000000 1.000000
0.000000 1.000000
0.000000 1.000000
0.000000 1.000000
0.000000 1.000000
0.000000 1.000000
0.000000 1.000000
0.000000 1.000000
0.000000 1.000000
0.000000 1.000000
0.000000 1.000000
0.000000 1.000000
0.000000 1.000000
0.000000 1.000000
0.000000 1.000000
0.000000 1.000000
0.000000 1.000000
0.000000 1.000000
0.000000 1.000000
0.000000 1.000000
0.000000 1.000000
0.000000 1.000000
0.000000 1.000000
0.000000 1.000000
0.000000 1.000000
0.000000 1.000000
0.000000 1.000000
0.000000 1.000000
0.000000 1.000000
0.000000 1.000000
0.000000 1.000000
0.000000 1.000000
0.000000 1.000000
0.000000 1.000000
0.000000 1.000000
0.000000 1.000000
0.000000 1.000000
0.000000 1.000000
0.000000 1.000000
0.000000 1.000000
0.000000 1.000000
0.000000 1.000000
0.000000 1.000000
0.000000 1.000000
0.000000 1.000000
0.000000 1.000000
0.000000 1.000000
0.000000 1.000000
0.000000 1.000000
0.000000 1.000000
0.000000 1.000000
0.000000 1.000000
0.000000 1.000000
0.000000 1.000000
0.000000 1.000000
0.000000 1.000000
0.000000 1.000000
0.000000 1.000000
0.000000 1.000000
0.000000 1.000000
0.000000 1.000000
0.000000 1.000000
0.000000 1.000000
0.000000 1.000000
0.000000 1.000000
0.000000 1.000000
0.000000 1.000000
0.000000 1.000000
0.000000 1.000000
0.000000 1.000000
0.000000 1.000000
0.000000 1.000000
0.000000 1.000000
0.000000 1.000000
0.000000 1.000000
0.000000 1.000000
0.000000 1.000000
0.000000 1.000000
0.000000 1.000000
0.000000 1.000000
0.000000 1.000000
0.000000 1.000000
0.000000 1.000000
0.000000 1.000000
0.000000 1.000000
0.000000 1.000000
0.000000 1.000000
0.000000 1.000000
0.000000 1.000000
0.000000 1.000000
0.000000 1.000000
0.000000 1.000000
0.000000 1.000000
0.000000 1.000000
0.000000 1.000000
0.000000 1.000000
0.000000 1.000000
0.000000 1.000000
0.000000 1.000000
</float_array>
          <technique_common>
            <accessor source="#DrawCall_0051-lib-UV5-array" count="448" stride="2">
              <param name="S" type="float"/>
              <param name="T" type="float"/>
            </accessor>
          </technique_common>
        </source>
        <source id="DrawCall_0051-lib-UV6">
          <float_array id="DrawCall_0051-lib-UV6-array" count="896">
0.000000 1.000000
0.000000 1.000000
0.000000 1.000000
0.000000 1.000000
0.000000 1.000000
0.000000 1.000000
0.000000 1.000000
0.000000 1.000000
0.000000 1.000000
0.000000 1.000000
0.000000 1.000000
0.000000 1.000000
0.000000 1.000000
0.000000 1.000000
0.000000 1.000000
0.000000 1.000000
0.000000 1.000000
0.000000 1.000000
0.000000 1.000000
0.000000 1.000000
0.000000 1.000000
0.000000 1.000000
0.000000 1.000000
0.000000 1.000000
0.000000 1.000000
0.000000 1.000000
0.000000 1.000000
0.000000 1.000000
0.000000 1.000000
0.000000 1.000000
0.000000 1.000000
0.000000 1.000000
0.000000 1.000000
0.000000 1.000000
0.000000 1.000000
0.000000 1.000000
0.000000 1.000000
0.000000 1.000000
0.000000 1.000000
0.000000 1.000000
0.000000 1.000000
0.000000 1.000000
0.000000 1.000000
0.000000 1.000000
0.000000 1.000000
0.000000 1.000000
0.000000 1.000000
0.000000 1.000000
0.000000 1.000000
0.000000 1.000000
0.000000 1.000000
0.000000 1.000000
0.000000 1.000000
0.000000 1.000000
0.000000 1.000000
0.000000 1.000000
0.000000 1.000000
0.000000 1.000000
0.000000 1.000000
0.000000 1.000000
0.000000 1.000000
0.000000 1.000000
0.000000 1.000000
0.000000 1.000000
0.000000 1.000000
0.000000 1.000000
0.000000 1.000000
0.000000 1.000000
0.000000 1.000000
0.000000 1.000000
0.000000 1.000000
0.000000 1.000000
0.000000 1.000000
0.000000 1.000000
0.000000 1.000000
0.000000 1.000000
0.000000 1.000000
0.000000 1.000000
0.000000 1.000000
0.000000 1.000000
0.000000 1.000000
0.000000 1.000000
0.000000 1.000000
0.000000 1.000000
0.000000 1.000000
0.000000 1.000000
0.000000 1.000000
0.000000 1.000000
0.000000 1.000000
0.000000 1.000000
0.000000 1.000000
0.000000 1.000000
0.000000 1.000000
0.000000 1.000000
0.000000 1.000000
0.000000 1.000000
0.000000 1.000000
0.000000 1.000000
0.000000 1.000000
0.000000 1.000000
0.000000 1.000000
0.000000 1.000000
0.000000 1.000000
0.000000 1.000000
0.000000 1.000000
0.000000 1.000000
0.000000 1.000000
0.000000 1.000000
0.000000 1.000000
0.000000 1.000000
0.000000 1.000000
0.000000 1.000000
0.000000 1.000000
0.000000 1.000000
0.000000 1.000000
0.000000 1.000000
0.000000 1.000000
0.000000 1.000000
0.000000 1.000000
0.000000 1.000000
0.000000 1.000000
0.000000 1.000000
0.000000 1.000000
0.000000 1.000000
0.000000 1.000000
0.000000 1.000000
0.000000 1.000000
0.000000 1.000000
0.000000 1.000000
0.000000 1.000000
0.000000 1.000000
0.000000 1.000000
0.000000 1.000000
0.000000 1.000000
0.000000 1.000000
0.000000 1.000000
0.000000 1.000000
0.000000 1.000000
0.000000 1.000000
0.000000 1.000000
0.000000 1.000000
0.000000 1.000000
0.000000 1.000000
0.000000 1.000000
0.000000 1.000000
0.000000 1.000000
0.000000 1.000000
0.000000 1.000000
0.000000 1.000000
0.000000 1.000000
0.000000 1.000000
0.000000 1.000000
0.000000 1.000000
0.000000 1.000000
0.000000 1.000000
0.000000 1.000000
0.000000 1.000000
0.000000 1.000000
0.000000 1.000000
0.000000 1.000000
0.000000 1.000000
0.000000 1.000000
0.000000 1.000000
0.000000 1.000000
0.000000 1.000000
0.000000 1.000000
0.000000 1.000000
0.000000 1.000000
0.000000 1.000000
0.000000 1.000000
0.000000 1.000000
0.000000 1.000000
0.000000 1.000000
0.000000 1.000000
0.000000 1.000000
0.000000 1.000000
0.000000 1.000000
0.000000 1.000000
0.000000 1.000000
0.000000 1.000000
0.000000 1.000000
0.000000 1.000000
0.000000 1.000000
0.000000 1.000000
0.000000 1.000000
0.000000 1.000000
0.000000 1.000000
0.000000 1.000000
0.000000 1.000000
0.000000 1.000000
0.000000 1.000000
0.000000 1.000000
0.000000 1.000000
0.000000 1.000000
0.000000 1.000000
0.000000 1.000000
0.000000 1.000000
0.000000 1.000000
0.000000 1.000000
0.000000 1.000000
0.000000 1.000000
0.000000 1.000000
0.000000 1.000000
0.000000 1.000000
0.000000 1.000000
0.000000 1.000000
0.000000 1.000000
0.000000 1.000000
0.000000 1.000000
0.000000 1.000000
0.000000 1.000000
0.000000 1.000000
0.000000 1.000000
0.000000 1.000000
0.000000 1.000000
0.000000 1.000000
0.000000 1.000000
0.000000 1.000000
0.000000 1.000000
0.000000 1.000000
0.000000 1.000000
0.000000 1.000000
0.000000 1.000000
0.000000 1.000000
0.000000 1.000000
0.000000 1.000000
0.000000 1.000000
0.000000 1.000000
0.000000 1.000000
0.000000 1.000000
0.000000 1.000000
0.000000 1.000000
0.000000 1.000000
0.000000 1.000000
0.000000 1.000000
0.000000 1.000000
0.000000 1.000000
0.000000 1.000000
0.000000 1.000000
0.000000 1.000000
0.000000 1.000000
0.000000 1.000000
0.000000 1.000000
0.000000 1.000000
0.000000 1.000000
0.000000 1.000000
0.000000 1.000000
0.000000 1.000000
0.000000 1.000000
0.000000 1.000000
0.000000 1.000000
0.000000 1.000000
0.000000 1.000000
0.000000 1.000000
0.000000 1.000000
0.000000 1.000000
0.000000 1.000000
0.000000 1.000000
0.000000 1.000000
0.000000 1.000000
0.000000 1.000000
0.000000 1.000000
0.000000 1.000000
0.000000 1.000000
0.000000 1.000000
0.000000 1.000000
0.000000 1.000000
0.000000 1.000000
0.000000 1.000000
0.000000 1.000000
0.000000 1.000000
0.000000 1.000000
0.000000 1.000000
0.000000 1.000000
0.000000 1.000000
0.000000 1.000000
0.000000 1.000000
0.000000 1.000000
0.000000 1.000000
0.000000 1.000000
0.000000 1.000000
0.000000 1.000000
0.000000 1.000000
0.000000 1.000000
0.000000 1.000000
0.000000 1.000000
0.000000 1.000000
0.000000 1.000000
0.000000 1.000000
0.000000 1.000000
0.000000 1.000000
0.000000 1.000000
0.000000 1.000000
0.000000 1.000000
0.000000 1.000000
0.000000 1.000000
0.000000 1.000000
0.000000 1.000000
0.000000 1.000000
0.000000 1.000000
0.000000 1.000000
0.000000 1.000000
0.000000 1.000000
0.000000 1.000000
0.000000 1.000000
0.000000 1.000000
0.000000 1.000000
0.000000 1.000000
0.000000 1.000000
0.000000 1.000000
0.000000 1.000000
0.000000 1.000000
0.000000 1.000000
0.000000 1.000000
0.000000 1.000000
0.000000 1.000000
0.000000 1.000000
0.000000 1.000000
0.000000 1.000000
0.000000 1.000000
0.000000 1.000000
0.000000 1.000000
0.000000 1.000000
0.000000 1.000000
0.000000 1.000000
0.000000 1.000000
0.000000 1.000000
0.000000 1.000000
0.000000 1.000000
0.000000 1.000000
0.000000 1.000000
0.000000 1.000000
0.000000 1.000000
0.000000 1.000000
0.000000 1.000000
0.000000 1.000000
0.000000 1.000000
0.000000 1.000000
0.000000 1.000000
0.000000 1.000000
0.000000 1.000000
0.000000 1.000000
0.000000 1.000000
0.000000 1.000000
0.000000 1.000000
0.000000 1.000000
0.000000 1.000000
0.000000 1.000000
0.000000 1.000000
0.000000 1.000000
0.000000 1.000000
0.000000 1.000000
0.000000 1.000000
0.000000 1.000000
0.000000 1.000000
0.000000 1.000000
0.000000 1.000000
0.000000 1.000000
0.000000 1.000000
0.000000 1.000000
0.000000 1.000000
0.000000 1.000000
0.000000 1.000000
0.000000 1.000000
0.000000 1.000000
0.000000 1.000000
0.000000 1.000000
0.000000 1.000000
0.000000 1.000000
0.000000 1.000000
0.000000 1.000000
0.000000 1.000000
0.000000 1.000000
0.000000 1.000000
0.000000 1.000000
0.000000 1.000000
0.000000 1.000000
0.000000 1.000000
0.000000 1.000000
0.000000 1.000000
0.000000 1.000000
0.000000 1.000000
0.000000 1.000000
0.000000 1.000000
0.000000 1.000000
0.000000 1.000000
0.000000 1.000000
0.000000 1.000000
0.000000 1.000000
0.000000 1.000000
0.000000 1.000000
0.000000 1.000000
0.000000 1.000000
0.000000 1.000000
0.000000 1.000000
0.000000 1.000000
0.000000 1.000000
0.000000 1.000000
0.000000 1.000000
0.000000 1.000000
0.000000 1.000000
0.000000 1.000000
0.000000 1.000000
0.000000 1.000000
0.000000 1.000000
0.000000 1.000000
0.000000 1.000000
0.000000 1.000000
0.000000 1.000000
0.000000 1.000000
0.000000 1.000000
0.000000 1.000000
0.000000 1.000000
0.000000 1.000000
0.000000 1.000000
0.000000 1.000000
0.000000 1.000000
0.000000 1.000000
0.000000 1.000000
0.000000 1.000000
0.000000 1.000000
0.000000 1.000000
0.000000 1.000000
0.000000 1.000000
0.000000 1.000000
0.000000 1.000000
0.000000 1.000000
0.000000 1.000000
0.000000 1.000000
0.000000 1.000000
0.000000 1.000000
0.000000 1.000000
0.000000 1.000000
0.000000 1.000000
0.000000 1.000000
0.000000 1.000000
0.000000 1.000000
0.000000 1.000000
0.000000 1.000000
0.000000 1.000000
0.000000 1.000000
0.000000 1.000000
0.000000 1.000000
0.000000 1.000000
0.000000 1.000000
0.000000 1.000000
0.000000 1.000000
0.000000 1.000000
</float_array>
          <technique_common>
            <accessor source="#DrawCall_0051-lib-UV6-array" count="448" stride="2">
              <param name="S" type="float"/>
              <param name="T" type="float"/>
            </accessor>
          </technique_common>
        </source>
        <source id="DrawCall_0051-lib-UV7">
          <float_array id="DrawCall_0051-lib-UV7-array" count="896">
0.000000 1.000000
0.000000 1.000000
0.000000 1.000000
0.000000 1.000000
0.000000 1.000000
0.000000 1.000000
0.000000 1.000000
0.000000 1.000000
0.000000 1.000000
0.000000 1.000000
0.000000 1.000000
0.000000 1.000000
0.000000 1.000000
0.000000 1.000000
0.000000 1.000000
0.000000 1.000000
0.000000 1.000000
0.000000 1.000000
0.000000 1.000000
0.000000 1.000000
0.000000 1.000000
0.000000 1.000000
0.000000 1.000000
0.000000 1.000000
0.000000 1.000000
0.000000 1.000000
0.000000 1.000000
0.000000 1.000000
0.000000 1.000000
0.000000 1.000000
0.000000 1.000000
0.000000 1.000000
0.000000 1.000000
0.000000 1.000000
0.000000 1.000000
0.000000 1.000000
0.000000 1.000000
0.000000 1.000000
0.000000 1.000000
0.000000 1.000000
0.000000 1.000000
0.000000 1.000000
0.000000 1.000000
0.000000 1.000000
0.000000 1.000000
0.000000 1.000000
0.000000 1.000000
0.000000 1.000000
0.000000 1.000000
0.000000 1.000000
0.000000 1.000000
0.000000 1.000000
0.000000 1.000000
0.000000 1.000000
0.000000 1.000000
0.000000 1.000000
0.000000 1.000000
0.000000 1.000000
0.000000 1.000000
0.000000 1.000000
0.000000 1.000000
0.000000 1.000000
0.000000 1.000000
0.000000 1.000000
0.000000 1.000000
0.000000 1.000000
0.000000 1.000000
0.000000 1.000000
0.000000 1.000000
0.000000 1.000000
0.000000 1.000000
0.000000 1.000000
0.000000 1.000000
0.000000 1.000000
0.000000 1.000000
0.000000 1.000000
0.000000 1.000000
0.000000 1.000000
0.000000 1.000000
0.000000 1.000000
0.000000 1.000000
0.000000 1.000000
0.000000 1.000000
0.000000 1.000000
0.000000 1.000000
0.000000 1.000000
0.000000 1.000000
0.000000 1.000000
0.000000 1.000000
0.000000 1.000000
0.000000 1.000000
0.000000 1.000000
0.000000 1.000000
0.000000 1.000000
0.000000 1.000000
0.000000 1.000000
0.000000 1.000000
0.000000 1.000000
0.000000 1.000000
0.000000 1.000000
0.000000 1.000000
0.000000 1.000000
0.000000 1.000000
0.000000 1.000000
0.000000 1.000000
0.000000 1.000000
0.000000 1.000000
0.000000 1.000000
0.000000 1.000000
0.000000 1.000000
0.000000 1.000000
0.000000 1.000000
0.000000 1.000000
0.000000 1.000000
0.000000 1.000000
0.000000 1.000000
0.000000 1.000000
0.000000 1.000000
0.000000 1.000000
0.000000 1.000000
0.000000 1.000000
0.000000 1.000000
0.000000 1.000000
0.000000 1.000000
0.000000 1.000000
0.000000 1.000000
0.000000 1.000000
0.000000 1.000000
0.000000 1.000000
0.000000 1.000000
0.000000 1.000000
0.000000 1.000000
0.000000 1.000000
0.000000 1.000000
0.000000 1.000000
0.000000 1.000000
0.000000 1.000000
0.000000 1.000000
0.000000 1.000000
0.000000 1.000000
0.000000 1.000000
0.000000 1.000000
0.000000 1.000000
0.000000 1.000000
0.000000 1.000000
0.000000 1.000000
0.000000 1.000000
0.000000 1.000000
0.000000 1.000000
0.000000 1.000000
0.000000 1.000000
0.000000 1.000000
0.000000 1.000000
0.000000 1.000000
0.000000 1.000000
0.000000 1.000000
0.000000 1.000000
0.000000 1.000000
0.000000 1.000000
0.000000 1.000000
0.000000 1.000000
0.000000 1.000000
0.000000 1.000000
0.000000 1.000000
0.000000 1.000000
0.000000 1.000000
0.000000 1.000000
0.000000 1.000000
0.000000 1.000000
0.000000 1.000000
0.000000 1.000000
0.000000 1.000000
0.000000 1.000000
0.000000 1.000000
0.000000 1.000000
0.000000 1.000000
0.000000 1.000000
0.000000 1.000000
0.000000 1.000000
0.000000 1.000000
0.000000 1.000000
0.000000 1.000000
0.000000 1.000000
0.000000 1.000000
0.000000 1.000000
0.000000 1.000000
0.000000 1.000000
0.000000 1.000000
0.000000 1.000000
0.000000 1.000000
0.000000 1.000000
0.000000 1.000000
0.000000 1.000000
0.000000 1.000000
0.000000 1.000000
0.000000 1.000000
0.000000 1.000000
0.000000 1.000000
0.000000 1.000000
0.000000 1.000000
0.000000 1.000000
0.000000 1.000000
0.000000 1.000000
0.000000 1.000000
0.000000 1.000000
0.000000 1.000000
0.000000 1.000000
0.000000 1.000000
0.000000 1.000000
0.000000 1.000000
0.000000 1.000000
0.000000 1.000000
0.000000 1.000000
0.000000 1.000000
0.000000 1.000000
0.000000 1.000000
0.000000 1.000000
0.000000 1.000000
0.000000 1.000000
0.000000 1.000000
0.000000 1.000000
0.000000 1.000000
0.000000 1.000000
0.000000 1.000000
0.000000 1.000000
0.000000 1.000000
0.000000 1.000000
0.000000 1.000000
0.000000 1.000000
0.000000 1.000000
0.000000 1.000000
0.000000 1.000000
0.000000 1.000000
0.000000 1.000000
0.000000 1.000000
0.000000 1.000000
0.000000 1.000000
0.000000 1.000000
0.000000 1.000000
0.000000 1.000000
0.000000 1.000000
0.000000 1.000000
0.000000 1.000000
0.000000 1.000000
0.000000 1.000000
0.000000 1.000000
0.000000 1.000000
0.000000 1.000000
0.000000 1.000000
0.000000 1.000000
0.000000 1.000000
0.000000 1.000000
0.000000 1.000000
0.000000 1.000000
0.000000 1.000000
0.000000 1.000000
0.000000 1.000000
0.000000 1.000000
0.000000 1.000000
0.000000 1.000000
0.000000 1.000000
0.000000 1.000000
0.000000 1.000000
0.000000 1.000000
0.000000 1.000000
0.000000 1.000000
0.000000 1.000000
0.000000 1.000000
0.000000 1.000000
0.000000 1.000000
0.000000 1.000000
0.000000 1.000000
0.000000 1.000000
0.000000 1.000000
0.000000 1.000000
0.000000 1.000000
0.000000 1.000000
0.000000 1.000000
0.000000 1.000000
0.000000 1.000000
0.000000 1.000000
0.000000 1.000000
0.000000 1.000000
0.000000 1.000000
0.000000 1.000000
0.000000 1.000000
0.000000 1.000000
0.000000 1.000000
0.000000 1.000000
0.000000 1.000000
0.000000 1.000000
0.000000 1.000000
0.000000 1.000000
0.000000 1.000000
0.000000 1.000000
0.000000 1.000000
0.000000 1.000000
0.000000 1.000000
0.000000 1.000000
0.000000 1.000000
0.000000 1.000000
0.000000 1.000000
0.000000 1.000000
0.000000 1.000000
0.000000 1.000000
0.000000 1.000000
0.000000 1.000000
0.000000 1.000000
0.000000 1.000000
0.000000 1.000000
0.000000 1.000000
0.000000 1.000000
0.000000 1.000000
0.000000 1.000000
0.000000 1.000000
0.000000 1.000000
0.000000 1.000000
0.000000 1.000000
0.000000 1.000000
0.000000 1.000000
0.000000 1.000000
0.000000 1.000000
0.000000 1.000000
0.000000 1.000000
0.000000 1.000000
0.000000 1.000000
0.000000 1.000000
0.000000 1.000000
0.000000 1.000000
0.000000 1.000000
0.000000 1.000000
0.000000 1.000000
0.000000 1.000000
0.000000 1.000000
0.000000 1.000000
0.000000 1.000000
0.000000 1.000000
0.000000 1.000000
0.000000 1.000000
0.000000 1.000000
0.000000 1.000000
0.000000 1.000000
0.000000 1.000000
0.000000 1.000000
0.000000 1.000000
0.000000 1.000000
0.000000 1.000000
0.000000 1.000000
0.000000 1.000000
0.000000 1.000000
0.000000 1.000000
0.000000 1.000000
0.000000 1.000000
0.000000 1.000000
0.000000 1.000000
0.000000 1.000000
0.000000 1.000000
0.000000 1.000000
0.000000 1.000000
0.000000 1.000000
0.000000 1.000000
0.000000 1.000000
0.000000 1.000000
0.000000 1.000000
0.000000 1.000000
0.000000 1.000000
0.000000 1.000000
0.000000 1.000000
0.000000 1.000000
0.000000 1.000000
0.000000 1.000000
0.000000 1.000000
0.000000 1.000000
0.000000 1.000000
0.000000 1.000000
0.000000 1.000000
0.000000 1.000000
0.000000 1.000000
0.000000 1.000000
0.000000 1.000000
0.000000 1.000000
0.000000 1.000000
0.000000 1.000000
0.000000 1.000000
0.000000 1.000000
0.000000 1.000000
0.000000 1.000000
0.000000 1.000000
0.000000 1.000000
0.000000 1.000000
0.000000 1.000000
0.000000 1.000000
0.000000 1.000000
0.000000 1.000000
0.000000 1.000000
0.000000 1.000000
0.000000 1.000000
0.000000 1.000000
0.000000 1.000000
0.000000 1.000000
0.000000 1.000000
0.000000 1.000000
0.000000 1.000000
0.000000 1.000000
0.000000 1.000000
0.000000 1.000000
0.000000 1.000000
0.000000 1.000000
0.000000 1.000000
0.000000 1.000000
0.000000 1.000000
0.000000 1.000000
0.000000 1.000000
0.000000 1.000000
0.000000 1.000000
0.000000 1.000000
0.000000 1.000000
0.000000 1.000000
0.000000 1.000000
0.000000 1.000000
0.000000 1.000000
0.000000 1.000000
0.000000 1.000000
0.000000 1.000000
0.000000 1.000000
0.000000 1.000000
0.000000 1.000000
0.000000 1.000000
0.000000 1.000000
0.000000 1.000000
0.000000 1.000000
0.000000 1.000000
0.000000 1.000000
0.000000 1.000000
0.000000 1.000000
0.000000 1.000000
0.000000 1.000000
0.000000 1.000000
0.000000 1.000000
0.000000 1.000000
0.000000 1.000000
0.000000 1.000000
0.000000 1.000000
0.000000 1.000000
0.000000 1.000000
0.000000 1.000000
0.000000 1.000000
0.000000 1.000000
</float_array>
          <technique_common>
            <accessor source="#DrawCall_0051-lib-UV7-array" count="448" stride="2">
              <param name="S" type="float"/>
              <param name="T" type="float"/>
            </accessor>
          </technique_common>
        </source>
        <vertices id="DrawCall_0051-lib-Vertex">
          <input semantic="POSITION" source="#DrawCall_0051-lib-Position"/>
        </vertices>
        <polygons material="Material__7453" count="534">
          <input semantic="VERTEX" offset="0" source="#DrawCall_0051-lib-Vertex"/>
          <input semantic="NORMAL" offset="1" source="#DrawCall_0051-lib-Normal0"/>
          <input semantic="TEXCOORD" offset="2" set="0" source="#DrawCall_0051-lib-UV0"/>
          <input semantic="TEXCOORD" offset="3" set="1" source="#DrawCall_0051-lib-UV1"/>
          <input semantic="TEXCOORD" offset="4" set="2" source="#DrawCall_0051-lib-UV2"/>
          <input semantic="TEXCOORD" offset="5" set="3" source="#DrawCall_0051-lib-UV3"/>
          <input semantic="TEXCOORD" offset="6" set="4" source="#DrawCall_0051-lib-UV4"/>
          <input semantic="TEXCOORD" offset="7" set="5" source="#DrawCall_0051-lib-UV5"/>
          <input semantic="TEXCOORD" offset="8" set="6" source="#DrawCall_0051-lib-UV6"/>
          <input semantic="TEXCOORD" offset="9" set="7" source="#DrawCall_0051-lib-UV7"/>
          <p>275 0 275 275 275 275 275 275 275 275 231 1 231 231 231 231 231 231 231 231 290 2 290 290 290 290 290 290 290 290</p>
          <p>291 3 291 291 291 291 291 291 291 291 262 4 262 262 262 262 262 262 262 262 231 5 231 231 231 231 231 231 231 231</p>
          <p>262 6 262 262 262 262 262 262 262 262 232 7 232 232 232 232 232 232 232 232 231 8 231 231 231 231 231 231 231 231</p>
          <p>231 9 231 231 231 231 231 231 231 231 232 10 232 232 232 232 232 232 232 232 230 11 230 230 230 230 230 230 230 230</p>
          <p>232 12 232 232 232 232 232 232 232 232 249 13 249 249 249 249 249 249 249 249 230 14 230 230 230 230 230 230 230 230</p>
          <p>230 15 230 230 230 230 230 230 230 230 249 16 249 249 249 249 249 249 249 249 286 17 286 286 286 286 286 286 286 286</p>
          <p>286 18 286 286 286 286 286 286 286 286 249 19 249 249 249 249 249 249 249 249 287 20 287 287 287 287 287 287 287 287</p>
          <p>287 21 287 287 287 287 287 287 287 287 249 22 249 249 249 249 249 249 249 249 252 23 252 252 252 252 252 252 252 252</p>
          <p>249 24 249 249 249 249 249 249 249 249 251 25 251 251 251 251 251 251 251 251 252 26 252 252 252 252 252 252 252 252</p>
          <p>252 27 252 252 252 252 252 252 252 252 251 28 251 251 251 251 251 251 251 251 281 29 281 281 281 281 281 281 281 281</p>
          <p>232 30 232 232 232 232 232 232 232 232 262 31 262 262 262 262 262 262 262 262 250 32 250 250 250 250 250 250 250 250</p>
          <p>262 33 262 262 262 262 262 262 262 262 263 34 263 263 263 263 263 263 263 263 250 35 250 250 250 250 250 250 250 250</p>
          <p>250 36 250 250 250 250 250 250 250 250 263 37 263 263 263 263 263 263 263 263 280 38 280 280 280 280 280 280 280 280</p>
          <p>263 39 263 263 263 263 263 263 263 263 251 40 251 251 251 251 251 251 251 251 280 41 280 280 280 280 280 280 280 280</p>
          <p>280 42 280 280 280 280 280 280 280 280 251 43 251 251 251 251 251 251 251 251 250 44 250 250 250 250 250 250 250 250</p>
          <p>251 45 251 251 251 251 251 251 251 251 249 46 249 249 249 249 249 249 249 249 250 47 250 250 250 250 250 250 250 250</p>
          <p>250 48 250 250 250 250 250 250 250 250 249 49 249 249 249 249 249 249 249 249 232 50 232 232 232 232 232 232 232 232</p>
          <p>319 51 319 319 319 319 319 319 319 319 364 52 364 364 364 364 364 364 364 364 378 53 378 378 378 378 378 378 378 378</p>
          <p>369 54 369 369 369 369 369 369 369 369 337 55 337 337 337 337 337 337 337 337 340 56 340 340 340 340 340 340 340 340</p>
          <p>337 57 337 337 337 337 337 337 337 337 339 58 339 339 339 339 339 339 339 339 340 59 340 340 340 340 340 340 340 340</p>
          <p>340 60 340 340 340 340 340 340 340 340 339 61 339 339 339 339 339 339 339 339 374 62 374 374 374 374 374 374 374 374</p>
          <p>374 63 374 374 374 374 374 374 374 374 339 64 339 339 339 339 339 339 339 339 375 65 375 375 375 375 375 375 375 375</p>
          <p>375 66 375 375 375 375 375 375 375 375 339 67 339 339 339 339 339 339 339 339 320 68 320 320 320 320 320 320 320 320</p>
          <p>339 69 339 339 339 339 339 339 339 339 318 70 318 318 318 318 318 318 318 318 320 71 320 320 320 320 320 320 320 320</p>
          <p>320 72 320 320 320 320 320 320 320 320 318 73 318 318 318 318 318 318 318 318 319 74 319 319 319 319 319 319 319 319</p>
          <p>318 75 318 318 318 318 318 318 318 318 351 76 351 351 351 351 351 351 351 351 319 77 319 319 319 319 319 319 319 319</p>
          <p>319 78 319 319 319 319 319 319 319 319 351 79 351 351 351 351 351 351 351 351 379 80 379 379 379 379 379 379 379 379</p>
          <p>318 81 318 318 318 318 318 318 318 318 339 82 339 339 339 339 339 339 339 339 338 83 338 338 338 338 338 338 338 338</p>
          <p>339 84 339 339 339 339 339 339 339 339 337 85 337 337 337 337 337 337 337 337 338 86 338 338 338 338 338 338 338 338</p>
          <p>338 87 338 338 338 338 338 338 338 338 337 88 337 337 337 337 337 337 337 337 368 89 368 368 368 368 368 368 368 368</p>
          <p>337 90 337 337 337 337 337 337 337 337 350 91 350 350 350 350 350 350 350 350 368 92 368 368 368 368 368 368 368 368</p>
          <p>368 93 368 368 368 368 368 368 368 368 350 94 350 350 350 350 350 350 350 350 338 95 338 338 338 338 338 338 338 338</p>
          <p>350 96 350 350 350 350 350 350 350 350 351 97 351 351 351 351 351 351 351 351 338 98 338 338 338 338 338 338 338 338</p>
          <p>338 99 338 338 338 338 338 338 338 338 351 100 351 351 351 351 351 351 351 351 318 101 318 318 318 318 318 318 318 318</p>
          <p>385 102 385 385 385 385 385 385 385 385 377 103 377 377 377 377 377 377 377 377 376 104 376 376 376 376 376 376 376 376</p>
          <p>377 105 377 377 377 377 377 377 377 377 364 106 364 364 364 364 364 364 364 364 376 107 376 376 376 376 376 376 376 376</p>
          <p>364 108 364 364 364 364 364 364 364 364 331 109 331 331 331 331 331 331 331 331 376 110 376 376 376 376 376 376 376 376</p>
          <p>376 111 376 376 376 376 376 376 376 376 331 112 331 331 331 331 331 331 331 331 366 113 366 366 366 366 366 366 366 366</p>
          <p>331 114 331 331 331 331 331 331 331 331 367 115 367 367 367 367 367 367 367 367 366 116 366 366 366 366 366 366 366 366</p>
          <p>366 117 366 366 366 366 366 366 366 366 367 118 367 367 367 367 367 367 367 367 330 119 330 330 330 330 330 330 330 330</p>
          <p>367 120 367 367 367 367 367 367 367 367 331 121 331 331 331 331 331 331 331 331 330 122 330 330 330 330 330 330 330 330</p>
          <p>330 123 330 330 330 330 330 330 330 330 331 124 331 331 331 331 331 331 331 331 329 125 329 329 329 329 329 329 329 329</p>
          <p>331 126 331 331 331 331 331 331 331 331 364 127 364 364 364 364 364 364 364 364 329 128 329 329 329 329 329 329 329 329</p>
          <p>364 129 364 364 364 364 364 364 364 364 363 130 363 363 363 363 363 363 363 363 329 131 329 329 329 329 329 329 329 329</p>
          <p>329 132 329 329 329 329 329 329 329 329 363 133 363 363 363 363 363 363 363 363 383 134 383 383 383 383 383 383 383 383</p>
          <p>381 135 381 381 381 381 381 381 381 381 330 136 330 330 330 330 330 330 330 330 365 137 365 365 365 365 365 365 365 365</p>
          <p>330 138 330 330 330 330 330 330 330 330 329 139 329 329 329 329 329 329 329 329 365 140 365 365 365 365 365 365 365 365</p>
          <p>329 141 329 329 329 329 329 329 329 329 383 142 383 383 383 383 383 383 383 383 365 143 365 365 365 365 365 365 365 365</p>
          <p>365 144 365 365 365 365 365 365 365 365 383 145 383 383 383 383 383 383 383 383 384 146 384 384 384 384 384 384 384 384</p>
          <p>410 147 410 410 410 410 410 410 410 410 411 148 411 411 411 411 411 411 411 411 409 149 409 409 409 409 409 409 409 409</p>
          <p>411 150 411 411 411 411 411 411 411 411 412 151 412 412 412 412 412 412 412 412 409 152 409 409 409 409 409 409 409 409</p>
          <p>160 153 160 160 160 160 160 160 160 160 172 154 172 172 172 172 172 172 172 172 161 155 161 161 161 161 161 161 161 161</p>
          <p>157 156 157 157 157 157 157 157 157 157 152 157 152 152 152 152 152 152 152 152 159 158 159 159 159 159 159 159 159 159</p>
          <p>159 159 159 159 159 159 159 159 159 159 152 160 152 152 152 152 152 152 152 152 160 161 160 160 160 160 160 160 160 160</p>
          <p>152 162 152 152 152 152 152 152 152 152 154 163 154 154 154 154 154 154 154 154 160 164 160 160 160 160 160 160 160 160</p>
          <p>154 165 154 154 154 154 154 154 154 154 180 166 180 180 180 180 180 180 180 180 160 167 160 160 160 160 160 160 160 160</p>
          <p>160 168 160 160 160 160 160 160 160 160 180 169 180 180 180 180 180 180 180 180 172 170 172 172 172 172 172 172 172 172</p>
          <p>180 171 180 180 180 180 180 180 180 180 179 172 179 179 179 179 179 179 179 179 172 173 172 172 172 172 172 172 172 172</p>
          <p>179 174 179 179 179 179 179 179 179 179 184 175 184 184 184 184 184 184 184 184 172 176 172 172 172 172 172 172 172 172</p>
          <p>184 177 184 184 184 184 184 184 184 184 173 178 173 173 173 173 173 173 173 173 172 179 172 172 172 172 172 172 172 172</p>
          <p>172 180 172 172 172 172 172 172 172 172 173 181 173 173 173 173 173 173 173 173 161 182 161 161 161 161 161 161 161 161</p>
          <p>173 183 173 173 173 173 173 173 173 173 174 184 174 174 174 174 174 174 174 174 161 185 161 161 161 161 161 161 161 161</p>
          <p>174 186 174 174 174 174 174 174 174 174 150 187 150 150 150 150 150 150 150 150 161 188 161 161 161 161 161 161 161 161</p>
          <p>161 189 161 161 161 161 161 161 161 161 150 190 150 150 150 150 150 150 150 150 149 191 149 149 149 149 149 149 149 149</p>
          <p>150 192 150 150 150 150 150 150 150 150 151 193 151 151 151 151 151 151 151 151 149 194 149 149 149 149 149 149 149 149</p>
          <p>151 195 151 151 151 151 151 151 151 151 163 196 163 163 163 163 163 163 163 163 149 197 149 149 149 149 149 149 149 149</p>
          <p>163 198 163 163 163 163 163 163 163 163 157 199 157 157 157 157 157 157 157 157 149 200 149 149 149 149 149 149 149 149</p>
          <p>157 201 157 157 157 157 157 157 157 157 159 202 159 159 159 159 159 159 159 159 149 203 149 149 149 149 149 149 149 149</p>
          <p>149 204 149 149 149 149 149 149 149 149 159 205 159 159 159 159 159 159 159 159 161 206 161 161 161 161 161 161 161 161</p>
          <p>159 207 159 159 159 159 159 159 159 159 160 208 160 160 160 160 160 160 160 160 161 209 161 161 161 161 161 161 161 161</p>
          <p>152 210 152 152 152 152 152 152 152 152 157 211 157 157 157 157 157 157 157 157 158 212 158 158 158 158 158 158 158 158</p>
          <p>158 213 158 158 158 158 158 158 158 158 157 214 157 157 157 157 157 157 157 157 169 215 169 169 169 169 169 169 169 169</p>
          <p>169 216 169 169 169 169 169 169 169 169 157 217 157 157 157 157 157 157 157 157 176 218 176 176 176 176 176 176 176 176</p>
          <p>176 219 176 176 176 176 176 176 176 176 157 220 157 157 157 157 157 157 157 157 175 221 175 175 175 175 175 175 175 175</p>
          <p>157 222 157 157 157 157 157 157 157 157 163 223 163 163 163 163 163 163 163 163 175 224 175 175 175 175 175 175 175 175</p>
          <p>175 225 175 175 175 175 175 175 175 175 163 226 163 163 163 163 163 163 163 163 162 227 162 162 162 162 162 162 162 162</p>
          <p>163 228 163 163 163 163 163 163 163 163 151 229 151 151 151 151 151 151 151 151 162 230 162 162 162 162 162 162 162 162</p>
          <p>162 231 162 162 162 162 162 162 162 162 151 232 151 151 151 151 151 151 151 151 177 233 177 177 177 177 177 177 177 177</p>
          <p>177 234 177 177 177 177 177 177 177 177 151 235 151 151 151 151 151 151 151 151 199 236 199 199 199 199 199 199 199 199</p>
          <p>199 237 199 199 199 199 199 199 199 199 151 238 151 151 151 151 151 151 151 151 156 239 156 156 156 156 156 156 156 156</p>
          <p>151 240 151 151 151 151 151 151 151 151 150 241 150 150 150 150 150 150 150 150 156 242 156 156 156 156 156 156 156 156</p>
          <p>156 243 156 156 156 156 156 156 156 156 150 244 150 150 150 150 150 150 150 150 155 245 155 155 155 155 155 155 155 155</p>
          <p>155 246 155 155 155 155 155 155 155 155 150 247 150 150 150 150 150 150 150 150 178 248 178 178 178 178 178 178 178 178</p>
          <p>150 249 150 150 150 150 150 150 150 150 174 250 174 174 174 174 174 174 174 174 178 251 178 178 178 178 178 178 178 178</p>
          <p>178 252 178 178 178 178 178 178 178 178 174 253 174 174 174 174 174 174 174 174 186 254 186 186 186 186 186 186 186 186</p>
          <p>186 255 186 186 186 186 186 186 186 186 174 256 174 174 174 174 174 174 174 174 190 257 190 190 190 190 190 190 190 190</p>
          <p>190 258 190 190 190 190 190 190 190 190 174 259 174 174 174 174 174 174 174 174 191 260 191 191 191 191 191 191 191 191</p>
          <p>174 261 174 174 174 174 174 174 174 174 173 262 173 173 173 173 173 173 173 173 191 263 191 191 191 191 191 191 191 191</p>
          <p>170 264 170 170 170 170 170 170 170 170 167 265 167 167 167 167 167 167 167 167 168 266 168 168 168 168 168 168 168 168</p>
          <p>168 267 168 168 168 168 168 168 168 168 167 268 167 167 167 167 167 167 167 167 169 269 169 169 169 169 169 169 169 169</p>
          <p>169 270 169 169 169 169 169 169 169 169 167 271 167 167 167 167 167 167 167 167 158 272 158 158 158 158 158 158 158 158</p>
          <p>167 273 167 167 167 167 167 167 167 167 165 274 165 165 165 165 165 165 165 165 158 275 158 158 158 158 158 158 158 158</p>
          <p>158 276 158 158 158 158 158 158 158 158 165 277 165 165 165 165 165 165 165 165 152 278 152 152 152 152 152 152 152 152</p>
          <p>165 279 165 165 165 165 165 165 165 165 153 280 153 153 153 153 153 153 153 153 152 281 152 152 152 152 152 152 152 152</p>
          <p>152 282 152 152 152 152 152 152 152 152 153 283 153 153 153 153 153 153 153 153 154 284 154 154 154 154 154 154 154 154</p>
          <p>154 285 154 154 154 154 154 154 154 154 153 286 153 153 153 153 153 153 153 153 180 287 180 180 180 180 180 180 180 180</p>
          <p>153 288 153 153 153 153 153 153 153 153 183 289 183 183 183 183 183 183 183 183 180 290 180 180 180 180 180 180 180 180</p>
          <p>183 291 183 183 183 183 183 183 183 183 181 292 181 181 181 181 181 181 181 181 180 293 180 180 180 180 180 180 180 180</p>
          <p>180 294 180 180 180 180 180 180 180 180 181 295 181 181 181 181 181 181 181 181 179 296 179 179 179 179 179 179 179 179</p>
          <p>181 297 181 181 181 181 181 181 181 181 193 298 193 193 193 193 193 193 193 193 179 299 179 179 179 179 179 179 179 179</p>
          <p>193 300 193 193 193 193 193 193 193 193 195 301 195 195 195 195 195 195 195 195 179 302 179 179 179 179 179 179 179 179</p>
          <p>179 303 179 179 179 179 179 179 179 179 195 304 195 195 195 195 195 195 195 195 184 305 184 184 184 184 184 184 184 184</p>
          <p>195 306 195 195 195 195 195 195 195 195 189 307 189 189 189 189 189 189 189 189 184 308 184 184 184 184 184 184 184 184</p>
          <p>189 309 189 189 189 189 189 189 189 189 197 310 197 197 197 197 197 197 197 197 184 311 184 184 184 184 184 184 184 184</p>
          <p>184 312 184 184 184 184 184 184 184 184 197 313 197 197 197 197 197 197 197 197 173 314 173 173 173 173 173 173 173 173</p>
          <p>197 315 197 197 197 197 197 197 197 197 191 316 191 191 191 191 191 191 191 191 173 317 173 173 173 173 173 173 173 173</p>
          <p>166 318 166 166 166 166 166 166 166 166 164 319 164 164 164 164 164 164 164 164 165 320 165 165 165 165 165 165 165 165</p>
          <p>165 321 165 165 165 165 165 165 165 165 164 322 164 164 164 164 164 164 164 164 153 323 153 153 153 153 153 153 153 153</p>
          <p>153 324 153 153 153 153 153 153 153 153 164 325 164 164 164 164 164 164 164 164 183 326 183 183 183 183 183 183 183 183</p>
          <p>164 327 164 164 164 164 164 164 164 164 182 328 182 182 182 182 182 182 182 182 183 329 183 183 183 183 183 183 183 183</p>
          <p>182 330 182 182 182 182 182 182 182 182 185 331 185 185 185 185 185 185 185 185 183 332 183 183 183 183 183 183 183 183</p>
          <p>183 333 183 183 183 183 183 183 183 183 185 334 185 185 185 185 185 185 185 185 181 335 181 181 181 181 181 181 181 181</p>
          <p>185 336 185 185 185 185 185 185 185 185 194 337 194 194 194 194 194 194 194 194 181 338 181 181 181 181 181 181 181 181</p>
          <p>181 339 181 181 181 181 181 181 181 181 194 340 194 194 194 194 194 194 194 194 193 341 193 193 193 193 193 193 193 193</p>
          <p>194 342 194 194 194 194 194 194 194 194 196 343 196 196 196 196 196 196 196 196 193 344 193 193 193 193 193 193 193 193</p>
          <p>193 345 193 193 193 193 193 193 193 193 196 346 196 196 196 196 196 196 196 196 195 347 195 195 195 195 195 195 195 195</p>
          <p>196 348 196 196 196 196 196 196 196 196 187 349 187 187 187 187 187 187 187 187 195 350 195 195 195 195 195 195 195 195</p>
          <p>195 351 195 195 195 195 195 195 195 195 187 352 187 187 187 187 187 187 187 187 189 353 189 189 189 189 189 189 189 189</p>
          <p>187 354 187 187 187 187 187 187 187 187 188 355 188 188 188 188 188 188 188 188 189 356 189 189 189 189 189 189 189 189</p>
          <p>189 357 189 189 189 189 189 189 189 189 188 358 188 188 188 188 188 188 188 188 197 359 197 197 197 197 197 197 197 197</p>
          <p>188 360 188 188 188 188 188 188 188 188 192 361 192 192 192 192 192 192 192 192 197 362 197 197 197 197 197 197 197 197</p>
          <p>197 363 197 197 197 197 197 197 197 197 192 364 192 192 192 192 192 192 192 192 191 365 191 191 191 191 191 191 191 191</p>
          <p>191 366 191 191 191 191 191 191 191 191 192 367 192 192 192 192 192 192 192 192 190 368 190 190 190 190 190 190 190 190</p>
          <p>192 369 192 192 192 192 192 192 192 192 198 370 198 198 198 198 198 198 198 198 190 371 190 190 190 190 190 190 190 190</p>
          <p>165 372 165 165 165 165 165 165 165 165 167 373 167 167 167 167 167 167 167 167 166 374 166 166 166 166 166 166 166 166</p>
          <p>167 375 167 167 167 167 167 167 167 167 170 376 170 170 170 170 170 170 170 170 166 377 166 166 166 166 166 166 166 166</p>
          <p>166 378 166 166 166 166 166 166 166 166 170 379 170 170 170 170 170 170 170 170 171 380 171 171 171 171 171 171 171 171</p>
          <p>74 381 74 74 74 74 74 74 74 74 79 382 79 79 79 79 79 79 79 79 56 383 56 56 56 56 56 56 56 56</p>
          <p>67 384 67 67 67 67 67 67 67 67 80 385 80 80 80 80 80 80 80 80 56 386 56 56 56 56 56 56 56 56</p>
          <p>56 387 56 56 56 56 56 56 56 56 80 388 80 80 80 80 80 80 80 80 74 389 74 74 74 74 74 74 74 74</p>
          <p>74 390 74 74 74 74 74 74 74 74 80 391 80 80 80 80 80 80 80 80 72 392 72 72 72 72 72 72 72 72</p>
          <p>80 393 80 80 80 80 80 80 80 80 88 394 88 88 88 88 88 88 88 88 72 395 72 72 72 72 72 72 72 72</p>
          <p>67 396 67 67 67 67 67 67 67 67 56 397 56 56 56 56 56 56 56 56 1 398 1 1 1 1 1 1 1 1</p>
          <p>56 399 56 56 56 56 56 56 56 56 2 400 2 2 2 2 2 2 2 2 1 401 1 1 1 1 1 1 1 1</p>
          <p>2 402 2 2 2 2 2 2 2 2 0 403 0 0 0 0 0 0 0 0 1 404 1 1 1 1 1 1 1 1</p>
          <p>1 405 1 1 1 1 1 1 1 1 0 406 0 0 0 0 0 0 0 0 14 407 14 14 14 14 14 14 14 14</p>
          <p>0 408 0 0 0 0 0 0 0 0 33 409 33 33 33 33 33 33 33 33 14 410 14 14 14 14 14 14 14 14</p>
          <p>33 411 33 33 33 33 33 33 33 33 49 412 49 49 49 49 49 49 49 49 14 413 14 14 14 14 14 14 14 14</p>
          <p>49 414 49 49 49 49 49 49 49 49 48 415 48 48 48 48 48 48 48 48 14 416 14 14 14 14 14 14 14 14</p>
          <p>48 417 48 48 48 48 48 48 48 48 15 418 15 15 15 15 15 15 15 15 14 419 14 14 14 14 14 14 14 14</p>
          <p>15 420 15 15 15 15 15 15 15 15 16 421 16 16 16 16 16 16 16 16 14 422 14 14 14 14 14 14 14 14</p>
          <p>14 423 14 14 14 14 14 14 14 14 16 424 16 16 16 16 16 16 16 16 1 425 1 1 1 1 1 1 1 1</p>
          <p>1 426 1 1 1 1 1 1 1 1 16 427 16 16 16 16 16 16 16 16 67 428 67 67 67 67 67 67 67 67</p>
          <p>16 429 16 16 16 16 16 16 16 16 66 430 66 66 66 66 66 66 66 66 67 431 67 67 67 67 67 67 67 67</p>
          <p>66 432 66 66 66 66 66 66 66 66 91 433 91 91 91 91 91 91 91 91 67 434 67 67 67 67 67 67 67 67</p>
          <p>91 435 91 91 91 91 91 91 91 91 92 436 92 92 92 92 92 92 92 92 67 437 67 67 67 67 67 67 67 67</p>
          <p>67 438 67 67 67 67 67 67 67 67 92 439 92 92 92 92 92 92 92 92 80 440 80 80 80 80 80 80 80 80</p>
          <p>92 441 92 92 92 92 92 92 92 92 96 442 96 96 96 96 96 96 96 96 80 443 80 80 80 80 80 80 80 80</p>
          <p>80 444 80 80 80 80 80 80 80 80 96 445 96 96 96 96 96 96 96 96 88 446 88 88 88 88 88 88 88 88</p>
          <p>96 447 96 96 96 96 96 96 96 96 55 448 55 55 55 55 55 55 55 55 88 449 88 88 88 88 88 88 88 88</p>
          <p>12 450 12 12 12 12 12 12 12 12 11 451 11 11 11 11 11 11 11 11 40 452 40 40 40 40 40 40 40 40</p>
          <p>11 453 11 11 11 11 11 11 11 11 30 454 30 30 30 30 30 30 30 30 40 455 40 40 40 40 40 40 40 40</p>
          <p>40 456 40 40 40 40 40 40 40 40 30 457 30 30 30 30 30 30 30 30 2 458 2 2 2 2 2 2 2 2</p>
          <p>2 459 2 2 2 2 2 2 2 2 30 460 30 30 30 30 30 30 30 30 0 461 0 0 0 0 0 0 0 0</p>
          <p>30 462 30 30 30 30 30 30 30 30 23 463 23 23 23 23 23 23 23 23 0 464 0 0 0 0 0 0 0 0</p>
          <p>0 465 0 0 0 0 0 0 0 0 23 466 23 23 23 23 23 23 23 23 33 467 33 33 33 33 33 33 33 33</p>
          <p>33 468 33 33 33 33 33 33 33 33 23 469 23 23 23 23 23 23 23 23 25 470 25 25 25 25 25 25 25 25</p>
          <p>25 471 25 25 25 25 25 25 25 25 23 472 23 23 23 23 23 23 23 23 24 473 24 24 24 24 24 24 24 24</p>
          <p>24 474 24 24 24 24 24 24 24 24 23 475 23 23 23 23 23 23 23 23 32 476 32 32 32 32 32 32 32 32</p>
          <p>23 477 23 23 23 23 23 23 23 23 30 478 30 30 30 30 30 30 30 30 32 479 32 32 32 32 32 32 32 32</p>
          <p>32 480 32 32 32 32 32 32 32 32 30 481 30 30 30 30 30 30 30 30 31 482 31 31 31 31 31 31 31 31</p>
          <p>30 483 30 30 30 30 30 30 30 30 11 484 11 11 11 11 11 11 11 11 31 485 31 31 31 31 31 31 31 31</p>
          <p>11 486 11 11 11 11 11 11 11 11 10 487 10 10 10 10 10 10 10 10 31 488 31 31 31 31 31 31 31 31</p>
          <p>31 489 31 31 31 31 31 31 31 31 10 490 10 10 10 10 10 10 10 10 45 491 45 45 45 45 45 45 45 45</p>
          <p>45 492 45 45 45 45 45 45 45 45 10 493 10 10 10 10 10 10 10 10 22 494 22 22 22 22 22 22 22 22</p>
          <p>22 495 22 22 22 22 22 22 22 22 10 496 10 10 10 10 10 10 10 10 21 497 21 21 21 21 21 21 21 21</p>
          <p>21 498 21 21 21 21 21 21 21 21 10 499 10 10 10 10 10 10 10 10 19 500 19 19 19 19 19 19 19 19</p>
          <p>10 501 10 10 10 10 10 10 10 10 9 502 9 9 9 9 9 9 9 9 19 503 19 19 19 19 19 19 19 19</p>
          <p>10 504 10 10 10 10 10 10 10 10 11 505 11 11 11 11 11 11 11 11 9 506 9 9 9 9 9 9 9 9</p>
          <p>9 507 9 9 9 9 9 9 9 9 11 508 11 11 11 11 11 11 11 11 13 509 13 13 13 13 13 13 13 13</p>
          <p>11 510 11 11 11 11 11 11 11 11 12 511 12 12 12 12 12 12 12 12 13 512 13 13 13 13 13 13 13 13</p>
          <p>12 513 12 12 12 12 12 12 12 12 63 514 63 63 63 63 63 63 63 63 13 515 13 13 13 13 13 13 13 13</p>
          <p>13 516 13 13 13 13 13 13 13 13 63 517 63 63 63 63 63 63 63 63 65 518 65 65 65 65 65 65 65 65</p>
          <p>63 519 63 63 63 63 63 63 63 63 64 520 64 64 64 64 64 64 64 64 65 521 65 65 65 65 65 65 65 65</p>
          <p>65 522 65 65 65 65 65 65 65 65 64 523 64 64 64 64 64 64 64 64 69 524 69 69 69 69 69 69 69 69</p>
          <p>69 525 69 69 69 69 69 69 69 69 64 526 64 64 64 64 64 64 64 64 68 527 68 68 68 68 68 68 68 68</p>
          <p>68 528 68 68 68 68 68 68 68 68 64 529 64 64 64 64 64 64 64 64 71 530 71 71 71 71 71 71 71 71</p>
          <p>71 531 71 71 71 71 71 71 71 71 64 532 64 64 64 64 64 64 64 64 89 533 89 89 89 89 89 89 89 89</p>
          <p>89 534 89 89 89 89 89 89 89 89 64 535 64 64 64 64 64 64 64 64 78 536 78 78 78 78 78 78 78 78</p>
          <p>64 537 64 64 64 64 64 64 64 64 63 538 63 63 63 63 63 63 63 63 78 539 78 78 78 78 78 78 78 78</p>
          <p>63 540 63 63 63 63 63 63 63 63 79 541 79 79 79 79 79 79 79 79 78 542 78 78 78 78 78 78 78 78</p>
          <p>78 543 78 78 78 78 78 78 78 78 79 544 79 79 79 79 79 79 79 79 77 545 77 77 77 77 77 77 77 77</p>
          <p>79 546 79 79 79 79 79 79 79 79 74 547 74 74 74 74 74 74 74 74 77 548 77 77 77 77 77 77 77 77</p>
          <p>77 549 77 77 77 77 77 77 77 77 74 550 74 74 74 74 74 74 74 74 73 551 73 73 73 73 73 73 73 73</p>
          <p>74 552 74 74 74 74 74 74 74 74 72 553 72 72 72 72 72 72 72 72 73 554 73 73 73 73 73 73 73 73</p>
          <p>72 555 72 72 72 72 72 72 72 72 75 556 75 75 75 75 75 75 75 75 73 557 73 73 73 73 73 73 73 73</p>
          <p>42 558 42 42 42 42 42 42 42 42 19 559 19 19 19 19 19 19 19 19 29 560 29 29 29 29 29 29 29 29</p>
          <p>19 561 19 19 19 19 19 19 19 19 9 562 9 9 9 9 9 9 9 9 29 563 29 29 29 29 29 29 29 29</p>
          <p>9 564 9 9 9 9 9 9 9 9 13 565 13 13 13 13 13 13 13 13 29 566 29 29 29 29 29 29 29 29</p>
          <p>29 567 29 29 29 29 29 29 29 29 13 568 13 13 13 13 13 13 13 13 46 569 46 46 46 46 46 46 46 46</p>
          <p>46 570 46 46 46 46 46 46 46 46 13 571 13 13 13 13 13 13 13 13 76 572 76 76 76 76 76 76 76 76</p>
          <p>13 573 13 13 13 13 13 13 13 13 65 574 65 65 65 65 65 65 65 65 76 575 76 76 76 76 76 76 76 76</p>
          <p>65 576 65 65 65 65 65 65 65 65 69 577 69 69 69 69 69 69 69 69 76 578 76 76 76 76 76 76 76 76</p>
          <p>76 579 76 76 76 76 76 76 76 76 69 580 69 69 69 69 69 69 69 69 86 581 86 86 86 86 86 86 86 86</p>
          <p>53 582 53 53 53 53 53 53 53 53 43 583 43 43 43 43 43 43 43 43 55 584 55 55 55 55 55 55 55 55</p>
          <p>43 585 43 43 43 43 43 43 43 43 39 586 39 39 39 39 39 39 39 39 55 587 55 55 55 55 55 55 55 55</p>
          <p>55 588 55 55 55 55 55 55 55 55 39 589 39 39 39 39 39 39 39 39 88 590 88 88 88 88 88 88 88 88</p>
          <p>39 591 39 39 39 39 39 39 39 39 81 592 81 81 81 81 81 81 81 81 88 593 88 88 88 88 88 88 88 88</p>
          <p>88 594 88 88 88 88 88 88 88 88 81 595 81 81 81 81 81 81 81 81 72 596 72 72 72 72 72 72 72 72</p>
          <p>72 597 72 72 72 72 72 72 72 72 81 598 81 81 81 81 81 81 81 81 75 599 75 75 75 75 75 75 75 75</p>
          <p>81 600 81 81 81 81 81 81 81 81 57 601 57 57 57 57 57 57 57 57 75 602 75 75 75 75 75 75 75 75</p>
          <p>75 603 75 75 75 75 75 75 75 75 57 604 57 57 57 57 57 57 57 57 90 605 90 90 90 90 90 90 90 90</p>
          <p>90 606 90 90 90 90 90 90 90 90 57 607 57 57 57 57 57 57 57 57 60 608 60 60 60 60 60 60 60 60</p>
          <p>60 609 60 60 60 60 60 60 60 60 57 610 57 57 57 57 57 57 57 57 59 611 59 59 59 59 59 59 59 59</p>
          <p>59 612 59 59 59 59 59 59 59 59 57 613 57 57 57 57 57 57 57 57 58 614 58 58 58 58 58 58 58 58</p>
          <p>57 615 57 57 57 57 57 57 57 57 396 616 396 396 396 396 396 396 396 396 58 617 58 58 58 58 58 58 58 58</p>
          <p>58 618 58 58 58 58 58 58 58 58 396 619 396 396 396 396 396 396 396 396 85 620 85 85 85 85 85 85 85 85</p>
          <p>52 621 52 52 52 52 52 52 52 52 50 622 50 50 50 50 50 50 50 50 51 623 51 51 51 51 51 51 51 51</p>
          <p>51 624 51 51 51 51 51 51 51 51 50 625 50 50 50 50 50 50 50 50 53 626 53 53 53 53 53 53 53 53</p>
          <p>50 627 50 50 50 50 50 50 50 50 44 628 44 44 44 44 44 44 44 44 53 629 53 53 53 53 53 53 53 53</p>
          <p>53 630 53 53 53 53 53 53 53 53 44 631 44 44 44 44 44 44 44 44 43 632 43 43 43 43 43 43 43 43</p>
          <p>44 633 44 44 44 44 44 44 44 44 26 634 26 26 26 26 26 26 26 26 43 635 43 43 43 43 43 43 43 43</p>
          <p>26 636 26 26 26 26 26 26 26 26 34 637 34 34 34 34 34 34 34 34 43 638 43 43 43 43 43 43 43 43</p>
          <p>43 639 43 43 43 43 43 43 43 43 34 640 34 34 34 34 34 34 34 34 39 641 39 39 39 39 39 39 39 39</p>
          <p>34 642 34 34 34 34 34 34 34 34 38 643 38 38 38 38 38 38 38 38 39 644 39 39 39 39 39 39 39 39</p>
          <p>39 645 39 39 39 39 39 39 39 39 38 646 38 38 38 38 38 38 38 38 81 647 81 81 81 81 81 81 81 81</p>
          <p>38 648 38 38 38 38 38 38 38 38 82 649 82 82 82 82 82 82 82 82 81 650 81 81 81 81 81 81 81 81</p>
          <p>81 651 81 81 81 81 81 81 81 81 82 652 82 82 82 82 82 82 82 82 57 653 57 57 57 57 57 57 57 57</p>
          <p>82 654 82 82 82 82 82 82 82 82 84 655 84 84 84 84 84 84 84 84 57 656 57 57 57 57 57 57 57 57</p>
          <p>57 657 57 57 57 57 57 57 57 57 84 658 84 84 84 84 84 84 84 84 396 659 396 396 396 396 396 396 396 396</p>
          <p>84 660 84 84 84 84 84 84 84 84 447 661 447 447 447 447 447 447 447 447 396 662 396 396 396 396 396 396 396 396</p>
          <p>62 663 62 62 62 62 62 62 62 62 60 664 60 60 60 60 60 60 60 60 61 665 61 61 61 61 61 61 61 61</p>
          <p>60 666 60 60 60 60 60 60 60 60 59 667 59 59 59 59 59 59 59 59 61 668 61 61 61 61 61 61 61 61</p>
          <p>61 669 61 61 61 61 61 61 61 61 59 670 59 59 59 59 59 59 59 59 70 671 70 70 70 70 70 70 70 70</p>
          <p>59 672 59 59 59 59 59 59 59 59 58 673 58 58 58 58 58 58 58 58 70 674 70 70 70 70 70 70 70 70</p>
          <p>58 675 58 58 58 58 58 58 58 58 85 676 85 85 85 85 85 85 85 85 70 677 70 70 70 70 70 70 70 70</p>
          <p>70 678 70 70 70 70 70 70 70 70 85 679 85 85 85 85 85 85 85 85 87 680 87 87 87 87 87 87 87 87</p>
          <p>83 681 83 83 83 83 83 83 83 83 82 682 82 82 82 82 82 82 82 82 37 683 37 37 37 37 37 37 37 37</p>
          <p>82 684 82 82 82 82 82 82 82 82 38 685 38 38 38 38 38 38 38 38 37 686 37 37 37 37 37 37 37 37</p>
          <p>37 687 37 37 37 37 37 37 37 37 38 688 38 38 38 38 38 38 38 38 35 689 35 35 35 35 35 35 35 35</p>
          <p>38 690 38 38 38 38 38 38 38 38 34 691 34 34 34 34 34 34 34 34 35 692 35 35 35 35 35 35 35 35</p>
          <p>35 693 35 35 35 35 35 35 35 35 34 694 34 34 34 34 34 34 34 34 3 695 3 3 3 3 3 3 3 3</p>
          <p>3 696 3 3 3 3 3 3 3 3 34 697 34 34 34 34 34 34 34 34 28 698 28 28 28 28 28 28 28 28</p>
          <p>34 699 34 34 34 34 34 34 34 34 26 700 26 26 26 26 26 26 26 26 28 701 28 28 28 28 28 28 28 28</p>
          <p>28 702 28 28 28 28 28 28 28 28 26 703 26 26 26 26 26 26 26 26 27 704 27 27 27 27 27 27 27 27</p>
          <p>37 705 37 37 37 37 37 37 37 37 35 706 35 35 35 35 35 35 35 35 36 707 36 36 36 36 36 36 36 36</p>
          <p>35 708 35 35 35 35 35 35 35 35 3 709 3 3 3 3 3 3 3 3 36 710 36 36 36 36 36 36 36 36</p>
          <p>3 711 3 3 3 3 3 3 3 3 5 712 5 5 5 5 5 5 5 5 36 713 36 36 36 36 36 36 36 36</p>
          <p>36 714 36 36 36 36 36 36 36 36 5 715 5 5 5 5 5 5 5 5 447 716 447 447 447 447 447 447 447 447</p>
          <p>28 717 28 28 28 28 28 28 28 28 47 718 47 47 47 47 47 47 47 47 3 719 3 3 3 3 3 3 3 3</p>
          <p>47 720 47 47 47 47 47 47 47 47 8 721 8 8 8 8 8 8 8 8 3 722 3 3 3 3 3 3 3 3</p>
          <p>3 723 3 3 3 3 3 3 3 3 8 724 8 8 8 8 8 8 8 8 18 725 18 18 18 18 18 18 18 18</p>
          <p>18 726 18 18 18 18 18 18 18 18 8 727 8 8 8 8 8 8 8 8 7 728 7 7 7 7 7 7 7 7</p>
          <p>8 729 8 8 8 8 8 8 8 8 6 730 6 6 6 6 6 6 6 6 7 731 7 7 7 7 7 7 7 7</p>
          <p>7 732 7 7 7 7 7 7 7 7 20 733 20 20 20 20 20 20 20 20 18 734 18 18 18 18 18 18 18 18</p>
          <p>20 735 20 20 20 20 20 20 20 20 4 736 4 4 4 4 4 4 4 4 18 737 18 18 18 18 18 18 18 18</p>
          <p>18 738 18 18 18 18 18 18 18 18 4 739 4 4 4 4 4 4 4 4 3 740 3 3 3 3 3 3 3 3</p>
          <p>3 741 3 3 3 3 3 3 3 3 4 742 4 4 4 4 4 4 4 4 5 743 5 5 5 5 5 5 5 5</p>
          <p>5 744 5 5 5 5 5 5 5 5 4 745 4 4 4 4 4 4 4 4 17 746 17 17 17 17 17 17 17 17</p>
          <p>4 747 4 4 4 4 4 4 4 4 20 748 20 20 20 20 20 20 20 20 17 749 17 17 17 17 17 17 17 17</p>
          <p>17 750 17 17 17 17 17 17 17 17 20 751 20 20 20 20 20 20 20 20 41 752 41 41 41 41 41 41 41 41</p>
          <p>388 753 388 388 388 388 388 388 388 388 386 754 386 386 386 386 386 386 386 386 387 755 387 387 387 387 387 387 387 387</p>
          <p>386 756 386 386 386 386 386 386 386 386 395 757 395 395 395 395 395 395 395 395 387 758 387 387 387 387 387 387 387 387</p>
          <p>386 759 386 386 386 386 386 386 386 386 388 760 388 388 388 388 388 388 388 388 389 761 389 389 389 389 389 389 389 389</p>
          <p>388 762 388 388 388 388 388 388 388 388 390 763 390 390 390 390 390 390 390 390 389 764 389 389 389 389 389 389 389 389</p>
          <p>390 765 390 390 390 390 390 390 390 390 391 766 391 391 391 391 391 391 391 391 389 767 389 389 389 389 389 389 389 389</p>
          <p>389 768 389 389 389 389 389 389 389 389 391 769 391 391 391 391 391 391 391 391 392 770 392 392 392 392 392 392 392 392</p>
          <p>391 771 391 391 391 391 391 391 391 391 393 772 393 393 393 393 393 393 393 393 392 773 392 392 392 392 392 392 392 392</p>
          <p>393 774 393 393 393 393 393 393 393 393 394 775 394 394 394 394 394 394 394 394 392 776 392 392 392 392 392 392 392 392</p>
          <p>394 777 394 394 394 394 394 394 394 394 444 778 444 444 444 444 444 444 444 444 392 779 392 392 392 392 392 392 392 392</p>
          <p>444 780 444 444 444 444 444 444 444 444 443 781 443 443 443 443 443 443 443 443 392 782 392 392 392 392 392 392 392 392</p>
          <p>443 783 443 443 443 443 443 443 443 443 441 784 441 441 441 441 441 441 441 441 392 785 392 392 392 392 392 392 392 392</p>
          <p>392 786 392 392 392 392 392 392 392 392 441 787 441 441 441 441 441 441 441 441 389 788 389 389 389 389 389 389 389 389</p>
          <p>441 789 441 441 441 441 441 441 441 441 442 790 442 442 442 442 442 442 442 442 389 791 389 389 389 389 389 389 389 389</p>
          <p>442 792 442 442 442 442 442 442 442 442 440 793 440 440 440 440 440 440 440 440 389 794 389 389 389 389 389 389 389 389</p>
          <p>389 795 389 389 389 389 389 389 389 389 440 796 440 440 440 440 440 440 440 440 386 797 386 386 386 386 386 386 386 386</p>
          <p>440 798 440 440 440 440 440 440 440 440 438 799 438 438 438 438 438 438 438 438 386 800 386 386 386 386 386 386 386 386</p>
          <p>438 801 438 438 438 438 438 438 438 438 439 802 439 439 439 439 439 439 439 439 386 803 386 386 386 386 386 386 386 386</p>
          <p>386 804 386 386 386 386 386 386 386 386 439 805 439 439 439 439 439 439 439 439 395 806 395 395 395 395 395 395 395 395</p>
          <p>439 807 439 439 439 439 439 439 439 439 445 808 445 445 445 445 445 445 445 445 395 809 395 395 395 395 395 395 395 395</p>
          <p>445 810 445 445 445 445 445 445 445 445 446 811 446 446 446 446 446 446 446 446 395 812 395 395 395 395 395 395 395 395</p>
          <p>243 813 243 243 243 243 243 243 243 243 242 814 242 242 242 242 242 242 242 242 277 815 277 277 277 277 277 277 277 277</p>
          <p>242 816 242 242 242 242 242 242 242 242 293 817 293 293 293 293 293 293 293 293 277 818 277 277 277 277 277 277 277 277</p>
          <p>297 819 297 297 297 297 297 297 297 297 289 820 289 289 289 289 289 289 289 289 288 821 288 288 288 288 288 288 288 288</p>
          <p>288 822 288 288 288 288 288 288 288 288 289 823 289 289 289 289 289 289 289 289 275 824 275 275 275 275 275 275 275 275</p>
          <p>275 825 275 275 275 275 275 275 275 275 289 826 289 289 289 289 289 289 289 289 241 827 241 241 241 241 241 241 241 241</p>
          <p>289 828 289 289 289 289 289 289 289 289 279 829 279 279 279 279 279 279 279 279 241 830 241 241 241 241 241 241 241 241</p>
          <p>241 831 241 241 241 241 241 241 241 241 279 832 279 279 279 279 279 279 279 279 278 833 278 278 278 278 278 278 278 278</p>
          <p>279 834 279 279 279 279 279 279 279 279 242 835 242 242 242 242 242 242 242 242 278 836 278 278 278 278 278 278 278 278</p>
          <p>278 837 278 278 278 278 278 278 278 278 242 838 242 242 242 242 242 242 242 242 241 839 241 241 241 241 241 241 241 241</p>
          <p>242 840 242 242 242 242 242 242 242 242 243 841 243 243 243 243 243 243 243 243 241 842 241 241 241 241 241 241 241 241</p>
          <p>241 843 241 241 241 241 241 241 241 241 243 844 243 243 243 243 243 243 243 243 275 845 275 275 275 275 275 275 275 275</p>
          <p>275 846 275 275 275 275 275 275 275 275 243 847 243 243 243 243 243 243 243 243 276 848 276 276 276 276 276 276 276 276</p>
          <p>276 849 276 276 276 276 276 276 276 276 243 850 243 243 243 243 243 243 243 243 295 851 295 295 295 295 295 295 295 295</p>
          <p>243 852 243 243 243 243 243 243 243 243 277 853 277 277 277 277 277 277 277 277 295 854 295 295 295 295 295 295 295 295</p>
          <p>295 855 295 295 295 295 295 295 295 295 277 856 277 277 277 277 277 277 277 277 296 857 296 296 296 296 296 296 296 296</p>
          <p>332 858 332 332 332 332 332 332 332 332 321 859 321 321 321 321 321 321 321 321 314 860 314 314 314 314 314 314 314 314</p>
          <p>321 861 321 321 321 321 321 321 321 321 301 862 301 301 301 301 301 301 301 301 314 863 314 314 314 314 314 314 314 314</p>
          <p>301 864 301 301 301 301 301 301 301 301 303 865 303 303 303 303 303 303 303 303 314 866 314 314 314 314 314 314 314 314</p>
          <p>314 867 314 314 314 314 314 314 314 314 303 868 303 303 303 303 303 303 303 303 315 869 315 315 315 315 315 315 315 315</p>
          <p>325 870 325 325 325 325 325 325 325 325 311 871 311 311 311 311 311 311 311 311 313 872 313 313 313 313 313 313 313 313</p>
          <p>313 873 313 313 313 313 313 313 313 313 311 874 311 311 311 311 311 311 311 311 312 875 312 312 312 312 312 312 312 312</p>
          <p>312 876 312 312 312 312 312 312 312 312 311 877 311 311 311 311 311 311 311 311 380 878 380 380 380 380 380 380 380 380</p>
          <p>380 879 380 380 380 380 380 380 380 380 311 880 311 311 311 311 311 311 311 311 307 881 307 307 307 307 307 307 307 307</p>
          <p>311 882 311 311 311 311 311 311 311 311 305 883 305 305 305 305 305 305 305 305 307 884 307 307 307 307 307 307 307 307</p>
          <p>307 885 307 307 307 307 307 307 307 307 305 886 305 305 305 305 305 305 305 305 306 887 306 306 306 306 306 306 306 306</p>
          <p>306 888 306 306 306 306 306 306 306 306 305 889 305 305 305 305 305 305 305 305 316 890 316 316 316 316 316 316 316 316</p>
          <p>305 891 305 305 305 305 305 305 305 305 315 892 315 315 315 315 315 315 315 315 316 893 316 316 316 316 316 316 316 316</p>
          <p>316 894 316 316 316 316 316 316 316 316 315 895 315 315 315 315 315 315 315 315 317 896 317 317 317 317 317 317 317 317</p>
          <p>315 897 315 315 315 315 315 315 315 315 303 898 303 303 303 303 303 303 303 303 317 899 317 317 317 317 317 317 317 317</p>
          <p>317 900 317 317 317 317 317 317 317 317 303 901 303 303 303 303 303 303 303 303 304 902 304 304 304 304 304 304 304 304</p>
          <p>304 903 304 304 304 304 304 304 304 304 303 904 303 303 303 303 303 303 303 303 302 905 302 302 302 302 302 302 302 302</p>
          <p>303 906 303 303 303 303 303 303 303 303 301 907 301 301 301 301 301 301 301 301 302 908 302 302 302 302 302 302 302 302</p>
          <p>302 909 302 302 302 302 302 302 302 302 301 910 301 301 301 301 301 301 301 301 359 911 359 359 359 359 359 359 359 359</p>
          <p>359 912 359 359 359 359 359 359 359 359 301 913 301 301 301 301 301 301 301 301 353 914 353 353 353 353 353 353 353 353</p>
          <p>301 915 301 301 301 301 301 301 301 301 352 916 352 352 352 352 352 352 352 352 353 917 353 353 353 353 353 353 353 353</p>
          <p>353 918 353 353 353 353 353 353 353 353 352 919 352 352 352 352 352 352 352 352 354 920 354 354 354 354 354 354 354 354</p>
          <p>437 921 437 437 437 437 437 437 437 437 435 922 435 435 435 435 435 435 435 435 436 923 436 436 436 436 436 436 436 436</p>
          <p>436 924 436 436 436 436 436 436 436 436 435 925 435 435 435 435 435 435 435 435 423 926 423 423 423 423 423 423 423 423</p>
          <p>435 927 435 435 435 435 435 435 435 435 426 928 426 426 426 426 426 426 426 426 423 929 423 423 423 423 423 423 423 423</p>
          <p>426 930 426 426 426 426 426 426 426 426 424 931 424 424 424 424 424 424 424 424 423 932 423 423 423 423 423 423 423 423</p>
          <p>423 933 423 423 423 423 423 423 423 423 424 934 424 424 424 424 424 424 424 424 425 935 425 425 425 425 425 425 425 425</p>
          <p>424 936 424 424 424 424 424 424 424 424 431 937 431 431 431 431 431 431 431 431 430 938 430 430 430 430 430 430 430 430</p>
          <p>431 939 431 431 431 431 431 431 431 431 427 940 427 427 427 427 427 427 427 427 430 941 430 430 430 430 430 430 430 430</p>
          <p>430 942 430 430 430 430 430 430 430 430 427 943 427 427 427 427 427 427 427 427 429 944 429 429 429 429 429 429 429 429</p>
          <p>427 945 427 427 427 427 427 427 427 427 428 946 428 428 428 428 428 428 428 428 429 947 429 429 429 429 429 429 429 429</p>
          <p>429 948 429 429 429 429 429 429 429 429 428 949 428 428 428 428 428 428 428 428 434 950 434 434 434 434 434 434 434 434</p>
          <p>428 951 428 428 428 428 428 428 428 428 432 952 432 432 432 432 432 432 432 432 434 953 434 434 434 434 434 434 434 434</p>
          <p>434 954 434 434 434 434 434 434 434 434 432 955 432 432 432 432 432 432 432 432 433 956 433 433 433 433 433 433 433 433</p>
          <p>228 957 228 228 228 228 228 228 228 228 213 958 213 213 213 213 213 213 213 213 226 959 226 226 226 226 226 226 226 226</p>
          <p>213 960 213 213 213 213 213 213 213 213 215 961 215 215 215 215 215 215 215 215 226 962 226 226 226 226 226 226 226 226</p>
          <p>215 963 215 215 215 215 215 215 215 215 233 964 233 233 233 233 233 233 233 233 226 965 226 226 226 226 226 226 226 226</p>
          <p>226 966 226 226 226 226 226 226 226 226 233 967 233 233 233 233 233 233 233 233 244 968 244 244 244 244 244 244 244 244</p>
          <p>237 969 237 237 237 237 237 237 237 237 223 970 223 223 223 223 223 223 223 223 225 971 225 225 225 225 225 225 225 225</p>
          <p>223 972 223 223 223 223 223 223 223 223 224 973 224 224 224 224 224 224 224 224 225 974 225 225 225 225 225 225 225 225</p>
          <p>224 975 224 224 224 224 224 224 224 224 292 976 292 292 292 292 292 292 292 292 225 977 225 225 225 225 225 225 225 225</p>
          <p>292 978 292 292 292 292 292 292 292 292 217 979 217 217 217 217 217 217 217 217 225 980 225 225 225 225 225 225 225 225</p>
          <p>225 981 225 225 225 225 225 225 225 225 217 982 217 217 217 217 217 217 217 217 219 983 219 219 219 219 219 219 219 219</p>
          <p>217 984 217 217 217 217 217 217 217 217 218 985 218 218 218 218 218 218 218 218 219 986 219 219 219 219 219 219 219 219</p>
          <p>218 987 218 218 218 218 218 218 218 218 227 988 227 227 227 227 227 227 227 227 219 989 219 219 219 219 219 219 219 219</p>
          <p>219 990 219 219 219 219 219 219 219 219 227 991 227 227 227 227 227 227 227 227 228 992 228 228 228 228 228 228 228 228</p>
          <p>227 993 227 227 227 227 227 227 227 227 229 994 229 229 229 229 229 229 229 229 228 995 228 228 228 228 228 228 228 228</p>
          <p>228 996 228 228 228 228 228 228 228 228 229 997 229 229 229 229 229 229 229 229 213 998 213 213 213 213 213 213 213 213</p>
          <p>229 999 229 229 229 229 229 229 229 229 216 1000 216 216 216 216 216 216 216 216 213 1001 213 213 213 213 213 213 213 213</p>
          <p>216 1002 216 216 216 216 216 216 216 216 214 1003 214 214 214 214 214 214 214 214 213 1004 213 213 213 213 213 213 213 213</p>
          <p>213 1005 213 213 213 213 213 213 213 213 214 1006 214 214 214 214 214 214 214 214 215 1007 215 215 215 215 215 215 215 215</p>
          <p>214 1008 214 214 214 214 214 214 214 214 271 1009 271 271 271 271 271 271 271 271 215 1010 215 215 215 215 215 215 215 215</p>
          <p>271 1011 271 271 271 271 271 271 271 271 264 1012 264 264 264 264 264 264 264 264 215 1013 215 215 215 215 215 215 215 215</p>
          <p>215 1014 215 215 215 215 215 215 215 215 264 1015 264 264 264 264 264 264 264 264 265 1016 265 265 265 265 265 265 265 265</p>
          <p>264 1017 264 264 264 264 264 264 264 264 266 1018 266 266 266 266 266 266 266 266 265 1019 265 265 265 265 265 265 265 265</p>
          <p>136 1020 136 136 136 136 136 136 136 136 146 1021 146 146 146 146 146 146 146 146 138 1022 138 138 138 138 138 138 138 138</p>
          <p>146 1023 146 146 146 146 146 146 146 146 139 1024 139 139 139 139 139 139 139 139 138 1025 138 138 138 138 138 138 138 138</p>
          <p>139 1026 139 139 139 139 139 139 139 139 140 1027 140 140 140 140 140 140 140 140 138 1028 138 138 138 138 138 138 138 138</p>
          <p>138 1029 138 138 138 138 138 138 138 138 140 1030 140 140 140 140 140 140 140 140 147 1031 147 147 147 147 147 147 147 147</p>
          <p>135 1032 135 135 135 135 135 135 135 135 132 1033 132 132 132 132 132 132 132 132 146 1034 146 146 146 146 146 146 146 146</p>
          <p>132 1035 132 132 132 132 132 132 132 132 119 1036 119 119 119 119 119 119 119 119 146 1037 146 146 146 146 146 146 146 146</p>
          <p>146 1038 146 146 146 146 146 146 146 146 119 1039 119 119 119 119 119 119 119 119 139 1040 139 139 139 139 139 139 139 139</p>
          <p>119 1041 119 119 119 119 119 119 119 119 121 1042 121 121 121 121 121 121 121 121 139 1043 139 139 139 139 139 139 139 139</p>
          <p>139 1044 139 139 139 139 139 139 139 139 121 1045 121 121 121 121 121 121 121 121 140 1046 140 140 140 140 140 140 140 140</p>
          <p>140 1047 140 140 140 140 140 140 140 140 121 1048 121 121 121 121 121 121 121 121 134 1049 134 134 134 134 134 134 134 134</p>
          <p>134 1050 134 134 134 134 134 134 134 134 121 1051 121 121 121 121 121 121 121 121 126 1052 126 126 126 126 126 126 126 126</p>
          <p>121 1053 121 121 121 121 121 121 121 121 98 1054 98 98 98 98 98 98 98 98 126 1055 126 126 126 126 126 126 126 126</p>
          <p>126 1056 126 126 126 126 126 126 126 126 98 1057 98 98 98 98 98 98 98 98 104 1058 104 104 104 104 104 104 104 104</p>
          <p>104 1059 104 104 104 104 104 104 104 104 98 1060 98 98 98 98 98 98 98 98 103 1061 103 103 103 103 103 103 103 103</p>
          <p>98 1062 98 98 98 98 98 98 98 98 97 1063 97 97 97 97 97 97 97 97 103 1064 103 103 103 103 103 103 103 103</p>
          <p>103 1065 103 103 103 103 103 103 103 103 97 1066 97 97 97 97 97 97 97 97 125 1067 125 125 125 125 125 125 125 125</p>
          <p>125 1068 125 125 125 125 125 125 125 125 97 1069 97 97 97 97 97 97 97 97 124 1070 124 124 124 124 124 124 124 124</p>
          <p>124 1071 124 124 124 124 124 124 124 124 97 1072 97 97 97 97 97 97 97 97 111 1073 111 111 111 111 111 111 111 111</p>
          <p>97 1074 97 97 97 97 97 97 97 97 110 1075 110 110 110 110 110 110 110 110 111 1076 111 111 111 111 111 111 111 111</p>
          <p>111 1077 111 111 111 111 111 111 111 111 110 1078 110 110 110 110 110 110 110 110 122 1079 122 122 122 122 122 122 122 122</p>
          <p>110 1080 110 110 110 110 110 110 110 110 106 1081 106 106 106 106 106 106 106 106 122 1082 122 122 122 122 122 122 122 122</p>
          <p>122 1083 122 122 122 122 122 122 122 122 106 1084 106 106 106 106 106 106 106 106 123 1085 123 123 123 123 123 123 123 123</p>
          <p>106 1086 106 106 106 106 106 106 106 106 110 1087 110 110 110 110 110 110 110 110 99 1088 99 99 99 99 99 99 99 99</p>
          <p>110 1089 110 110 110 110 110 110 110 110 97 1090 97 97 97 97 97 97 97 97 99 1091 99 99 99 99 99 99 99 99</p>
          <p>97 1092 97 97 97 97 97 97 97 97 98 1093 98 98 98 98 98 98 98 98 99 1094 99 99 99 99 99 99 99 99</p>
          <p>99 1095 99 99 99 99 99 99 99 99 98 1096 98 98 98 98 98 98 98 98 109 1097 109 109 109 109 109 109 109 109</p>
          <p>98 1098 98 98 98 98 98 98 98 98 121 1099 121 121 121 121 121 121 121 121 109 1100 109 109 109 109 109 109 109 109</p>
          <p>121 1101 121 121 121 121 121 121 121 121 119 1102 119 119 119 119 119 119 119 119 109 1103 109 109 109 109 109 109 109 109</p>
          <p>109 1104 109 109 109 109 109 109 109 109 119 1105 119 119 119 119 119 119 119 119 120 1106 120 120 120 120 120 120 120 120</p>
          <p>119 1107 119 119 119 119 119 119 119 119 132 1108 132 132 132 132 132 132 132 132 120 1109 120 120 120 120 120 120 120 120</p>
          <p>132 1110 132 132 132 132 132 132 132 132 128 1111 128 128 128 128 128 128 128 128 120 1112 120 120 120 120 120 120 120 120</p>
          <p>128 1113 128 128 128 128 128 128 128 128 127 1114 127 127 127 127 127 127 127 127 120 1115 120 120 120 120 120 120 120 120</p>
          <p>120 1116 120 120 120 120 120 120 120 120 127 1117 127 127 127 127 127 127 127 127 107 1118 107 107 107 107 107 107 107 107</p>
          <p>127 1119 127 127 127 127 127 127 127 127 100 1120 100 100 100 100 100 100 100 100 107 1121 107 107 107 107 107 107 107 107</p>
          <p>107 1122 107 107 107 107 107 107 107 107 100 1123 100 100 100 100 100 100 100 100 108 1124 108 108 108 108 108 108 108 108</p>
          <p>100 1125 100 100 100 100 100 100 100 100 102 1126 102 102 102 102 102 102 102 102 108 1127 108 108 108 108 108 108 108 108</p>
          <p>108 1128 108 108 108 108 108 108 108 108 102 1129 102 102 102 102 102 102 102 102 106 1130 106 106 106 106 106 106 106 106</p>
          <p>102 1131 102 102 102 102 102 102 102 102 105 1132 105 105 105 105 105 105 105 105 106 1133 106 106 106 106 106 106 106 106</p>
          <p>105 1134 105 105 105 105 105 105 105 105 116 1135 116 116 116 116 116 116 116 116 106 1136 106 106 106 106 106 106 106 106</p>
          <p>116 1137 116 116 116 116 116 116 116 116 123 1138 123 123 123 123 123 123 123 123 106 1139 106 106 106 106 106 106 106 106</p>
          <p>118 1140 118 118 118 118 118 118 118 118 117 1141 117 117 117 117 117 117 117 117 115 1142 115 115 115 115 115 115 115 115</p>
          <p>117 1143 117 117 117 117 117 117 117 117 116 1144 116 116 116 116 116 116 116 116 115 1145 115 115 115 115 115 115 115 115</p>
          <p>116 1146 116 116 116 116 116 116 116 116 105 1147 105 105 105 105 105 105 105 105 115 1148 115 115 115 115 115 115 115 115</p>
          <p>115 1149 115 115 115 115 115 115 115 115 105 1150 105 105 105 105 105 105 105 105 113 1151 113 113 113 113 113 113 113 113</p>
          <p>105 1152 105 105 105 105 105 105 105 105 102 1153 102 102 102 102 102 102 102 102 113 1154 113 113 113 113 113 113 113 113</p>
          <p>113 1155 113 113 113 113 113 113 113 113 102 1156 102 102 102 102 102 102 102 102 101 1157 101 101 101 101 101 101 101 101</p>
          <p>102 1158 102 102 102 102 102 102 102 102 100 1159 100 100 100 100 100 100 100 100 101 1160 101 101 101 101 101 101 101 101</p>
          <p>100 1161 100 100 100 100 100 100 100 100 127 1162 127 127 127 127 127 127 127 127 101 1163 101 101 101 101 101 101 101 101</p>
          <p>101 1164 101 101 101 101 101 101 101 101 127 1165 127 127 127 127 127 127 127 127 130 1166 130 130 130 130 130 130 130 130</p>
          <p>130 1167 130 130 130 130 130 130 130 130 127 1168 127 127 127 127 127 127 127 127 129 1169 129 129 129 129 129 129 129 129</p>
          <p>127 1170 127 127 127 127 127 127 127 127 128 1171 128 128 128 128 128 128 128 128 129 1172 129 129 129 129 129 129 129 129</p>
          <p>129 1173 129 129 129 129 129 129 129 129 128 1174 128 128 128 128 128 128 128 128 142 1175 142 142 142 142 142 142 142 142</p>
          <p>142 1176 142 142 142 142 142 142 142 142 128 1177 128 128 128 128 128 128 128 128 143 1178 143 143 143 143 143 143 143 143</p>
          <p>128 1179 128 128 128 128 128 128 128 128 132 1180 132 132 132 132 132 132 132 132 143 1181 143 143 143 143 143 143 143 143</p>
          <p>132 1182 132 132 132 132 132 132 132 132 135 1183 135 135 135 135 135 135 135 135 143 1184 143 143 143 143 143 143 143 143</p>
          <p>143 1185 143 143 143 143 143 143 143 143 135 1186 135 135 135 135 135 135 135 135 137 1187 137 137 137 137 137 137 137 137</p>
          <p>137 1188 137 137 137 137 137 137 137 137 135 1189 135 135 135 135 135 135 135 135 136 1190 136 136 136 136 136 136 136 136</p>
          <p>135 1191 135 135 135 135 135 135 135 135 146 1192 146 146 146 146 146 146 146 146 136 1193 136 136 136 136 136 136 136 136</p>
          <p>148 1194 148 148 148 148 148 148 148 148 118 1195 118 118 118 118 118 118 118 118 112 1196 112 112 112 112 112 112 112 112</p>
          <p>118 1197 118 118 118 118 118 118 118 118 115 1198 115 115 115 115 115 115 115 115 112 1199 112 112 112 112 112 112 112 112</p>
          <p>115 1200 115 115 115 115 115 115 115 115 113 1201 113 113 113 113 113 113 113 113 112 1202 112 112 112 112 112 112 112 112</p>
          <p>112 1203 112 112 112 112 112 112 112 112 113 1204 113 113 113 113 113 113 113 113 114 1205 114 114 114 114 114 114 114 114</p>
          <p>113 1206 113 113 113 113 113 113 113 113 101 1207 101 101 101 101 101 101 101 101 114 1208 114 114 114 114 114 114 114 114</p>
          <p>101 1209 101 101 101 101 101 101 101 101 130 1210 130 130 130 130 130 130 130 130 114 1211 114 114 114 114 114 114 114 114</p>
          <p>114 1212 114 114 114 114 114 114 114 114 130 1213 130 130 130 130 130 130 130 130 131 1214 131 131 131 131 131 131 131 131</p>
          <p>131 1215 131 131 131 131 131 131 131 131 130 1216 130 130 130 130 130 130 130 130 133 1217 133 133 133 133 133 133 133 133</p>
          <p>130 1218 130 130 130 130 130 130 130 130 129 1219 129 129 129 129 129 129 129 129 133 1220 133 133 133 133 133 133 133 133</p>
          <p>133 1221 133 133 133 133 133 133 133 133 129 1222 129 129 129 129 129 129 129 129 141 1223 141 141 141 141 141 141 141 141</p>
          <p>129 1224 129 129 129 129 129 129 129 129 142 1225 142 142 142 142 142 142 142 142 141 1226 141 141 141 141 141 141 141 141</p>
          <p>141 1227 141 141 141 141 141 141 141 141 142 1228 142 142 142 142 142 142 142 142 144 1229 144 144 144 144 144 144 144 144</p>
          <p>142 1230 142 142 142 142 142 142 142 142 143 1231 143 143 143 143 143 143 143 143 144 1232 144 144 144 144 144 144 144 144</p>
          <p>143 1233 143 143 143 143 143 143 143 143 145 1234 145 145 145 145 145 145 145 145 144 1235 144 144 144 144 144 144 144 144</p>
          <p>372 1236 372 372 372 372 372 372 372 372 327 1237 327 327 327 327 327 327 327 327 326 1238 326 326 326 326 326 326 326 326</p>
          <p>327 1239 327 327 327 327 327 327 327 327 328 1240 328 328 328 328 328 328 328 328 326 1241 326 326 326 326 326 326 326 326</p>
          <p>328 1242 328 328 328 328 328 328 328 328 334 1243 334 334 334 334 334 334 334 334 326 1244 326 326 326 326 326 326 326 326</p>
          <p>326 1245 326 326 326 326 326 326 326 326 334 1246 334 334 334 334 334 334 334 334 372 1247 372 372 372 372 372 372 372 372</p>
          <p>382 1248 382 382 382 382 382 382 382 382 336 1249 336 336 336 336 336 336 336 336 333 1250 333 333 333 333 333 333 333 333</p>
          <p>336 1251 336 336 336 336 336 336 336 336 335 1252 335 335 335 335 335 335 335 335 333 1253 333 333 333 333 333 333 333 333</p>
          <p>335 1254 335 335 335 335 335 335 335 335 334 1255 334 334 334 334 334 334 334 334 333 1256 333 333 333 333 333 333 333 333</p>
          <p>334 1257 334 334 334 334 334 334 334 334 328 1258 328 328 328 328 328 328 328 328 333 1259 333 333 333 333 333 333 333 333</p>
          <p>333 1260 333 333 333 333 333 333 333 333 328 1261 328 328 328 328 328 328 328 328 382 1262 382 382 382 382 382 382 382 382</p>
          <p>239 1263 239 239 239 239 239 239 239 239 284 1264 284 284 284 284 284 284 284 284 240 1265 240 240 240 240 240 240 240 240</p>
          <p>284 1266 284 284 284 284 284 284 284 284 245 1267 245 245 245 245 245 245 245 245 240 1268 240 240 240 240 240 240 240 240</p>
          <p>245 1269 245 245 245 245 245 245 245 245 238 1270 238 238 238 238 238 238 238 238 240 1271 240 240 240 240 240 240 240 240</p>
          <p>240 1272 240 240 240 240 240 240 240 240 238 1273 238 238 238 238 238 238 238 238 239 1274 239 239 239 239 239 239 239 239</p>
          <p>247 1275 247 247 247 247 247 247 247 247 294 1276 294 294 294 294 294 294 294 294 246 1277 246 246 246 246 246 246 246 246</p>
          <p>294 1278 294 294 294 294 294 294 294 294 238 1279 238 238 238 238 238 238 238 238 246 1280 246 246 246 246 246 246 246 246</p>
          <p>238 1281 238 238 238 238 238 238 238 238 245 1282 245 245 245 245 245 245 245 245 246 1283 246 246 246 246 246 246 246 246</p>
          <p>245 1284 245 245 245 245 245 245 245 245 248 1285 248 248 248 248 248 248 248 248 246 1286 246 246 246 246 246 246 246 246</p>
          <p>246 1287 246 246 246 246 246 246 246 246 248 1288 248 248 248 248 248 248 248 248 247 1289 247 247 247 247 247 247 247 247</p>
          <p>12 1290 12 12 12 12 12 12 12 12 40 1291 40 40 40 40 40 40 40 40 63 1292 63 63 63 63 63 63 63 63</p>
          <p>63 1293 63 63 63 63 63 63 63 63 40 1294 40 40 40 40 40 40 40 40 79 1295 79 79 79 79 79 79 79 79</p>
          <p>79 1296 79 79 79 79 79 79 79 79 40 1297 40 40 40 40 40 40 40 40 56 1298 56 56 56 56 56 56 56 56</p>
          <p>40 1299 40 40 40 40 40 40 40 40 2 1300 2 2 2 2 2 2 2 2 56 1301 56 56 56 56 56 56 56 56</p>
          <p>106 1302 106 106 106 106 106 106 106 106 99 1303 99 99 99 99 99 99 99 99 108 1304 108 108 108 108 108 108 108 108</p>
          <p>99 1305 99 99 99 99 99 99 99 99 109 1306 109 109 109 109 109 109 109 109 108 1307 108 108 108 108 108 108 108 108</p>
          <p>108 1308 108 108 108 108 108 108 108 108 109 1309 109 109 109 109 109 109 109 109 107 1310 107 107 107 107 107 107 107 107</p>
          <p>109 1311 109 109 109 109 109 109 109 109 120 1312 120 120 120 120 120 120 120 120 107 1313 107 107 107 107 107 107 107 107</p>
          <p>93 1314 93 93 93 93 93 93 93 93 94 1315 94 94 94 94 94 94 94 94 95 1316 95 95 95 95 95 95 95 95</p>
          <p>95 1317 95 95 95 95 95 95 95 95 94 1318 94 94 94 94 94 94 94 94 96 1319 96 96 96 96 96 96 96 96</p>
          <p>94 1320 94 94 94 94 94 94 94 94 54 1321 54 54 54 54 54 54 54 54 96 1322 96 96 96 96 96 96 96 96</p>
          <p>96 1323 96 96 96 96 96 96 96 96 54 1324 54 54 54 54 54 54 54 54 55 1325 55 55 55 55 55 55 55 55</p>
          <p>55 1326 55 55 55 55 55 55 55 55 54 1327 54 54 54 54 54 54 54 54 53 1328 53 53 53 53 53 53 53 53</p>
          <p>54 1329 54 54 54 54 54 54 54 54 51 1330 51 51 51 51 51 51 51 51 53 1331 53 53 53 53 53 53 53 53</p>
          <p>208 1332 208 208 208 208 208 208 208 208 207 1333 207 207 207 207 207 207 207 207 206 1334 206 206 206 206 206 206 206 206</p>
          <p>207 1335 207 207 207 207 207 207 207 207 205 1336 205 205 205 205 205 205 205 205 206 1337 206 206 206 206 206 206 206 206</p>
          <p>206 1338 206 206 206 206 206 206 206 206 205 1339 205 205 205 205 205 205 205 205 203 1340 203 203 203 203 203 203 203 203</p>
          <p>205 1341 205 205 205 205 205 205 205 205 204 1342 204 204 204 204 204 204 204 204 203 1343 203 203 203 203 203 203 203 203</p>
          <p>204 1344 204 204 204 204 204 204 204 204 200 1345 200 200 200 200 200 200 200 200 203 1346 203 203 203 203 203 203 203 203</p>
          <p>203 1347 203 203 203 203 203 203 203 203 200 1348 200 200 200 200 200 200 200 200 202 1349 202 202 202 202 202 202 202 202</p>
          <p>200 1350 200 200 200 200 200 200 200 200 201 1351 201 201 201 201 201 201 201 201 202 1352 202 202 202 202 202 202 202 202</p>
          <p>202 1353 202 202 202 202 202 202 202 202 201 1354 201 201 201 201 201 201 201 201 209 1355 209 209 209 209 209 209 209 209</p>
          <p>420 1356 420 420 420 420 420 420 420 420 417 1357 417 417 417 417 417 417 417 417 419 1358 419 419 419 419 419 419 419 419</p>
          <p>417 1359 417 417 417 417 417 417 417 417 418 1360 418 418 418 418 418 418 418 418 419 1361 419 419 419 419 419 419 419 419</p>
          <p>419 1362 419 419 419 419 419 419 419 419 418 1363 418 418 418 418 418 418 418 418 416 1364 416 416 416 416 416 416 416 416</p>
          <p>418 1365 418 418 418 418 418 418 418 418 413 1366 413 413 413 413 413 413 413 413 416 1367 416 416 416 416 416 416 416 416</p>
          <p>416 1368 416 416 416 416 416 416 416 416 413 1369 413 413 413 413 413 413 413 413 415 1370 415 415 415 415 415 415 415 415</p>
          <p>413 1371 413 413 413 413 413 413 413 413 414 1372 414 414 414 414 414 414 414 414 415 1373 415 415 415 415 415 415 415 415</p>
          <p>415 1374 415 415 415 415 415 415 415 415 414 1375 414 414 414 414 414 414 414 414 422 1376 422 422 422 422 422 422 422 422</p>
          <p>414 1377 414 414 414 414 414 414 414 414 421 1378 421 421 421 421 421 421 421 421 422 1379 422 422 422 422 422 422 422 422</p>
          <p>310 1380 310 310 310 310 310 310 310 310 308 1381 308 308 308 308 308 308 308 308 309 1382 309 309 309 309 309 309 309 309</p>
          <p>309 1383 309 309 309 309 309 309 309 309 308 1384 308 308 308 308 308 308 308 308 322 1385 322 322 322 322 322 322 322 322</p>
          <p>308 1386 308 308 308 308 308 308 308 308 371 1387 371 371 371 371 371 371 371 371 322 1388 322 322 322 322 322 322 322 322</p>
          <p>322 1389 322 322 322 322 322 322 322 322 371 1390 371 371 371 371 371 371 371 371 346 1391 346 346 346 346 346 346 346 346</p>
          <p>371 1392 371 371 371 371 371 371 371 371 348 1393 348 348 348 348 348 348 348 348 346 1394 346 346 346 346 346 346 346 346</p>
          <p>346 1395 346 346 346 346 346 346 346 346 348 1396 348 348 348 348 348 348 348 348 347 1397 347 347 347 347 347 347 347 347</p>
          <p>348 1398 348 348 348 348 348 348 348 348 349 1399 349 349 349 349 349 349 349 349 347 1400 347 347 347 347 347 347 347 347</p>
          <p>347 1401 347 347 347 347 347 347 347 347 362 1402 362 362 362 362 362 362 362 362 346 1403 346 346 346 346 346 346 346 346</p>
          <p>362 1404 362 362 362 362 362 362 362 362 344 1405 344 344 344 344 344 344 344 344 346 1406 346 346 346 346 346 346 346 346</p>
          <p>344 1407 344 344 344 344 344 344 344 344 345 1408 345 345 345 345 345 345 345 345 346 1409 346 346 346 346 346 346 346 346</p>
          <p>346 1410 346 346 346 346 346 346 346 346 345 1411 345 345 345 345 345 345 345 345 322 1412 322 322 322 322 322 322 322 322</p>
          <p>322 1413 322 322 322 322 322 322 322 322 345 1414 345 345 345 345 345 345 345 345 309 1415 309 309 309 309 309 309 309 309</p>
          <p>309 1416 309 309 309 309 309 309 309 309 345 1417 345 345 345 345 345 345 345 345 360 1418 360 360 360 360 360 360 360 360</p>
          <p>345 1419 345 345 345 345 345 345 345 345 361 1420 361 361 361 361 361 361 361 361 360 1421 360 360 360 360 360 360 360 360</p>
          <p>360 1422 360 360 360 360 360 360 360 360 361 1423 361 361 361 361 361 361 361 361 344 1424 344 344 344 344 344 344 344 344</p>
          <p>361 1425 361 361 361 361 361 361 361 361 345 1426 345 345 345 345 345 345 345 345 344 1427 344 344 344 344 344 344 344 344</p>
          <p>220 1428 220 220 220 220 220 220 220 220 221 1429 221 221 221 221 221 221 221 221 222 1430 222 222 222 222 222 222 222 222</p>
          <p>221 1431 221 221 221 221 221 221 221 221 234 1432 234 234 234 234 234 234 234 234 222 1433 222 222 222 222 222 222 222 222</p>
          <p>222 1434 222 222 222 222 222 222 222 222 234 1435 234 234 234 234 234 234 234 234 283 1436 283 283 283 283 283 283 283 283</p>
          <p>234 1437 234 234 234 234 234 234 234 234 256 1438 256 256 256 256 256 256 256 256 283 1439 283 283 283 283 283 283 283 283</p>
          <p>283 1440 283 283 283 283 283 283 283 283 256 1441 256 256 256 256 256 256 256 256 260 1442 260 260 260 260 260 260 260 260</p>
          <p>256 1443 256 256 256 256 256 256 256 256 261 1444 261 261 261 261 261 261 261 261 260 1445 260 260 260 260 260 260 260 260</p>
          <p>260 1446 260 260 260 260 260 260 260 260 261 1447 261 261 261 261 261 261 261 261 259 1448 259 259 259 259 259 259 259 259</p>
          <p>261 1449 261 261 261 261 261 261 261 261 256 1450 256 256 256 256 256 256 256 256 274 1451 274 274 274 274 274 274 274 274</p>
          <p>274 1452 274 274 274 274 274 274 274 274 256 1453 256 256 256 256 256 256 256 256 258 1454 258 258 258 258 258 258 258 258</p>
          <p>258 1455 258 258 258 258 258 258 258 258 256 1456 256 256 256 256 256 256 256 256 257 1457 257 257 257 257 257 257 257 257</p>
          <p>256 1458 256 256 256 256 256 256 256 256 234 1459 234 234 234 234 234 234 234 234 257 1460 257 257 257 257 257 257 257 257</p>
          <p>234 1461 234 234 234 234 234 234 234 234 221 1462 221 221 221 221 221 221 221 221 257 1463 257 257 257 257 257 257 257 257</p>
          <p>221 1464 221 221 221 221 221 221 221 221 273 1465 273 273 273 273 273 273 273 273 257 1466 257 257 257 257 257 257 257 257</p>
          <p>257 1467 257 257 257 257 257 257 257 257 273 1468 273 273 273 273 273 273 273 273 272 1469 272 272 272 272 272 272 272 272</p>
          <p>273 1470 273 273 273 273 273 273 273 273 258 1471 258 258 258 258 258 258 258 258 272 1472 272 272 272 272 272 272 272 272</p>
          <p>272 1473 272 272 272 272 272 272 272 272 258 1474 258 258 258 258 258 258 258 258 257 1475 257 257 257 257 257 257 257 257</p>
          <p>400 1476 400 400 400 400 400 400 400 400 397 1477 397 397 397 397 397 397 397 397 399 1478 399 399 399 399 399 399 399 399</p>
          <p>397 1479 397 397 397 397 397 397 397 397 398 1480 398 398 398 398 398 398 398 398 399 1481 399 399 399 399 399 399 399 399</p>
          <p>399 1482 399 399 399 399 399 399 399 399 398 1483 398 398 398 398 398 398 398 398 404 1484 404 404 404 404 404 404 404 404</p>
          <p>398 1485 398 398 398 398 398 398 398 398 401 1486 401 401 401 401 401 401 401 401 404 1487 404 404 404 404 404 404 404 404</p>
          <p>404 1488 404 404 404 404 404 404 404 404 401 1489 401 401 401 401 401 401 401 401 403 1490 403 403 403 403 403 403 403 403</p>
          <p>401 1491 401 401 401 401 401 401 401 401 402 1492 402 402 402 402 402 402 402 402 403 1493 403 403 403 403 403 403 403 403</p>
          <p>403 1494 403 403 403 403 403 403 403 403 402 1495 402 402 402 402 402 402 402 402 408 1496 408 408 408 408 408 408 408 408</p>
          <p>402 1497 402 402 402 402 402 402 402 402 405 1498 405 405 405 405 405 405 405 405 408 1499 408 408 408 408 408 408 408 408</p>
          <p>408 1500 408 408 408 408 408 408 408 408 405 1501 405 405 405 405 405 405 405 405 407 1502 407 407 407 407 407 407 407 407</p>
          <p>405 1503 405 405 405 405 405 405 405 405 406 1504 406 406 406 406 406 406 406 406 407 1505 407 407 407 407 407 407 407 407</p>
          <p>373 1506 373 373 373 373 373 373 373 373 358 1507 358 358 358 358 358 358 358 358 342 1508 342 342 342 342 342 342 342 342</p>
          <p>342 1509 342 342 342 342 342 342 342 342 358 1510 358 358 358 358 358 358 358 358 323 1511 323 323 323 323 323 323 323 323</p>
          <p>358 1512 358 358 358 358 358 358 358 358 299 1513 299 299 299 299 299 299 299 299 323 1514 323 323 323 323 323 323 323 323</p>
          <p>323 1515 323 323 323 323 323 323 323 323 299 1516 299 299 299 299 299 299 299 299 298 1517 298 298 298 298 298 298 298 298</p>
          <p>299 1518 299 299 299 299 299 299 299 299 300 1519 300 300 300 300 300 300 300 300 298 1520 298 298 298 298 298 298 298 298</p>
          <p>300 1521 300 300 300 300 300 300 300 300 324 1522 324 324 324 324 324 324 324 324 298 1523 298 298 298 298 298 298 298 298</p>
          <p>324 1524 324 324 324 324 324 324 324 324 356 1525 356 356 356 356 356 356 356 356 298 1526 298 298 298 298 298 298 298 298</p>
          <p>356 1527 356 356 356 356 356 356 356 356 355 1528 355 355 355 355 355 355 355 355 298 1529 298 298 298 298 298 298 298 298</p>
          <p>355 1530 355 355 355 355 355 355 355 355 357 1531 357 357 357 357 357 357 357 357 298 1532 298 298 298 298 298 298 298 298</p>
          <p>357 1533 357 357 357 357 357 357 357 357 343 1534 343 343 343 343 343 343 343 343 298 1535 298 298 298 298 298 298 298 298</p>
          <p>298 1536 298 298 298 298 298 298 298 298 343 1537 343 343 343 343 343 343 343 343 323 1538 323 323 323 323 323 323 323 323</p>
          <p>323 1539 323 323 323 323 323 323 323 323 343 1540 343 343 343 343 343 343 343 343 342 1541 342 342 342 342 342 342 342 342</p>
          <p>342 1542 342 342 342 342 342 342 342 342 343 1543 343 343 343 343 343 343 343 343 341 1544 341 341 341 341 341 341 341 341</p>
          <p>343 1545 343 343 343 343 343 343 343 343 370 1546 370 370 370 370 370 370 370 370 341 1547 341 341 341 341 341 341 341 341</p>
          <p>341 1548 341 341 341 341 341 341 341 341 370 1549 370 370 370 370 370 370 370 370 357 1550 357 357 357 357 357 357 357 357</p>
          <p>370 1551 370 370 370 370 370 370 370 370 343 1552 343 343 343 343 343 343 343 343 357 1553 357 357 357 357 357 357 357 357</p>
          <p>285 1554 285 285 285 285 285 285 285 285 254 1555 254 254 254 254 254 254 254 254 270 1556 270 270 270 270 270 270 270 270</p>
          <p>254 1557 254 254 254 254 254 254 254 254 235 1558 235 235 235 235 235 235 235 235 270 1559 270 270 270 270 270 270 270 270</p>
          <p>270 1560 270 270 270 270 270 270 270 270 235 1561 235 235 235 235 235 235 235 235 211 1562 211 211 211 211 211 211 211 211</p>
          <p>235 1563 235 235 235 235 235 235 235 235 212 1564 212 212 212 212 212 212 212 212 211 1565 211 211 211 211 211 211 211 211</p>
          <p>211 1566 211 211 211 211 211 211 211 211 212 1567 212 212 212 212 212 212 212 212 210 1568 210 210 210 210 210 210 210 210</p>
          <p>210 1569 210 210 210 210 210 210 210 210 212 1570 212 212 212 212 212 212 212 212 236 1571 236 236 236 236 236 236 236 236</p>
          <p>236 1572 236 236 236 236 236 236 236 236 212 1573 212 212 212 212 212 212 212 212 267 1574 267 267 267 267 267 267 267 267</p>
          <p>267 1575 267 267 267 267 267 267 267 267 212 1576 212 212 212 212 212 212 212 212 268 1577 268 268 268 268 268 268 268 268</p>
          <p>268 1578 268 268 268 268 268 268 268 268 212 1579 212 212 212 212 212 212 212 212 269 1580 269 269 269 269 269 269 269 269</p>
          <p>269 1581 269 269 269 269 269 269 269 269 212 1582 212 212 212 212 212 212 212 212 253 1583 253 253 253 253 253 253 253 253</p>
          <p>212 1584 212 212 212 212 212 212 212 212 235 1585 235 235 235 235 235 235 235 235 253 1586 253 253 253 253 253 253 253 253</p>
          <p>235 1587 235 235 235 235 235 235 235 235 254 1588 254 254 254 254 254 254 254 254 253 1589 253 253 253 253 253 253 253 253</p>
          <p>254 1590 254 254 254 254 254 254 254 254 255 1591 255 255 255 255 255 255 255 255 253 1592 253 253 253 253 253 253 253 253</p>
          <p>253 1593 253 253 253 253 253 253 253 253 255 1594 255 255 255 255 255 255 255 255 282 1595 282 282 282 282 282 282 282 282</p>
          <p>255 1596 255 255 255 255 255 255 255 255 269 1597 269 269 269 269 269 269 269 269 282 1598 282 282 282 282 282 282 282 282</p>
          <p>282 1599 282 282 282 282 282 282 282 282 269 1600 269 269 269 269 269 269 269 269 253 1601 253 253 253 253 253 253 253 253</p>
        </polygons>
      </mesh>
    </geometry>
  </library_geometries>
  <library_visual_scenes>
    <visual_scene id="RootNode" name="RootNode">
      <node id="DrawCall_0047" name="DrawCall_0047">
        <matrix sid="matrix">1.000000 0.000000 0.000000 -179.445618 0.000000 0.000000 1.000000 91.949478 0.000000 -1.000000 0.000000 145.951172 0.000000 0.000000 0.000000 1.000000</matrix>
        <instance_geometry url="#DrawCall_0047-lib">
          <bind_material>
            <technique_common>
              <instance_material symbol="Material__7458" target="#Material__7458"/>
            </technique_common>
          </bind_material>
        </instance_geometry>
      </node>
      <node id="DrawCall_0048" name="DrawCall_0048">
        <matrix sid="matrix">1.000000 0.000000 0.000000 -179.445618 0.000000 0.000000 1.000000 91.949478 0.000000 -1.000000 0.000000 145.951172 0.000000 0.000000 0.000000 1.000000</matrix>
        <instance_geometry url="#DrawCall_0048-lib">
          <bind_material>
            <technique_common>
              <instance_material symbol="Material__7456" target="#Material__7456"/>
            </technique_common>
          </bind_material>
        </instance_geometry>
      </node>
      <node id="DrawCall_0049" name="DrawCall_0049">
        <matrix sid="matrix">1.000000 0.000000 0.000000 -179.445618 0.000000 0.000000 1.000000 91.949478 0.000000 -1.000000 0.000000 145.951172 0.000000 0.000000 0.000000 1.000000</matrix>
        <instance_geometry url="#DrawCall_0049-lib">
          <bind_material>
            <technique_common>
              <instance_material symbol="Material__7459" target="#Material__7459"/>
            </technique_common>
          </bind_material>
        </instance_geometry>
      </node>
      <node id="DrawCall_0050" name="DrawCall_0050">
        <matrix sid="matrix">1.000000 0.000000 0.000000 -179.445618 0.000000 0.000000 1.000000 91.949478 0.000000 -1.000000 0.000000 145.951172 0.000000 0.000000 0.000000 1.000000</matrix>
        <instance_geometry url="#DrawCall_0050-lib">
          <bind_material>
            <technique_common>
              <instance_material symbol="Material__7460" target="#Material__7460"/>
            </technique_common>
          </bind_material>
        </instance_geometry>
      </node>
      <node id="DrawCall_0051" name="DrawCall_0051">
        <matrix sid="matrix">1.000000 0.000000 0.000000 -179.445618 0.000000 0.000000 1.000000 91.949478 0.000000 -1.000000 0.000000 145.951172 0.000000 0.000000 0.000000 1.000000</matrix>
        <instance_geometry url="#DrawCall_0051-lib">
          <bind_material>
            <technique_common>
              <instance_material symbol="Material__7453" target="#Material__7453"/>
            </technique_common>
          </bind_material>
        </instance_geometry>
      </node>
    </visual_scene>
  </library_visual_scenes>
  <scene>
    <instance_visual_scene url="#RootNode"/>
  </scene>
</COLLADA>

