# Blender 3.4.1
# www.blender.org
mtllib Cryopod.mtl
o cryopod
v -18.277576 102.260422 -5.341251
v -36.817921 27.816637 -10.318501
v -38.471554 28.251759 -5.341260
v -16.623949 101.825294 -10.318500
v -34.187370 27.124514 -14.592572
v -13.993401 101.133141 -14.592562
v -30.759169 26.222504 -17.872177
v -10.565201 100.231155 -17.872169
v -28.720253 25.686161 -18.917036
v -8.526269 99.694756 -18.917032
v -26.772638 25.890617 -19.796663
v -7.019442 98.969093 -19.735464
v -6.192291 97.409340 -20.080864
v -25.507118 26.910297 -20.081474
v -24.726725 28.459312 -20.157040
v -6.275086 95.760452 -20.157030
v -6.192291 97.409340 20.080856
v -24.726723 28.459312 20.157028
v -6.275086 95.760452 20.157021
v -25.507114 26.910297 20.081470
v -7.019442 98.969093 19.735453
v -26.772636 25.890617 19.796652
v -8.526270 99.694756 18.917027
v -28.720251 25.686161 18.917030
v -10.565202 100.231155 17.872160
v -30.759171 26.222504 17.872169
v -13.993402 101.133141 14.592553
v -34.187374 27.124514 14.592564
v -16.623947 101.825294 10.318490
v -36.817917 27.816637 10.318495
v -18.277576 102.260422 5.341242
v -38.471554 28.251760 5.341252
v -18.841606 102.408783 -0.000004
v -39.035603 28.400131 -0.000004
v -12.423372 85.546074 27.221762
v -12.321095 87.341400 29.167007
v -13.633677 87.686775 26.725283
v -23.089397 10.593918 -27.619390
v -28.914713 4.036131 -26.678442
v -28.914713 11.414989 -26.678442
v -34.343002 4.036131 -23.919239
v -34.343002 12.758690 -23.919239
v -39.004372 4.036131 -19.529976
v -39.004372 13.912556 -19.529976
v -42.581169 4.036131 -13.809780
v -42.581165 14.797946 -13.809780
v -44.829632 4.036131 -7.148470
v -44.829632 15.354526 -7.148470
v -45.596550 4.036131 -0.000004
v -45.596550 15.544364 -0.000004
v 33.581863 18.560402 -0.000004
v 33.581867 4.036134 -0.000004
v 32.787872 18.560400 -7.148470
v 32.787876 4.036134 -7.148470
v 30.460100 18.560404 -13.809778
v 30.460110 4.036134 -13.809778
v 26.757114 18.560406 -19.529968
v 26.757120 4.036134 -19.529970
v 21.931309 18.560406 -23.919226
v 21.931318 4.036134 -23.919226
v 16.311558 4.036133 -26.678429
v 16.311554 18.560408 -26.678429
v 12.642602 18.560411 -27.362217
v 10.280815 4.036133 -27.619556
v 8.000703 17.405478 -27.538992
v -3.456874 10.593785 -27.619556
v -3.456869 4.036133 -27.619556
v -23.089451 4.036132 -27.619556
v 37.994370 15.909824 -0.000000
v 37.147659 14.990787 -2.415798
v 37.147659 15.775721 -0.000000
v 34.407665 15.775721 -0.000000
v 34.407665 14.990787 -2.415797
v 37.147659 12.935776 -3.908843
v 34.407665 12.935776 -3.908843
v 38.236927 15.163301 -2.415798
v 38.758190 16.299013 -0.000000
v 37.147659 10.395666 -3.908843
v 34.407665 10.395666 -3.908843
v 38.871964 13.208883 -3.908843
v 39.219574 15.663986 -2.415798
v 39.364372 16.905193 -0.000000
v 39.753559 17.669014 -0.000000
v 39.999397 16.443810 -2.415798
v 40.427471 14.001448 -3.908843
v 39.656898 10.793081 -3.908843
v 37.147659 8.340660 -2.415797
v 34.407665 8.340660 -2.415797
v 39.887665 18.515720 -0.000000
v 40.500084 17.426458 -2.415798
v 41.661926 15.235913 -3.908843
v 41.920517 11.946459 -3.908843
v 40.291927 8.838664 -2.415797
v 37.147659 7.555720 -0.000000
v 34.407665 7.555720 -0.000000
v 34.407665 14.990787 2.415797
v 37.147659 14.990787 2.415797
v 34.407665 12.935776 3.908842
v 37.147659 12.935776 3.908842
v 34.407665 10.395666 3.908844
v 37.147659 10.395666 3.908843
v 34.407665 8.340660 2.415798
v 37.147659 8.340660 2.415798
v 40.534492 8.092142 -0.000000
v 43.128410 10.283920 -2.415797
v 43.716927 13.742869 -3.908843
v 42.454502 16.791431 -3.908843
v 46.824718 98.014359 -2.415797
v 47.322727 94.870087 -2.415797
v 44.870300 97.379318 -3.908843
v 45.267727 94.870087 -3.908843
v 42.454498 96.594391 -3.908843
v 42.727604 94.870087 -3.908843
v 40.500080 95.959351 -2.415798
v 40.672592 94.870087 -2.415798
v 40.672607 18.515720 -2.415798
v 42.727608 18.515720 -3.908843
v 44.870304 16.006487 -3.908843
v 45.379463 12.534964 -2.415797
v 43.589794 9.648891 -0.000000
v 40.291927 8.838664 2.415798
v 45.267719 18.515720 -3.908843
v 39.887661 94.870087 -0.000000
v 39.753555 95.716797 -0.000000
v 39.364368 96.480614 -0.000000
v 39.999393 96.942001 -2.415798
v 41.661922 98.149895 -3.908843
v 43.716923 99.642937 -3.908843
v 45.379459 100.850830 -2.415797
v 47.571239 98.256912 0.000000
v 46.014488 101.312218 0.000000
v 46.824718 98.014359 2.415798
v 45.379459 100.850830 2.415798
v 39.219563 97.721817 2.415797
v 39.999393 96.942001 2.415797
v 40.427467 99.384361 3.908842
v 41.661922 98.149895 3.908842
v 41.920513 101.439362 3.908843
v 43.716923 99.642937 3.908843
v 43.128407 103.101883 2.415798
v 43.589779 103.736916 -0.000000
v 43.128407 103.101883 -2.415797
v 41.920513 101.439362 -3.908843
v 40.427467 99.384361 -3.908843
v 39.219563 97.721817 -2.415798
v 38.758186 97.086792 -0.000000
v 37.994366 97.475983 -0.000000
v 38.236923 98.222504 -2.415798
v 38.871948 100.176926 -3.908843
v 39.656895 102.592728 -3.908843
v 40.291924 104.547142 -2.415797
v 40.534489 105.293663 -0.000000
v 40.291924 104.547142 2.415798
v 39.656895 102.592728 3.908843
v 38.871948 100.176926 3.908842
v 37.147655 97.610085 -0.000000
v 37.147655 98.395035 -2.415798
v 37.147655 100.450027 -3.908843
v 37.147655 102.990150 -3.908843
v 37.147655 105.045151 -2.415797
v 37.147655 105.830086 -0.000000
v 37.147655 105.045151 2.415798
v 37.147655 102.990150 3.908843
v 37.147655 100.450027 3.908842
v 38.236923 98.222504 2.415797
v 37.147655 98.395035 2.415797
v 34.407661 100.450027 3.908842
v 34.407661 102.990150 3.908844
v 34.407661 105.045151 2.415798
v 34.407661 105.830086 -0.000000
v 34.407661 105.045151 -2.415797
v 34.407661 102.990150 -3.908843
v 34.407661 100.450027 -3.908843
v 34.407661 98.395035 -2.415797
v 34.407661 97.610085 -0.000000
v 44.870300 97.379318 3.908843
v 42.454498 96.594391 3.908842
v 40.500080 95.959351 2.415797
v 34.407661 98.395035 2.415797
v 40.672592 94.870087 2.415797
v 42.727604 94.870087 3.908842
v 45.267727 94.870087 3.908843
v 47.322727 94.870087 2.415798
v 48.107658 94.870087 0.000000
v 47.322720 18.515720 -2.415797
v 46.824722 15.371458 -2.415797
v 46.014492 12.073589 0.000000
v 43.128410 10.283920 2.415798
v 47.322720 18.515720 2.415798
v 48.107662 18.515720 0.000000
v 47.571243 15.128893 0.000000
v 45.379463 12.534973 2.415798
v 41.920517 11.946459 3.908843
v 43.716927 13.742869 3.908843
v 40.427471 14.001448 3.908842
v 41.661926 15.235913 3.908842
v 44.870304 16.006487 3.908843
v 42.454502 16.791431 3.908842
v 45.267719 18.515720 3.908843
v 42.727608 18.515720 3.908842
v 46.824722 15.371458 2.415798
v 39.656898 10.793081 3.908843
v 38.871964 13.208883 3.908842
v 38.236927 15.163301 2.415797
v 39.219574 15.663986 2.415797
v 39.999397 16.443810 2.415797
v 40.500084 17.426458 2.415797
v 40.672607 18.515720 2.415797
v 33.342731 7.555728 -17.040226
v 32.422070 8.340672 -13.505253
v 31.071173 7.555728 -15.508040
v 37.615932 4.815727 -17.008560
v 37.615940 4.110012 -17.008564
v 40.154526 4.815728 -16.919918
v 35.614296 4.110012 -18.572418
v 35.614296 4.815727 -18.572418
v 35.503120 5.662436 -18.497425
v 37.472912 5.904990 -16.912088
v 35.180466 6.426255 -18.279793
v 37.057827 6.887640 -16.632109
v 34.677921 7.032435 -17.940823
v 36.411312 7.667462 -16.196032
v 34.044685 7.421626 -17.513700
v 35.596672 8.168148 -15.646549
v 34.693630 8.340673 -15.037438
v 33.256969 10.395674 -12.267464
v 35.528534 10.395674 -13.799649
v 33.256969 12.935795 -12.267464
v 35.528534 12.935795 -13.799650
v 39.271023 8.095536 -16.323994
v 39.928101 6.540030 -16.767197
v 31.991840 8.340672 -19.043015
v 31.156939 10.395673 -20.280806
v 32.894878 8.168148 -19.652122
v 32.586437 10.122565 -21.245016
v 31.156939 12.935794 -20.280806
v 33.237186 12.538368 -21.683952
v 31.991840 14.990794 -19.043015
v 34.598545 14.492785 -20.801266
v 33.342731 15.775728 -17.040226
v 36.150543 15.239306 -18.934118
v 34.693630 14.990795 -15.037438
v 37.300343 14.492785 -16.795689
v 37.608784 12.538368 -15.202800
v 36.958031 10.122566 -14.763861
v 33.709522 7.667462 -20.201607
v 33.876019 9.330002 -22.114849
v 35.113811 11.385002 -22.949749
v 36.950100 13.047529 -22.387407
v 38.683491 13.682557 -20.642616
v 39.651894 13.047529 -18.381832
v 39.485405 11.385002 -16.468596
v 38.247616 9.330002 -15.633695
v 34.356030 6.887640 -20.637684
v 34.899429 8.095536 -22.805149
v 36.603100 9.588580 -23.954288
v 38.816307 10.796476 -23.646179
v 40.693665 11.257860 -21.998497
v 41.518105 10.796476 -19.640604
v 40.974697 9.588580 -17.473135
v 34.771114 5.904990 -20.917664
v 35.556503 6.540030 -23.248350
v 37.559292 7.324964 -24.599249
v 40.014477 7.960002 -24.454357
v 41.984272 8.202557 -22.869019
v 42.716286 7.960002 -20.448788
v 41.930897 7.324964 -18.118099
v 34.914139 4.815727 -21.014133
v 35.782921 4.815727 -23.401072
v 37.888775 4.815727 -24.821491
v 40.427345 4.815728 -24.732840
v 42.428993 4.815728 -23.168987
v 43.129143 4.815728 -20.727264
v 42.260368 4.815728 -18.340336
v 34.914146 4.110012 -21.014137
v 35.782921 4.110012 -23.401072
v 37.888767 4.110012 -24.821482
v 40.427345 4.110012 -24.732838
v 42.428993 4.110012 -23.168987
v 43.129131 4.110012 -20.727261
v 42.260372 4.110012 -18.340332
v 40.154526 4.110012 -16.919918
v 34.044685 7.421626 17.513693
v 34.677921 7.032435 17.940815
v 32.894878 8.168148 19.652115
v 33.709522 7.667462 20.201599
v 32.586437 10.122565 21.245008
v 35.180466 6.426255 18.279787
v 33.876019 9.330002 22.114841
v 33.237186 12.538368 21.683943
v 34.356030 6.887640 20.637676
v 35.503120 5.662436 18.497417
v 35.113811 11.385002 22.949741
v 34.899429 8.095536 22.805140
v 34.771114 5.904990 20.917656
v 35.614296 4.815727 18.572411
v 31.071175 7.555728 15.508032
v 31.991842 8.340672 19.043007
v 29.720278 8.340672 17.510818
v 33.342731 7.555728 17.040218
v 31.156940 10.395673 20.280798
v 31.156940 12.935794 20.280798
v 31.991842 14.990794 19.043007
v 34.598545 14.492785 20.801258
v 33.342731 15.775728 17.040218
v 36.150543 15.239306 18.934111
v 34.693630 14.990795 15.037431
v 37.300343 14.492785 16.795683
v 35.528534 12.935795 13.799643
v 37.608784 12.538368 15.202792
v 35.528534 10.395674 13.799642
v 36.958031 10.122566 14.763853
v 28.885382 10.395673 18.748611
v 28.885382 12.935794 18.748611
v 29.720278 14.990794 17.510818
v 31.071175 15.775727 15.508032
v 32.422073 14.990794 13.505248
v 33.256969 12.935795 12.267456
v 33.256969 10.395674 12.267456
v 34.693630 8.340673 15.037431
v 32.422070 8.340672 13.505245
v 37.472912 5.904990 16.912081
v 40.154526 4.815728 16.919910
v 37.615932 4.815727 17.008551
v 39.928101 6.540030 16.767189
v 37.057827 6.887640 16.632101
v 39.271023 8.095536 16.323986
v 36.411312 7.667462 16.196024
v 38.247616 9.330002 15.633687
v 35.596672 8.168148 15.646541
v 39.485405 11.385002 16.468586
v 39.651894 13.047529 18.381824
v 38.683491 13.682557 20.642609
v 36.950100 13.047529 22.387400
v 42.260368 4.815728 18.340328
v 41.930897 7.324964 18.118092
v 40.974697 9.588580 17.473127
v 41.518105 10.796476 19.640596
v 40.693665 11.257860 21.998489
v 38.816307 10.796476 23.646172
v 36.603100 9.588580 23.954281
v 35.556503 6.540030 23.248343
v 34.914139 4.815727 21.014126
v 35.782921 4.815727 23.401062
v 37.559292 7.324964 24.599239
v 40.014477 7.960002 24.454350
v 41.984272 8.202557 22.869011
v 42.716286 7.960002 20.448780
v 43.129143 4.815728 20.727257
v 37.888775 4.815727 24.821482
v 40.427345 4.815728 24.732832
v 42.428993 4.815728 23.168978
v 42.260372 4.110012 18.340324
v 43.129131 4.110012 20.727253
v 42.428993 4.110012 23.168978
v 40.427345 4.110012 24.732828
v 37.888767 4.110012 24.821474
v 35.782921 4.110012 23.401062
v 34.914146 4.110012 21.014130
v 35.614296 4.110012 18.572411
v 37.615940 4.110012 17.008556
v 40.154526 4.110012 16.919910
v 17.727230 4.036134 -29.122232
v 23.703445 4.036134 -26.110281
v 28.835344 4.036134 -21.318960
v 32.773209 4.036134 -15.074783
v 35.248627 4.036134 -7.803287
v 36.092979 4.036134 -0.000004
v -48.107658 4.036131 -0.000004
v -47.292099 4.036131 -7.803286
v -44.901020 4.036131 -15.074787
v -41.097351 4.036131 -21.318964
v -36.140312 4.036131 -26.110294
v -30.367710 4.036131 -29.122248
v -24.172955 4.036132 -30.149567
v -3.295094 4.036133 -30.149567
v 11.313958 4.036133 -30.149567
v -3.187946 122.566093 -20.602842
v -7.845558 124.907516 -17.541876
v -3.373791 123.730446 -21.484343
v -7.476258 123.694801 -16.822136
v -11.276897 125.810707 -12.403971
v -10.766824 124.560890 -11.895040
v -13.433892 126.378448 -6.420767
v -12.835327 125.105293 -6.157328
v -14.169619 126.572136 -0.000004
v -13.540872 125.291046 -0.000004
v 30.021475 119.566399 -6.156915
v 31.696516 120.641846 -0.000004
v 30.751858 119.566429 -0.000004
v 30.934898 120.641792 -6.420247
v 27.880096 119.566269 -11.894238
v 28.701933 120.641624 -12.402959
v 24.473637 119.566040 -16.820999
v 25.149782 120.641342 -17.540443
v 20.034262 119.565758 -20.601446
v 20.520531 120.640961 -21.482584
v 14.864462 119.565414 -22.977951
v 15.129621 120.640549 -23.960737
v 9.316589 119.702110 -23.788555
v 9.344459 120.777176 -24.806019
v 7.165060 119.995613 -23.790154
v 7.422137 121.043243 -24.808035
v 1.833749 122.359695 -23.962700
v 1.805948 121.251648 -22.979506
v -14.954375 124.292694 -0.000004
v -14.213792 124.097763 -6.463075
v -12.042565 123.526344 -12.485696
v -8.588590 122.617287 -17.657450
v -4.087320 121.432602 -21.625883
v 1.154569 120.052956 -24.120558
v 6.779808 118.726936 -24.971455
v 9.354416 118.381111 -24.970121
v 15.177853 118.244362 -24.119259
v 20.604433 118.244644 -21.624718
v 25.264317 118.244888 -17.656502
v 28.839979 118.245087 -12.485029
v 31.087725 118.245193 -6.462729
v 31.854385 118.245224 -0.000004
v 19.911865 124.224365 20.340927
v 25.149784 120.641342 17.540434
v 24.295223 124.224945 16.608418
v 28.701935 120.641624 12.402950
v 27.658739 124.225418 11.743991
v 30.934898 120.641792 6.420238
v 29.773149 124.225716 6.079162
v 30.494337 124.225830 -0.000004
v -12.062843 129.728180 -0.000004
v -11.366197 129.544861 6.079436
v -13.433891 126.378448 6.420761
v -9.323848 129.007065 11.744518
v -11.276898 125.810707 12.403963
v -6.074889 128.151703 16.609171
v -7.845559 124.907516 17.541866
v -1.840873 127.036942 20.341846
v -3.373792 123.730446 21.484333
v 3.089729 125.738846 22.688202
v 1.833749 122.359695 23.962688
v 7.422137 121.043243 24.808027
v 8.971869 124.621735 23.433662
v 9.344459 120.777176 24.806009
v 14.807387 124.223633 22.687160
v 15.129622 120.640549 23.960728
v 20.520533 120.640961 21.482574
v 9.523927 127.253914 -20.426861
v 8.971868 124.621735 -23.433670
v 4.478277 128.029800 -19.678036
v 3.089729 125.738846 -22.688211
v -1.840872 127.036942 -20.341856
v 0.201556 129.155243 -17.643307
v -6.074888 128.151703 -16.609180
v -3.471059 130.121918 -14.406049
v -9.323847 129.007065 -11.744528
v -6.289325 130.863586 -10.186798
v -11.366197 129.544861 -6.079444
v -8.060940 131.330124 -5.273151
v -8.665280 131.488876 -0.000004
v -8.060940 131.330124 5.273143
v -6.289324 130.863586 10.186790
v -3.471060 130.121918 14.406040
v 0.201555 129.155243 17.643299
v 4.478277 128.029800 19.678028
v 9.523927 127.253914 20.426853
v 14.070189 126.789452 19.677584
v 18.497711 126.789803 17.642937
v 22.299873 126.789948 14.405731
v 25.217506 126.790131 10.186577
v 27.051659 126.790253 5.273026
v 27.677265 126.790337 -0.000004
v 27.051659 126.790253 -5.273034
v 29.773149 124.225716 -6.079169
v 25.217506 126.790131 -10.186585
v 27.658739 124.225418 -11.743998
v 22.299873 126.789948 -14.405741
v 24.295221 124.224945 -16.608425
v 18.497711 126.789803 -17.642944
v 19.911863 124.224365 -20.340935
v 14.070189 126.789452 -19.677591
v 14.807387 124.223633 -22.687170
v -8.084650 33.214600 -30.511015
v -16.058916 37.135128 -28.491739
v -7.620755 34.914764 -28.521894
v -16.805378 35.509308 -30.454185
v -24.991140 39.485489 -27.221762
v -25.816656 37.880486 -29.167007
v -18.739519 28.420723 -30.454185
v -27.750797 30.791895 -29.167007
v -10.018793 26.126011 -30.511015
v -8.782973 95.830154 -23.034203
v -0.629214 93.684616 -28.491739
v -9.561440 96.034981 -27.221762
v -0.020933 93.524567 -24.267143
v 7.808949 91.464256 -28.521894
v 7.808949 91.464256 -24.239883
v 7.345053 89.764099 -30.511015
v -1.375675 92.058807 -30.454185
v -10.386954 94.429977 -29.167007
v -3.309818 84.970230 -30.454185
v -12.321095 87.341400 -29.167007
v 5.410911 82.675507 -30.511015
v -26.350773 38.021023 22.260750
v -27.074610 28.791737 23.034203
v -28.284916 30.932442 22.260750
v -24.212675 39.280659 23.034203
v -18.312571 26.486149 24.267143
v -15.450636 36.975067 24.267143
v -18.920851 26.646206 28.491739
v -27.853075 28.996576 27.221762
v -10.482688 24.425844 28.521894
v -10.482688 24.425844 24.239883
v -10.921070 94.570518 22.260750
v -11.644907 85.341232 23.034203
v -12.855213 87.481934 22.260750
v -8.782973 95.830154 23.034203
v -2.882867 83.035645 24.267143
v -0.020933 93.524567 24.267143
v -3.491147 83.195702 28.491739
v 4.947016 80.975342 28.521894
v 4.947016 80.975342 24.239883
v -22.295618 13.602345 24.158224
v -23.089399 10.593918 27.619379
v -17.884737 13.276977 24.449585
v -23.831043 13.717218 24.020817
v -27.556982 14.105743 23.497463
v -28.914715 11.414989 26.678434
v -34.343002 12.758690 23.919230
v -32.663532 15.449446 21.067245
v -39.004372 13.912556 19.529966
v -37.048622 16.603312 17.201332
v -42.581165 14.797946 13.809772
v -40.413418 17.488701 12.163178
v -44.829632 15.354526 7.148462
v -42.528618 18.045282 6.296124
v -43.250072 18.235119 -0.000004
v 31.235392 21.251160 -0.000004
v 30.488462 21.251158 6.296124
v 32.787872 18.560400 7.148464
v 28.298656 21.251160 12.163177
v 30.460102 18.560404 13.809770
v 24.815147 21.251160 17.201328
v 26.757116 18.560406 19.529961
v 20.275370 21.251158 21.067238
v 21.931307 18.560406 23.919218
v 16.311552 18.560408 26.678421
v 14.988706 21.251162 23.497450
v 12.917262 21.251162 23.800102
v 12.642602 18.560411 27.362209
v 6.238450 19.354383 24.326361
v 8.000703 17.405478 27.538982
v -3.608039 13.284537 24.326361
v -3.456873 10.593785 27.619545
v 24.068813 44.862881 -17.199150
v 19.612957 52.508751 -20.710793
v 24.068796 52.508751 -17.199150
v 19.612963 44.862881 -20.710793
v 14.424033 44.862881 -22.918306
v 14.423997 52.508751 -22.918306
v 8.855576 52.508751 -23.671259
v 8.855613 44.862881 -23.671259
v 14.424033 44.862881 22.918299
v 8.855577 52.508751 23.671249
v 8.855613 44.862881 23.671249
v 14.423997 52.508751 22.918299
v 19.612959 52.508751 20.710783
v 19.612965 44.862881 20.710783
v 24.068813 44.862881 17.199141
v 24.068798 52.508751 17.199141
v 27.487925 44.862881 12.622674
v 27.487904 52.508751 12.622674
v 29.637251 44.862881 7.293268
v 29.637224 52.508751 7.293268
v 30.689579 44.862881 -0.000004
v 30.689528 52.508751 -0.000004
v 29.637224 52.508751 -7.293275
v 29.637251 44.862881 -7.293275
v 27.487904 52.508751 -12.622683
v 27.487925 44.862881 -12.622683
v -3.608040 13.284537 -24.326370
v -17.884735 13.276977 -24.449593
v 3.650386 83.357025 -24.390821
v 6.238450 19.354383 -24.326370
v 11.116331 21.729136 -24.063240
v 12.917262 21.251162 -23.800112
v 9.797957 23.034988 -24.255863
v 9.315398 24.818815 -24.326370
v 9.315364 73.402618 -24.326370
v 9.797919 75.186447 -24.255865
v 11.461854 76.540710 -24.035528
v 9.315358 111.697502 -24.326370
v 13.256637 76.970291 -23.800112
v 14.988670 111.646149 -23.497458
v 14.988671 76.970306 -23.497458
v 20.275362 76.970291 -21.067245
v 20.275360 111.646141 -21.067245
v 24.815125 76.970276 -17.201336
v 24.815123 111.646141 -17.201336
v 28.298626 76.970306 -12.163185
v 28.298622 111.646149 -12.163185
v 30.488432 76.970291 -6.296133
v 30.488428 111.646149 -6.296133
v 31.235329 111.646141 -0.000004
v 31.235332 76.970284 -0.000004
v -17.231209 113.593658 -0.000004
v -16.136654 117.605179 -0.000004
v -16.509741 113.403831 -6.296132
v -15.415183 117.415344 -6.296133
v -14.394557 112.847252 -12.163186
v -13.299999 116.858780 -12.163186
v -11.029751 111.961823 -17.201342
v -9.935188 115.973373 -17.201342
v -6.644674 110.807991 -21.067255
v -5.550118 114.819511 -21.067255
v -1.538114 109.464256 -23.497469
v -0.443555 113.475792 -23.497469
v 5.036439 112.188271 -24.326370
v 1.484778 108.251816 -23.991089
v 6.260206 108.552094 -24.413994
v 2.857699 104.074699 -24.326370
v -20.992804 17.232166 -24.326370
v 2.865251 106.188637 -24.245537
v -22.076199 15.305853 -24.245834
v -22.295616 13.602345 -24.158234
v -23.941608 14.100456 -24.022923
v -23.831041 13.717218 -24.020824
v -27.556980 14.105743 -23.497471
v 3.650386 83.357025 24.390814
v 5.036439 112.188271 24.326361
v 6.260206 108.552094 24.413986
v 9.315358 111.697502 24.326361
v -16.509739 113.403831 6.296124
v -15.415182 117.415344 6.296124
v -14.394558 112.847252 12.163176
v -13.300000 116.858780 12.163176
v -11.029751 111.961823 17.201332
v -9.935189 115.973373 17.201332
v -6.644674 110.807991 21.067245
v -5.550118 114.819511 21.067245
v -1.538114 109.464256 23.497459
v -0.443555 113.475792 23.497459
v 1.484778 108.251816 23.991081
v 2.865251 106.188637 24.245527
v 2.857699 104.074699 24.326361
v -20.992805 17.232166 24.326361
v -22.076200 15.305853 24.245827
v -23.941610 14.100456 24.022915
v 30.488432 76.970291 6.296124
v 30.488430 111.646149 6.296124
v 28.298624 111.646149 12.163176
v 28.298628 76.970306 12.163176
v 24.815125 111.646141 17.201328
v 24.815126 76.970276 17.201328
v 20.275362 111.646141 21.067238
v 20.275364 76.970291 21.067238
v 14.988670 111.646149 23.497450
v 14.988672 76.970306 23.497450
v 13.256638 76.970291 23.800102
v 11.461855 76.540710 24.035519
v 9.797920 75.186447 24.255857
v 9.315364 73.402618 24.326361
v 9.315398 24.818815 24.326361
v 9.797957 23.034988 24.255856
v 11.116331 21.729136 24.063232
v 10.676826 43.063541 -21.310497
v 14.423997 41.745731 -22.918306
v 8.855576 41.745731 -23.671259
v 15.316286 43.063541 -20.632637
v 19.612959 41.745731 -20.710793
v 19.639585 43.063541 -18.645283
v 24.068798 41.745731 -17.199150
v 23.352070 43.063541 -15.483860
v 27.487904 41.745731 -12.622683
v 26.200779 43.063541 -11.363809
v 29.637224 41.745731 -7.293275
v 27.991535 43.063541 -6.565908
v 30.689528 41.745731 -0.000004
v 28.868282 43.063541 -0.000004
v 27.991535 43.063541 6.565902
v 29.637224 41.745731 7.293268
v 26.200779 43.063541 11.363801
v 27.487904 41.745731 12.622674
v 23.352070 43.063541 15.483850
v 24.068798 41.745731 17.199141
v 19.639585 43.063541 18.645275
v 19.612961 41.745731 20.710783
v 15.316286 43.063541 20.632629
v 14.423997 41.745731 22.918299
v 10.676826 43.063541 21.310490
v 8.855577 41.745731 23.671249
v -27.129234 38.225868 -26.725283
v 10.676858 34.099854 21.310490
v 14.424033 34.099857 22.918299
v 8.855614 34.099857 23.671249
v 15.316319 34.099854 20.632629
v 19.612967 34.099857 20.710783
v 19.639593 34.099854 18.645275
v 24.068815 34.099857 17.199141
v 23.352087 34.099854 15.483850
v 27.487926 34.099857 12.622674
v 26.200794 34.099854 11.363801
v 29.637251 34.099857 7.293268
v 27.991556 34.099854 6.565902
v 30.689579 34.099857 -0.000004
v 28.868330 34.099854 -0.000004
v 27.991556 34.099854 -6.565908
v 29.637251 34.099857 -7.293275
v 26.200794 34.099854 -11.363809
v 27.487925 34.099857 -12.622683
v 23.352085 34.099854 -15.483860
v 24.068813 34.099857 -17.199150
v 19.639591 34.099854 -18.645283
v 19.612965 34.099857 -20.710793
v 15.316318 34.099854 -20.632637
v 14.424033 34.099857 -22.918306
v 10.676858 34.099854 -21.310497
v 8.855613 34.099857 -23.671259
v -29.063377 31.137278 -26.725283
v -26.350771 38.021023 -22.260750
v -28.284914 30.932442 -22.260750
v -8.287511 25.670450 -28.521894
v -10.482688 24.425844 -28.521894
v -6.353369 32.759037 -28.521894
v -25.189342 23.452236 -19.464691
v -27.643890 23.286343 -18.215088
v -29.601294 23.833082 -17.120438
v -32.631992 24.623043 -14.024660
v -34.187370 27.124514 -14.592570
v -34.981266 25.237122 -9.945230
v -36.817917 27.816637 -10.318501
v -36.468822 25.626608 -5.158106
v -36.978191 25.760029 -0.000004
v -3.237260 96.138199 -20.265375
v -22.215473 26.879824 -20.279163
v -24.726723 28.459309 -20.157038
v -23.345890 24.836079 -20.064768
v -23.821733 14.736934 -20.022963
v -26.643278 14.069225 -18.946878
v -29.912935 14.264938 -17.115141
v -31.790636 14.576423 -15.778462
v -34.237789 14.977463 -12.812208
v -36.129898 15.291063 -9.040702
v -37.334705 15.490382 -4.680025
v -37.749542 15.558755 -0.000004
v -3.258895 98.472984 -19.992460
v 2.355790 103.302719 -20.346020
v 2.235410 105.473198 -19.895287
v -21.908213 16.057045 -20.367741
v -18.277576 102.260406 -5.341251
v -15.649007 103.875900 -0.000004
v -18.841610 102.408768 -0.000004
v -15.140330 103.741447 -5.154064
v -11.176200 108.361992 -0.000004
v -10.697206 108.306274 -4.694043
v -13.654981 103.348434 -9.937285
v -9.303414 108.145203 -9.070637
v -11.309820 102.726822 -14.013062
v -7.110012 107.890656 -12.859346
v -8.285919 101.922852 -17.105635
v -4.277369 107.543518 -15.838201
v -6.397594 101.444374 -18.142763
v -1.671944 107.308189 -17.507372
v -4.495273 100.624840 -19.255526
v 0.720335 106.765053 -18.780123
v -7.019442 98.969093 -19.735462
v -16.623947 101.825294 -10.318497
v -16.483099 119.852303 -0.000004
v -15.733056 119.654938 -6.545486
v -13.534104 119.076340 -12.644902
v -10.036031 118.155869 -17.882591
v -5.477289 116.956306 -21.901611
v -0.168486 115.559364 -24.428072
v 5.528539 114.214722 -25.289803
v 9.373814 113.732330 -25.289803
v 15.271809 113.680969 -24.428062
v 20.767878 113.680954 -21.901600
v 25.487436 113.680946 -17.882586
v 29.108898 113.680969 -12.644901
v 31.385427 113.680954 -6.545486
v 32.161915 113.680946 -0.000004
v -27.853073 28.996576 -27.221762
v 15.316316 21.793430 -20.632637
v 12.579084 22.150991 -21.055157
v 11.065796 23.507986 -21.257605
v 10.676858 25.361080 -21.310497
v 10.676826 71.059380 -21.310497
v 28.868332 21.793428 -0.000004
v 27.991531 74.627068 -6.565908
v 28.868280 74.627052 -0.000004
v 27.991554 21.793425 -6.565908
v 26.200775 74.627068 -11.363809
v 26.200794 21.793428 -11.363809
v 23.352068 74.627052 -15.483860
v 23.352085 21.793428 -15.483860
v 19.639587 74.627060 -18.645283
v 19.639591 21.793425 -18.645283
v 15.316288 74.627068 -20.632637
v 12.823318 74.197479 -21.019657
v 11.159383 72.843216 -21.239994
v -18.920849 26.646206 -28.491739
v -12.855213 87.481934 -22.260750
v -11.644907 85.341232 -23.034203
v -10.921070 94.570518 -22.260750
v -2.882867 83.035645 -24.267143
v 7.142192 82.219948 -28.521894
v 7.142192 82.219955 -24.239883
v 4.947015 80.975342 -28.521894
v 4.947015 80.975342 -24.239883
v 9.076335 89.308533 -28.521894
v 9.076335 89.308533 -24.239883
v -11.699535 94.775360 -26.725283
v -12.423372 85.546074 -27.221762
v -13.633676 87.686775 -26.725283
v -3.491148 83.195702 -28.491739
v 17.727240 0.000003 29.122227
v 23.703445 4.036134 26.110271
v 17.727230 4.036134 29.122227
v 23.703459 0.000000 26.110271
v 28.835354 0.000001 21.318947
v 28.835346 4.036134 21.318949
v 32.773216 0.000001 15.074776
v 32.773209 4.036134 15.074776
v 35.248642 0.000002 7.803278
v 35.248627 4.036134 7.803278
v 36.092991 0.000002 -0.000004
v -47.292107 -0.000002 7.803277
v -48.107666 -0.000002 -0.000004
v -47.292099 4.036131 7.803277
v -44.901024 -0.000002 15.074779
v -44.901020 4.036131 15.074779
v -41.097351 -0.000002 21.318956
v -41.097351 4.036131 21.318956
v -36.140312 -0.000001 26.110287
v -36.140312 4.036131 26.110285
v -30.367706 -0.000001 29.122240
v -30.367710 4.036131 29.122240
v -24.172956 -0.000001 30.149559
v -24.172955 4.036132 30.149559
v -3.295085 0.000000 30.149559
v -3.295095 4.036133 30.149559
v 11.313959 4.036133 30.149559
v 11.313974 0.000000 30.149559
v -24.212673 39.280659 -23.034203
v -15.450636 36.975067 -24.267143
v -7.620754 34.914764 -24.239883
v 20.034264 119.565758 20.601437
v 24.473639 119.566040 16.820990
v 27.880098 119.566269 11.894230
v 30.021475 119.566399 6.156907
v -12.835326 125.105293 6.157319
v -10.766825 124.560890 11.895031
v -7.476259 123.694801 16.822126
v -3.187947 122.566093 20.602833
v 1.805948 121.251648 22.979496
v 7.165060 119.995613 23.790146
v 9.316590 119.702110 23.788548
v 14.864463 119.565414 22.977943
v -14.213791 124.097763 6.463067
v -12.042566 123.526344 12.485687
v -8.588591 122.617287 17.657440
v -4.087320 121.432602 21.625875
v 1.154569 120.052956 24.120552
v 6.779808 118.726936 24.971447
v 9.354417 118.381111 24.970114
v 15.177854 118.244362 24.119249
v 20.604435 118.244644 21.624710
v 25.264318 118.244888 17.656490
v 28.839981 118.245087 12.485021
v 31.087725 118.245193 6.462720
v -4.343269 131.310303 4.204906
v -2.930765 130.938187 8.123243
v -0.683517 130.347000 11.487993
v 2.245051 129.576309 -14.069871
v -0.683517 130.347000 -11.488001
v -2.930766 130.938187 -8.123250
v -4.343269 131.310303 -4.204915
v -4.825256 131.436569 -0.000004
v -2.930766 130.938187 -0.000004
v -0.683517 130.347000 -0.000004
v 2.245050 129.576309 -0.000004
v 2.245050 129.576309 14.069861
v 5.655592 128.679260 -0.000004
v 5.655592 128.679260 15.692890
v 9.990178 127.993507 16.262714
v 13.104296 127.715935 15.692883
v 16.635042 127.716087 14.069851
v 19.666943 127.715935 11.487991
v 21.993406 127.715935 8.123241
v 23.455879 127.715981 4.204906
v 23.954697 127.716072 -0.000004
v 21.993406 127.715935 -0.000004
v 19.666943 127.715935 -0.000004
v 16.635042 127.716087 -0.000004
v 13.104296 127.715935 -0.000004
v 9.990178 127.993507 -0.000004
v 5.655592 128.679260 -15.692900
v 23.455879 127.715981 -4.204915
v 21.993406 127.715935 -8.123247
v 19.666943 127.715935 -11.487999
v 16.635042 127.716087 -14.069860
v 13.104296 127.715935 -15.692890
v 9.990178 127.993507 -16.262724
v 10.676826 32.300518 -21.310497
v 14.423998 30.982708 -22.918306
v 8.855576 30.982708 -23.671259
v 15.316287 32.300518 -20.632637
v 19.612959 30.982708 -20.710793
v 19.639585 32.300518 -18.645283
v 24.068798 30.982710 -17.199150
v 23.352070 32.300518 -15.483860
v 27.487904 30.982710 -12.622683
v 26.200779 32.300518 -11.363809
v 29.637224 30.982710 -7.293275
v 27.991535 32.300518 -6.565908
v 30.689528 30.982710 -0.000004
v 28.868282 32.300518 -0.000004
v 27.991535 32.300518 6.565902
v 29.637224 30.982710 7.293268
v 26.200781 32.300518 11.363801
v 27.487906 30.982710 12.622674
v 23.352072 32.300518 15.483850
v 24.068800 30.982710 17.199141
v 19.639587 32.300518 18.645275
v 19.612961 30.982708 20.710783
v 15.316286 32.300518 20.632629
v 14.423998 30.982708 22.918299
v 10.676826 32.300518 21.310490
v 8.855577 30.982708 23.671249
v 10.676859 23.336832 21.310490
v 14.424034 23.336834 22.918299
v 8.855614 23.336834 23.671249
v 15.316319 23.336832 20.632629
v 19.612967 23.336834 20.710783
v 19.639593 23.336832 18.645275
v 24.068815 23.336836 17.199141
v 23.352087 23.336834 15.483850
v 27.487926 23.336836 12.622674
v 26.200796 23.336834 11.363801
v 29.637253 23.336836 7.293268
v 27.991558 23.336834 6.565902
v 30.689579 23.336836 -0.000004
v 28.868330 23.336834 -0.000004
v 27.991556 23.336834 -6.565908
v 29.637251 23.336836 -7.293275
v 26.200794 23.336834 -11.363809
v 27.487925 23.336836 -12.622683
v 23.352085 23.336834 -15.483860
v 24.068813 23.336836 -17.199150
v 19.639591 23.336832 -18.645283
v 19.612965 23.336834 -20.710793
v 15.316319 23.336832 -20.632637
v 14.424034 23.336834 -22.918306
v 10.676859 23.336832 -21.310497
v 8.855614 23.336834 -23.671259
v -8.287511 25.670450 28.521894
v -8.287511 25.670456 24.239883
v -7.620754 34.914764 28.521894
v -6.353368 32.759037 28.521894
v -7.620754 34.914764 24.239883
v -6.353368 32.759037 24.239883
v -27.129236 38.225868 26.725283
v -24.991140 39.485489 27.221762
v -29.063379 31.137278 26.725283
v -16.058916 37.135128 28.491739
v -25.816656 37.880486 29.167007
v -27.750799 30.791895 29.167007
v -10.018792 26.126011 30.511015
v -47.292107 -0.000002 -7.803286
v -44.901024 -0.000002 -15.074787
v -41.097351 -0.000002 -21.318964
v -36.140312 -0.000001 -26.110296
v -30.367706 -0.000001 -29.122248
v -24.172956 -0.000001 -30.149567
v -3.295086 0.000000 -30.149567
v 11.313974 0.000000 -30.149567
v 17.727240 0.000003 -29.122232
v 23.703459 0.000000 -26.110281
v 28.835354 0.000001 -21.318958
v 32.773216 0.000001 -15.074783
v 35.248642 0.000002 -7.803287
v -4.495273 100.624840 19.255514
v -6.397595 101.444374 18.142756
v -8.526270 99.694756 18.917023
v -8.285920 101.922852 17.105625
v -11.309821 102.726822 14.013054
v -13.654980 103.348434 9.937276
v -16.623945 101.825294 10.318489
v -15.140330 103.741447 5.154056
v -18.277576 102.260406 5.341243
v -22.215471 26.879824 20.279156
v -3.237260 96.138199 20.265368
v -3.258895 98.472984 19.992453
v 2.235409 105.473198 19.895277
v 0.720334 106.765053 18.780115
v -1.671945 107.308189 17.507364
v -4.277369 107.543518 15.838191
v -7.110012 107.890656 12.859338
v -9.303414 108.145203 9.070628
v -10.697206 108.306274 4.694035
v 2.355790 103.302719 20.346010
v -21.908211 16.057045 20.367733
v -23.345888 24.836079 20.064760
v -23.821732 14.736934 20.022955
v -37.334705 15.490382 4.680016
v -36.468822 25.626608 5.158099
v -36.129898 15.291063 9.040694
v -34.981266 25.237122 9.945221
v -34.237789 14.977463 12.812199
v -32.631992 24.623043 14.024651
v -31.790634 14.576423 15.778451
v -29.601292 23.833082 17.120430
v -29.912933 14.264938 17.115131
v -27.643888 23.286343 18.215080
v -26.643276 14.069225 18.946869
v -25.189341 23.452236 19.464682
v -25.507116 26.910297 20.081465
v -24.726721 28.459309 20.157028
v -38.471554 28.251759 5.341251
v -36.817917 27.816637 10.318494
v -34.187370 27.124514 14.592562
v -30.759167 26.222504 17.872169
v -8.084649 33.214600 30.511015
v 32.422073 14.990794 -13.505256
v 31.071173 15.775727 -15.508040
v 29.720276 14.990794 -17.510826
v 28.885380 12.935794 -18.748621
v 28.885380 10.395673 -18.748621
v 29.720276 8.340672 -17.510826
v -41.799675 28.738459 6.201065
v -39.879833 28.233337 11.979523
v -36.825813 27.429871 16.941612
v -32.845726 26.382750 20.749157
v -30.478586 25.760107 21.962215
v -28.244917 25.896734 22.983438
v -26.827520 26.890419 23.314096
v -25.988739 28.442152 23.401823
v -7.332523 96.432945 23.401815
v -7.300438 98.112373 23.313391
v -8.312191 99.734489 22.912386
v -10.074212 100.530647 21.962206
v -12.441374 101.153343 20.749144
v -16.421452 102.200447 16.941603
v -19.475473 103.003952 11.979517
v -21.395309 103.509056 6.201055
v -22.050144 103.681290 -0.000004
v -21.395311 103.509056 -6.201063
v -19.475475 103.003952 -11.979526
v -16.421453 102.200447 -16.941612
v -12.441374 101.153343 -20.749153
v -10.074212 100.530647 -21.962215
v -8.312191 99.734489 -22.912395
v -7.300438 98.112373 -23.313400
v -7.332523 96.432945 -23.401823
v -25.988737 28.442152 -23.401834
v -26.827518 26.890419 -23.314104
v -28.244915 25.896734 -22.983446
v -30.478584 25.760107 -21.962223
v -32.845730 26.382750 -20.749166
v -36.825817 27.429871 -16.941622
v -39.879833 28.233337 -11.979531
v -41.799675 28.738459 -6.201072
v -42.454529 28.910707 -0.000004
v -12.947587 106.762291 -0.000001
v -7.689654 111.446793 -4.111053
v -8.177342 111.446793 -0.000001
v -12.297355 106.762291 -5.481216
v -6.259813 111.446793 -7.941938
v -10.390966 106.762291 -10.588898
v -3.985268 111.446793 -11.231598
v -7.358339 106.762291 -14.974964
v -1.021023 111.446793 -13.755844
v -3.406142 106.762291 -18.340513
v 2.430917 111.446793 -15.342651
v 1.196287 106.762291 -20.456182
v 6.135303 111.446793 -15.883883
v 6.135304 106.762291 -21.177799
v 11.074314 106.762291 -20.456173
v 9.839686 111.446793 -15.342640
v 15.676742 106.762291 -18.340502
v 13.291619 111.446793 -13.755835
v 19.628933 106.762291 -14.974959
v 16.255863 111.446793 -11.231596
v 22.661560 106.762291 -10.588897
v 18.530411 111.446793 -7.941938
v 24.567945 106.762291 -5.481218
v 19.960247 111.446793 -4.111052
v 25.218185 106.762291 -0.000001
v 20.447939 111.446793 -0.000001
v -16.805378 35.509308 30.454185
v -18.739521 28.420723 30.454185
v 20.447945 10.155924 -0.000001
v 25.218189 14.840434 -0.000001
v 19.960253 10.155924 -4.111052
v 24.567951 14.840434 -5.481218
v 18.530415 10.155924 -7.941938
v 22.661564 14.840436 -10.588897
v 16.255869 10.155924 -11.231596
v 19.628937 14.840436 -14.974959
v 13.291624 10.155924 -13.755835
v 15.676744 14.840436 -18.340502
v 9.839689 10.155923 -15.342640
v 11.074318 14.840436 -20.456173
v 6.135305 10.155923 -15.883883
v 6.135309 14.840435 -21.177799
v -20.542828 14.840434 -21.177799
v -20.542826 10.155922 -15.883884
v -25.481844 14.840434 -20.456182
v -24.247213 10.155922 -15.342651
v -30.084274 14.840434 -18.340513
v -27.699154 10.155922 -13.755844
v -34.036469 14.840433 -14.974964
v -30.663395 10.155922 -11.231598
v -37.069099 14.840433 -10.588898
v -32.937943 10.155921 -7.941938
v -38.975487 14.840433 -5.481217
v -34.367783 10.155921 -4.111053
v -39.625717 14.840431 -0.000001
v -34.855473 10.155921 -0.000001
v 7.142192 82.219948 28.521894
v 7.142193 82.219955 24.239883
v 7.808949 91.464256 28.521894
v 9.076335 89.308533 28.521894
v 7.808949 91.464256 24.239883
v 9.076335 89.308533 24.239883
v -11.699534 94.775360 26.725283
v -9.561439 96.034981 27.221762
v -0.629214 93.684616 28.491739
v -10.386953 94.429977 29.167007
v 31.385429 113.680954 6.545478
v 29.108900 113.680969 12.644892
v 25.487438 113.680946 17.882576
v 20.767876 113.680954 21.901592
v 15.271809 113.680969 24.428053
v 9.373814 113.732330 25.289791
v 5.528539 114.214722 25.289791
v -0.168486 115.559364 24.428064
v -5.477289 116.956306 21.901602
v -10.036032 118.155869 17.882584
v -13.534105 119.076340 12.644894
v -15.733055 119.654938 6.545478
v 5.410911 82.675507 30.511015
v 10.676826 75.352608 -21.310497
v 14.423996 74.034790 -22.918306
v 8.855575 74.034790 -23.671259
v 15.316285 75.352608 -20.632637
v 19.612957 74.034790 -20.710793
v 19.639584 75.352608 -18.645283
v 24.068796 74.034790 -17.199150
v 23.352068 75.352608 -15.483860
v 27.487902 74.034790 -12.622683
v 26.200777 75.352608 -11.363809
v 29.637222 74.034790 -7.293275
v 27.991533 75.352608 -6.565908
v 30.689526 74.034790 -0.000004
v 28.868280 75.352608 -0.000004
v 27.991533 75.352608 6.565902
v 29.637222 74.034790 7.293268
v 26.200779 75.352608 11.363801
v 27.487904 74.034790 12.622674
v 23.352070 75.352608 15.483850
v 24.068798 74.034790 17.199141
v 19.639585 75.352608 18.645275
v 19.612959 74.034790 20.710783
v 15.316284 75.352608 20.632629
v 14.423996 74.034790 22.918299
v 10.676825 75.352608 21.310490
v 8.855575 74.034790 23.671249
v 7.345054 89.764099 30.511015
v 10.676857 66.388916 21.310490
v 14.424032 66.388916 22.918299
v 8.855612 66.388916 23.671249
v 15.316317 66.388916 20.632629
v 19.612965 66.388916 20.710783
v 19.639591 66.388916 18.645275
v 24.068813 66.388916 17.199141
v 23.352085 66.388916 15.483850
v 27.487925 66.388916 12.622674
v 26.200794 66.388916 11.363801
v 29.637251 66.388916 7.293268
v 27.991556 66.388916 6.565902
v 30.689577 66.388916 -0.000004
v 28.868328 66.388916 -0.000004
v 27.991554 66.388916 -6.565908
v 29.637249 66.388916 -7.293275
v 26.200792 66.388916 -11.363809
v 27.487923 66.388916 -12.622683
v 23.352083 66.388916 -15.483860
v 24.068811 66.388916 -17.199150
v 19.639589 66.388916 -18.645283
v 19.612963 66.388916 -20.710793
v 15.316317 66.388916 -20.632637
v 14.424032 66.388916 -22.918306
v 10.676857 66.388916 -21.310497
v 8.855612 66.388916 -23.671259
v -27.074608 28.791737 -23.034203
v -18.312569 26.486149 -24.267143
v -8.287511 25.670456 -24.239883
v -10.482688 24.425844 -24.239883
v -6.353368 32.759037 -24.239883
v 15.316316 21.793430 20.632629
v 11.065796 23.507986 21.257595
v 12.579084 22.150991 21.055149
v 10.676858 25.361080 21.310490
v 10.676826 71.059380 21.310490
v 11.159383 72.843216 21.239985
v 12.823318 74.197479 21.019650
v 15.316288 74.627068 20.632629
v 19.639589 74.627060 18.645275
v 19.639593 21.793425 18.645275
v 23.352087 21.793428 15.483850
v 23.352070 74.627052 15.483850
v 26.200796 21.793428 11.363801
v 26.200777 74.627068 11.363801
v 27.991556 21.793425 6.565902
v 27.991531 74.627068 6.565902
v -1.375675 92.058807 30.454185
v -3.309817 84.970230 30.454185
v 10.676826 64.589592 -21.310497
v 14.423996 63.271770 -22.918306
v 8.855575 63.271770 -23.671259
v 15.316285 64.589592 -20.632637
v 19.612957 63.271770 -20.710793
v 19.639584 64.589592 -18.645283
v 24.068796 63.271770 -17.199150
v 23.352068 64.589592 -15.483860
v 27.487902 63.271770 -12.622683
v 26.200777 64.589592 -11.363809
v 29.637222 63.271770 -7.293275
v 27.991533 64.589592 -6.565908
v 30.689528 63.271770 -0.000004
v 28.868282 64.589592 -0.000004
v 27.991535 64.589592 6.565902
v 29.637224 63.271770 7.293268
v 26.200779 64.589592 11.363801
v 27.487904 63.271770 12.622674
v 23.352070 64.589592 15.483850
v 24.068798 63.271770 17.199141
v 19.639585 64.589592 18.645275
v 19.612959 63.271770 20.710783
v 15.316285 64.589592 20.632629
v 14.423996 63.271770 22.918299
v 10.676825 64.589592 21.310490
v 8.855575 63.271770 23.671249
v -28.914713 4.036131 26.678434
v -34.343002 4.036131 23.919228
v -39.004372 4.036131 19.529966
v -42.581169 4.036131 13.809772
v -44.829632 4.036131 7.148462
v 32.787876 4.036134 7.148464
v 30.460110 4.036134 13.809770
v 26.757122 4.036134 19.529961
v 21.931316 4.036134 23.919218
v 16.311558 4.036133 26.678421
v 10.280815 4.036133 27.619545
v -3.456869 4.036133 27.619545
v -23.089451 4.036132 27.619545
v 10.676857 55.625896 21.310490
v 14.424033 55.625900 22.918299
v 8.855613 55.625900 23.671249
v 15.316317 55.625896 20.632629
v 19.612965 55.625900 20.710783
v 19.639591 55.625896 18.645275
v 24.068813 55.625900 17.199141
v 23.352085 55.625896 15.483850
v 27.487925 55.625900 12.622674
v 26.200794 55.625896 11.363801
v 29.637251 55.625900 7.293268
v 27.991556 55.625896 6.565902
v 30.689579 55.625900 -0.000004
v 28.868330 55.625896 -0.000004
v 27.991556 55.625896 -6.565908
v 29.637251 55.625900 -7.293275
v 26.200792 55.625896 -11.363809
v 27.487923 55.625900 -12.622683
v 23.352083 55.625896 -15.483860
v 24.068811 55.625900 -17.199150
v 19.639589 55.625896 -18.645283
v 19.612963 55.625900 -20.710793
v 15.316318 55.625896 -20.632637
v 14.424032 55.625900 -22.918306
v 10.676857 55.625896 -21.310497
v 8.855612 55.625900 -23.671259
v 24.567951 14.840434 5.481216
v 24.567947 106.762291 5.481216
v 22.661566 14.840436 10.588896
v 22.661562 106.762291 10.588896
v 19.628939 14.840436 14.974958
v 19.628935 106.762291 14.974958
v 15.676744 14.840436 18.340502
v 15.676742 106.762291 18.340502
v 11.074318 14.840436 20.456169
v 11.074314 106.762291 20.456169
v 6.135309 14.840435 21.177797
v 6.135304 106.762291 21.177797
v -20.542826 14.840434 21.177797
v 1.196287 106.762291 20.456181
v -25.481842 14.840434 20.456181
v 10.676826 53.826565 -21.310497
v 15.316286 53.826565 -20.632637
v 19.639584 53.826565 -18.645283
v 23.352068 53.826565 -15.483860
v 26.200779 53.826565 -11.363809
v 27.991535 53.826565 -6.565908
v 28.868282 53.826565 -0.000004
v 27.991535 53.826565 6.565902
v 26.200779 53.826565 11.363801
v 23.352070 53.826565 15.483850
v 19.639585 53.826565 18.645275
v 15.316285 53.826565 20.632629
v 10.676826 53.826565 21.310490
v 34.407665 16.764153 3.704222
v 34.407665 17.967722 -0.000000
v 30.297667 16.764153 3.704222
v 30.297667 17.967722 0.000000
v 34.407665 16.764153 -3.704223
v 30.297667 16.764153 -3.704223
v 34.407665 13.613141 -5.993559
v 30.297667 12.907420 -5.993559
v 34.407665 9.718301 -5.993558
v 30.297667 9.012581 -5.993558
v 34.407665 6.567296 -3.704223
v 30.297667 6.567296 -3.704223
v 34.407665 5.363720 -0.000000
v 30.297667 5.363720 0.000000
v 34.407665 6.567296 3.704224
v 30.297667 6.567296 3.704224
v 34.407665 9.718301 5.993558
v 30.297667 9.718300 5.993558
v 34.407665 13.613141 5.993558
v 30.297667 13.613140 5.993558
v 34.407661 95.418091 -0.000000
v 34.407661 96.621666 3.704224
v 30.297663 95.418091 0.000000
v 30.297663 96.621666 3.704224
v 34.407661 99.772659 5.993557
v 30.297663 99.772659 5.993557
v 34.407661 103.667519 5.993558
v 30.297663 103.667519 5.993558
v 34.407661 106.818512 3.704221
v 30.297663 106.818512 3.704221
v 34.407661 108.022079 -0.000000
v 30.297663 108.022079 0.000000
v 34.407661 106.818512 -3.704220
v 30.297661 106.818512 -3.704220
v 34.407661 103.667519 -5.993558
v 30.297661 103.667519 -5.993558
v 34.407661 99.772659 -5.993558
v 30.297663 99.772659 -5.993558
v 34.407661 96.621666 -3.704225
v 30.297663 96.621666 -3.704225
v 32.723484 4.110012 21.090633
v 33.797047 4.110012 17.346663
v 32.723484 0.000001 21.090633
v 33.797047 0.000001 17.346663
v 36.866234 4.110012 14.948751
v 36.866234 0.000002 14.948751
v 40.758720 4.110012 14.812825
v 40.758720 0.000002 14.812825
v 43.987690 4.110012 16.990795
v 43.987690 0.000002 16.990795
v 45.319798 4.110012 20.650749
v 45.319798 0.000002 20.650749
v 44.246243 4.110012 24.394724
v 44.246243 0.000002 24.394724
v 41.177052 4.110012 26.792629
v 41.177052 0.000002 26.792629
v 37.284569 4.110012 26.928558
v 37.284569 0.000002 26.928558
v 34.055603 4.110012 24.750597
v 34.055603 0.000001 24.750597
v 31.071175 5.363730 15.508032
v 28.999804 6.567309 18.578976
v 28.735590 5.363730 13.932662
v 26.664211 6.567309 17.003601
v 27.719622 9.718303 20.476919
v 25.384033 9.718303 18.901545
v 27.719620 13.613164 20.476917
v 25.384033 13.613164 18.901545
v 28.999800 16.764158 18.578970
v 26.664215 16.764158 17.003597
v 31.071175 17.967726 15.508032
v 28.735594 17.967726 13.932662
v 33.142548 16.764158 12.437096
v 30.806961 16.764158 10.861721
v 34.422733 13.613165 10.539148
v 32.087143 13.613164 8.963776
v 34.422733 9.718304 10.539148
v 32.087143 9.718303 8.963776
v 33.142548 6.567309 12.437093
v 30.806965 6.567309 10.861719
v 10.676858 44.862873 21.310490
v 15.316319 44.862873 20.632629
v 19.639591 44.862873 18.645275
v 23.352085 44.862873 15.483850
v 26.200794 44.862873 11.363801
v 27.991556 44.862873 6.565902
v 28.868330 44.862873 -0.000004
v 27.991556 44.862873 -6.565908
v 26.200794 44.862873 -11.363809
v 23.352085 44.862873 -15.483860
v 19.639591 44.862873 -18.645283
v 15.316318 44.862873 -20.632637
v 10.676858 44.862873 -21.310497
v -20.542828 10.155932 -0.000001
v -34.367783 10.155921 4.111051
v -32.937943 10.155921 7.941936
v -30.663395 10.155922 11.231597
v -27.699152 10.155922 13.755843
v -24.247211 10.155922 15.342650
v -20.542824 10.155922 15.883883
v 6.135303 10.155933 -0.000001
v 6.135305 10.155923 15.883882
v 9.839688 10.155923 15.342639
v 13.291623 10.155924 13.755834
v 16.255869 10.155924 11.231593
v 18.530415 10.155924 7.941937
v 19.960253 10.155924 4.111050
v 19.960249 111.446793 4.111050
v 18.530413 111.446793 7.941937
v 16.255865 111.446793 11.231593
v 13.291619 111.446793 13.755834
v 9.839686 111.446793 15.342639
v 6.135303 111.446793 15.883882
v 2.430916 111.446793 15.342650
v -3.406143 106.762291 18.340511
v -1.021023 111.446793 13.755843
v -7.358339 106.762291 14.974963
v -3.985267 111.446793 11.231597
v -10.390965 106.762291 10.588897
v -6.259813 111.446793 7.941936
v -12.297355 106.762291 5.481215
v -7.689654 111.446793 4.111051
v 32.723484 4.110012 -21.090641
v 32.723484 0.000001 -21.090641
v 33.797047 4.110012 -17.346670
v 33.797047 0.000001 -17.346670
v 36.866234 4.110012 -14.948759
v 36.866234 0.000002 -14.948759
v 40.758720 4.110012 -14.812832
v 40.758720 0.000002 -14.812832
v 43.987690 4.110012 -16.990803
v 43.987690 0.000002 -16.990803
v 45.319798 4.110012 -20.650759
v 45.319798 0.000002 -20.650759
v 44.246243 4.110012 -24.394732
v 44.246243 0.000002 -24.394732
v 41.177052 4.110012 -26.792637
v 41.177052 0.000002 -26.792637
v 37.284569 4.110012 -26.928566
v 37.284569 0.000002 -26.928566
v 34.055603 4.110012 -24.750605
v 34.055603 0.000001 -24.750605
v 14.988706 21.251162 -23.497458
v 20.275368 21.251158 -21.067245
v 24.815145 21.251160 -17.201336
v 28.298655 21.251160 -12.163185
v 30.488461 21.251158 -6.296133
v -42.528618 18.045282 -6.296132
v -40.413418 17.488701 -12.163186
v -37.048622 16.603312 -17.201342
v -32.663532 15.449446 -21.067255
v -39.740974 17.663395 18.784664
v -43.127251 18.554251 13.282757
v -35.327896 16.502386 23.006426
v -30.188749 15.150395 25.660320
v -26.821560 15.179181 26.189911
v -24.746428 16.359060 26.465935
v -23.583830 18.291523 26.565519
v 0.002761 104.148849 26.565510
v -24.746426 16.359060 -26.465942
v -26.821558 15.179181 -26.189919
v -30.188747 15.150395 -25.660328
v -35.327896 16.502386 -23.006435
v -39.740974 17.663395 -18.784672
v -43.127251 18.554251 -13.282764
v -45.255943 19.114304 -6.875673
v -45.982021 19.305286 -0.000004
v -45.255943 19.114304 6.875665
v -17.358255 112.980331 -13.282762
v -19.486944 113.540375 -6.875663
v -13.971978 112.089432 -18.784662
v -9.558913 110.928452 -23.006424
v -4.419743 109.576378 -25.660318
v -1.702183 108.441376 -26.149149
v -0.062713 106.297646 -26.465137
v 0.002760 104.148849 -26.565521
v -23.583828 18.291523 -26.565527
v -0.062712 106.297646 26.465128
v -5.941371 99.934349 25.849625
v -5.954606 98.154106 25.947670
v -25.675329 26.303642 25.947680
v -26.581896 24.669094 25.850407
v -28.135397 23.633614 25.483772
v -30.602482 23.517269 24.351456
v -33.227135 24.207663 23.006430
v -37.640209 25.368704 18.784668
v -41.026474 26.259588 13.282761
v -43.155167 26.819658 6.875671
v -43.881256 27.010653 -0.000004
v -43.155167 26.819658 -6.875679
v -41.026474 26.259588 -13.282769
v -37.640213 25.368704 -18.784678
v -33.227139 24.207663 -23.006439
v -30.602480 23.517269 -24.351463
v -28.135395 23.633614 -25.483784
v -26.581894 24.669094 -25.850416
v -25.675327 26.303642 -25.947687
v -5.954606 98.154106 -25.947680
v -5.941372 99.934349 -25.849634
v -7.081138 101.667145 -25.405003
v -9.039254 102.533791 -24.351456
v -11.663930 103.224243 -23.006426
v -16.076996 104.385269 -18.784666
v -19.463263 105.276192 -13.282763
v -21.591948 105.836235 -6.875669
v -20.213009 113.731331 -0.000004
v -22.318016 106.027214 -0.000004
v -21.591946 105.836235 6.875660
v -19.486942 113.540375 6.875655
v -19.463261 105.276192 13.282755
v -17.358253 112.980331 13.282753
v -16.076994 104.385269 18.784658
v -13.971978 112.089432 18.784653
v -11.663930 103.224243 23.006418
v -9.558913 110.928452 23.006416
v -9.039254 102.533791 24.351446
v -4.419743 109.576378 25.660307
v -7.081137 101.667145 25.404995
v -1.702183 108.441376 26.149139
v 31.071175 5.363730 -15.508040
v 28.735590 5.363730 -13.932671
v 28.999802 6.567309 -18.578983
v 26.664209 6.567309 -17.003609
v 27.719620 9.718303 -20.476927
v 25.384031 9.718303 -18.901552
v 27.719618 13.613164 -20.476925
v 25.384031 13.613164 -18.901552
v 28.999798 16.764158 -18.578979
v 26.664213 16.764158 -17.003605
v 31.071173 17.967726 -15.508040
v 28.735592 17.967726 -13.932671
v 33.142548 16.764158 -12.437103
v 30.806959 16.764158 -10.861729
v 34.422733 13.613165 -10.539156
v 32.087143 13.613164 -8.963782
v 34.422733 9.718304 -10.539156
v 32.087143 9.718303 -8.963782
v 33.142548 6.567309 -12.437100
v 30.806965 6.567309 -10.861726
v 6.135298 111.446762 -0.000001
v -38.975487 14.840433 5.481215
v -37.069099 14.840433 10.588897
v -34.036469 14.840433 14.974963
v -30.084272 14.840434 18.340511
v -21.395311 103.509056 -6.201062
v -41.799675 28.738459 -6.201073
v -19.475475 103.003952 -11.979528
v -7.332523 96.432945 -23.401829
vn -0.9417 0.2569 -0.2174
vn -0.8691 0.2371 -0.4341
vn -0.9414 0.2569 -0.2188
vn -0.8693 0.2372 -0.4337
vn -0.7406 0.2021 -0.6409
vn -0.7408 0.2021 -0.6406
vn -0.5473 0.1493 -0.8235
vn -0.5474 0.1494 -0.8234
vn -0.4261 0.1162 -0.8972
vn -0.4264 0.1162 -0.8971
vn -0.3484 0.0951 -0.9325
vn -0.3483 0.0951 -0.9325
vn -0.2374 0.0650 -0.9692
vn -0.2045 0.0560 -0.9773
vn -0.2046 0.0561 -0.9772
vn -0.2374 0.0650 0.9692
vn -0.2046 0.0561 0.9772
vn -0.2044 0.0560 0.9773
vn -0.3483 0.0951 0.9325
vn -0.4262 0.1162 0.8971
vn -0.4263 0.1162 0.8971
vn -0.5469 0.1492 0.8238
vn -0.5479 0.1495 0.8231
vn -0.7407 0.2021 0.6407
vn -0.7405 0.2021 0.6410
vn -0.8693 0.2372 0.4336
vn -0.8691 0.2371 0.4341
vn -0.9415 0.2569 0.2182
vn -0.9415 0.2569 0.2179
vn -0.9647 0.2632 -0.0000
vn -0.8358 -0.3808 0.3954
vn -0.0800 -0.0000 -0.9968
vn -0.3100 -0.0000 -0.9507
vn -0.5752 -0.0000 -0.8180
vn -0.7731 -0.0000 -0.6343
vn -0.9038 -0.0000 -0.4279
vn -0.9767 -0.0000 -0.2145
vn -1.0000 -0.0000 -0.0000
vn 1.0000 -0.0000 -0.0000
vn 0.9751 -0.0000 -0.2215
vn 0.8981 -0.0000 -0.4398
vn 0.7625 -0.0000 -0.6470
vn 0.5624 -0.0000 -0.8269
vn 0.3064 -0.0023 -0.9519
vn 0.3062 -0.0024 -0.9520
vn 0.1004 0.0037 -0.9949
vn 0.0676 0.0039 -0.9977
vn 0.0187 0.0082 -0.9998
vn 0.0012 0.0024 -1.0000
vn 0.0010 0.0022 -1.0000
vn -0.3090 0.9511 -0.0000
vn -0.0636 0.8071 -0.5870
vn -0.0786 0.9969 -0.0000
vn -0.0000 1.0000 -0.0000
vn -0.0000 0.8090 -0.5878
vn -0.0244 0.3086 -0.9509
vn -0.0000 0.3090 -0.9511
vn -0.2498 0.7688 -0.5887
vn -0.5878 0.8090 -0.0000
vn 0.0244 -0.3086 -0.9509
vn -0.0000 -0.3090 -0.9511
vn -0.0953 0.2933 -0.9513
vn -0.4751 0.6540 -0.5887
vn -0.8090 0.5878 -0.0000
vn -0.9511 0.3090 -0.0000
vn -0.6540 0.4751 -0.5887
vn -0.1812 0.2495 -0.9513
vn 0.0953 -0.2932 -0.9513
vn 0.0636 -0.8070 -0.5871
vn -0.0000 -0.8090 -0.5878
vn -0.9969 0.0788 -0.0000
vn -0.7688 0.2498 -0.5887
vn -0.2495 0.1812 -0.9513
vn 0.1813 -0.2495 -0.9513
vn 0.2498 -0.7688 -0.5887
vn 0.0781 -0.9969 -0.0000
vn -0.0000 -1.0000 -0.0000
vn -0.0000 0.8090 0.5878
vn -0.0636 0.8071 0.5870
vn -0.0000 0.3090 0.9511
vn -0.0244 0.3086 0.9509
vn -0.0000 -0.3090 0.9511
vn 0.0244 -0.3086 0.9509
vn -0.0000 -0.8090 0.5878
vn 0.0636 -0.8070 0.5871
vn 0.3090 -0.9511 -0.0000
vn 0.4751 -0.6540 -0.5887
vn 0.2494 -0.1812 -0.9513
vn -0.2933 0.0953 -0.9513
vn 0.7688 0.2498 -0.5887
vn 0.8070 0.0636 -0.5871
vn 0.2933 0.0953 -0.9513
vn 0.3086 0.0244 -0.9509
vn -0.2933 -0.0953 -0.9513
vn -0.3086 -0.0244 -0.9509
vn -0.7688 -0.2498 -0.5887
vn -0.8071 -0.0636 -0.5870
vn -0.8071 0.0636 -0.5870
vn -0.3086 0.0244 -0.9509
vn 0.2932 -0.0953 -0.9513
vn 0.6540 -0.4751 -0.5887
vn 0.5878 -0.8090 -0.0000
vn 0.2498 -0.7688 0.5887
vn 0.3086 -0.0244 -0.9509
vn -0.9969 -0.0786 -0.0000
vn -0.9511 -0.3090 -0.0000
vn -0.8090 -0.5878 -0.0000
vn -0.6540 -0.4751 -0.5887
vn -0.2495 -0.1812 -0.9513
vn 0.2495 0.1813 -0.9513
vn 0.6540 0.4751 -0.5887
vn 0.9511 0.3090 -0.0000
vn 0.8090 0.5878 -0.0000
vn 0.7688 0.2498 0.5887
vn 0.6540 0.4751 0.5887
vn -0.4751 -0.6540 0.5887
vn -0.6540 -0.4751 0.5887
vn -0.1812 -0.2495 0.9513
vn -0.2495 -0.1812 0.9513
vn 0.1812 0.2495 0.9513
vn 0.2494 0.1812 0.9513
vn 0.4751 0.6540 0.5887
vn 0.5878 0.8090 -0.0000
vn 0.4751 0.6540 -0.5887
vn 0.1812 0.2495 -0.9513
vn -0.1812 -0.2495 -0.9513
vn -0.4751 -0.6540 -0.5887
vn -0.5878 -0.8090 -0.0000
vn -0.3090 -0.9511 -0.0000
vn -0.2498 -0.7688 -0.5887
vn -0.0953 -0.2933 -0.9513
vn 0.0953 0.2932 -0.9513
vn 0.2498 0.7688 -0.5887
vn 0.3090 0.9511 -0.0000
vn 0.2498 0.7688 0.5887
vn 0.0953 0.2932 0.9513
vn -0.0953 -0.2933 0.9513
vn -0.0782 -0.9969 -0.0000
vn -0.0636 -0.8071 -0.5870
vn -0.0244 -0.3086 -0.9509
vn 0.0244 0.3086 -0.9509
vn 0.0636 0.8071 -0.5870
vn 0.0789 0.9969 -0.0000
vn 0.0636 0.8070 0.5871
vn 0.0244 0.3086 0.9509
vn -0.0244 -0.3086 0.9509
vn -0.2498 -0.7688 0.5887
vn -0.0636 -0.8071 0.5870
vn 0.2932 0.0953 0.9513
vn -0.2933 -0.0953 0.9513
vn -0.7688 -0.2498 0.5887
vn -0.8071 -0.0636 0.5870
vn -0.3086 -0.0244 0.9509
vn 0.3086 0.0244 0.9509
vn 0.8071 0.0636 0.5870
vn 0.9969 0.0781 -0.0000
vn 0.8071 -0.0636 -0.5870
vn 0.7688 -0.2498 -0.5887
vn 0.8090 -0.5878 -0.0000
vn 0.4751 -0.6540 0.5887
vn 0.8070 -0.0636 0.5871
vn 0.9969 -0.0782 -0.0000
vn 0.9511 -0.3090 -0.0000
vn 0.6540 -0.4751 0.5887
vn 0.1812 -0.2494 0.9513
vn 0.2495 -0.1813 0.9513
vn -0.1812 0.2495 0.9513
vn -0.2495 0.1812 0.9513
vn 0.2932 -0.0953 0.9513
vn -0.2933 0.0953 0.9513
vn 0.3086 -0.0244 0.9509
vn -0.3086 0.0244 0.9509
vn 0.7688 -0.2498 0.5887
vn 0.0953 -0.2932 0.9513
vn -0.0953 0.2933 0.9513
vn -0.2498 0.7688 0.5887
vn -0.4751 0.6540 0.5887
vn -0.6540 0.4751 0.5887
vn -0.7688 0.2498 0.5887
vn -0.8071 0.0636 0.5870
vn -0.0654 -0.9969 0.0441
vn 0.3287 -0.8090 0.4873
vn -0.3408 -0.0636 0.9380
vn -0.3420 -0.0000 0.9397
vn 0.2759 -0.0244 0.9609
vn -0.8290 -0.0000 0.5592
vn -0.8265 -0.0786 0.5575
vn -0.7885 -0.3090 0.5318
vn -0.3082 -0.2498 0.9180
vn -0.6707 -0.5878 0.4524
vn -0.2130 -0.4751 0.8537
vn -0.4873 -0.8090 0.3287
vn -0.0647 -0.6540 0.7537
vn -0.2562 -0.9511 0.1728
vn 0.1221 -0.7688 0.6277
vn 0.2755 -0.8071 0.5223
vn 0.5318 -0.3090 0.7885
vn 0.5115 -0.3086 0.8020
vn 0.5318 0.3090 0.7885
vn 0.5519 0.3086 0.7747
vn 0.3251 -0.1812 0.9281
vn 0.2888 -0.0953 0.9526
vn -0.3810 -0.8070 -0.4511
vn -0.5519 -0.3086 -0.7747
vn -0.5363 -0.7688 -0.3484
vn -0.6109 -0.2933 -0.7354
vn -0.5115 0.3086 -0.8020
vn -0.4530 0.2932 -0.8419
vn -0.2755 0.8070 -0.5223
vn -0.1221 0.7688 -0.6277
vn 0.0647 0.9970 -0.0436
vn 0.2562 0.9511 -0.1728
vn 0.3810 0.8070 0.4511
vn 0.5363 0.7688 0.3484
vn 0.6110 0.2932 0.7354
vn 0.4529 -0.2933 0.8419
vn -0.7231 -0.6540 -0.2224
vn -0.6822 -0.2495 -0.6873
vn -0.3817 0.2494 -0.8900
vn 0.0647 0.6540 -0.7537
vn 0.4873 0.8090 -0.3287
vn 0.7231 0.6540 0.2223
vn 0.6822 0.2494 0.6873
vn 0.3817 -0.2495 0.8900
vn -0.8714 -0.4751 -0.1223
vn -0.7388 -0.1812 -0.6491
vn -0.3251 0.1812 -0.9281
vn 0.2130 0.4751 -0.8537
vn 0.6707 0.5878 -0.4524
vn 0.8714 0.4751 0.1224
vn 0.7388 0.1813 0.6491
vn -0.9666 -0.2498 -0.0581
vn -0.7751 -0.0953 -0.6247
vn -0.2888 0.0953 -0.9526
vn 0.3082 0.2498 -0.9179
vn 0.7885 0.3090 -0.5318
vn 0.9666 0.2498 0.0581
vn 0.7751 0.0953 0.6247
vn -0.9973 -0.0636 -0.0353
vn -0.7876 -0.0244 -0.6158
vn -0.2759 0.0244 -0.9609
vn 0.3408 0.0636 -0.9380
vn 0.8265 0.0780 -0.5575
vn 0.9973 0.0636 0.0353
vn 0.7876 0.0244 0.6158
vn -0.9994 -0.0000 -0.0349
vn -0.7880 -0.0000 -0.6157
vn -0.2756 -0.0000 -0.9613
vn 0.3420 -0.0000 -0.9397
vn 0.8290 -0.0000 -0.5592
vn 0.9994 -0.0000 0.0349
vn 0.7880 -0.0000 0.6157
vn 0.2756 -0.0000 0.9613
vn -0.2562 -0.9511 -0.1728
vn -0.4873 -0.8090 -0.3287
vn -0.5363 -0.7688 0.3484
vn -0.7231 -0.6540 0.2224
vn -0.6109 -0.2933 0.7354
vn -0.6707 -0.5878 -0.4524
vn -0.6822 -0.2495 0.6873
vn -0.4529 0.2933 0.8419
vn -0.8714 -0.4751 0.1223
vn -0.7885 -0.3090 -0.5318
vn -0.3817 0.2495 0.8900
vn -0.7388 -0.1812 0.6491
vn -0.9666 -0.2498 0.0581
vn -0.8265 -0.0787 -0.5575
vn -0.3810 -0.8070 0.4511
vn -0.3287 -0.8090 0.4873
vn -0.0654 -0.9969 -0.0441
vn -0.5519 -0.3086 0.7747
vn -0.5115 0.3086 0.8019
vn -0.2755 0.8070 0.5223
vn -0.1221 0.7688 0.6277
vn 0.0648 0.9969 0.0437
vn 0.2562 0.9511 0.1728
vn 0.3810 0.8071 -0.4511
vn 0.5363 0.7688 -0.3484
vn 0.5519 0.3086 -0.7747
vn 0.6109 0.2932 -0.7354
vn 0.5115 -0.3086 -0.8020
vn 0.4529 -0.2933 -0.8419
vn -0.5318 -0.3090 0.7885
vn -0.5318 0.3090 0.7885
vn -0.3287 0.8090 0.4873
vn 0.3287 0.8090 -0.4873
vn 0.5318 0.3090 -0.7885
vn 0.5318 -0.3090 -0.7885
vn 0.2755 -0.8070 -0.5223
vn 0.3287 -0.8090 -0.4873
vn -0.3082 -0.2498 -0.9180
vn 0.2759 -0.0244 -0.9609
vn -0.3408 -0.0636 -0.9380
vn 0.2888 -0.0953 -0.9526
vn -0.2130 -0.4751 -0.8537
vn 0.3251 -0.1812 -0.9281
vn -0.0647 -0.6540 -0.7537
vn 0.3817 -0.2495 -0.8900
vn 0.1221 -0.7688 -0.6277
vn 0.6822 0.2494 -0.6873
vn 0.7231 0.6540 -0.2224
vn 0.4873 0.8090 0.3287
vn 0.0647 0.6540 0.7537
vn 0.7876 0.0244 -0.6158
vn 0.7751 0.0953 -0.6246
vn 0.7388 0.1813 -0.6491
vn 0.8714 0.4751 -0.1224
vn 0.6707 0.5878 0.4524
vn 0.2130 0.4751 0.8537
vn -0.3251 0.1812 0.9281
vn -0.7751 -0.0953 0.6247
vn -0.9973 -0.0636 0.0353
vn -0.7876 -0.0244 0.6158
vn -0.2888 0.0953 0.9526
vn 0.3082 0.2498 0.9179
vn 0.7885 0.3090 0.5318
vn 0.9666 0.2498 -0.0581
vn 0.9973 0.0636 -0.0353
vn -0.2759 0.0244 0.9609
vn 0.3408 0.0636 0.9380
vn 0.8265 0.0780 0.5575
vn 0.7880 -0.0000 -0.6157
vn 0.9994 -0.0000 -0.0349
vn 0.8290 -0.0000 0.5592
vn 0.3420 -0.0000 0.9397
vn -0.2756 -0.0000 0.9613
vn -0.7880 -0.0000 0.6157
vn -0.9994 -0.0000 0.0349
vn -0.8290 -0.0000 -0.5592
vn -0.3420 -0.0000 -0.9397
vn 0.2756 -0.0000 -0.9613
vn -0.5553 -0.5565 -0.6180
vn -0.7032 -0.5089 -0.4966
vn -0.5555 -0.5565 -0.6179
vn -0.7033 -0.5088 -0.4965
vn -0.8110 -0.4718 -0.3459
vn -0.8761 -0.4485 -0.1770
vn -0.8760 -0.4485 -0.1773
vn -0.8977 -0.4406 -0.0000
vn 0.7286 -0.6620 -0.1761
vn 0.7513 -0.6600 -0.0000
vn 0.7285 -0.6620 -0.1764
vn 0.6602 -0.6675 -0.3444
vn 0.6604 -0.6675 -0.3441
vn 0.5476 -0.6751 -0.4944
vn 0.5475 -0.6751 -0.4945
vn 0.3937 -0.6826 -0.6157
vn 0.3935 -0.6826 -0.6158
vn 0.1984 -0.6880 -0.6981
vn 0.1986 -0.6880 -0.6980
vn -0.0020 -0.6866 -0.7271
vn -0.0019 -0.6866 -0.7271
vn -0.1770 -0.6629 -0.7275
vn -0.3669 -0.6128 -0.6999
vn -0.5769 0.8168 -0.0000
vn -0.5543 0.8128 -0.1795
vn -0.5542 0.8128 -0.1795
vn -0.4863 0.8001 -0.3511
vn -0.4864 0.8002 -0.3510
vn -0.3740 0.7777 -0.5052
vn -0.3742 0.7778 -0.5050
vn -0.2210 0.7442 -0.6303
vn -0.0434 0.7009 -0.7119
vn -0.0435 0.7011 -0.7117
vn 0.0685 0.6695 -0.7397
vn 0.0687 0.6694 -0.7397
vn 0.1072 0.6646 -0.7395
vn 0.1070 0.6646 -0.7395
vn 0.2194 0.6669 -0.7121
vn 0.2192 0.6668 -0.7123
vn 0.4033 0.6628 -0.6309
vn 0.4031 0.6628 -0.6311
vn 0.5603 0.6555 -0.5063
vn 0.5605 0.6555 -0.5061
vn 0.6752 0.6481 -0.3523
vn 0.6754 0.6481 -0.3520
vn 0.7446 0.6427 -0.1803
vn 0.7447 0.6427 -0.1801
vn 0.7678 0.6407 -0.0000
vn 0.5062 0.3387 0.7931
vn 0.6999 0.3314 0.6326
vn 0.6998 0.3315 0.6328
vn 0.8385 0.3246 0.4376
vn 0.8386 0.3246 0.4375
vn 0.9210 0.3197 0.2227
vn 0.9208 0.3197 0.2233
vn 0.9481 0.3180 -0.0000
vn -0.8317 0.5552 -0.0000
vn -0.8053 0.5498 0.2218
vn -0.8051 0.5498 0.2225
vn -0.7249 0.5330 0.4363
vn -0.7250 0.5330 0.4361
vn -0.5901 0.5035 0.6311
vn -0.5901 0.5035 0.6310
vn -0.4019 0.4599 0.7918
vn -0.4025 0.4600 0.7914
vn -0.1725 0.4052 0.8978
vn -0.1727 0.4052 0.8978
vn -0.0006 0.3568 0.9342
vn 0.0473 0.3533 0.9343
vn 0.0957 0.3423 0.9347
vn 0.2703 0.3445 0.8990
vn 0.2701 0.3447 0.8990
vn 0.5065 0.3387 0.7930
vn 0.1002 0.7591 -0.6432
vn 0.1001 0.7591 -0.6432
vn -0.0102 0.7889 -0.6144
vn -0.0103 0.7889 -0.6144
vn -0.1415 0.8279 -0.5428
vn -0.1414 0.8279 -0.5428
vn -0.2768 0.8554 -0.4378
vn -0.2769 0.8554 -0.4377
vn -0.3777 0.8740 -0.3059
vn -0.3776 0.8739 -0.3060
vn -0.4395 0.8845 -0.1568
vn -0.4393 0.8845 -0.1573
vn -0.4601 0.8879 -0.0000
vn -0.4394 0.8845 0.1570
vn -0.3777 0.8740 0.3059
vn -0.3776 0.8739 0.3060
vn -0.2769 0.8554 0.4377
vn -0.2768 0.8554 0.4378
vn -0.1414 0.8279 0.5428
vn -0.1415 0.8279 0.5428
vn -0.0102 0.7889 0.6144
vn -0.0103 0.7889 0.6144
vn 0.1001 0.7591 0.6432
vn 0.2125 0.7587 0.6158
vn 0.2125 0.7588 0.6157
vn 0.3479 0.7637 0.5438
vn 0.3477 0.7637 0.5439
vn 0.4864 0.7554 0.4390
vn 0.4863 0.7554 0.4392
vn 0.5892 0.7473 0.3071
vn 0.5893 0.7473 0.3070
vn 0.6521 0.7416 0.1576
vn 0.6520 0.7416 0.1579
vn 0.6732 0.7395 -0.0000
vn 0.6522 0.7416 -0.1575
vn 0.6520 0.7416 -0.1579
vn 0.5893 0.7473 -0.3070
vn 0.5892 0.7473 -0.3072
vn 0.4863 0.7554 -0.4392
vn 0.4864 0.7554 -0.4390
vn 0.3478 0.7637 -0.5439
vn 0.3478 0.7637 -0.5438
vn 0.2125 0.7588 -0.6157
vn 0.2125 0.7587 -0.6158
vn 0.1868 0.7227 -0.6654
vn 0.1447 0.7351 -0.6623
vn 0.1449 0.7350 -0.6623
vn 0.1027 0.7462 -0.6578
vn 0.1026 0.7461 -0.6579
vn -0.1320 0.0360 -0.9906
vn -0.0686 0.0187 -0.9975
vn -0.0695 0.0190 -0.9974
vn -0.0061 0.0017 -1.0000
vn 0.2545 0.9671 -0.0000
vn 0.1447 0.7351 -0.6624
vn 0.1448 0.7350 -0.6624
vn 0.1023 0.7457 -0.6584
vn 0.1021 0.7456 -0.6585
vn -0.0688 0.0188 -0.9975
vn -0.0696 0.0190 -0.9974
vn 0.3935 -0.1074 -0.9130
vn 0.2645 -0.0722 -0.9617
vn 0.1301 -0.0355 -0.9909
vn 0.2648 -0.0709 -0.9617
vn -0.2545 -0.9671 -0.0000
vn 0.0053 0.7541 0.6567
vn 0.0003 0.7587 0.6515
vn 0.0072 0.7607 0.6490
vn -0.0076 0.7544 0.6563
vn -0.0415 0.7630 0.6451
vn -0.0554 0.7674 0.6388
vn -0.2187 0.7693 0.6003
vn -0.2186 0.7693 0.6003
vn -0.4207 0.7492 0.5116
vn -0.5933 0.7125 0.3747
vn -0.5934 0.7124 0.3746
vn -0.7087 0.6772 0.1979
vn -0.7086 0.6773 0.1979
vn -0.7489 0.6627 -0.0000
vn 0.7502 0.6612 -0.0000
vn 0.7197 0.6739 0.1672
vn 0.7503 0.6611 -0.0000
vn 0.7196 0.6739 0.1673
vn 0.6333 0.7060 0.3171
vn 0.6333 0.7059 0.3171
vn 0.5051 0.7435 0.4383
vn 0.3511 0.7729 0.5285
vn 0.3511 0.7729 0.5286
vn 0.1873 0.7859 0.5893
vn -0.0373 0.7965 0.6034
vn -0.0840 0.7981 0.5967
vn -0.2568 0.7620 0.5945
vn -0.2954 0.7451 0.5980
vn -0.2085 0.7415 0.6378
vn 0.6998 0.3315 -0.6328
vn 0.6999 0.3314 -0.6326
vn 0.5062 0.3387 -0.7931
vn 0.8386 0.3246 -0.4375
vn 0.8385 0.3246 -0.4378
vn 0.9207 0.3197 -0.2236
vn 0.9211 0.3197 -0.2220
vn -0.8053 0.5498 -0.2220
vn -0.8051 0.5498 -0.2225
vn -0.7250 0.5330 -0.4361
vn -0.7250 0.5330 -0.4362
vn -0.5903 0.5036 -0.6309
vn -0.5899 0.5035 -0.6313
vn -0.4023 0.4600 -0.7915
vn -0.4020 0.4599 -0.7917
vn -0.1725 0.4052 -0.8978
vn -0.1727 0.4052 -0.8978
vn -0.0007 0.3568 -0.9342
vn 0.0473 0.3534 -0.9343
vn 0.0955 0.3423 -0.9347
vn 0.2702 0.3445 -0.8991
vn 0.2702 0.3444 -0.8991
vn 0.5064 0.3387 -0.7930
vn 0.7162 -0.0000 -0.6979
vn 0.5097 -0.0000 -0.8604
vn 0.2651 -0.0000 -0.9642
vn 0.1340 -0.0000 -0.9910
vn 0.2651 -0.0000 0.9642
vn 0.1340 -0.0000 0.9910
vn 0.5097 -0.0000 0.8604
vn 0.7162 -0.0000 0.6979
vn 0.8715 -0.0000 0.4904
vn 0.9655 -0.0000 0.2603
vn 0.9655 -0.0000 -0.2603
vn 0.8715 -0.0000 -0.4904
vn 0.0003 0.0003 -1.0000
vn -0.0420 -0.0175 -0.9990
vn 0.0272 0.0098 -0.9996
vn 0.0618 -0.0527 -0.9967
vn 0.0980 -0.0915 -0.9910
vn 0.1120 -0.1208 -0.9863
vn 0.0655 -0.0443 -0.9969
vn 0.0254 -0.0137 -0.9996
vn 0.0290 0.0119 -0.9995
vn 0.0724 0.0380 -0.9967
vn 0.0869 0.0151 -0.9961
vn 0.0704 0.0032 -0.9975
vn 0.1488 0.0005 -0.9889
vn 0.2468 0.0005 -0.9691
vn 0.2974 -0.0000 -0.9548
vn 0.5381 -0.0000 -0.8429
vn 0.7417 -0.0000 -0.6707
vn 0.8865 -0.0000 -0.4627
vn 0.9719 -0.0000 -0.2354
vn -0.9377 0.2559 -0.2350
vn -0.9376 0.2558 -0.2353
vn -0.8556 0.2335 -0.4620
vn -0.8553 0.2334 -0.4626
vn -0.7163 0.1954 -0.6699
vn -0.7156 0.1953 -0.6706
vn -0.5201 0.1419 -0.8423
vn -0.5190 0.1416 -0.8430
vn -0.2312 0.0651 -0.9707
vn -0.2748 0.0750 -0.9586
vn -0.0924 0.0258 -0.9954
vn -0.1078 0.0336 -0.9936
vn -0.0415 0.0195 -0.9990
vn -0.0358 0.0139 -0.9993
vn -0.0284 -0.0050 -0.9996
vn -0.0840 0.0498 -0.9952
vn -0.0722 -0.0306 -0.9969
vn -0.0813 -0.0402 -0.9959
vn -0.1185 -0.0423 -0.9921
vn -0.1185 -0.0424 -0.9920
vn -0.1437 -0.0469 -0.9885
vn 0.0003 0.0003 1.0000
vn 0.0272 0.0098 0.9996
vn -0.0420 -0.0175 0.9990
vn -0.0924 0.0258 0.9954
vn -0.0415 0.0195 0.9990
vn 0.0704 0.0032 0.9975
vn -0.9377 0.2559 0.2350
vn -0.9376 0.2558 0.2353
vn -0.8556 0.2335 0.4620
vn -0.8553 0.2334 0.4626
vn -0.7157 0.1953 0.6705
vn -0.7162 0.1954 0.6699
vn -0.5201 0.1419 0.8423
vn -0.5190 0.1416 0.8430
vn -0.2312 0.0651 0.9707
vn -0.2748 0.0750 0.9586
vn -0.1078 0.0336 0.9936
vn -0.0840 0.0498 0.9952
vn -0.0358 0.0139 0.9993
vn -0.0284 -0.0050 0.9996
vn -0.0722 -0.0306 0.9969
vn -0.0816 -0.0402 0.9959
vn -0.1185 -0.0422 0.9921
vn -0.1185 -0.0424 0.9920
vn -0.1437 -0.0469 0.9885
vn 0.9719 -0.0000 0.2354
vn 0.8865 -0.0000 0.4627
vn 0.7417 -0.0000 0.6707
vn 0.5381 -0.0000 0.8429
vn 0.2468 0.0005 0.9691
vn 0.2974 -0.0000 0.9548
vn 0.1489 0.0004 0.9889
vn 0.0869 0.0151 0.9961
vn 0.0723 0.0379 0.9967
vn 0.0291 0.0120 0.9995
vn 0.0254 -0.0137 0.9996
vn 0.0618 -0.0527 0.9967
vn 0.0656 -0.0443 0.9969
vn 0.0980 -0.0915 0.9910
vn 0.1120 -0.1208 0.9863
vn 0.0735 0.8485 -0.5241
vn 0.1562 0.8311 -0.5338
vn 0.0735 0.8484 -0.5242
vn 0.1563 0.8311 -0.5338
vn 0.3151 0.8002 -0.5103
vn 0.4466 0.7898 -0.4204
vn 0.5345 0.7935 -0.2911
vn 0.5344 0.7935 -0.2912
vn 0.5802 0.8003 -0.1516
vn 0.5802 0.8002 -0.1516
vn 0.5942 0.8043 -0.0000
vn 0.5802 0.8003 0.1515
vn 0.5802 0.8003 0.1516
vn 0.5344 0.7935 0.2912
vn 0.5345 0.7935 0.2911
vn 0.4466 0.7898 0.4204
vn 0.4467 0.7898 0.4204
vn 0.3151 0.8002 0.5103
vn 0.1563 0.8311 0.5338
vn 0.0735 0.8485 0.5241
vn -0.5328 0.7497 -0.3925
vn -0.8432 0.2301 -0.4858
vn -0.9494 0.2591 0.1774
vn 0.4176 -0.7365 -0.5321
vn 0.7280 0.4280 -0.5356
vn 0.2580 0.2903 0.9215
vn 0.3385 0.1399 0.9305
vn 0.0971 0.1175 0.9883
vn 0.4875 0.2085 0.8478
vn 0.4461 0.4248 0.7877
vn 0.6413 0.2362 0.7300
vn 0.5943 0.4911 0.6369
vn 0.8006 0.2521 0.5435
vn 0.7097 0.5422 0.4498
vn 0.8956 0.2703 0.3534
vn 0.7643 0.5814 0.2791
vn 0.9435 0.2825 0.1732
vn 0.7855 0.6045 0.1325
vn 0.9580 0.2867 -0.0000
vn 0.7908 0.6120 -0.0000
vn 0.0318 -0.0493 0.9983
vn 0.0698 -0.0641 0.9955
vn 0.0279 -0.1765 0.9839
vn 0.0773 0.0067 0.9970
vn 0.0498 0.0188 0.9986
vn 0.1813 0.0564 0.9818
vn 0.2636 -0.0052 0.9646
vn 0.4084 -0.0126 0.9127
vn 0.5035 -0.0177 0.8638
vn 0.6397 -0.0369 0.7677
vn 0.8105 -0.0641 0.5822
vn 0.9198 -0.0739 0.3854
vn 0.9785 -0.0773 0.1913
vn 0.9970 -0.0780 -0.0000
vn 0.1331 -0.1947 0.9718
vn 0.1078 -0.0789 0.9910
vn 0.2367 -0.2106 0.9485
vn 0.1048 -0.0053 0.9945
vn 0.4189 -0.8974 0.1385
vn 0.5744 -0.8186 -0.0000
vn 0.4206 -0.9072 -0.0000
vn 0.5678 -0.8080 0.1573
vn 0.7098 -0.7044 -0.0000
vn 0.6994 -0.6939 0.1713
vn 0.5442 -0.7738 0.3242
vn 0.6642 -0.6611 0.3490
vn 0.4908 -0.7084 0.5072
vn 0.5938 -0.5990 0.5373
vn 0.3901 -0.6060 0.6932
vn 0.4801 -0.5030 0.7186
vn 0.3017 -0.5078 0.8069
vn 0.3836 -0.4096 0.8277
vn 0.2205 -0.3746 0.9006
vn 0.3201 -0.3230 0.8906
vn 0.1165 -0.4222 0.8990
vn 0.2147 -0.5975 0.7726
vn 0.2925 -0.6974 0.6543
vn 0.3764 -0.8011 0.4653
vn 0.4092 -0.8649 0.2905
vn -0.9883 -0.1524 -0.0000
vn -0.9632 -0.1607 -0.2153
vn -0.9632 -0.1607 -0.2154
vn -0.8871 -0.1855 -0.4226
vn -0.8872 -0.1854 -0.4225
vn -0.7591 -0.2257 -0.6106
vn -0.7588 -0.2257 -0.6109
vn -0.5795 -0.2792 -0.7656
vn -0.5797 -0.2791 -0.7655
vn -0.3518 -0.3429 -0.8710
vn -0.3521 -0.3428 -0.8709
vn -0.1379 -0.3994 -0.9063
vn 0.0384 -0.4266 -0.9036
vn 0.0383 -0.4266 -0.9036
vn 0.2545 -0.4313 -0.8656
vn 0.2544 -0.4313 -0.8656
vn 0.4863 -0.4297 -0.7609
vn 0.4856 -0.4297 -0.7613
vn 0.6712 -0.4251 -0.6073
vn 0.6718 -0.4251 -0.6067
vn 0.8046 -0.4198 -0.4200
vn 0.8047 -0.4198 -0.4197
vn 0.8838 -0.4159 -0.2142
vn 0.8839 -0.4159 -0.2139
vn 0.9101 -0.4144 -0.0000
vn -0.8358 -0.3808 -0.3954
vn 0.2178 0.0073 -0.9760
vn 0.1559 0.0265 -0.9874
vn 0.1512 0.0145 -0.9884
vn 0.1457 0.0014 -0.9893
vn 0.1467 -0.0051 -0.9892
vn 0.9701 -0.0000 -0.2425
vn 0.2392 -0.0034 -0.9710
vn 0.1488 -0.0101 -0.9888
vn 0.1488 -0.0102 -0.9888
vn 0.7171 -0.1957 -0.6690
vn -0.2780 -0.6986 -0.6593
vn -0.2358 -0.7107 -0.6628
vn -0.2779 -0.6988 -0.6592
vn -0.2356 -0.7107 -0.6629
vn -0.1931 -0.7209 -0.6656
vn -0.1931 -0.7210 -0.6655
vn 0.3935 -0.1074 0.9130
vn 0.2646 -0.0718 0.9617
vn 0.2645 -0.0722 0.9617
vn 0.1301 -0.0355 0.9909
vn 0.4932 -0.8699 -0.0000
vn 0.8621 0.5068 -0.0000
vn -0.4753 0.8706 0.1268
vn -0.4754 0.8706 0.1268
vn -0.4752 0.8707 0.1266
vn -0.4753 0.8707 0.1267
vn -0.8466 -0.5166 0.1279
vn -0.8467 -0.5165 0.1280
vn -0.8466 -0.5167 0.1278
vn 0.9647 -0.2632 -0.0000
vn 0.3078 -0.0000 0.9515
vn 0.5720 -0.0000 0.8202
vn 0.7705 -0.0000 0.6374
vn 0.9024 -0.0000 0.4308
vn 0.9763 -0.0000 0.2162
vn -0.9778 -0.0000 0.2094
vn -0.9080 -0.0000 0.4191
vn -0.7809 -0.0000 0.6247
vn -0.5848 -0.0000 0.8112
vn -0.3171 -0.0000 0.9484
vn -0.0821 -0.0000 0.9966
vn -0.0000 -0.0000 1.0000
vn 0.0793 -0.0000 0.9968
vn 0.3935 -0.6826 0.6158
vn 0.5477 -0.6751 0.4943
vn 0.3936 -0.6826 0.6157
vn 0.5474 -0.6751 0.4946
vn 0.6603 -0.6675 0.3442
vn 0.7285 -0.6620 0.1765
vn 0.7286 -0.6619 0.1759
vn -0.8761 -0.4485 0.1771
vn -0.8760 -0.4485 0.1772
vn -0.8110 -0.4718 0.3458
vn -0.8110 -0.4718 0.3459
vn -0.7033 -0.5088 0.4965
vn -0.7032 -0.5089 0.4966
vn -0.5555 -0.5565 0.6179
vn -0.5553 -0.5565 0.6180
vn -0.3668 -0.6128 0.6999
vn -0.3671 -0.6128 0.6999
vn -0.1770 -0.6629 0.7275
vn -0.1769 -0.6629 0.7275
vn -0.0021 -0.6866 0.7270
vn -0.0019 -0.6866 0.7270
vn 0.1984 -0.6880 0.6981
vn 0.1988 -0.6879 0.6981
vn -0.5543 0.8128 0.1795
vn -0.5542 0.8128 0.1796
vn -0.4862 0.8001 0.3512
vn -0.4864 0.8002 0.3509
vn -0.3742 0.7778 0.5050
vn -0.3741 0.7778 0.5051
vn -0.2213 0.7443 0.6301
vn -0.2208 0.7442 0.6304
vn -0.0434 0.7009 0.7119
vn -0.0435 0.7011 0.7117
vn 0.0686 0.6695 0.7396
vn 0.0687 0.6694 0.7397
vn 0.1068 0.6647 0.7394
vn 0.1066 0.6647 0.7394
vn 0.2194 0.6669 0.7121
vn 0.2192 0.6668 0.7123
vn 0.4034 0.6628 0.6309
vn 0.4030 0.6628 0.6311
vn 0.5603 0.6555 0.5063
vn 0.5605 0.6555 0.5061
vn 0.6753 0.6481 0.3521
vn 0.7446 0.6427 0.1803
vn 0.7447 0.6427 0.1801
vn 0.0218 0.9981 0.0572
vn 0.1392 0.9899 0.0283
vn 0.0136 0.9999 -0.0000
vn 0.1507 0.9871 0.0548
vn 0.0447 0.9931 0.1087
vn 0.1694 0.9825 0.0776
vn 0.0820 0.9846 0.1543
vn 0.0820 0.9846 -0.1543
vn 0.1937 0.9764 -0.0953
vn 0.1307 0.9731 -0.1895
vn 0.1694 0.9825 -0.0776
vn 0.0447 0.9931 -0.1087
vn 0.1508 0.9870 -0.0548
vn 0.0214 0.9982 -0.0559
vn 0.1391 0.9899 -0.0283
vn 0.1351 0.9908 -0.0000
vn 0.2544 0.9671 -0.0000
vn 0.1937 0.9764 0.0953
vn 0.1307 0.9731 0.1895
vn 0.2056 0.9786 -0.0000
vn 0.1742 0.9797 0.0994
vn 0.1410 0.9701 0.1976
vn 0.1261 0.9734 0.1910
vn 0.1249 0.9875 0.0960
vn 0.1100 0.9741 0.1977
vn 0.0779 0.9920 0.0994
vn 0.1212 0.9744 0.1894
vn 0.0610 0.9936 0.0952
vn 0.1712 0.9731 0.1543
vn 0.0862 0.9932 0.0777
vn 0.2094 0.9718 0.1089
vn 0.1054 0.9929 0.0549
vn 0.2332 0.9708 0.0563
vn 0.1174 0.9927 0.0284
vn 0.1215 0.9926 -0.0000
vn 0.0444 0.9990 -0.0000
vn 0.1226 0.9925 -0.0000
vn 0.1743 0.9797 -0.0993
vn 0.2413 0.9704 -0.0000
vn 0.1174 0.9927 -0.0284
vn 0.1054 0.9929 -0.0549
vn 0.0862 0.9932 -0.0777
vn 0.0610 0.9936 -0.0952
vn 0.0779 0.9920 -0.0994
vn 0.1249 0.9875 -0.0960
vn 0.1261 0.9734 -0.1911
vn 0.1409 0.9701 -0.1976
vn 0.2333 0.9708 -0.0562
vn 0.2095 0.9718 -0.1087
vn 0.1714 0.9731 -0.1542
vn 0.1213 0.9744 -0.1893
vn 0.1099 0.9741 -0.1977
vn 0.4467 0.7898 -0.4204
vn 0.5802 0.8003 -0.1515
vn 0.1562 0.8311 0.5338
vn -0.2357 -0.7107 -0.6628
vn -0.4753 0.8707 -0.1268
vn -0.4753 0.8707 -0.1267
vn -0.4753 0.8706 -0.1268
vn -0.8466 -0.5166 -0.1279
vn -0.8466 -0.5167 -0.1278
vn -0.8467 -0.5165 -0.1280
vn -0.5328 0.7497 0.3925
vn -0.8432 0.2301 0.4858
vn -0.9494 0.2591 -0.1774
vn 0.4176 -0.7365 0.5321
vn -0.9778 -0.0000 -0.2094
vn -0.9080 -0.0000 -0.4191
vn -0.7809 -0.0000 -0.6247
vn -0.5848 -0.0000 -0.8112
vn -0.3171 -0.0000 -0.9484
vn -0.0821 -0.0000 -0.9966
vn -0.0000 -0.0000 -1.0000
vn 0.0793 -0.0000 -0.9968
vn 0.3078 -0.0000 -0.9515
vn 0.5720 -0.0000 -0.8202
vn 0.7705 -0.0000 -0.6374
vn 0.9024 -0.0000 -0.4308
vn 0.9763 -0.0000 -0.2162
vn -0.5006 0.2072 -0.8405
vn -0.6968 0.2598 -0.6686
vn -0.5011 0.2073 -0.8402
vn -0.6970 0.2599 -0.6683
vn -0.8363 0.2968 -0.4611
vn -0.8363 0.2968 -0.4610
vn -0.9185 0.3184 -0.2345
vn -0.9455 0.3255 -0.0000
vn 0.9977 0.0672 -0.0000
vn 0.9696 0.0675 -0.2354
vn 0.9698 0.0675 -0.2345
vn 0.8843 0.0683 -0.4619
vn 0.8846 0.0683 -0.4613
vn 0.7398 0.0693 -0.6692
vn 0.7401 0.0693 -0.6690
vn 0.5363 0.0702 -0.8411
vn 0.5370 0.0702 -0.8407
vn 0.2842 0.0702 -0.9562
vn 0.2836 0.0698 -0.9564
vn 0.0774 0.0689 -0.9946
vn 0.0773 0.0689 -0.9946
vn -0.0581 0.0865 -0.9946
vn -0.0579 0.0864 -0.9946
vn -0.2573 0.1412 -0.9560
vn -0.2575 0.1412 -0.9559
vn 0.1165 -0.4222 -0.8990
vn 0.2205 -0.3746 -0.9006
vn 0.0279 -0.1765 -0.9839
vn 0.3016 -0.5078 -0.8069
vn 0.2147 -0.5975 -0.7726
vn 0.3901 -0.6060 -0.6932
vn 0.2925 -0.6974 -0.6543
vn 0.4908 -0.7084 -0.5072
vn 0.3764 -0.8011 -0.4653
vn 0.5442 -0.7738 -0.3242
vn 0.4092 -0.8649 -0.2905
vn 0.5677 -0.8080 -0.1573
vn 0.4189 -0.8974 -0.1385
vn 0.0773 0.0067 -0.9970
vn 0.0318 -0.0493 -0.9983
vn 0.0698 -0.0641 -0.9955
vn 0.1331 -0.1947 -0.9718
vn 0.2367 -0.2106 -0.9485
vn 0.3201 -0.3230 -0.8906
vn 0.3836 -0.4096 -0.8277
vn 0.4801 -0.5030 -0.7186
vn 0.5938 -0.5990 -0.5373
vn 0.6642 -0.6610 -0.3490
vn 0.6996 -0.6937 -0.1713
vn 0.1078 -0.0789 -0.9910
vn 0.1048 -0.0053 -0.9945
vn 0.1815 0.0565 -0.9818
vn 0.2636 -0.0052 -0.9646
vn 0.9785 -0.0773 -0.1914
vn 0.9435 0.2825 -0.1732
vn 0.9198 -0.0739 -0.3854
vn 0.8956 0.2703 -0.3533
vn 0.8105 -0.0641 -0.5822
vn 0.8006 0.2521 -0.5435
vn 0.6397 -0.0369 -0.7677
vn 0.6413 0.2362 -0.7300
vn 0.5035 -0.0177 -0.8638
vn 0.4875 0.2085 -0.8478
vn 0.4084 -0.0126 -0.9127
vn 0.3385 0.1399 -0.9305
vn 0.0971 0.1175 -0.9883
vn 0.0498 0.0188 -0.9986
vn 0.7855 0.6045 -0.1325
vn 0.7643 0.5814 -0.2791
vn 0.7097 0.5422 -0.4498
vn 0.5943 0.4911 -0.6369
vn 0.4461 0.4248 -0.7877
vn 0.2580 0.2903 -0.9215
vn 0.7280 0.4280 0.5356
vn 0.3287 0.8090 0.4873
vn -0.3287 0.8090 -0.4873
vn -0.5318 0.3090 -0.7885
vn -0.5318 -0.3090 -0.7885
vn -0.3287 -0.8090 -0.4873
vn 0.1507 0.9883 0.0239
vn 0.1593 0.9862 0.0462
vn 0.1506 0.9883 0.0234
vn 0.1596 0.9861 0.0469
vn 0.1740 0.9824 0.0677
vn 0.1744 0.9823 0.0682
vn 0.1945 0.9771 0.0867
vn 0.1954 0.9768 0.0873
vn 0.0737 0.9969 0.0260
vn 0.0738 0.9969 0.0260
vn -0.3171 0.9370 -0.1464
vn -0.7080 0.6439 -0.2903
vn -0.7080 0.6438 -0.2903
vn -0.8722 0.3515 -0.3403
vn -0.8722 0.3514 -0.3403
vn -0.9322 0.1334 -0.3366
vn -0.9268 -0.2647 -0.2665
vn -0.6622 -0.7447 -0.0829
vn -0.3710 -0.9261 0.0692
vn -0.3709 -0.9261 0.0693
vn -0.3165 -0.9437 0.0961
vn -0.3168 -0.9436 0.0959
vn -0.3394 -0.9376 0.0752
vn -0.3398 -0.9375 0.0747
vn -0.3560 -0.9331 0.0510
vn -0.3556 -0.9332 0.0517
vn -0.3656 -0.9304 0.0255
vn -0.3653 -0.9305 0.0266
vn -0.3687 -0.9296 -0.0000
vn -0.3653 -0.9305 -0.0267
vn -0.3656 -0.9304 -0.0255
vn -0.3557 -0.9332 -0.0515
vn -0.3560 -0.9331 -0.0509
vn -0.3398 -0.9375 -0.0747
vn -0.3394 -0.9376 -0.0752
vn -0.3170 -0.9436 -0.0957
vn -0.3162 -0.9438 -0.0963
vn -0.3709 -0.9261 -0.0693
vn -0.6622 -0.7447 0.0829
vn -0.9268 -0.2647 0.2665
vn -0.9322 0.1334 0.3366
vn -0.8722 0.3514 0.3403
vn -0.7080 0.6438 0.2903
vn -0.7079 0.6439 0.2903
vn -0.3171 0.9370 0.1464
vn 0.0738 0.9969 -0.0260
vn 0.1945 0.9771 -0.0867
vn 0.1955 0.9768 -0.0874
vn 0.1744 0.9823 -0.0682
vn 0.1740 0.9824 -0.0677
vn 0.1596 0.9861 -0.0469
vn 0.1593 0.9862 -0.0462
vn 0.1507 0.9883 -0.0239
vn 0.1506 0.9883 -0.0234
vn 0.1477 0.9890 -0.0000
vn 0.7007 -0.7135 -0.0000
vn 0.6788 -0.7157 0.1642
vn 0.6788 -0.7157 0.1641
vn 0.6137 -0.7219 0.3198
vn 0.5068 -0.7306 0.4576
vn 0.5070 -0.7306 0.4574
vn 0.3627 -0.7396 0.5670
vn 0.1894 -0.7464 0.6380
vn -0.0000 -0.7489 0.6627
vn -0.1894 -0.7464 0.6380
vn -0.1893 -0.7464 0.6380
vn -0.3627 -0.7396 0.5670
vn -0.3626 -0.7396 0.5670
vn -0.5069 -0.7306 0.4575
vn -0.6137 -0.7219 0.3198
vn -0.6788 -0.7157 0.1641
vn -0.6788 -0.7157 0.1642
vn -0.7007 -0.7135 -0.0000
vn 0.7171 -0.1957 0.6690
vn 0.1867 0.7226 0.6656
vn 0.1447 0.7351 0.6623
vn 0.1449 0.7350 0.6623
vn 0.1023 0.7457 0.6583
vn 0.1021 0.7456 0.6585
vn -0.2780 -0.6986 0.6593
vn -0.2779 -0.6988 0.6592
vn -0.2357 -0.7107 0.6628
vn -0.2355 -0.7107 0.6629
vn -0.1931 -0.7209 0.6656
vn -0.1931 -0.7210 0.6655
vn -0.7007 0.7135 -0.0000
vn -0.6788 0.7157 0.1642
vn -0.6137 0.7219 0.3198
vn -0.5069 0.7306 0.4575
vn -0.3627 0.7396 0.5670
vn -0.3626 0.7396 0.5670
vn -0.1894 0.7464 0.6380
vn -0.0483 0.7480 0.6619
vn 0.0482 0.7480 0.6619
vn 0.0483 0.7480 0.6619
vn 0.1892 0.7464 0.6381
vn 0.1896 0.7464 0.6380
vn 0.3626 0.7396 0.5670
vn 0.3627 0.7396 0.5670
vn 0.5069 0.7306 0.4575
vn 0.6137 0.7219 0.3198
vn 0.6788 0.7157 0.1644
vn 0.6789 0.7157 0.1638
vn 0.7007 0.7135 -0.0000
vn -0.0695 0.0190 0.9974
vn -0.0061 0.0017 1.0000
vn -0.0686 0.0187 0.9975
vn -0.1320 0.0360 0.9906
vn -0.4754 0.8706 -0.1268
vn -0.4752 0.8707 -0.1267
vn 0.8839 -0.4159 0.2139
vn 0.8838 -0.4159 0.2142
vn 0.8047 -0.4198 0.4198
vn 0.8046 -0.4198 0.4200
vn 0.6713 -0.4251 0.6071
vn 0.6716 -0.4251 0.6068
vn 0.4861 -0.4297 0.7610
vn 0.4858 -0.4297 0.7612
vn 0.2545 -0.4313 0.8656
vn 0.2544 -0.4313 0.8656
vn 0.0383 -0.4266 0.9036
vn 0.0384 -0.4266 0.9036
vn -0.1379 -0.3994 0.9064
vn -0.1379 -0.3994 0.9063
vn -0.3522 -0.3428 0.8709
vn -0.3518 -0.3429 0.8710
vn -0.5798 -0.2791 0.7655
vn -0.5793 -0.2793 0.7658
vn -0.7588 -0.2257 0.6109
vn -0.7590 -0.2257 0.6107
vn -0.8873 -0.1854 0.4224
vn -0.8871 -0.1855 0.4228
vn -0.9632 -0.1607 0.2154
vn -0.9632 -0.1607 0.2153
vn 0.5941 0.8044 -0.0000
vn 0.5802 0.8002 0.1516
vn 0.0735 0.8484 0.5242
vn 0.2178 0.0073 0.9760
vn 0.1512 0.0145 0.9884
vn 0.1559 0.0265 0.9874
vn 0.1456 0.0013 0.9893
vn 0.1467 -0.0051 0.9892
vn 0.1488 -0.0102 0.9888
vn 0.1488 -0.0101 0.9888
vn 0.2391 -0.0034 0.9710
vn 0.9701 -0.0000 0.2425
vn 0.1448 0.7350 0.6624
vn 0.1025 0.7460 0.6580
vn 0.1026 0.7460 0.6579
vn -0.2779 -0.6987 0.6592
vn -0.2358 -0.7107 0.6628
vn -0.2356 -0.7107 0.6629
vn 0.0736 0.8485 -0.5240
vn 0.0736 0.8485 0.5240
vn -0.0687 0.0187 0.9975
vn -0.3100 -0.0000 0.9507
vn -0.0799 -0.0000 0.9968
vn -0.5752 -0.0000 0.8180
vn -0.7731 -0.0000 0.6343
vn -0.9038 -0.0000 0.4279
vn -0.9767 -0.0000 0.2145
vn 0.9751 -0.0000 0.2215
vn 0.8981 -0.0000 0.4398
vn 0.7625 -0.0000 0.6470
vn 0.5624 -0.0000 0.8269
vn 0.3063 -0.0023 0.9519
vn 0.3062 -0.0024 0.9520
vn 0.1003 0.0037 0.9949
vn 0.0676 0.0039 0.9977
vn 0.0187 0.0082 0.9998
vn 0.0011 0.0024 1.0000
vn 0.0010 0.0022 1.0000
vn -0.0800 -0.0000 0.9968
vn -0.9719 -0.0000 -0.2354
vn -0.8865 -0.0000 -0.4627
vn -0.7417 -0.0000 -0.6707
vn -0.5381 -0.0000 -0.8429
vn -0.2840 -0.0000 -0.9588
vn -0.0725 -0.0000 -0.9974
vn -0.0000 -0.0141 -0.9999
vn 0.0724 -0.0210 -0.9972
vn 0.1444 -0.0419 -0.9886
vn 0.0733 0.8483 -0.5244
vn 0.0734 0.8484 -0.5242
vn 0.0734 0.8484 0.5243
vn 0.0734 0.8484 0.5242
vn -0.0249 0.7941 -0.6073
vn -0.0240 0.7945 -0.6068
vn -0.0245 0.2851 -0.9582
vn 0.0288 -0.3358 -0.9415
vn 0.0285 -0.3358 -0.9415
vn 0.0282 -0.8254 -0.5639
vn 0.0283 -0.8253 -0.5639
vn -0.6968 0.2598 0.6686
vn -0.5012 0.2074 0.8401
vn -0.5004 0.2072 0.8406
vn -0.6970 0.2599 0.6683
vn -0.8363 0.2968 0.4611
vn -0.8363 0.2968 0.4610
vn -0.9185 0.3184 0.2345
vn 0.9696 0.0675 0.2353
vn 0.9698 0.0675 0.2345
vn 0.8846 0.0683 0.4614
vn 0.8843 0.0683 0.4619
vn 0.7402 0.0693 0.6689
vn 0.7397 0.0693 0.6693
vn 0.5364 0.0702 0.8410
vn 0.5372 0.0702 0.8406
vn 0.2841 0.0702 0.9562
vn 0.2836 0.0698 0.9564
vn 0.0774 0.0689 0.9946
vn 0.0773 0.0689 0.9946
vn -0.0581 0.0865 0.9946
vn -0.0579 0.0864 0.9946
vn -0.2573 0.1412 0.9560
vn -0.2575 0.1412 0.9559
vn 0.8746 -0.1018 0.4740
vn 0.9030 0.0995 0.4181
vn 0.9030 0.0994 0.4181
vn 0.7969 0.4333 0.4209
vn 0.4852 0.8052 0.3410
vn 0.2974 0.9051 0.3040
vn 0.1650 0.9431 0.2888
vn 0.0975 0.9672 0.2347
vn 0.1237 0.9723 0.1982
vn 0.1207 0.9750 0.1866
vn 0.1206 0.9750 0.1866
vn 0.1751 0.9718 0.1577
vn 0.2093 0.9717 0.1098
vn 0.2094 0.9717 0.1096
vn 0.2196 0.9741 0.0548
vn 0.2196 0.9740 0.0549
vn 0.2190 0.9757 -0.0000
vn 0.6964 -0.7177 -0.0000
vn 0.6875 -0.7058 0.1706
vn 0.6420 -0.6893 0.3358
vn 0.6419 -0.6893 0.3358
vn 0.5370 -0.6905 0.4846
vn 0.5371 -0.6905 0.4846
vn 0.3792 -0.7128 0.5900
vn 0.3792 -0.7128 0.5901
vn 0.2131 -0.7336 0.6453
vn 0.2003 -0.7470 0.6339
vn 0.1752 -0.7364 0.6535
vn 0.3877 -0.6317 0.6713
vn 0.6945 -0.3815 0.6100
vn 0.6946 -0.3815 0.6100
vn 0.0724 -0.0210 0.9972
vn 0.1444 -0.0419 0.9886
vn -0.0000 -0.0141 0.9999
vn -0.0725 -0.0000 0.9974
vn -0.2840 -0.0000 0.9588
vn -0.5381 -0.0000 0.8429
vn -0.7417 -0.0000 0.6707
vn -0.8865 -0.0000 0.4627
vn -0.9719 -0.0000 0.2354
vn -0.6788 -0.7157 -0.1642
vn -0.6137 -0.7219 -0.3198
vn -0.5070 -0.7306 -0.4574
vn -0.5068 -0.7306 -0.4576
vn -0.3626 -0.7396 -0.5670
vn -0.3627 -0.7396 -0.5670
vn -0.1893 -0.7464 -0.6380
vn -0.1894 -0.7464 -0.6380
vn -0.0000 -0.7489 -0.6627
vn 0.1892 -0.7464 -0.6381
vn 0.1896 -0.7464 -0.6380
vn 0.3627 -0.7396 -0.5670
vn 0.3626 -0.7396 -0.5671
vn 0.5069 -0.7306 -0.4575
vn 0.6137 -0.7219 -0.3198
vn 0.6789 -0.7157 -0.1641
vn 0.6788 -0.7157 -0.1642
vn -0.2568 0.7620 -0.5945
vn -0.0840 0.7981 -0.5967
vn -0.2954 0.7450 -0.5980
vn -0.0374 0.7965 -0.6034
vn 0.1873 0.7859 -0.5893
vn 0.3510 0.7729 -0.5286
vn 0.5050 0.7436 -0.4383
vn 0.5051 0.7434 -0.4383
vn 0.6333 0.7059 -0.3171
vn 0.6333 0.7060 -0.3171
vn 0.7196 0.6739 -0.1673
vn 0.7197 0.6739 -0.1672
vn -0.7086 0.6773 -0.1979
vn -0.7087 0.6772 -0.1979
vn -0.5934 0.7124 -0.3746
vn -0.5933 0.7125 -0.3747
vn -0.4207 0.7492 -0.5116
vn -0.2186 0.7693 -0.6003
vn -0.2187 0.7693 -0.6003
vn -0.0415 0.7630 -0.6451
vn -0.0554 0.7674 -0.6388
vn 0.0003 0.7587 -0.6515
vn -0.0076 0.7544 -0.6564
vn 0.0044 0.7542 -0.6566
vn 0.0072 0.7607 -0.6490
vn -0.2085 0.7415 -0.6378
vn -0.3470 -0.9366 0.0486
vn -0.3303 -0.9414 0.0689
vn -0.3473 -0.9365 0.0484
vn -0.3300 -0.9415 0.0690
vn -0.3098 -0.9466 0.0890
vn -0.3099 -0.9466 0.0889
vn -0.1800 -0.9526 0.2453
vn 0.1294 -0.8166 0.5625
vn 0.1295 -0.8166 0.5625
vn 0.4218 -0.5041 0.7537
vn 0.5673 -0.2552 0.7830
vn 0.5675 -0.2550 0.7829
vn 0.6115 -0.0625 0.7888
vn 0.1295 -0.8166 -0.5625
vn 0.4218 -0.5041 -0.7537
vn 0.1294 -0.8166 -0.5625
vn -0.1800 -0.9526 -0.2453
vn -0.3099 -0.9466 -0.0889
vn -0.3098 -0.9466 -0.0890
vn -0.3301 -0.9414 -0.0690
vn -0.3301 -0.9414 -0.0689
vn -0.3470 -0.9366 -0.0486
vn -0.3473 -0.9365 -0.0484
vn -0.3592 -0.9329 -0.0258
vn -0.3594 -0.9328 -0.0253
vn -0.3642 -0.9313 -0.0000
vn -0.3638 -0.9315 -0.0000
vn -0.3594 -0.9329 0.0253
vn -0.3592 -0.9329 0.0258
vn 0.0565 0.9974 -0.0458
vn 0.0787 0.9930 -0.0878
vn 0.0565 0.9973 -0.0459
vn 0.0789 0.9930 -0.0879
vn 0.1101 0.9860 -0.1249
vn 0.1101 0.9860 -0.1250
vn 0.1467 0.9760 -0.1611
vn 0.2346 0.9334 -0.2715
vn 0.4325 0.7097 -0.5561
vn 0.5842 0.2649 -0.7672
vn 0.6115 -0.0625 -0.7888
vn 0.5674 -0.2551 -0.7829
vn 0.5675 -0.2551 -0.7829
vn -0.1698 0.0532 0.9840
vn -0.1475 0.0432 0.9881
vn -0.1473 0.0434 0.9881
vn -0.1496 0.0377 0.9880
vn -0.1499 0.0379 0.9880
vn -0.1776 0.0384 0.9834
vn -0.1776 0.0384 0.9833
vn -0.2367 0.0633 0.9695
vn -0.3537 0.1026 0.9297
vn -0.5483 0.1499 0.8227
vn -0.5481 0.1498 0.8229
vn -0.7404 0.2019 0.6411
vn -0.7410 0.2020 0.6404
vn -0.8691 0.2370 0.4342
vn -0.8694 0.2370 0.4336
vn -0.9415 0.2567 0.2182
vn -0.9416 0.2567 0.2179
vn -0.9648 0.2630 -0.0000
vn -0.9416 0.2567 -0.2179
vn -0.9415 0.2567 -0.2182
vn -0.8694 0.2370 -0.4336
vn -0.8691 0.2370 -0.4342
vn -0.7410 0.2020 -0.6404
vn -0.7404 0.2019 -0.6411
vn -0.5483 0.1499 -0.8227
vn -0.5481 0.1498 -0.8229
vn -0.3537 0.1026 -0.9297
vn -0.2366 0.0633 -0.9695
vn -0.2367 0.0633 -0.9695
vn -0.1776 0.0384 -0.9834
vn -0.1495 0.0376 -0.9880
vn -0.1498 0.0379 -0.9880
vn -0.1473 0.0434 -0.9881
vn -0.1475 0.0433 -0.9881
vn -0.1698 0.0532 -0.9840
vn -0.2372 0.0622 -0.9695
vn -0.3599 0.0916 -0.9285
vn -0.5487 0.1496 -0.8225
vn -0.5488 0.1489 -0.8226
vn -0.7407 0.2024 -0.6406
vn -0.7404 0.2023 -0.6410
vn -0.8692 0.2375 -0.4337
vn -0.8689 0.2374 -0.4343
vn -0.9416 0.2573 -0.2173
vn -0.9413 0.2572 -0.2188
vn -0.9646 0.2636 -0.0000
vn -0.9413 0.2572 0.2187
vn -0.9416 0.2573 0.2174
vn -0.8692 0.2375 0.4336
vn -0.8690 0.2374 0.4342
vn -0.7405 0.2023 0.6409
vn -0.7407 0.2024 0.6407
vn -0.5479 0.1497 0.8230
vn -0.5478 0.1492 0.8232
vn -0.3599 0.0916 0.9285
vn -0.2372 0.0622 0.9695
vn -0.5325 -0.5201 -0.6678
vn -0.5931 -0.4811 -0.6456
vn -0.7684 -0.3376 -0.5438
vn -0.8955 -0.2178 -0.3881
vn -0.9696 -0.1401 -0.2006
vn -0.9935 -0.1134 -0.0000
vn -0.9696 -0.1401 0.2006
vn -0.8955 -0.2178 0.3881
vn -0.7684 -0.3376 0.5438
vn -0.5931 -0.4810 0.6456
vn -0.5931 -0.4811 0.6456
vn -0.5326 -0.5201 0.6678
vn -0.5325 -0.5201 0.6678
vn -0.6553 -0.4034 0.6386
vn -0.6552 -0.4035 0.6387
vn -0.8273 -0.1418 0.5436
vn -0.9085 0.1444 0.3920
vn -0.8608 0.3331 0.3847
vn -0.6834 0.5158 0.5167
vn -0.4426 0.6546 0.6128
vn -0.4428 0.6547 0.6127
vn -0.2430 0.7124 0.6583
vn -0.2760 0.7150 0.6423
vn -0.4965 0.6793 0.5404
vn -0.4965 0.6794 0.5404
vn -0.6642 0.6404 0.3856
vn -0.6642 0.6404 0.3855
vn -0.7660 0.6112 0.1993
vn -0.7660 0.6112 0.1994
vn -0.7997 0.6005 -0.0000
vn -0.7660 0.6112 -0.1994
vn -0.7660 0.6112 -0.1993
vn -0.6642 0.6405 -0.3856
vn -0.6642 0.6404 -0.3856
vn -0.4965 0.6793 -0.5404
vn -0.2760 0.7150 -0.6423
vn -0.2430 0.7124 -0.6583
vn -0.4426 0.6546 -0.6128
vn -0.4427 0.6546 -0.6127
vn -0.6834 0.5158 -0.5167
vn -0.8608 0.3331 -0.3847
vn -0.9085 0.1444 -0.3920
vn -0.8273 -0.1418 -0.5436
vn -0.6552 -0.4035 -0.6387
vn -0.6553 -0.4034 -0.6386
vn 0.5842 0.2649 0.7672
vn 0.4325 0.7097 0.5561
vn 0.2346 0.9334 0.2715
vn 0.1467 0.9760 0.1611
vn 0.1101 0.9860 0.1250
vn 0.1101 0.9860 0.1249
vn 0.0789 0.9930 0.0879
vn 0.0787 0.9930 0.0878
vn 0.0565 0.9974 0.0458
vn 0.0565 0.9973 0.0459
vn 0.0482 0.9988 -0.0000
vn 0.2196 0.9740 -0.0549
vn 0.2196 0.9741 -0.0549
vn 0.2093 0.9717 -0.1098
vn 0.2094 0.9717 -0.1096
vn 0.1751 0.9718 -0.1577
vn 0.1206 0.9750 -0.1866
vn 0.1207 0.9750 -0.1866
vn 0.1237 0.9723 -0.1982
vn 0.0975 0.9672 -0.2347
vn 0.2974 0.9051 -0.3040
vn 0.1652 0.9430 -0.2888
vn 0.4852 0.8052 -0.3410
vn 0.7969 0.4333 -0.4209
vn 0.9030 0.0994 -0.4181
vn 0.9030 0.0995 -0.4181
vn 0.8746 -0.1018 -0.4740
vn 0.6946 -0.3815 -0.6100
vn 0.6945 -0.3815 -0.6100
vn 0.3877 -0.6317 -0.6713
vn 0.1752 -0.7364 -0.6535
vn 0.2131 -0.7336 -0.6452
vn 0.2003 -0.7470 -0.6339
vn 0.3792 -0.7128 -0.5901
vn 0.3792 -0.7128 -0.5900
vn 0.5370 -0.6905 -0.4846
vn 0.5371 -0.6905 -0.4845
vn 0.6420 -0.6893 -0.3358
vn 0.6875 -0.7058 -0.1706
vn 0.6788 0.7157 -0.1642
vn 0.6789 0.7157 -0.1641
vn 0.6137 0.7219 -0.3198
vn 0.5069 0.7306 -0.4575
vn 0.3627 0.7396 -0.5670
vn 0.3626 0.7396 -0.5670
vn 0.1894 0.7464 -0.6380
vn 0.0483 0.7480 -0.6619
vn 0.0482 0.7480 -0.6619
vn -0.0483 0.7480 -0.6619
vn -0.1894 0.7464 -0.6380
vn -0.3626 0.7396 -0.5670
vn -0.3628 0.7396 -0.5670
vn -0.5069 0.7306 -0.4575
vn -0.6137 0.7219 -0.3198
vn -0.6788 0.7157 -0.1641
vn -0.6788 0.7157 -0.1642
vn -0.9415 0.2569 -0.2182
vn -0.8693 0.2372 -0.4336
vn -0.9415 0.2569 -0.2179
vn -0.8691 0.2372 -0.4342
vn -0.7410 0.2022 -0.6404
vn -0.5479 0.1495 -0.8230
vn -0.5468 0.1492 -0.8238
vn -0.4262 0.1162 -0.8971
vn -0.4263 0.1162 -0.8971
vn -0.2374 0.0651 -0.9692
vn -0.2044 0.0561 -0.9773
vn -0.2374 0.0651 0.9692
vn -0.2044 0.0561 0.9773
vn -0.3484 0.0951 0.9325
vn -0.4262 0.1162 0.8972
vn -0.5468 0.1492 0.8238
vn -0.5479 0.1495 0.8230
vn -0.7410 0.2022 0.6404
vn -0.8691 0.2372 0.4342
vn -0.9647 0.2633 -0.0000
vt 0.349529 0.993503
vt 0.328622 0.652141
vt 0.349529 0.652141
vt -0.884781 0.514642
vt 0.069253 0.527595
vt 0.328622 0.993503
vt 0.308079 0.652141
vt 0.308079 0.993503
vt -0.638538 0.538830
vt 0.401901 0.563273
vt 0.287966 0.652141
vt -0.884781 0.553345
vt 0.074070 0.580674
vt 0.287966 0.993503
vt -0.638538 0.552088
vt 0.399327 0.579749
vt 0.277900 0.652141
vt -0.884781 0.559486
vt 0.076706 0.587496
vt 0.277900 0.993503
vt -0.638538 0.558565
vt 0.396837 0.586734
vt 0.270008 0.655210
vt -0.882725 0.565010
vt 0.079908 0.591936
vt 0.270008 0.992072
vt 0.264420 0.986308
vt -0.642653 0.567642
vt 0.390701 0.592796
vt 0.264420 0.661016
vt -0.878676 0.567850
vt 0.083550 0.592796
vt 0.262732 0.668568
vt 0.262733 0.979120
vt -0.647438 0.568724
vt 0.386694 0.592796
vt 0.476866 0.986314
vt 0.357347 0.567642
vt 0.390701 0.423766
vt 0.478554 0.668561
vt 0.478554 0.979126
vt 0.352562 0.568724
vt 0.386694 0.423766
vt 0.476866 0.661009
vt 0.471279 0.992080
vt 0.360907 0.563740
vt 0.394412 0.425657
vt 0.471279 0.655202
vt 0.117275 0.565010
vt 0.079908 0.424627
vt 0.463387 0.993503
vt 0.463387 0.652141
vt 0.115219 0.559486
vt 0.076706 0.429067
vt 0.453321 0.993503
vt 0.361462 0.552088
vt 0.399327 0.436814
vt 0.453321 0.652141
vt 0.433207 0.993503
vt 0.361462 0.538830
vt 0.401901 0.453289
vt 0.433207 0.652141
vt 0.412665 0.993503
vt 0.412665 0.652141
vt 0.391759 0.993503
vt 0.391759 0.652141
vt 0.370644 0.993503
vt 0.370644 0.652141
vt -0.884781 0.503219
vt 0.115219 0.503219
vt 0.069070 0.508281
vt 0.076613 0.305156
vt 0.077957 0.313423
vt 0.070680 0.313423
vt -0.495810 0.076577
vt -0.524647 0.043390
vt -0.525022 0.078243
vt -0.551925 0.043390
vt -0.552278 0.082058
vt -0.577458 0.043390
vt -0.577985 0.085111
vt -0.602358 0.043390
vt -0.602931 0.087415
vt -0.627240 0.043390
vt -0.627671 0.088967
vt -0.652548 0.043390
vt 0.347452 0.043390
vt 0.347452 0.089638
vt -0.652548 0.089638
vt 0.848496 0.122200
vt -0.151504 0.122200
vt -0.151504 0.043390
vt 0.848496 0.043390
vt -0.180574 0.122200
vt -0.180574 0.043390
vt -0.209273 0.122200
vt -0.209273 0.043390
vt -0.237505 0.122200
vt -0.237505 0.043390
vt -0.265270 0.122200
vt -0.265270 0.043390
vt -0.292983 0.043390
vt -0.292983 0.122200
vt -0.309905 0.122200
vt -0.325881 0.043390
vt -0.332604 0.115933
vt -0.393579 0.076289
vt -0.393579 0.043390
vt -0.495670 0.043390
vt 0.991605 0.047409
vt 0.857858 0.047410
vt 0.977251 0.037733
vt 0.991605 0.040628
vt 0.857858 0.040629
vt 0.991605 0.023149
vt 0.857858 0.023152
vt 0.657630 0.759758
vt 0.977251 0.021420
vt 0.667638 0.756506
vt 0.963526 0.032210
vt 0.963526 0.017686
vt 0.673823 0.747993
vt 0.977251 0.045187
vt 0.991605 0.054761
vt 0.857858 0.054761
vt 0.950306 0.027352
vt 0.950306 0.013965
vt 0.673823 0.737470
vt 0.963526 0.041381
vt 0.977251 0.053190
vt 0.991605 0.062516
vt 0.857858 0.062516
vt 0.991605 0.070527
vt 0.857858 0.070527
vt 0.977251 0.061528
vt 0.963526 0.050728
vt 0.950306 0.038556
vt 0.937433 0.024253
vt 0.937433 0.011423
vt 0.667638 0.728957
vt 0.991605 0.078661
vt 0.857858 0.078661
vt 0.977251 0.070053
vt 0.963526 0.060075
vt 0.950306 0.049102
vt 0.937433 0.037008
vt 0.924731 0.023201
vt 0.924731 0.010535
vt 0.657630 0.725705
vt 0.872209 0.021421
vt 0.647623 0.756506
vt 0.872209 0.037733
vt 0.885938 0.017687
vt 0.641438 0.747993
vt 0.885938 0.032211
vt 0.899156 0.013966
vt 0.641438 0.737470
vt 0.899156 0.027352
vt 0.912028 0.011423
vt 0.647623 0.728957
vt 0.912028 0.024253
vt 0.924731 0.036525
vt 0.937433 0.048285
vt 0.950306 0.059183
vt 0.963526 0.069381
vt 0.937436 0.532858
vt 0.937436 0.522996
vt 0.950310 0.532671
vt 0.950310 0.522996
vt 0.963528 0.532275
vt 0.963528 0.522996
vt 0.977251 0.531603
vt 0.977251 0.522996
vt 0.977251 0.078661
vt 0.963526 0.078661
vt 0.950306 0.068986
vt 0.937433 0.058756
vt 0.924731 0.048040
vt 0.912028 0.037008
vt 0.950306 0.078661
vt 0.991601 0.522996
vt 0.857861 0.522996
vt 0.991601 0.531128
vt 0.857861 0.531128
vt 0.991601 0.539139
vt 0.857861 0.539139
vt 0.977251 0.540126
vt 0.963528 0.541579
vt 0.950310 0.542474
vt 0.937436 0.542903
vt 0.924731 0.532912
vt 0.924731 0.543029
vt 0.912024 0.532858
vt 0.912024 0.542903
vt 0.872210 0.548462
vt 0.872210 0.540126
vt 0.885936 0.550924
vt 0.885936 0.541579
vt 0.899152 0.552553
vt 0.899152 0.542474
vt 0.912024 0.553373
vt 0.924731 0.553619
vt 0.937436 0.553373
vt 0.950310 0.552553
vt 0.963528 0.550924
vt 0.977251 0.548463
vt 0.991601 0.546895
vt 0.857861 0.546894
vt 0.991601 0.554247
vt 0.857861 0.554246
vt 0.977251 0.556464
vt 0.963528 0.560269
vt 0.950310 0.563097
vt 0.937436 0.564646
vt 0.924731 0.565128
vt 0.912024 0.564646
vt 0.899152 0.563097
vt 0.885936 0.560269
vt 0.991601 0.561027
vt 0.857861 0.561027
vt 0.977251 0.563918
vt 0.963528 0.569440
vt 0.950310 0.574302
vt 0.937436 0.577402
vt 0.924731 0.578456
vt 0.912024 0.577402
vt 0.899152 0.574302
vt 0.885936 0.569439
vt 0.872210 0.556464
vt 0.872210 0.563918
vt 0.885936 0.583963
vt 0.515572 0.343884
vt 0.899152 0.587690
vt 0.515572 0.354407
vt 0.912024 0.590239
vt 0.521757 0.362920
vt 0.924731 0.591129
vt 0.531765 0.366172
vt 0.937436 0.590239
vt 0.541773 0.362920
vt 0.950310 0.587690
vt 0.547958 0.354407
vt 0.963528 0.583963
vt 0.547958 0.343884
vt 0.977251 0.580229
vt 0.541773 0.335371
vt 0.991601 0.578507
vt 0.857861 0.578506
vt 0.531765 0.332119
vt 0.899152 0.532671
vt 0.885936 0.532275
vt 0.872210 0.531603
vt 0.872210 0.580228
vt 0.521757 0.335371
vt 0.872210 0.522996
vt 0.885936 0.522996
vt 0.899152 0.522996
vt 0.912024 0.522996
vt 0.924731 0.522996
vt 0.937433 0.078661
vt 0.937433 0.068802
vt 0.924731 0.058633
vt 0.912028 0.048285
vt 0.912028 0.078661
vt 0.924732 0.078661
vt 0.924731 0.068748
vt 0.912028 0.058756
vt 0.899156 0.049102
vt 0.899156 0.059183
vt 0.885938 0.050729
vt 0.885938 0.060076
vt 0.899156 0.068986
vt 0.885938 0.069382
vt 0.899156 0.078661
vt 0.885938 0.078661
vt 0.912028 0.068802
vt 0.899156 0.038556
vt 0.885938 0.041382
vt 0.872209 0.045187
vt 0.872209 0.053191
vt 0.872209 0.061528
vt 0.872209 0.070053
vt 0.872209 0.078661
vt -0.391442 0.588573
vt -0.525182 0.588573
vt -0.405792 0.606827
vt -0.409788 0.750372
vt -0.391442 0.605551
vt -0.525182 0.605550
vt -0.419472 0.747225
vt -0.405792 0.553897
vt -0.405792 0.549877
vt -0.099516 0.638739
vt -0.419515 0.547430
vt -0.391442 0.552916
vt -0.525182 0.552917
vt -0.089832 0.635592
vt -0.391442 0.557138
vt -0.525182 0.557139
vt -0.391442 0.562892
vt -0.525182 0.562892
vt -0.405792 0.560743
vt -0.391442 0.569197
vt -0.525182 0.569197
vt -0.405792 0.568177
vt -0.391442 0.575766
vt -0.525182 0.575766
vt -0.405792 0.575850
vt -0.391442 0.582316
vt -0.525182 0.582316
vt -0.405792 0.583463
vt -0.405792 0.590706
vt -0.419515 0.609783
vt -0.403803 0.758610
vt -0.419515 0.595165
vt -0.432732 0.612896
vt -0.403803 0.768792
vt -0.432732 0.599355
vt -0.419515 0.566480
vt -0.419515 0.556827
vt -0.510833 0.590706
vt -0.497107 0.595165
vt -0.510833 0.583462
vt -0.497107 0.585783
vt -0.483891 0.599355
vt -0.483891 0.587733
vt -0.471018 0.602120
vt -0.471018 0.588867
vt -0.458312 0.603073
vt -0.458312 0.589230
vt -0.445607 0.602120
vt -0.445607 0.588867
vt -0.432732 0.587733
vt -0.419515 0.585783
vt -0.510833 0.575851
vt -0.497107 0.576165
vt -0.483891 0.576490
vt -0.471018 0.576687
vt -0.458312 0.576751
vt -0.445607 0.576687
vt -0.432732 0.576490
vt -0.419515 0.576166
vt -0.510833 0.568176
vt -0.497107 0.566480
vt -0.483891 0.565300
vt -0.471018 0.564691
vt -0.458312 0.564506
vt -0.445607 0.564691
vt -0.432732 0.565300
vt -0.510833 0.560743
vt -0.497107 0.556827
vt -0.483891 0.553792
vt -0.471018 0.552098
vt -0.458312 0.551566
vt -0.445607 0.552098
vt -0.432732 0.553792
vt -0.510833 0.553897
vt -0.497107 0.547429
vt -0.483891 0.541615
vt -0.471018 0.537891
vt -0.458312 0.536625
vt -0.445607 0.537891
vt -0.432732 0.541614
vt -0.510833 0.549877
vt -0.080148 0.638739
vt -0.497107 0.543708
vt -0.074162 0.646976
vt -0.483891 0.538068
vt -0.074162 0.657159
vt -0.471018 0.534430
vt -0.080148 0.665397
vt -0.458312 0.533191
vt -0.089832 0.668543
vt -0.445607 0.534430
vt -0.099516 0.665397
vt -0.432732 0.538067
vt -0.105501 0.657159
vt -0.419515 0.543707
vt -0.105501 0.646976
vt 0.474818 0.582316
vt 0.608558 0.582316
vt 0.474818 0.575766
vt 0.608558 0.575766
vt 0.489167 0.583462
vt 0.489167 0.575851
vt 0.502893 0.585783
vt 0.474818 0.569197
vt 0.608558 0.569197
vt 0.502893 0.576165
vt 0.516109 0.587733
vt 0.489167 0.568176
vt 0.474818 0.562892
vt 0.608558 0.562892
vt 0.516109 0.576490
vt 0.502893 0.566480
vt 0.489167 0.560743
vt 0.474818 0.557139
vt 0.608558 0.557138
vt 0.474818 0.605550
vt 0.608558 0.605551
vt 0.580528 0.747225
vt 0.489167 0.590706
vt 0.489167 0.606827
vt 0.570844 0.750372
vt 0.474818 0.588573
vt 0.608558 0.588573
vt 0.502893 0.595165
vt 0.516109 0.599355
vt 0.528982 0.602120
vt 0.528982 0.588867
vt 0.541688 0.603073
vt 0.541688 0.589230
vt 0.554393 0.602120
vt 0.554393 0.588867
vt 0.567268 0.599355
vt 0.567268 0.587733
vt 0.580485 0.595165
vt 0.580485 0.585783
vt 0.502893 0.609783
vt 0.564859 0.758610
vt 0.516109 0.612895
vt 0.564859 0.768792
vt 0.528982 0.615094
vt 0.570844 0.777030
vt 0.541688 0.615873
vt 0.580528 0.780176
vt 0.554393 0.615094
vt 0.590212 0.777030
vt 0.567268 0.612896
vt 0.596197 0.768792
vt 0.580485 0.609783
vt 0.596197 0.758610
vt 0.594208 0.590706
vt 0.594208 0.606827
vt 0.590212 0.750372
vt 0.594208 0.560743
vt 0.580485 0.547430
vt 0.594208 0.553897
vt 0.580485 0.556827
vt 0.594208 0.568177
vt 0.580485 0.566480
vt 0.594208 0.575850
vt 0.580485 0.576166
vt 0.594208 0.583463
vt 0.567268 0.576490
vt 0.554393 0.576687
vt 0.541688 0.576751
vt 0.528982 0.576687
vt 0.567268 0.541614
vt 0.567268 0.553792
vt 0.567268 0.565300
vt 0.554393 0.564691
vt 0.541688 0.564506
vt 0.528982 0.564691
vt 0.516109 0.565300
vt 0.502893 0.556827
vt 0.489167 0.553897
vt 0.502893 0.547429
vt 0.516109 0.553792
vt 0.528982 0.552098
vt 0.541688 0.551566
vt 0.554393 0.552098
vt 0.554393 0.537891
vt 0.516109 0.541615
vt 0.528982 0.537891
vt 0.541688 0.536625
vt 0.567268 0.538067
vt 0.894499 0.657159
vt 0.554393 0.534430
vt 0.900484 0.665397
vt 0.541688 0.533191
vt 0.910168 0.668543
vt 0.528982 0.534430
vt 0.919852 0.665397
vt 0.516109 0.538068
vt 0.925838 0.657159
vt 0.502893 0.543708
vt 0.925838 0.646976
vt 0.489167 0.549877
vt 0.919852 0.638739
vt 0.474818 0.552917
vt 0.608558 0.552916
vt 0.910168 0.635592
vt 0.594208 0.549877
vt 0.900484 0.638739
vt 0.580485 0.543707
vt 0.894499 0.646976
vt -0.293456 0.033269
vt -0.265910 0.033269
vt -0.238196 0.033269
vt -0.209874 0.033269
vt -0.180893 0.033269
vt -0.151504 0.033269
vt 0.848496 0.033269
vt -0.652548 0.033269
vt 0.347452 0.033269
vt -0.627221 0.033269
vt -0.601929 0.033269
vt -0.577753 0.033269
vt -0.553114 0.033269
vt -0.527392 0.033269
vt -0.499963 0.033269
vt -0.392869 0.033269
vt -0.321806 0.033269
vt -0.387064 0.681963
vt -0.410658 0.696712
vt -0.385150 0.688483
vt -0.412708 0.690316
vt -0.435690 0.705407
vt -0.437898 0.699108
vt -0.460416 0.714670
vt -0.462802 0.708424
vt -0.485314 0.724802
vt 0.514686 0.724802
vt -0.487312 0.718297
vt 0.512688 0.718297
vt -0.180641 0.664652
vt -0.151504 0.671749
vt 0.848496 0.671749
vt -0.151504 0.664652
vt 0.848496 0.664652
vt -0.180641 0.671749
vt -0.209019 0.664652
vt -0.209019 0.671749
vt -0.237086 0.664652
vt -0.237086 0.671749
vt -0.265406 0.664652
vt -0.265406 0.671749
vt -0.294851 0.664652
vt -0.294851 0.671749
vt -0.323118 0.665629
vt -0.323189 0.672626
vt -0.334189 0.667278
vt -0.332167 0.673958
vt -0.359044 0.680683
vt -0.360835 0.674023
vt -0.491014 0.710987
vt 0.508986 0.710987
vt -0.465781 0.700908
vt -0.440725 0.691556
vt -0.415432 0.682678
vt -0.389692 0.674194
vt -0.363335 0.666073
vt -0.336148 0.659033
vt -0.323631 0.657143
vt -0.294851 0.656076
vt -0.265406 0.656076
vt -0.237086 0.656076
vt -0.209019 0.656076
vt -0.180641 0.656076
vt -0.151504 0.656076
vt 0.848496 0.656076
vt 0.734594 0.690695
vt 0.484859 0.153806
vt 0.762914 0.671749
vt 0.762914 0.690695
vt 0.505744 0.170192
vt 0.790981 0.671749
vt 0.790981 0.690695
vt 0.521770 0.191355
vt 0.819359 0.671749
vt 0.819359 0.690695
vt 0.531844 0.215916
vt 0.848496 0.690695
vt 0.535280 0.242213
vt -0.151504 0.690695
vt 0.522282 0.741083
vt 0.332514 0.242213
vt -0.477718 0.741083
vt 0.546119 0.731127
vt 0.335833 0.216445
vt 0.539584 0.714670
vt 0.570346 0.722074
vt 0.345564 0.192340
vt 0.564311 0.705407
vt 0.595010 0.713671
vt 0.361044 0.171476
vt 0.589342 0.696712
vt 0.620203 0.705812
vt 0.381217 0.155133
vt 0.614850 0.688483
vt 0.646020 0.698439
vt 0.404710 0.144106
vt 0.640956 0.680683
vt 0.667833 0.673958
vt 0.675436 0.692866
vt 0.432735 0.139677
vt 0.676811 0.672626
vt 0.705149 0.690695
vt 0.460539 0.143179
vt 0.705149 0.671749
vt 0.734594 0.671749
vt 0.435366 0.326800
vt 0.432735 0.344748
vt -0.324563 0.692866
vt 0.411325 0.323427
vt 0.404710 0.340319
vt -0.353980 0.698439
vt 0.381217 0.329293
vt -0.379797 0.705812
vt 0.390948 0.314327
vt 0.361044 0.312949
vt -0.404990 0.713671
vt 0.373450 0.300772
vt 0.345564 0.292086
vt -0.429654 0.722074
vt 0.360022 0.283484
vt 0.335833 0.267980
vt -0.453881 0.731127
vt 0.351581 0.263528
vt 0.348702 0.242213
vt 0.351581 0.220898
vt 0.360022 0.200942
vt 0.373450 0.183654
vt 0.390948 0.170098
vt 0.411325 0.160998
vt 0.435366 0.157625
vt 0.457027 0.160445
vt 0.478122 0.169246
vt 0.496237 0.182779
vt 0.510139 0.200249
vt 0.518878 0.220518
vt 0.521858 0.242213
vt 0.518878 0.263908
vt 0.531844 0.268509
vt -0.180641 0.690695
vt 0.510139 0.284176
vt 0.521770 0.293070
vt -0.209019 0.690695
vt 0.496237 0.301646
vt 0.505744 0.314233
vt -0.237086 0.690695
vt 0.478122 0.315180
vt 0.484859 0.330620
vt -0.265406 0.690695
vt 0.457027 0.323980
vt 0.460539 0.341247
vt -0.294851 0.690695
vt -0.698503 0.347548
vt -0.728054 0.355816
vt -0.696622 0.355816
vt -0.728644 0.347548
vt -0.761527 0.355816
vt -0.760067 0.347548
vt -0.728647 0.314218
vt -0.760067 0.314218
vt -0.698503 0.314218
vt -0.920985 0.365192
vt -0.953256 0.355020
vt -0.941615 0.355020
vt -0.890030 0.355020
vt -0.923504 0.355020
vt -0.888706 0.365192
vt -0.994416 0.355020
vt -0.858599 0.355020
vt -0.860180 0.365192
vt -0.840641 0.355020
vt -0.860480 0.346753
vt -0.890620 0.346753
vt -0.922043 0.346753
vt -0.890624 0.313423
vt -0.922043 0.313423
vt -0.860480 0.313423
vt 0.217071 0.347548
vt 0.208720 0.305952
vt 0.241197 0.296098
vt 0.220412 0.305952
vt 0.217071 0.314218
vt 0.208720 0.355816
vt 0.220361 0.355816
vt 0.240992 0.365988
vt 0.167561 0.305952
vt 0.273255 0.296098
vt 0.167561 0.355816
vt 0.273270 0.365988
vt 0.271941 0.305952
vt 0.238590 0.305952
vt 0.303246 0.305952
vt 0.301563 0.296098
vt 0.321257 0.305952
vt 0.055094 0.346753
vt 0.046744 0.305156
vt 0.079221 0.295303
vt 0.058436 0.305156
vt 0.055094 0.313423
vt 0.046744 0.355020
vt 0.058385 0.355020
vt 0.079015 0.365192
vt 0.005584 0.305156
vt 0.111279 0.295303
vt 0.005584 0.355020
vt 0.111294 0.365192
vt 0.109965 0.305156
vt 0.141269 0.305156
vt 0.139587 0.295303
vt 0.159281 0.305156
vt 0.506899 0.099093
vt 0.504190 0.076577
vt 0.531089 0.097184
vt 0.497885 0.099365
vt 0.476819 0.098906
vt 0.020998 0.392592
vt 0.474978 0.078243
vt 0.447722 0.082058
vt 0.447386 0.100951
vt 0.016470 0.415764
vt 0.422015 0.085111
vt 0.420467 0.102054
vt 0.013284 0.438598
vt 0.397069 0.087415
vt 0.395451 0.102874
vt 0.010856 0.461534
vt 0.372329 0.088967
vt 0.371388 0.103659
vt 0.009520 0.485007
vt 0.347452 0.104250
vt -0.652548 0.104250
vt 0.009176 0.508281
vt 0.848496 0.136800
vt -0.151504 0.136800
vt 0.820326 0.136800
vt 0.819426 0.122200
vt 0.792249 0.136800
vt 0.790727 0.122200
vt 0.763874 0.136800
vt 0.762495 0.122200
vt 0.735574 0.136800
vt 0.734730 0.122200
vt 0.707017 0.122200
vt 0.706683 0.136800
vt 0.695194 0.136800
vt 0.690095 0.122200
vt 0.657645 0.126508
vt 0.667396 0.115933
vt 0.606313 0.096661
vt 0.606421 0.076289
vt 0.249959 0.131069
vt 0.275361 0.165668
vt 0.249959 0.165668
vt 0.275361 0.131069
vt 0.300777 0.131069
vt 0.300777 0.165668
vt 0.325996 0.165668
vt 0.325996 0.131069
vt 0.041717 0.131069
vt 0.016498 0.165668
vt 0.016498 0.131069
vt 0.041717 0.165668
vt 0.067133 0.165668
vt 0.067133 0.131069
vt 0.092536 0.131069
vt 0.092536 0.165668
vt 0.117236 0.131069
vt 0.117236 0.165668
vt 0.141177 0.131069
vt 0.141177 0.165668
vt 0.171247 0.131069
vt 0.171247 0.165668
vt 0.201317 0.165668
vt 0.201317 0.131069
vt 0.225258 0.165668
vt 0.225258 0.131069
vt -0.393687 0.096661
vt -0.468911 0.097184
vt -0.354635 0.472978
vt -0.342355 0.126508
vt -0.314577 0.139394
vt -0.304806 0.136800
vt -0.322156 0.146480
vt -0.325455 0.156159
vt -0.325455 0.419778
vt -0.322193 0.429458
vt -0.313161 0.436806
vt -0.324417 0.622913
vt -0.303584 0.439137
vt -0.294851 0.622063
vt -0.294456 0.439137
vt -0.265406 0.439137
vt -0.265406 0.622063
vt -0.237086 0.439137
vt -0.237086 0.622063
vt -0.209019 0.439137
vt -0.209019 0.622063
vt -0.180641 0.439137
vt -0.180641 0.622063
vt -0.151504 0.622063
vt 0.848496 0.622063
vt 0.848496 0.439137
vt -0.151504 0.439137
vt -0.509579 0.661061
vt 0.490421 0.661061
vt 0.462889 0.508281
vt -0.502593 0.679815
vt 0.497407 0.679815
vt -0.484203 0.651607
vt 0.462669 0.530798
vt -0.477214 0.670425
vt -0.458715 0.642067
vt 0.461622 0.553735
vt -0.451744 0.660998
vt -0.432959 0.632543
vt 0.459589 0.576242
vt -0.426055 0.651725
vt -0.406772 0.623065
vt 0.456978 0.598752
vt -0.399951 0.642630
vt -0.379978 0.613636
vt 0.453674 0.621974
vt -0.373267 0.633724
vt -0.345964 0.625857
vt -0.364972 0.606327
vt 0.449622 0.636441
vt -0.340405 0.606737
vt -0.358438 0.583613
vt 0.431689 0.648491
vt -0.485238 0.118538
vt 0.045586 0.648492
vt -0.358237 0.594884
vt 0.441589 0.644825
vt -0.491585 0.108550
vt 0.035522 0.645989
vt -0.493101 0.099093
vt -0.502895 0.101540
vt 0.027366 0.639408
vt -0.502115 0.099365
vt -0.523181 0.098906
vt 0.020998 0.623970
vt 0.645365 0.472978
vt 0.654036 0.625857
vt 0.659595 0.606737
vt 0.675583 0.622913
vt 0.515797 0.651607
vt 0.462669 0.485765
vt 0.522786 0.670425
vt 0.541285 0.642067
vt 0.461622 0.462827
vt 0.548256 0.660998
vt 0.567041 0.632543
vt 0.459589 0.440321
vt 0.573945 0.651725
vt 0.593228 0.623065
vt 0.456978 0.417810
vt 0.600049 0.642630
vt 0.620022 0.613636
vt 0.453674 0.394588
vt 0.626733 0.633724
vt 0.635028 0.606327
vt 0.449621 0.380121
vt 0.641762 0.594884
vt 0.441589 0.371737
vt 0.641562 0.583613
vt 0.431689 0.368071
vt 0.514762 0.118538
vt 0.045586 0.368071
vt 0.508415 0.108550
vt 0.035522 0.370573
vt 0.497105 0.101540
vt 0.027366 0.377154
vt 0.819359 0.439137
vt 0.819359 0.622063
vt 0.790981 0.622063
vt 0.790981 0.439137
vt 0.762914 0.622063
vt 0.762914 0.439137
vt 0.734594 0.622063
vt 0.734594 0.439137
vt 0.705149 0.622063
vt 0.705544 0.439137
vt 0.696416 0.439137
vt 0.686839 0.436806
vt 0.677807 0.429458
vt 0.674545 0.419778
vt 0.674545 0.156159
vt 0.677844 0.146480
vt 0.685423 0.139394
vt 0.316738 0.119200
vt 0.300777 0.108303
vt 0.325996 0.108303
vt 0.294304 0.119200
vt 0.275361 0.108303
vt 0.270836 0.119200
vt 0.249959 0.108303
vt 0.247212 0.119200
vt 0.225258 0.108303
vt 0.223695 0.119200
vt 0.201317 0.108303
vt 0.200338 0.119200
vt 0.171247 0.108303
vt 0.171247 0.119200
vt 0.142156 0.119200
vt 0.141177 0.108303
vt 0.118799 0.119200
vt 0.117236 0.108303
vt 0.095282 0.119200
vt 0.092536 0.108303
vt 0.071658 0.119200
vt 0.067133 0.108303
vt 0.048190 0.119200
vt 0.041717 0.108303
vt 0.025756 0.119200
vt 0.016498 0.108303
vt -0.767344 0.347548
vt 0.025832 0.065046
vt 0.041717 0.073703
vt 0.016498 0.073703
vt 0.048140 0.065046
vt 0.067133 0.073703
vt 0.071637 0.065046
vt 0.092536 0.073703
vt 0.095317 0.065046
vt 0.117236 0.073703
vt 0.118860 0.065046
vt 0.141177 0.073703
vt 0.142219 0.065046
vt 0.171247 0.073703
vt 0.171247 0.065046
vt 0.200275 0.065046
vt 0.201317 0.073703
vt 0.223634 0.065046
vt 0.225258 0.073703
vt 0.247177 0.065046
vt 0.249959 0.073703
vt 0.270858 0.065046
vt 0.275361 0.073703
vt 0.294355 0.065046
vt 0.300777 0.073703
vt 0.316662 0.065046
vt 0.325996 0.073703
vt -0.767344 0.314218
vt -0.782929 0.347548
vt -0.782929 0.314218
vt -0.691074 0.314218
vt -0.696754 0.305952
vt -0.691074 0.347548
vt -0.889349 0.571403
vt -0.893735 0.563313
vt -0.893735 0.556287
vt -0.893735 0.543440
vt -0.884781 0.540481
vt 0.071354 0.564216
vt -0.893735 0.530059
vt -0.884781 0.527494
vt 0.069917 0.546366
vt -0.893735 0.516482
vt -0.893735 0.503219
vt 0.106265 0.503219
vt -0.643712 0.577922
vt -0.876053 0.577921
vt -0.873194 0.568724
vt 0.088318 0.592796
vt -0.883399 0.576157
vt -0.915886 0.583132
vt -0.920891 0.574079
vt -0.923328 0.562161
vt -0.923937 0.554782
vt -0.924752 0.542924
vt -0.925369 0.530287
vt -0.925782 0.516988
vt -0.925934 0.503219
vt 0.074066 0.503219
vt -0.636626 0.575169
vt -0.616517 0.588241
vt -0.609286 0.585329
vt -0.909726 0.588241
vt -0.638538 0.513815
vt 0.404100 0.527039
vt -0.629665 0.503219
vt 0.370335 0.503219
vt -0.638538 0.503219
vt 0.361462 0.503219
vt 0.404355 0.508281
vt -0.629666 0.515554
vt -0.610695 0.503219
vt 0.389305 0.503219
vt -0.610310 0.516597
vt -0.629666 0.528524
vt -0.609395 0.530486
vt -0.629666 0.541757
vt -0.608320 0.544506
vt -0.629665 0.554750
vt -0.607224 0.558247
vt -0.629665 0.561552
vt -0.605951 0.568764
vt -0.631089 0.568911
vt -0.605929 0.578200
vt -0.639093 0.563740
vt 0.394412 0.590906
vt -0.638538 0.525913
vt 0.403332 0.545532
vt -0.499320 0.690238
vt 0.500679 0.690238
vt -0.473560 0.680526
vt -0.448192 0.671126
vt -0.422645 0.661984
vt -0.396675 0.653085
vt -0.370104 0.644428
vt -0.342702 0.636761
vt -0.324092 0.634009
vt -0.294851 0.633325
vt -0.265406 0.633325
vt -0.237086 0.633325
vt -0.209019 0.633325
vt -0.180641 0.633325
vt -0.151504 0.633325
vt 0.848496 0.633325
vt -0.761410 0.305952
vt -0.285354 0.145239
vt -0.299774 0.147520
vt -0.307285 0.153252
vt -0.309723 0.161466
vt -0.309723 0.406016
vt 0.848496 0.145239
vt -0.151504 0.145239
vt -0.184155 0.424040
vt 0.848496 0.424040
vt -0.151504 0.424040
vt -0.184155 0.145239
vt -0.209739 0.424040
vt -0.209739 0.145239
vt -0.235231 0.424040
vt -0.235231 0.145239
vt -0.260505 0.424040
vt -0.260505 0.145239
vt -0.285354 0.424040
vt -0.299264 0.421335
vt -0.307545 0.414591
vt -0.728059 0.305952
vt -0.944906 0.313423
vt -0.953256 0.305156
vt -0.941564 0.305156
vt -0.920779 0.295303
vt -0.944906 0.346753
vt -0.994416 0.305156
vt -0.888721 0.295303
vt -0.853051 0.313423
vt -0.838377 0.313423
vt -0.858731 0.305156
vt -0.840719 0.305156
vt -0.860413 0.295303
vt -0.853051 0.346753
vt -0.838377 0.346753
vt -0.929320 0.346753
vt -0.923387 0.305156
vt -0.929320 0.313423
vt -0.890035 0.305156
vt 0.706297 0.011369
vt 0.734090 0.033269
vt 0.706544 0.033269
vt 0.733976 0.011369
vt 0.761747 0.011369
vt 0.761804 0.033269
vt 0.790108 0.011369
vt 0.790126 0.033269
vt 0.819117 0.011369
vt 0.819108 0.033269
vt 0.848496 0.011369
vt -0.151504 0.011369
vt 0.371922 0.011369
vt 0.347452 0.011369
vt -0.652548 0.011369
vt 0.372779 0.033269
vt 0.397939 0.011369
vt 0.398071 0.033269
vt 0.422457 0.011369
vt 0.422246 0.033269
vt 0.447253 0.011369
vt 0.446886 0.033269
vt 0.473039 0.011369
vt 0.472608 0.033269
vt 0.500473 0.011369
vt 0.500037 0.033269
vt 0.607038 0.011369
vt 0.607131 0.033269
vt 0.678194 0.033269
vt 0.677814 0.011369
vt -0.759008 0.365988
vt -0.791280 0.355816
vt -0.779639 0.355816
vt -0.726730 0.365988
vt -0.832439 0.355816
vt -0.698204 0.365988
vt -0.678664 0.355816
vt 0.734594 0.664652
vt 0.762914 0.664652
vt 0.790981 0.664652
vt 0.819359 0.664652
vt 0.537198 0.708424
vt 0.562102 0.699108
vt 0.587291 0.690316
vt 0.612936 0.681963
vt 0.639165 0.674023
vt 0.665812 0.667278
vt 0.676882 0.665629
vt 0.705149 0.664652
vt 0.534219 0.700908
vt 0.559275 0.691556
vt 0.584568 0.682678
vt 0.610308 0.674194
vt 0.636665 0.666073
vt 0.663851 0.659033
vt 0.676369 0.657143
vt 0.705149 0.656076
vt 0.734594 0.656076
vt 0.762914 0.656076
vt 0.790981 0.656076
vt 0.819359 0.656076
vt 0.369294 0.225256
vt 0.376024 0.209365
vt 0.386732 0.195601
vt 0.400685 0.299560
vt 0.386732 0.288824
vt 0.376024 0.275060
vt 0.369294 0.259170
vt 0.366998 0.242213
vt 0.376024 0.242213
vt 0.386732 0.242213
vt 0.400685 0.242213
vt 0.400685 0.184866
vt 0.416935 0.242213
vt 0.416935 0.177893
vt 0.437587 0.175323
vt 0.452425 0.177607
vt 0.469247 0.184385
vt 0.483693 0.195074
vt 0.494777 0.208927
vt 0.501745 0.225008
vt 0.504122 0.242213
vt 0.494777 0.242213
vt 0.483693 0.242213
vt 0.469247 0.242213
vt 0.452425 0.242213
vt 0.437587 0.242213
vt 0.416935 0.306532
vt 0.501745 0.259418
vt 0.494777 0.275499
vt 0.483693 0.289351
vt 0.469247 0.300041
vt 0.452425 0.306819
vt 0.437587 0.309102
vt 0.316738 0.060786
vt 0.300777 0.049889
vt 0.325996 0.049889
vt 0.294304 0.060786
vt 0.275361 0.049889
vt 0.270836 0.060786
vt 0.249959 0.049889
vt 0.247212 0.060786
vt 0.225258 0.049889
vt 0.223695 0.060786
vt 0.201317 0.049889
vt 0.200338 0.060786
vt 0.171247 0.049889
vt 0.171247 0.060786
vt 0.142156 0.060786
vt 0.141177 0.049889
vt 0.118799 0.060786
vt 0.117236 0.049889
vt 0.095282 0.060786
vt 0.092536 0.049889
vt 0.071658 0.060786
vt 0.067133 0.049889
vt 0.048190 0.060786
vt 0.041717 0.049889
vt 0.025756 0.060786
vt 0.016498 0.049889
vt 0.025832 0.006632
vt 0.041717 0.015289
vt 0.016498 0.015289
vt 0.048140 0.006632
vt 0.067133 0.015289
vt 0.071637 0.006632
vt 0.092536 0.015289
vt 0.095317 0.006632
vt 0.117236 0.015289
vt 0.118860 0.006632
vt 0.141177 0.015289
vt 0.142219 0.006632
vt 0.171247 0.015289
vt 0.171247 0.006632
vt 0.200275 0.006632
vt 0.201317 0.015289
vt 0.223634 0.006632
vt 0.225258 0.015289
vt 0.247177 0.006632
vt 0.249959 0.015289
vt 0.270858 0.006632
vt 0.275361 0.015289
vt 0.294355 0.006632
vt 0.300777 0.015289
vt 0.316662 0.006632
vt 0.325996 0.015289
vt 0.308926 0.314218
vt 0.323600 0.314218
vt 0.303378 0.355816
vt 0.308926 0.347548
vt 0.321336 0.355816
vt 0.301796 0.365988
vt 0.323600 0.347548
vt 0.232656 0.347548
vt 0.238473 0.355816
vt 0.232656 0.314218
vt 0.271946 0.355816
vt 0.239933 0.347548
vt 0.239933 0.314218
vt 0.301497 0.314218
vt -0.628078 0.011369
vt -0.602061 0.011369
vt -0.577543 0.011369
vt -0.552747 0.011369
vt -0.526961 0.011369
vt -0.499527 0.011369
vt -0.392962 0.011369
vt -0.322186 0.011369
vt -0.293703 0.011369
vt -0.266024 0.011369
vt -0.238253 0.011369
vt -0.209892 0.011369
vt -0.180883 0.011369
vt 0.368911 0.568911
vt 0.370335 0.561552
vt 0.361462 0.558565
vt 0.396837 0.429829
vt 0.370334 0.554750
vt 0.370334 0.541757
vt 0.370334 0.528524
vt 0.361462 0.525913
vt 0.403332 0.471031
vt 0.370334 0.515554
vt 0.361462 0.513815
vt 0.404100 0.489523
vt 0.123947 0.577921
vt 0.356288 0.577922
vt 0.363374 0.575169
vt 0.390714 0.585329
vt 0.394071 0.578200
vt 0.394049 0.568764
vt 0.392776 0.558247
vt 0.391680 0.544506
vt 0.390605 0.530486
vt 0.389690 0.516597
vt 0.383483 0.588241
vt 0.090274 0.588241
vt 0.116601 0.576157
vt 0.084114 0.583132
vt 0.074218 0.516988
vt 0.106265 0.516482
vt 0.074631 0.530287
vt 0.106265 0.530059
vt 0.075248 0.542924
vt 0.106265 0.543440
vt 0.076063 0.554782
vt 0.106265 0.556287
vt 0.076672 0.562161
vt 0.106265 0.563313
vt 0.079109 0.574079
vt 0.110651 0.571403
vt 0.121324 0.567850
vt 0.083550 0.423766
vt 0.126806 0.568724
vt 0.088318 0.423766
vt 0.115219 0.514642
vt 0.069253 0.488967
vt 0.115219 0.527494
vt 0.069917 0.470196
vt 0.115219 0.540481
vt 0.071354 0.452347
vt 0.115219 0.553345
vt 0.074070 0.435888
vt 0.301497 0.347548
vt -0.445607 0.615094
vt -0.409788 0.777030
vt -0.458312 0.615873
vt -0.419472 0.780176
vt -0.471018 0.615094
vt -0.429156 0.777030
vt -0.483891 0.612895
vt -0.435141 0.768792
vt -0.497107 0.609783
vt -0.435141 0.758610
vt -0.510833 0.606827
vt -0.429156 0.750372
vt 0.056662 0.488844
vt 0.156885 0.652141
vt 0.057633 0.469807
vt 0.180908 0.652141
vt 0.059565 0.451444
vt 0.204514 0.652141
vt 0.063099 0.433606
vt 0.227628 0.652141
vt 0.066841 0.424745
vt 0.239195 0.652141
vt 0.072390 0.416879
vt 0.248264 0.655176
vt 0.079107 0.413094
vt 0.254685 0.660980
vt 0.086664 0.411351
vt 0.256624 0.668533
vt 0.388564 0.411350
vt 0.256624 0.979159
vt 0.395706 0.414052
vt 0.254685 0.986349
vt 0.402741 0.418785
vt 0.248264 0.992111
vt 0.406807 0.426001
vt 0.239195 0.993503
vt 0.410309 0.434759
vt 0.227628 0.993503
vt 0.413626 0.452471
vt 0.204514 0.993503
vt 0.415468 0.470632
vt 0.180908 0.993503
vt 0.416435 0.489335
vt 0.156885 0.993503
vt 0.416740 0.508281
vt 0.132623 0.993503
vt 0.416435 0.527227
vt 0.415468 0.545931
vt 0.413626 0.564091
vt 0.060730 0.993503
vt 0.410309 0.581803
vt 0.037615 0.993503
vt 0.406807 0.590562
vt 0.026047 0.993504
vt 0.402741 0.597778
vt 0.016979 0.992109
vt 0.395706 0.602511
vt 0.010558 0.986348
vt 0.388564 0.605212
vt 0.086664 0.605212
vt 0.008619 0.668534
vt 0.079107 0.603469
vt 0.010558 0.660980
vt 0.072390 0.599684
vt 0.016979 0.655177
vt 0.066841 0.591817
vt 0.026047 0.652141
vt 0.063099 0.582956
vt 0.037615 0.652141
vt 0.059565 0.565118
vt 0.060730 0.652141
vt 0.057633 0.546755
vt 0.084339 0.652141
vt 0.056662 0.527719
vt 0.056371 0.508281
vt 0.132623 0.652141
vt 0.538239 0.750183
vt -0.461761 0.750183
vt 0.516289 0.764477
vt 0.469459 0.443462
vt 0.516289 0.750183
vt -0.483711 0.750183
vt 0.467215 0.460506
vt 0.538239 0.764423
vt 0.516289 0.778809
vt 0.476039 0.427579
vt 0.538239 0.778637
vt 0.516289 0.793260
vt 0.486505 0.413939
vt 0.538239 0.792751
vt 0.516289 0.808070
vt 0.500145 0.403473
vt 0.538239 0.806521
vt 0.516289 0.823938
vt 0.516029 0.396894
vt 0.538239 0.819113
vt 0.516289 0.843101
vt 0.533074 0.394649
vt 0.538239 0.841092
vt 0.538239 0.862713
vt 0.516289 0.863638
vt 0.550119 0.396894
vt 0.538239 0.884344
vt 0.516289 0.884802
vt 0.566003 0.403473
vt 0.538239 0.906001
vt 0.516289 0.906283
vt 0.579643 0.413939
vt 0.538239 0.927720
vt 0.516289 0.927956
vt 0.590109 0.427579
vt 0.538239 0.949581
vt 0.516289 0.949791
vt 0.596689 0.443462
vt 0.538239 0.971770
vt -0.461761 0.971770
vt 0.516289 0.971770
vt -0.483711 0.971770
vt 0.598933 0.460506
vt 0.271356 0.347548
vt 0.271353 0.314218
vt 0.990901 0.971770
vt 0.356287 0.493209
vt -0.009099 0.971770
vt 0.968951 0.971770
vt -0.031049 0.971770
vt 0.990901 0.949792
vt 0.354215 0.508968
vt 0.968951 0.949580
vt 0.990901 0.927955
vt 0.348138 0.523638
vt 0.968951 0.927720
vt 0.990901 0.906281
vt 0.338472 0.536235
vt 0.968951 0.906002
vt 0.990901 0.884789
vt 0.325875 0.545901
vt 0.968951 0.884344
vt 0.990901 0.863595
vt 0.311205 0.551977
vt 0.968951 0.862714
vt 0.990901 0.842990
vt 0.295463 0.554050
vt 0.968951 0.841092
vt 0.968951 0.722949
vt 0.990901 0.722247
vt 0.182089 0.554050
vt 0.968951 0.700947
vt 0.990901 0.704531
vt 0.166347 0.551977
vt 0.968951 0.688202
vt 0.990901 0.689258
vt 0.151677 0.545901
vt 0.968951 0.674390
vt 0.990901 0.674699
vt 0.139081 0.536235
vt 0.968951 0.660266
vt 0.990901 0.660357
vt 0.129415 0.523638
vt 0.968951 0.646048
vt 0.990901 0.646072
vt 0.123338 0.508968
vt 0.968951 0.631807
vt -0.031049 0.631807
vt 0.990901 0.631807
vt 0.121266 0.493209
vt -0.009099 0.631807
vt 0.146949 0.313423
vt 0.161623 0.313423
vt 0.141401 0.355020
vt 0.146949 0.346753
vt 0.159359 0.355020
vt 0.139820 0.365192
vt 0.161623 0.346753
vt 0.070680 0.346753
vt 0.076496 0.355020
vt 0.109970 0.355020
vt 0.077957 0.346753
vt 0.819359 0.633325
vt 0.790981 0.633325
vt 0.762914 0.633325
vt 0.734594 0.633325
vt 0.705149 0.633325
vt 0.675908 0.634009
vt 0.657298 0.636761
vt 0.629896 0.644428
vt 0.603325 0.653085
vt 0.577355 0.661984
vt 0.551808 0.671126
vt 0.526440 0.680526
vt 0.139520 0.313423
vt 0.316738 0.292052
vt 0.300777 0.281155
vt 0.325996 0.281155
vt 0.294304 0.292052
vt 0.275361 0.281155
vt 0.270836 0.292052
vt 0.249959 0.281155
vt 0.247212 0.292052
vt 0.225258 0.281155
vt 0.223695 0.292052
vt 0.201317 0.281155
vt 0.200338 0.292052
vt 0.171247 0.281155
vt 0.171247 0.292052
vt 0.142156 0.292052
vt 0.141177 0.281155
vt 0.118799 0.292052
vt 0.117236 0.281155
vt 0.095282 0.292052
vt 0.092536 0.281155
vt 0.071658 0.292052
vt 0.067133 0.281155
vt 0.048190 0.292052
vt 0.041717 0.281155
vt 0.025756 0.292052
vt 0.016498 0.281155
vt 0.139520 0.346753
vt 0.025832 0.237898
vt 0.041717 0.246555
vt 0.016498 0.246555
vt 0.048140 0.237898
vt 0.067133 0.246555
vt 0.071637 0.237898
vt 0.092536 0.246555
vt 0.095317 0.237898
vt 0.117236 0.246555
vt 0.118860 0.237898
vt 0.141177 0.246555
vt 0.142219 0.237898
vt 0.171247 0.246555
vt 0.171247 0.237898
vt 0.200275 0.237898
vt 0.201317 0.246555
vt 0.223634 0.237898
vt 0.225258 0.246555
vt 0.247177 0.237898
vt 0.249959 0.246555
vt 0.270858 0.237898
vt 0.275361 0.246555
vt 0.294355 0.237898
vt 0.300777 0.246555
vt 0.316662 0.237898
vt 0.325996 0.246555
vt -0.791280 0.305952
vt -0.779588 0.305952
vt -0.758803 0.296098
vt -0.832439 0.305952
vt -0.726745 0.296098
vt -0.676400 0.314218
vt -0.678743 0.305952
vt -0.698437 0.296098
vt -0.676400 0.347548
vt 0.714646 0.145239
vt 0.692714 0.153252
vt 0.700226 0.147520
vt 0.690277 0.161466
vt 0.690277 0.406016
vt 0.692455 0.414591
vt 0.700736 0.421335
vt 0.714646 0.424040
vt 0.739495 0.424040
vt 0.739495 0.145239
vt 0.764770 0.145239
vt 0.764770 0.424040
vt 0.790261 0.145239
vt 0.790261 0.424040
vt 0.815845 0.145239
vt 0.815845 0.424040
vt 0.109380 0.346753
vt 0.109376 0.313423
vt 0.316738 0.234686
vt 0.300777 0.223789
vt 0.325996 0.223789
vt 0.294304 0.234686
vt 0.275361 0.223789
vt 0.270836 0.234686
vt 0.249959 0.223789
vt 0.247212 0.234686
vt 0.225258 0.223789
vt 0.223695 0.234686
vt 0.201317 0.223789
vt 0.200338 0.234686
vt 0.171247 0.223789
vt 0.171247 0.234686
vt 0.142156 0.234686
vt 0.141177 0.223789
vt 0.118799 0.234686
vt 0.117236 0.223789
vt 0.095282 0.234686
vt 0.092536 0.223789
vt 0.071658 0.234686
vt 0.067133 0.223789
vt 0.048190 0.234686
vt 0.041717 0.223789
vt 0.025756 0.234686
vt 0.016498 0.223789
vt 0.475353 0.043390
vt 0.448075 0.043390
vt 0.422542 0.043390
vt 0.397642 0.043390
vt 0.372760 0.043390
vt 0.819426 0.043390
vt 0.790727 0.043390
vt 0.762495 0.043390
vt 0.734730 0.043390
vt 0.707017 0.043390
vt 0.674119 0.043390
vt 0.606421 0.043390
vt 0.504330 0.043390
vt 0.025832 0.180532
vt 0.041717 0.189190
vt 0.016498 0.189190
vt 0.048140 0.180532
vt 0.067133 0.189190
vt 0.071637 0.180532
vt 0.092536 0.189190
vt 0.095317 0.180532
vt 0.117236 0.189190
vt 0.118860 0.180532
vt 0.141177 0.189190
vt 0.142219 0.180532
vt 0.171247 0.189190
vt 0.171247 0.180532
vt 0.200275 0.180532
vt 0.201317 0.189190
vt 0.223634 0.180532
vt 0.225258 0.189190
vt 0.247177 0.180532
vt 0.249959 0.189190
vt 0.270858 0.180532
vt 0.275361 0.189190
vt 0.294355 0.180532
vt 0.300777 0.189190
vt 0.316662 0.180532
vt 0.325996 0.189190
vt -0.031049 0.949580
vt -0.461761 0.949581
vt -0.031049 0.927720
vt -0.461761 0.927720
vt -0.031049 0.906002
vt -0.461761 0.906001
vt -0.031049 0.884344
vt -0.461761 0.884344
vt -0.031049 0.862714
vt -0.461761 0.862713
vt -0.031049 0.841092
vt -0.461761 0.841092
vt -0.031049 0.722949
vt -0.461761 0.819113
vt -0.031049 0.700947
vt 0.316738 0.176566
vt 0.294304 0.176566
vt 0.270836 0.176566
vt 0.247212 0.176566
vt 0.223695 0.176566
vt 0.200338 0.176566
vt 0.171247 0.176566
vt 0.142156 0.176566
vt 0.118799 0.176566
vt 0.095282 0.176566
vt 0.071658 0.176566
vt 0.048190 0.176566
vt 0.025756 0.176566
vt 0.642285 0.763852
vt 0.657630 0.768838
vt 0.634136 0.774088
vt 0.656868 0.781432
vt 0.672976 0.763852
vt 0.679647 0.773688
vt 0.682459 0.750799
vt 0.695213 0.749939
vt 0.682459 0.734664
vt 0.692832 0.727243
vt 0.672976 0.721610
vt 0.680428 0.711604
vt 0.657630 0.716624
vt 0.657094 0.704031
vt 0.642285 0.721610
vt 0.634145 0.711268
vt 0.632801 0.734664
vt 0.620047 0.730624
vt 0.632801 0.750799
vt 0.620062 0.754645
vt 0.531765 0.323039
vt 0.516419 0.328025
vt 0.531765 0.310279
vt 0.508919 0.317702
vt 0.506935 0.341078
vt 0.494800 0.337135
vt 0.506935 0.357213
vt 0.494800 0.361156
vt 0.516419 0.370267
vt 0.508919 0.380590
vt 0.531765 0.375252
vt 0.531765 0.388013
vt 0.547110 0.370267
vt 0.554610 0.380590
vt 0.556594 0.357213
vt 0.568729 0.361156
vt 0.556594 0.341078
vt 0.568729 0.337135
vt 0.547110 0.328025
vt 0.554610 0.317702
vt 0.925017 0.631630
vt 0.910168 0.626805
vt 0.935234 0.617568
vt 0.910168 0.609424
vt 0.895319 0.631630
vt 0.885103 0.617568
vt 0.886142 0.644261
vt 0.869612 0.638890
vt 0.886142 0.659874
vt 0.869612 0.665245
vt 0.895319 0.672505
vt 0.885103 0.686567
vt 0.910168 0.677330
vt 0.910168 0.694711
vt 0.925017 0.672505
vt 0.935234 0.686567
vt 0.934194 0.659874
vt 0.950725 0.665245
vt 0.934194 0.644261
vt 0.950725 0.638890
vt 0.580528 0.738438
vt 0.565679 0.743263
vt 0.580528 0.728040
vt 0.559567 0.734851
vt 0.556502 0.755894
vt 0.546612 0.752681
vt 0.556502 0.771507
vt 0.546612 0.774721
vt 0.565679 0.784139
vt 0.559567 0.792551
vt 0.580528 0.788963
vt 0.580528 0.799362
vt 0.595377 0.784139
vt 0.601489 0.792551
vt 0.604554 0.771507
vt 0.614443 0.774721
vt 0.604554 0.755894
vt 0.614443 0.752681
vt 0.595377 0.743263
vt 0.601489 0.734851
vt 0.025832 0.122412
vt 0.048140 0.122412
vt 0.071637 0.122412
vt 0.095317 0.122412
vt 0.118860 0.122412
vt 0.142219 0.122412
vt 0.171247 0.122412
vt 0.200275 0.122412
vt 0.223634 0.122412
vt 0.247177 0.122412
vt 0.270858 0.122412
vt 0.294355 0.122412
vt 0.316662 0.122412
vt 0.182089 0.493209
vt 0.123338 0.477450
vt -0.009099 0.646072
vt 0.129415 0.462780
vt -0.009099 0.660357
vt 0.139081 0.450183
vt -0.009099 0.674699
vt 0.151677 0.440517
vt -0.009099 0.689258
vt 0.166347 0.434441
vt -0.009099 0.704531
vt 0.182089 0.432368
vt -0.009099 0.722247
vt 0.295463 0.493209
vt 0.295463 0.432368
vt -0.009099 0.842990
vt 0.311205 0.434441
vt -0.009099 0.863595
vt 0.325875 0.440517
vt -0.009099 0.884789
vt 0.338472 0.450183
vt -0.009099 0.906281
vt 0.348138 0.462780
vt -0.009099 0.927955
vt 0.354215 0.477450
vt -0.009099 0.949792
vt -0.483711 0.949791
vt 0.596689 0.477549
vt -0.483711 0.927956
vt 0.590109 0.493433
vt -0.483711 0.906283
vt 0.579643 0.507073
vt -0.483711 0.884802
vt 0.566003 0.517539
vt -0.483711 0.863638
vt 0.550119 0.524118
vt -0.483711 0.843101
vt 0.533074 0.526363
vt -0.483711 0.823938
vt 0.516029 0.524118
vt -0.461761 0.806521
vt -0.483711 0.808070
vt 0.500145 0.517539
vt -0.461761 0.792751
vt -0.483711 0.793260
vt 0.486505 0.507073
vt -0.461761 0.778637
vt -0.483711 0.778809
vt 0.476039 0.493433
vt -0.461761 0.764423
vt -0.483711 0.764477
vt 0.469459 0.477549
vt -0.074983 0.631630
vt -0.064766 0.617568
vt -0.089832 0.626805
vt -0.089832 0.609424
vt -0.104681 0.631630
vt -0.114897 0.617568
vt -0.113858 0.644261
vt -0.130388 0.638890
vt -0.113858 0.659874
vt -0.130388 0.665245
vt -0.104681 0.672505
vt -0.114897 0.686567
vt -0.089832 0.677330
vt -0.089832 0.694711
vt -0.074983 0.672505
vt -0.064766 0.686567
vt -0.065806 0.659874
vt -0.049275 0.665245
vt -0.065806 0.644261
vt -0.049275 0.638890
vt -0.293317 0.136800
vt -0.264426 0.136800
vt -0.236126 0.136800
vt -0.207750 0.136800
vt -0.179674 0.136800
vt -0.628612 0.103659
vt 0.009520 0.531555
vt -0.604549 0.102874
vt 0.010856 0.555029
vt -0.579533 0.102054
vt 0.013284 0.577964
vt -0.552614 0.100951
vt 0.016470 0.600798
vt 0.024221 0.443515
vt 0.022031 0.464468
vt 0.026867 0.423098
vt 0.029180 0.402841
vt 0.032360 0.391301
vt 0.038669 0.384942
vt 0.047205 0.382768
vt 0.428732 0.382768
vt 0.038669 0.631620
vt 0.032360 0.625261
vt 0.029180 0.613722
vt 0.026867 0.593465
vt 0.024221 0.573048
vt 0.022031 0.552094
vt 0.020643 0.530350
vt 0.020197 0.508281
vt 0.020643 0.486212
vt 0.450492 0.550978
vt 0.451669 0.529716
vt 0.448604 0.571575
vt 0.446346 0.591763
vt 0.444475 0.612133
vt 0.443062 0.622605
vt 0.436856 0.630666
vt 0.428732 0.633795
vt 0.047205 0.633794
vt 0.436856 0.385897
vt 0.405507 0.403456
vt 0.397380 0.400810
vt 0.078020 0.400810
vt 0.069519 0.402518
vt 0.062672 0.407200
vt 0.057809 0.416654
vt 0.055238 0.427117
vt 0.051684 0.446796
vt 0.049590 0.466675
vt 0.048503 0.487254
vt 0.048173 0.508281
vt 0.048503 0.529308
vt 0.049590 0.549888
vt 0.051684 0.569767
vt 0.055238 0.589445
vt 0.057809 0.599909
vt 0.062672 0.609363
vt 0.069519 0.614044
vt 0.078021 0.615752
vt 0.397380 0.615752
vt 0.405507 0.613107
vt 0.412527 0.607138
vt 0.415658 0.598478
vt 0.418150 0.588110
vt 0.421466 0.568620
vt 0.423402 0.548996
vt 0.424422 0.528797
vt 0.452033 0.508281
vt 0.424739 0.508281
vt 0.424422 0.487765
vt 0.451669 0.486847
vt 0.423402 0.467566
vt 0.450492 0.465584
vt 0.421466 0.447943
vt 0.448604 0.444987
vt 0.418150 0.428452
vt 0.446346 0.424799
vt 0.415658 0.418085
vt 0.444475 0.404429
vt 0.412527 0.409424
vt 0.443062 0.393958
vt -0.419472 0.738438
vt -0.419472 0.728040
vt -0.434321 0.743263
vt -0.440433 0.734851
vt -0.443498 0.755894
vt -0.453388 0.752681
vt -0.443498 0.771507
vt -0.453388 0.774721
vt -0.434321 0.784139
vt -0.440433 0.792551
vt -0.419472 0.788963
vt -0.419472 0.799362
vt -0.404623 0.784139
vt -0.398511 0.792551
vt -0.395446 0.771507
vt -0.385557 0.774721
vt -0.395446 0.755894
vt -0.385557 0.752681
vt -0.404623 0.743263
vt -0.398511 0.734851
vt 0.533074 0.460506
vt -0.031049 0.646048
vt -0.031049 0.660266
vt -0.031049 0.674390
vt -0.031049 0.688202
vt 0.108364 0.993503
vt 0.108364 0.652141
vt 0.084339 0.993503
vt 0.008619 0.979159
s 1
usemtl cryopod_glass
f 1/1/1 2/2/2 3/3/3
f 4/6/4 2/2/2 1/1/1
f 4/6/4 5/7/5 2/2/2
f 6/8/6 5/7/5 4/6/4
f 6/8/6 7/11/7 5/7/5
f 8/14/8 7/11/7 6/8/6
f 8/14/8 9/17/9 7/11/7
f 10/20/10 9/17/9 8/14/8
f 9/17/9 10/20/10 11/23/11
f 11/23/11 10/20/10 12/26/12
f 13/27/13 11/23/11 12/26/12
f 14/30/13 11/23/11 13/27/13
f 14/30/13 13/27/13 15/33/14
f 15/33/14 13/27/13 16/34/15
f 17/37/16 18/40/17 19/41/18
f 20/44/16 18/40/17 17/37/16
f 17/37/16 21/45/19 20/44/16
f 20/44/16 21/45/19 22/48/19
f 21/45/19 23/51/20 22/48/19
f 22/48/19 23/51/20 24/52/21
f 25/55/22 24/52/21 23/51/20
f 26/58/23 24/52/21 25/55/22
f 27/59/24 26/58/23 25/55/22
f 28/62/25 26/58/23 27/59/24
f 29/63/26 28/62/25 27/59/24
f 30/64/27 28/62/25 29/63/26
f 31/65/28 30/64/27 29/63/26
f 32/66/29 30/64/27 31/65/28
f 33/67/30 32/66/29 31/65/28
f 34/68/30 32/66/29 33/67/30
f 33/67/30 3/3/3 34/68/30
f 1/1/1 3/3/3 33/67/30
usemtl cryopod
f 35/72/31 36/73/31 37/74/31
f 38/75/32 39/76/33 40/77/33
f 39/76/33 41/78/34 40/77/33
f 40/77/33 41/78/34 42/79/34
f 41/78/34 43/80/35 42/79/34
f 42/79/34 43/80/35 44/81/35
f 43/80/35 45/82/36 44/81/35
f 44/81/35 45/82/36 46/83/36
f 45/82/36 47/84/37 46/83/36
f 46/83/36 47/84/37 48/85/37
f 47/84/37 49/86/38 48/85/37
f 48/85/37 49/86/38 50/89/38
f 51/91/39 52/92/39 53/94/40
f 53/94/40 52/92/39 54/95/40
f 53/94/40 54/95/40 55/96/41
f 55/96/41 54/95/40 56/97/41
f 55/96/41 56/97/41 57/98/42
f 57/98/42 56/97/41 58/99/42
f 57/98/42 58/99/42 59/100/43
f 59/100/43 58/99/42 60/101/43
f 60/101/43 61/102/44 59/100/43
f 59/100/43 61/102/44 62/103/45
f 61/102/44 63/104/46 62/103/45
f 64/105/47 63/104/46 61/102/44
f 65/106/48 63/104/46 64/105/47
f 64/105/47 66/107/49 65/106/48
f 67/108/50 66/107/49 64/105/47
f 67/108/50 68/109/32 66/107/49
f 66/107/49 68/109/32 38/75/32
f 68/109/32 39/76/33 38/75/32
f 69/110/51 70/112/52 71/113/53
f 71/113/53 70/112/52 72/115/54
f 72/115/54 70/112/52 73/118/55
f 73/118/55 74/120/56 75/121/57
f 70/112/52 74/120/56 73/118/55
f 76/123/58 74/120/56 70/112/52
f 76/123/58 70/112/52 69/110/51
f 77/124/59 76/123/58 69/110/51
f 75/121/57 78/126/60 79/127/61
f 74/120/56 78/126/60 75/121/57
f 80/129/62 78/126/60 74/120/56
f 80/129/62 74/120/56 76/123/58
f 81/130/63 80/129/62 76/123/58
f 81/130/63 76/123/58 77/124/59
f 82/131/64 81/130/63 77/124/59
f 83/133/65 84/135/66 82/131/64
f 84/135/66 81/130/63 82/131/64
f 84/135/66 85/136/67 81/130/63
f 85/136/67 80/129/62 81/130/63
f 85/136/67 86/137/68 80/129/62
f 86/137/68 78/126/60 80/129/62
f 86/137/68 87/138/69 78/126/60
f 78/126/60 87/138/69 79/127/61
f 79/127/61 87/138/69 88/139/70
f 89/141/71 90/143/72 83/133/65
f 90/143/72 84/135/66 83/133/65
f 90/143/72 91/144/73 84/135/66
f 91/144/73 85/136/67 84/135/66
f 91/144/73 92/145/74 85/136/67
f 92/145/74 86/137/68 85/136/67
f 92/145/74 93/146/75 86/137/68
f 93/146/75 87/138/69 86/137/68
f 93/146/75 94/147/76 87/138/69
f 87/138/69 94/147/76 88/139/70
f 88/139/70 94/147/76 95/148/77
f 96/150/78 71/114/53 72/116/54
f 97/152/79 71/114/53 96/150/78
f 98/153/80 97/152/79 96/150/78
f 99/155/81 97/152/79 98/153/80
f 100/156/82 99/155/81 98/153/80
f 101/158/83 99/155/81 100/156/82
f 102/159/84 101/158/83 100/156/82
f 103/161/85 101/158/83 102/159/84
f 95/148/77 103/161/85 102/159/84
f 94/147/76 103/161/85 95/148/77
f 104/162/86 103/161/85 94/147/76
f 104/162/86 94/147/76 93/146/75
f 105/163/87 104/162/86 93/146/75
f 105/163/87 93/146/75 92/145/74
f 106/164/88 105/163/87 92/145/74
f 106/164/88 92/145/74 91/144/73
f 107/165/89 106/164/88 91/144/73
f 107/165/89 91/144/73 90/143/72
f 108/166/90 109/167/91 110/168/92
f 110/168/92 109/167/91 111/169/93
f 110/168/92 111/169/93 112/170/94
f 112/170/94 111/169/93 113/171/95
f 112/170/94 113/171/95 114/172/96
f 114/172/96 113/171/95 115/173/97
f 115/173/97 113/171/95 116/174/98
f 116/174/98 113/171/95 117/175/99
f 117/175/99 107/165/89 116/174/98
f 117/175/99 118/176/100 107/165/89
f 118/176/100 106/164/88 107/165/89
f 118/176/100 119/177/101 106/164/88
f 119/177/101 105/163/87 106/164/88
f 119/177/101 120/178/102 105/163/87
f 120/178/102 104/162/86 105/163/87
f 120/178/102 121/179/103 104/162/86
f 121/179/103 103/161/85 104/162/86
f 121/179/103 101/158/83 103/161/85
f 113/171/95 111/169/93 117/175/99
f 117/175/99 111/169/93 122/180/104
f 111/169/93 109/167/91 122/180/104
f 122/180/104 118/176/100 117/175/99
f 116/174/98 107/165/89 90/143/72
f 116/174/98 90/143/72 89/141/71
f 89/141/71 115/173/97 116/174/98
f 123/181/105 115/173/97 89/141/71
f 124/183/106 115/173/97 123/181/105
f 114/172/96 115/173/97 124/183/106
f 125/185/107 114/172/96 124/183/106
f 126/187/108 114/172/96 125/185/107
f 126/187/108 112/170/94 114/172/96
f 127/188/109 112/170/94 126/187/108
f 127/188/109 110/168/92 112/170/94
f 128/189/110 110/168/92 127/188/109
f 128/189/110 108/166/90 110/168/92
f 129/190/111 108/166/90 128/189/110
f 129/190/111 130/191/112 108/166/90
f 131/192/113 130/191/112 129/190/111
f 131/192/113 132/193/114 130/191/112
f 133/194/115 132/193/114 131/192/113
f 134/195/116 135/196/117 136/197/118
f 136/197/118 135/196/117 137/198/119
f 136/197/118 137/198/119 138/199/120
f 138/199/120 137/198/119 139/200/121
f 138/199/120 139/200/121 140/201/122
f 140/201/122 139/200/121 133/194/115
f 140/201/122 133/194/115 141/202/123
f 141/202/123 133/194/115 131/192/113
f 141/202/123 131/192/113 142/203/124
f 142/203/124 131/192/113 129/190/111
f 142/203/124 129/190/111 143/204/125
f 143/204/125 129/190/111 128/189/110
f 143/204/125 128/189/110 144/205/126
f 144/205/126 128/189/110 127/188/109
f 144/205/126 127/188/109 145/206/127
f 145/206/127 127/188/109 126/187/108
f 146/207/128 126/187/108 125/185/107
f 145/206/127 126/187/108 146/207/128
f 147/209/129 145/206/127 146/207/128
f 148/211/130 145/206/127 147/209/129
f 148/211/130 144/205/126 145/206/127
f 149/212/131 144/205/126 148/211/130
f 149/212/131 143/204/125 144/205/126
f 150/213/132 143/204/125 149/212/131
f 150/213/132 142/203/124 143/204/125
f 151/214/133 142/203/124 150/213/132
f 151/214/133 141/202/123 142/203/124
f 152/215/134 141/202/123 151/214/133
f 152/215/134 140/201/122 141/202/123
f 153/216/135 140/201/122 152/215/134
f 153/216/135 138/199/120 140/201/122
f 154/217/136 138/199/120 153/216/135
f 154/217/136 136/197/118 138/199/120
f 155/218/137 136/197/118 154/217/136
f 156/219/138 148/211/130 147/209/129
f 157/221/139 148/211/130 156/219/138
f 157/221/139 149/212/131 148/211/130
f 158/222/140 149/212/131 157/221/139
f 158/222/140 150/213/132 149/212/131
f 159/223/141 150/213/132 158/222/140
f 159/223/141 151/214/133 150/213/132
f 160/224/142 151/214/133 159/223/141
f 160/224/142 152/215/134 151/214/133
f 161/225/143 152/215/134 160/224/142
f 161/225/143 153/216/135 152/215/134
f 162/226/144 153/216/135 161/225/143
f 162/226/144 154/217/136 153/216/135
f 163/227/145 154/217/136 162/226/144
f 163/227/145 155/218/137 154/217/136
f 164/228/146 155/218/137 163/227/145
f 155/218/137 134/195/116 136/197/118
f 165/229/147 134/195/116 155/218/137
f 164/228/146 165/229/147 155/218/137
f 166/230/148 165/229/147 164/228/146
f 164/228/146 163/227/145 167/231/82
f 167/231/82 163/227/145 168/233/80
f 163/227/145 162/226/144 168/233/80
f 168/233/80 162/226/144 169/235/78
f 162/226/144 161/225/143 169/235/78
f 169/235/78 161/225/143 170/237/54
f 161/225/143 160/224/142 170/237/54
f 170/237/54 160/224/142 171/239/55
f 160/224/142 159/223/141 171/239/55
f 171/239/55 159/223/141 172/241/57
f 159/223/141 158/222/140 172/241/57
f 172/241/57 158/222/140 173/243/61
f 158/222/140 157/221/139 173/243/61
f 173/243/61 157/221/139 174/245/70
f 157/221/139 156/219/138 174/245/70
f 174/245/70 156/219/138 175/247/77
f 133/194/115 176/250/149 132/193/114
f 139/200/121 176/250/149 133/194/115
f 139/200/121 177/251/150 176/250/149
f 137/198/119 177/251/150 139/200/121
f 137/198/119 178/252/151 177/251/150
f 135/196/117 178/252/151 137/198/119
f 135/196/117 124/184/106 178/252/151
f 125/186/107 124/184/106 135/196/117
f 134/195/116 125/186/107 135/196/117
f 146/208/128 125/186/107 134/195/116
f 165/229/147 146/208/128 134/195/116
f 147/210/129 146/208/128 165/229/147
f 166/230/148 147/210/129 165/229/147
f 156/220/138 147/210/129 166/230/148
f 156/220/138 166/230/148 175/248/77
f 175/248/77 166/230/148 179/253/84
f 166/230/148 164/228/146 179/253/84
f 179/253/84 164/228/146 167/231/82
f 124/184/106 123/182/105 178/252/151
f 178/252/151 180/255/152 177/251/150
f 177/251/150 180/255/152 181/256/153
f 177/251/150 181/256/153 176/250/149
f 176/250/149 181/256/153 182/257/154
f 176/250/149 182/257/154 132/193/114
f 132/193/114 182/257/154 183/258/155
f 132/193/114 183/258/155 130/191/112
f 130/191/112 183/258/155 184/259/156
f 130/191/112 184/259/156 108/166/90
f 108/166/90 184/259/156 109/167/91
f 109/167/91 184/259/156 185/260/157
f 122/180/104 109/167/91 185/260/157
f 185/260/157 186/261/158 122/180/104
f 122/180/104 186/261/158 118/176/100
f 186/261/158 119/177/101 118/176/100
f 186/261/158 187/262/159 119/177/101
f 187/262/159 120/178/102 119/177/101
f 187/262/159 188/263/160 120/178/102
f 183/258/155 182/257/154 189/264/161
f 190/265/162 183/258/155 189/264/161
f 184/259/156 183/258/155 190/265/162
f 185/260/157 184/259/156 190/265/162
f 190/265/162 191/266/163 185/260/157
f 185/260/157 191/266/163 186/261/158
f 191/266/163 187/262/159 186/261/158
f 191/266/163 192/267/164 187/262/159
f 192/267/164 188/263/160 187/262/159
f 192/267/164 193/268/165 188/263/160
f 194/269/166 193/268/165 192/267/164
f 194/269/166 195/270/167 193/268/165
f 196/271/168 195/270/167 194/269/166
f 197/272/169 196/271/168 194/269/166
f 198/273/170 196/271/168 197/272/169
f 199/274/171 198/273/170 197/272/169
f 200/275/172 198/273/170 199/274/171
f 199/274/171 197/272/169 189/264/161
f 189/264/161 197/272/169 201/276/173
f 197/272/169 194/269/166 201/276/173
f 201/276/173 194/269/166 192/267/164
f 201/276/173 192/267/164 191/266/163
f 190/265/162 201/276/173 191/266/163
f 189/264/161 201/276/173 190/265/162
f 188/263/160 121/179/103 120/178/102
f 188/263/160 202/277/174 121/179/103
f 193/268/165 202/277/174 188/263/160
f 193/268/165 203/278/175 202/277/174
f 195/270/167 203/278/175 193/268/165
f 195/270/167 204/279/176 203/278/175
f 205/280/177 204/279/176 195/270/167
f 196/271/168 205/280/177 195/270/167
f 206/281/178 205/280/177 196/271/168
f 198/273/170 206/281/178 196/271/168
f 207/282/179 206/281/178 198/273/170
f 200/275/172 207/282/179 198/273/170
f 208/283/180 207/282/179 200/275/172
f 200/275/172 180/255/152 208/283/180
f 181/256/153 180/255/152 200/275/172
f 199/274/171 181/256/153 200/275/172
f 182/257/154 181/256/153 199/274/171
f 189/264/161 182/257/154 199/274/171
f 202/277/174 101/158/83 121/179/103
f 202/277/174 99/155/81 101/158/83
f 203/278/175 99/155/81 202/277/174
f 203/278/175 97/152/79 99/155/81
f 204/279/176 97/152/79 203/278/175
f 204/279/176 71/114/53 97/152/79
f 69/111/51 71/114/53 204/279/176
f 205/280/177 69/111/51 204/279/176
f 77/125/59 69/111/51 205/280/177
f 206/281/178 77/125/59 205/280/177
f 82/132/64 77/125/59 206/281/178
f 207/282/179 82/132/64 206/281/178
f 83/134/65 82/132/64 207/282/179
f 208/283/180 83/134/65 207/282/179
f 89/142/71 83/134/65 208/283/180
f 208/283/180 123/182/105 89/142/71
f 180/255/152 123/182/105 208/283/180
f 178/252/151 123/182/105 180/255/152
f 209/284/181 210/286/182 211/288/77
f 212/291/183 213/292/184 214/294/185
f 212/291/183 215/295/186 213/292/184
f 216/298/187 215/295/186 212/291/183
f 212/291/183 217/300/188 216/298/187
f 218/302/189 217/300/188 212/291/183
f 218/302/189 219/303/190 217/300/188
f 220/305/191 219/303/190 218/302/189
f 220/305/191 221/306/192 219/303/190
f 222/308/193 221/306/192 220/305/191
f 222/308/193 223/309/194 221/306/192
f 224/311/195 223/309/194 222/308/193
f 224/311/195 209/284/181 223/309/194
f 225/312/196 209/284/181 224/311/195
f 225/312/196 210/286/182 209/284/181
f 225/312/196 226/313/197 210/286/182
f 227/315/198 226/313/197 225/312/196
f 227/315/198 228/316/199 226/313/197
f 229/318/200 228/316/199 227/315/198
f 230/319/201 220/305/191 231/320/202
f 231/320/202 220/305/191 218/302/189
f 231/320/202 218/302/189 214/294/185
f 214/294/185 218/302/189 212/291/183
f 232/321/203 233/322/204 234/323/205
f 234/323/205 233/322/204 235/324/206
f 233/322/204 236/325/207 235/324/206
f 235/324/206 236/325/207 237/326/208
f 236/325/207 238/327/209 237/326/208
f 237/326/208 238/327/209 239/328/210
f 238/327/209 240/329/211 239/328/210
f 239/328/210 240/329/211 241/330/212
f 240/329/211 242/331/213 241/330/212
f 241/330/212 242/331/213 243/332/214
f 242/331/213 229/318/200 243/332/214
f 243/332/214 229/318/200 244/333/215
f 229/318/200 227/315/198 244/333/215
f 244/333/215 227/315/198 245/334/216
f 227/315/198 225/312/196 245/334/216
f 245/334/216 225/312/196 224/311/195
f 234/323/205 235/324/206 246/335/217
f 246/335/217 235/324/206 247/336/218
f 235/324/206 237/326/208 247/336/218
f 247/336/218 237/326/208 248/337/219
f 237/326/208 239/328/210 248/337/219
f 248/337/219 239/328/210 249/338/220
f 239/328/210 241/330/212 249/338/220
f 249/338/220 241/330/212 250/339/221
f 241/330/212 243/332/214 250/339/221
f 250/339/221 243/332/214 251/340/222
f 243/332/214 244/333/215 251/340/222
f 251/340/222 244/333/215 252/341/223
f 244/333/215 245/334/216 252/341/223
f 252/341/223 245/334/216 253/342/224
f 245/334/216 224/311/195 253/342/224
f 253/342/224 224/311/195 222/308/193
f 246/335/217 247/336/218 254/343/225
f 254/343/225 247/336/218 255/344/226
f 247/336/218 248/337/219 255/344/226
f 255/344/226 248/337/219 256/345/227
f 248/337/219 249/338/220 256/345/227
f 256/345/227 249/338/220 257/346/228
f 249/338/220 250/339/221 257/346/228
f 257/346/228 250/339/221 258/347/229
f 250/339/221 251/340/222 258/347/229
f 258/347/229 251/340/222 259/348/230
f 251/340/222 252/341/223 259/348/230
f 259/348/230 252/341/223 260/349/231
f 252/341/223 253/342/224 260/349/231
f 260/349/231 253/342/224 230/319/201
f 253/342/224 222/308/193 230/319/201
f 230/319/201 222/308/193 220/305/191
f 221/307/192 246/335/217 219/304/190
f 219/304/190 246/335/217 254/343/225
f 219/304/190 254/343/225 217/301/188
f 217/301/188 254/343/225 261/350/232
f 254/343/225 255/344/226 261/350/232
f 261/350/232 255/344/226 262/351/233
f 255/344/226 256/345/227 262/351/233
f 262/351/233 256/345/227 263/352/234
f 256/345/227 257/346/228 263/352/234
f 263/352/234 257/346/228 264/353/235
f 257/346/228 258/347/229 264/353/235
f 264/353/235 258/347/229 265/354/236
f 258/347/229 259/348/230 265/354/236
f 265/354/236 259/348/230 266/355/237
f 259/348/230 260/349/231 266/355/237
f 266/355/237 260/349/231 267/356/238
f 260/349/231 230/319/201 267/356/238
f 267/356/238 230/319/201 231/320/202
f 261/350/232 262/351/233 268/357/239
f 268/357/239 262/351/233 269/358/240
f 262/351/233 263/352/234 269/358/240
f 269/358/240 263/352/234 270/359/241
f 263/352/234 264/353/235 270/359/241
f 270/359/241 264/353/235 271/360/242
f 264/353/235 265/354/236 271/360/242
f 271/360/242 265/354/236 272/361/243
f 265/354/236 266/355/237 272/361/243
f 272/361/243 266/355/237 273/362/244
f 266/355/237 267/356/238 273/362/244
f 273/362/244 267/356/238 274/363/245
f 267/356/238 231/320/202 274/363/245
f 274/363/245 231/320/202 214/294/185
f 217/301/188 261/350/232 216/299/187
f 216/299/187 261/350/232 268/357/239
f 268/357/239 275/364/246 216/299/187
f 268/357/239 276/366/247 275/364/246
f 269/358/240 276/366/247 268/357/239
f 269/358/240 277/368/248 276/366/247
f 270/359/241 277/368/248 269/358/240
f 270/359/241 278/370/249 277/368/248
f 271/360/242 278/370/249 270/359/241
f 271/360/242 279/372/250 278/370/249
f 272/361/243 279/372/250 271/360/242
f 272/361/243 280/374/251 279/372/250
f 273/362/244 280/374/251 272/361/243
f 273/362/244 281/376/252 280/374/251
f 274/363/245 281/376/252 273/362/244
f 274/363/245 282/378/253 281/376/252
f 214/294/185 282/378/253 274/363/245
f 214/294/185 213/292/184 282/378/253
f 216/299/187 275/364/246 215/296/186
f 283/380/254 284/382/255 285/384/256
f 285/384/256 286/385/257 287/386/258
f 285/384/256 284/382/255 286/385/257
f 284/382/255 288/387/259 286/385/257
f 287/386/258 289/389/260 290/390/261
f 287/386/258 286/385/257 289/389/260
f 286/385/257 291/391/262 289/389/260
f 286/385/257 288/387/259 291/391/262
f 288/387/259 292/392/263 291/391/262
f 290/390/261 289/389/260 293/394/264
f 289/389/260 294/395/265 293/394/264
f 289/389/260 291/391/262 294/395/265
f 291/391/262 295/396/266 294/395/265
f 291/391/262 292/392/263 295/396/266
f 292/392/263 296/397/267 295/396/266
f 297/399/77 298/402/268 299/403/269
f 300/405/270 298/402/268 297/399/77
f 300/405/270 283/380/254 298/402/268
f 298/402/268 283/380/254 285/384/256
f 298/402/268 285/384/256 301/407/271
f 301/407/271 285/384/256 287/386/258
f 301/407/271 287/386/258 302/408/272
f 302/408/272 287/386/258 290/390/261
f 302/408/272 290/390/261 303/409/273
f 303/409/273 290/390/261 304/410/274
f 303/409/273 304/410/274 305/411/275
f 305/411/275 304/410/274 306/412/276
f 305/411/275 306/412/276 307/413/277
f 307/413/277 306/412/276 308/414/278
f 307/413/277 308/414/278 309/415/279
f 309/415/279 308/414/278 310/416/280
f 309/415/279 310/416/280 311/417/281
f 311/417/281 310/416/280 312/418/282
f 298/402/268 301/407/271 299/403/269
f 299/403/269 301/407/271 313/419/283
f 301/407/271 302/408/272 313/419/283
f 313/419/283 302/408/272 314/421/284
f 302/408/272 303/409/273 314/421/284
f 314/421/284 303/409/273 315/423/285
f 303/409/273 305/411/275 315/423/285
f 315/423/285 305/411/275 316/425/54
f 305/411/275 307/413/277 316/425/54
f 316/425/54 307/413/277 317/427/286
f 307/413/277 309/415/279 317/427/286
f 317/427/286 309/415/279 318/429/287
f 309/415/279 311/417/281 318/429/287
f 318/429/287 311/417/281 319/431/288
f 311/417/281 320/433/289 319/431/288
f 319/431/288 320/433/289 321/434/290
f 320/433/289 300/406/270 321/434/290
f 321/434/290 300/406/270 297/400/77
f 322/436/291 323/437/292 324/438/293
f 325/439/294 323/437/292 322/436/291
f 326/440/295 325/439/294 322/436/291
f 327/441/296 325/439/294 326/440/295
f 328/442/297 327/441/296 326/440/295
f 329/443/298 327/441/296 328/442/297
f 330/444/299 329/443/298 328/442/297
f 312/418/282 329/443/298 330/444/299
f 312/418/282 331/445/300 329/443/298
f 310/416/280 331/445/300 312/418/282
f 310/416/280 332/446/301 331/445/300
f 308/414/278 332/446/301 310/416/280
f 308/414/278 333/447/302 332/446/301
f 306/412/276 333/447/302 308/414/278
f 306/412/276 334/448/303 333/447/302
f 304/410/274 334/448/303 306/412/276
f 304/410/274 293/394/264 334/448/303
f 290/390/261 293/394/264 304/410/274
f 325/439/294 335/449/304 323/437/292
f 336/450/305 335/449/304 325/439/294
f 327/441/296 336/450/305 325/439/294
f 337/451/306 336/450/305 327/441/296
f 329/443/298 337/451/306 327/441/296
f 331/445/300 337/451/306 329/443/298
f 331/445/300 338/452/307 337/451/306
f 332/446/301 338/452/307 331/445/300
f 332/446/301 339/453/308 338/452/307
f 333/447/302 339/453/308 332/446/301
f 333/447/302 340/454/309 339/453/308
f 334/448/303 340/454/309 333/447/302
f 334/448/303 341/455/310 340/454/309
f 293/394/264 341/455/310 334/448/303
f 293/394/264 294/395/265 341/455/310
f 294/395/265 342/456/311 341/455/310
f 294/395/265 295/396/266 342/456/311
f 295/396/266 343/457/312 342/456/311
f 295/396/266 296/397/267 343/457/312
f 342/456/311 343/457/312 344/458/313
f 342/456/311 344/458/313 345/459/314
f 341/455/310 342/456/311 345/459/314
f 341/455/310 345/459/314 340/454/309
f 340/454/309 345/459/314 346/460/315
f 340/454/309 346/460/315 339/453/308
f 339/453/308 346/460/315 347/461/316
f 339/453/308 347/461/316 338/452/307
f 338/452/307 347/461/316 348/462/317
f 338/452/307 348/462/317 337/451/306
f 337/451/306 348/462/317 336/450/305
f 348/462/317 349/463/318 336/450/305
f 336/450/305 349/463/318 335/449/304
f 345/459/314 344/458/313 350/464/319
f 345/459/314 350/464/319 346/460/315
f 346/460/315 350/464/319 351/465/320
f 346/460/315 351/465/320 347/461/316
f 347/461/316 351/465/320 352/466/321
f 347/461/316 352/466/321 348/462/317
f 348/462/317 352/466/321 349/463/318
f 335/449/304 349/463/318 353/467/322
f 353/467/322 349/463/318 354/469/323
f 349/463/318 352/466/321 354/469/323
f 354/469/323 352/466/321 355/471/324
f 352/466/321 351/465/320 355/471/324
f 355/471/324 351/465/320 356/473/325
f 351/465/320 350/464/319 356/473/325
f 356/473/325 350/464/319 357/475/326
f 350/464/319 344/458/313 357/475/326
f 357/475/326 344/458/313 358/477/327
f 344/458/313 343/457/312 358/477/327
f 358/477/327 343/457/312 359/479/328
f 343/457/312 296/397/267 359/479/328
f 359/479/328 296/397/267 360/481/329
f 311/417/281 312/418/282 320/433/289
f 320/433/289 312/418/282 330/444/299
f 320/433/289 330/444/299 300/406/270
f 300/406/270 330/444/299 283/381/254
f 330/444/299 328/442/297 283/381/254
f 283/381/254 328/442/297 284/383/255
f 328/442/297 326/440/295 284/383/255
f 284/383/255 326/440/295 288/388/259
f 326/440/295 322/436/291 288/388/259
f 288/388/259 322/436/291 292/393/263
f 322/436/291 324/438/293 292/393/263
f 292/393/263 324/438/293 296/398/267
f 296/398/267 324/438/293 360/482/329
f 360/482/329 324/438/293 361/484/330
f 324/438/293 323/437/292 361/484/330
f 361/484/330 323/437/292 362/486/331
f 323/437/292 335/449/304 362/486/331
f 362/486/331 335/449/304 353/467/322
f 60/101/54 363/488/54 61/102/54
f 364/489/54 363/488/54 60/101/54
f 58/99/54 364/489/54 60/101/54
f 365/490/54 364/489/54 58/99/54
f 58/99/54 366/491/54 365/490/54
f 56/97/54 366/491/54 58/99/54
f 56/97/54 367/492/54 366/491/54
f 54/95/54 367/492/54 56/97/54
f 54/95/54 368/493/54 367/492/54
f 52/92/54 368/493/54 54/95/54
f 47/84/54 369/495/54 49/86/54
f 370/497/54 369/495/54 47/84/54
f 45/82/54 370/497/54 47/84/54
f 371/498/54 370/497/54 45/82/54
f 43/80/54 371/498/54 45/82/54
f 372/499/54 371/498/54 43/80/54
f 43/80/54 373/500/54 372/499/54
f 41/78/54 373/500/54 43/80/54
f 41/78/54 374/501/54 373/500/54
f 39/76/54 374/501/54 41/78/54
f 39/76/54 375/502/54 374/501/54
f 68/109/54 375/502/54 39/76/54
f 68/109/54 376/503/54 375/502/54
f 67/108/54 376/503/54 68/109/54
f 64/105/54 376/503/54 67/108/54
f 377/504/54 376/503/54 64/105/54
f 61/102/54 377/504/54 64/105/54
f 363/488/54 377/504/54 61/102/54
f 378/505/332 379/506/333 380/507/334
f 381/508/335 379/506/333 378/505/332
f 381/508/335 382/509/336 379/506/333
f 383/510/336 382/509/336 381/508/335
f 383/510/336 384/511/337 382/509/336
f 385/512/338 384/511/337 383/510/336
f 385/512/338 386/513/339 384/511/337
f 387/515/339 386/513/339 385/512/338
f 388/517/340 389/518/341 390/520/341
f 391/522/342 389/518/341 388/517/340
f 392/523/343 391/522/342 388/517/340
f 393/524/344 391/522/342 392/523/343
f 394/525/345 393/524/344 392/523/343
f 395/526/346 393/524/344 394/525/345
f 396/527/347 395/526/346 394/525/345
f 397/528/348 395/526/346 396/527/347
f 396/527/347 398/529/349 397/528/348
f 397/528/348 398/529/349 399/530/350
f 398/529/349 400/531/351 399/530/350
f 399/530/350 400/531/351 401/532/352
f 402/533/353 401/532/352 400/531/351
f 403/534/353 401/532/352 402/533/353
f 403/534/353 402/533/353 404/535/354
f 404/535/354 402/533/353 405/536/354
f 404/535/354 405/536/354 380/507/334
f 380/507/334 405/536/354 378/505/332
f 387/515/355 385/512/356 406/537/355
f 406/537/355 385/512/356 407/539/357
f 385/512/356 383/510/358 407/539/357
f 407/539/357 383/510/358 408/540/359
f 383/510/358 381/508/360 408/540/359
f 408/540/359 381/508/360 409/541/361
f 381/508/360 378/505/362 409/541/361
f 409/541/361 378/505/362 410/542/362
f 405/536/363 410/542/362 378/505/362
f 411/543/364 410/542/362 405/536/363
f 405/536/363 412/544/365 411/543/364
f 402/533/366 412/544/365 405/536/363
f 412/544/365 402/533/366 413/545/367
f 413/545/367 402/533/366 400/531/368
f 398/529/369 413/545/367 400/531/368
f 414/546/370 413/545/367 398/529/369
f 398/529/369 415/547/371 414/546/370
f 396/527/372 415/547/371 398/529/369
f 415/547/371 396/527/372 416/548/373
f 416/548/373 396/527/372 394/525/374
f 416/548/373 394/525/374 417/549/375
f 417/549/375 394/525/374 392/523/376
f 417/549/375 392/523/376 418/550/377
f 418/550/377 392/523/376 388/517/378
f 418/550/377 388/517/378 419/551/379
f 419/551/379 388/517/378 390/520/379
f 420/553/380 421/555/381 422/556/382
f 421/555/381 423/558/383 422/556/382
f 422/556/382 423/558/383 424/559/384
f 423/558/383 425/561/385 424/559/384
f 424/559/384 425/561/385 426/562/386
f 425/561/385 389/519/387 426/562/386
f 426/562/386 389/519/387 427/564/387
f 428/567/388 386/514/388 429/570/389
f 429/570/389 386/514/388 430/572/390
f 429/570/389 430/572/390 431/573/391
f 431/573/391 430/572/390 432/575/392
f 431/573/391 432/575/392 433/576/393
f 433/576/393 432/575/392 434/578/394
f 433/576/393 434/578/394 435/579/395
f 435/579/395 434/578/394 436/581/396
f 435/579/395 436/581/396 437/582/397
f 437/582/397 436/581/396 438/584/398
f 438/584/398 439/585/399 437/582/397
f 437/582/397 439/585/399 440/586/400
f 441/588/401 440/586/400 439/585/399
f 440/586/400 441/588/401 442/589/402
f 442/589/402 441/588/401 443/591/403
f 444/592/404 442/589/402 443/591/403
f 420/553/380 442/589/402 444/592/404
f 444/592/404 421/555/381 420/553/380
f 445/593/405 446/594/406 447/596/407
f 447/596/407 446/594/406 448/597/408
f 449/599/409 447/596/407 448/597/408
f 450/601/410 447/596/407 449/599/409
f 451/602/411 450/601/410 449/599/409
f 452/604/412 450/601/410 451/602/411
f 453/605/413 452/604/412 451/602/411
f 454/607/414 452/604/412 453/605/413
f 455/608/415 454/607/414 453/605/413
f 456/610/416 454/607/414 455/608/415
f 428/568/417 456/610/416 455/608/415
f 457/611/417 456/610/416 428/568/417
f 457/611/417 428/568/417 458/612/418
f 458/612/418 428/568/417 429/571/418
f 458/612/418 429/571/418 459/613/419
f 459/613/419 429/571/418 431/574/420
f 459/613/419 431/574/420 460/614/421
f 460/614/421 431/574/420 433/577/422
f 460/614/421 433/577/422 461/615/423
f 461/615/423 433/577/422 435/580/424
f 461/615/423 435/580/424 462/616/425
f 462/616/425 435/580/424 437/583/426
f 437/583/426 440/587/427 462/616/425
f 462/616/425 440/587/427 463/617/427
f 440/587/427 442/590/428 463/617/427
f 463/617/427 442/590/428 464/618/429
f 442/590/428 420/554/430 464/618/429
f 464/618/429 420/554/430 465/619/431
f 420/554/430 422/557/432 465/619/431
f 465/619/431 422/557/432 466/620/433
f 422/557/432 424/560/434 466/620/433
f 466/620/433 424/560/434 467/621/435
f 424/560/434 426/563/436 467/621/435
f 467/621/435 426/563/436 468/622/437
f 427/565/438 468/622/437 426/563/436
f 469/623/438 468/622/437 427/565/438
f 469/623/438 427/565/438 470/624/439
f 470/624/439 427/565/438 471/625/440
f 470/624/439 471/625/440 472/627/441
f 472/627/441 471/625/440 473/628/442
f 472/627/441 473/628/442 474/630/443
f 474/630/443 473/628/442 475/631/444
f 474/630/443 475/631/444 476/633/445
f 476/633/445 475/631/444 477/634/446
f 477/634/446 478/636/447 476/633/445
f 479/637/448 478/636/447 477/634/446
f 478/636/447 479/637/448 445/593/405
f 445/593/405 479/637/448 446/594/406
f 480/639/449 481/640/450 482/641/449
f 483/642/451 481/640/450 480/639/449
f 481/640/450 483/642/451 484/643/452
f 484/643/452 483/642/451 485/644/453
f 485/644/454 486/645/455 487/646/454
f 483/642/456 486/645/455 485/644/454
f 486/645/455 483/642/456 488/647/457
f 488/647/457 483/642/456 480/639/457
f 489/648/458 490/651/458 491/652/458
f 492/653/458 490/651/458 489/648/458
f 492/653/458 493/655/458 490/651/458
f 494/656/458 493/655/458 492/653/458
f 495/658/449 490/651/459 493/655/449
f 496/659/460 490/651/459 495/658/449
f 490/651/459 496/659/460 491/652/461
f 491/652/461 496/659/460 497/660/462
f 497/660/454 498/661/463 499/662/454
f 496/659/464 498/661/463 497/660/454
f 498/661/463 496/659/464 500/663/457
f 500/663/457 496/659/464 495/658/457
f 501/664/465 502/665/466 503/668/465
f 504/669/466 502/665/466 501/664/465
f 502/665/466 504/669/466 505/672/467
f 505/672/467 504/669/468 506/674/467
f 502/666/469 507/676/469 508/677/469
f 505/673/469 507/676/469 502/666/469
f 505/673/469 509/678/469 507/676/469
f 510/679/469 509/678/469 505/673/469
f 511/681/465 512/682/466 513/685/465
f 514/686/466 512/682/466 511/681/465
f 512/682/466 514/686/466 515/689/467
f 515/689/467 514/686/468 516/691/467
f 512/683/469 517/693/469 35/72/469
f 515/690/469 517/693/469 512/683/469
f 515/690/469 518/694/469 517/693/469
f 519/695/469 518/694/469 515/690/469
f 520/697/470 521/698/471 522/699/472
f 521/698/471 520/697/470 523/700/473
f 521/698/471 523/700/473 524/701/474
f 524/701/474 525/703/475 521/698/471
f 524/701/474 526/704/476 525/703/475
f 527/705/477 526/704/476 524/701/474
f 527/705/477 528/707/478 526/704/476
f 529/708/478 528/707/478 527/705/477
f 529/708/478 530/710/479 528/707/478
f 531/711/480 530/710/479 529/708/478
f 531/711/480 532/713/481 530/710/479
f 533/714/482 532/713/481 531/711/480
f 533/714/482 50/88/483 532/713/481
f 534/716/483 50/88/483 533/714/482
f 535/719/484 536/721/485 51/90/486
f 51/90/486 536/721/485 537/722/487
f 536/721/485 538/723/488 537/722/487
f 537/722/487 538/723/488 539/724/489
f 538/723/488 540/725/490 539/724/489
f 539/724/489 540/725/490 541/726/490
f 540/725/490 542/727/491 541/726/490
f 541/726/490 542/727/491 543/728/492
f 542/727/491 544/729/493 543/728/492
f 545/730/493 544/729/493 542/727/491
f 545/730/493 546/731/494 544/729/493
f 544/729/493 546/731/494 547/732/495
f 548/733/496 547/732/495 546/731/494
f 548/733/496 549/734/497 547/732/495
f 548/733/496 550/735/498 549/734/497
f 549/734/497 550/735/498 551/736/498
f 522/699/472 551/736/498 550/735/498
f 521/698/471 551/736/498 522/699/472
f 475/632/499 395/526/500 477/635/501
f 475/632/499 393/524/502 395/526/500
f 473/629/503 393/524/502 475/632/499
f 473/629/503 391/522/504 393/524/502
f 471/626/505 391/522/504 473/629/503
f 471/626/505 389/518/387 391/522/504
f 427/566/387 389/518/387 471/626/505
f 428/569/388 455/609/506 386/513/388
f 386/513/388 455/609/506 384/511/507
f 455/609/506 453/606/508 384/511/507
f 384/511/507 453/606/508 382/509/509
f 453/606/508 451/603/510 382/509/509
f 382/509/509 451/603/510 379/506/511
f 451/603/510 449/600/512 379/506/511
f 379/506/511 449/600/512 380/507/513
f 449/600/512 448/598/514 380/507/513
f 380/507/513 448/598/514 404/535/515
f 448/598/514 403/534/516 404/535/515
f 446/595/517 403/534/516 448/598/514
f 401/532/518 403/534/516 446/595/517
f 446/595/517 479/638/519 401/532/518
f 401/532/518 479/638/519 399/530/520
f 399/530/520 479/638/519 397/528/521
f 397/528/521 479/638/519 477/635/501
f 477/635/501 395/526/500 397/528/521
f 552/737/522 553/738/523 554/739/522
f 555/740/523 553/738/523 552/737/522
f 556/741/524 553/738/523 555/740/523
f 557/742/524 553/738/523 556/741/524
f 557/742/524 556/741/524 558/743/525
f 558/743/525 556/741/524 559/744/525
f 560/745/526 561/746/527 562/747/527
f 563/748/526 561/746/527 560/745/526
f 563/748/526 560/745/526 564/749/528
f 564/749/528 560/745/526 565/750/528
f 565/750/528 566/751/529 564/749/528
f 564/749/528 566/751/529 567/752/529
f 566/751/529 568/753/530 567/752/529
f 567/752/529 568/753/530 569/754/530
f 568/753/530 570/755/531 569/754/530
f 569/754/530 570/755/531 571/756/531
f 570/755/531 572/757/39 571/756/531
f 571/756/531 572/757/39 573/758/39
f 572/757/39 574/759/532 573/758/39
f 575/760/532 574/759/532 572/757/39
f 575/760/532 576/761/533 574/759/532
f 577/762/533 576/761/533 575/760/532
f 577/762/533 554/739/522 576/761/533
f 552/737/522 554/739/522 577/762/533
f 578/763/534 579/764/535 580/765/536
f 581/766/537 582/767/538 583/768/539
f 581/766/537 584/769/540 582/767/538
f 581/766/537 585/770/541 584/769/540
f 585/770/541 581/766/537 578/763/534
f 586/771/542 585/770/541 578/763/534
f 580/765/536 586/771/542 578/763/534
f 580/765/536 587/772/543 586/771/542
f 580/765/536 588/773/544 587/772/543
f 588/773/544 580/765/536 589/774/545
f 590/775/546 588/773/544 589/774/545
f 589/774/545 591/776/547 590/775/546
f 591/776/547 592/777/548 590/775/546
f 591/776/547 593/778/549 592/777/548
f 594/779/549 593/778/549 591/776/547
f 594/779/549 595/780/550 593/778/549
f 596/781/550 595/780/550 594/779/549
f 596/781/550 597/782/551 595/780/550
f 598/783/551 597/782/551 596/781/550
f 598/783/551 599/784/552 597/782/551
f 600/785/552 599/784/552 598/783/551
f 601/786/39 599/784/552 600/785/552
f 602/789/39 599/784/552 601/786/39
f 603/790/30 604/793/30 605/795/553
f 605/795/553 604/793/30 606/797/554
f 605/795/553 606/797/554 607/798/555
f 607/798/555 606/797/554 608/800/556
f 607/798/555 608/800/556 609/801/557
f 609/801/557 608/800/556 610/803/558
f 609/801/557 610/803/558 611/804/559
f 611/804/559 610/803/558 612/806/560
f 612/806/560 613/807/561 611/804/559
f 614/809/562 613/807/561 612/806/560
f 613/807/561 614/809/562 615/810/563
f 616/811/564 613/807/561 615/810/563
f 615/810/563 617/813/565 616/811/564
f 615/810/563 589/774/545 617/813/565
f 580/765/536 617/813/565 589/774/545
f 618/814/566 617/813/565 580/765/536
f 618/814/566 580/765/536 619/816/567
f 579/764/535 619/816/567 580/765/536
f 617/813/565 618/814/566 620/818/568
f 617/813/565 620/818/568 616/811/564
f 621/820/569 619/816/567 579/764/535
f 622/822/570 621/820/569 579/764/535
f 622/822/570 623/823/571 621/820/569
f 624/825/572 623/823/571 622/822/570
f 624/825/572 625/826/573 623/823/571
f 550/735/574 626/828/575 522/699/576
f 627/829/577 628/830/578 629/831/579
f 626/828/575 629/831/579 628/830/578
f 603/791/30 630/832/580 604/794/30
f 604/794/30 630/832/580 631/834/581
f 630/832/580 632/835/582 631/834/581
f 631/834/581 632/835/582 633/837/583
f 632/835/582 634/838/584 633/837/583
f 633/837/583 634/838/584 635/840/585
f 634/838/584 636/841/586 635/840/585
f 635/840/585 636/841/586 637/843/587
f 636/841/586 638/844/588 637/843/587
f 637/843/587 638/844/588 639/846/589
f 638/844/588 627/829/577 639/846/589
f 640/847/590 627/829/577 638/844/588
f 627/829/577 640/847/590 628/830/578
f 628/830/578 640/847/590 641/849/591
f 628/830/578 641/849/591 642/851/592
f 642/851/592 626/828/575 628/830/578
f 642/851/592 643/853/593 626/828/575
f 522/699/576 626/828/575 643/853/593
f 644/855/594 522/699/576 643/853/593
f 520/697/595 522/699/576 644/855/594
f 644/855/594 645/857/596 520/697/595
f 520/697/595 645/857/596 523/700/597
f 523/700/597 645/857/596 524/701/598
f 602/788/39 601/787/39 646/859/599
f 646/859/599 601/787/39 647/860/599
f 647/860/599 648/861/600 646/859/599
f 646/859/599 648/861/600 649/862/600
f 648/861/600 650/863/601 649/862/600
f 649/862/600 650/863/601 651/864/601
f 650/863/601 652/865/602 651/864/601
f 651/864/601 652/865/602 653/866/602
f 652/865/602 654/867/603 653/866/602
f 653/866/602 654/867/603 655/868/604
f 654/867/603 656/869/605 655/868/604
f 629/831/579 656/869/605 654/867/603
f 656/869/605 629/831/579 657/870/606
f 657/870/606 629/831/579 626/828/575
f 626/828/575 658/871/607 657/870/606
f 626/828/575 659/872/608 658/871/607
f 626/828/575 550/735/574 659/872/608
f 659/872/608 550/735/574 660/873/609
f 550/735/574 548/733/610 660/873/609
f 548/733/610 661/874/611 660/873/609
f 548/733/610 662/875/612 661/874/611
f 548/733/610 546/731/613 662/875/612
f 663/876/614 664/877/615 665/878/616
f 666/879/617 664/877/615 663/876/614
f 666/879/617 667/880/618 664/877/615
f 668/881/618 667/880/618 666/879/617
f 668/881/618 669/882/619 667/880/618
f 670/883/619 669/882/619 668/881/618
f 670/883/619 671/884/620 669/882/619
f 672/885/621 671/884/620 670/883/619
f 672/885/621 673/886/622 671/884/620
f 674/887/623 673/886/622 672/885/621
f 674/887/623 675/888/624 673/886/622
f 676/889/624 675/888/624 674/887/623
f 676/889/624 677/890/625 675/888/624
f 675/888/624 677/890/625 678/891/626
f 677/890/625 679/892/627 678/891/626
f 678/891/626 679/892/627 680/893/628
f 679/892/627 681/894/629 680/893/628
f 680/893/628 681/894/629 682/895/630
f 681/894/629 683/896/631 682/895/630
f 682/895/630 683/896/631 684/897/631
f 683/896/631 685/898/632 684/897/631
f 684/897/631 685/898/632 686/899/632
f 685/898/632 687/900/633 686/899/632
f 686/899/632 687/900/633 688/901/633
f 485/644/634 689/902/634 484/643/634
f 690/903/77 691/904/77 692/905/77
f 693/906/77 691/904/77 690/903/77
f 693/906/77 694/907/77 691/904/77
f 695/908/77 694/907/77 693/906/77
f 695/908/77 696/909/77 694/907/77
f 697/910/77 696/909/77 695/908/77
f 697/910/77 698/911/77 696/909/77
f 699/912/77 698/911/77 697/910/77
f 699/912/77 700/913/77 698/911/77
f 701/914/77 700/913/77 699/912/77
f 701/914/77 702/915/77 700/913/77
f 703/916/77 702/915/77 701/914/77
f 703/916/77 704/917/77 702/915/77
f 702/915/77 704/917/77 705/918/77
f 704/917/77 706/919/77 705/918/77
f 705/918/77 706/919/77 707/920/77
f 706/919/77 708/921/77 707/920/77
f 707/920/77 708/921/77 709/922/77
f 708/921/77 710/923/77 709/922/77
f 709/922/77 710/923/77 711/924/77
f 710/923/77 712/925/77 711/924/77
f 711/924/77 712/925/77 713/926/77
f 712/925/77 714/927/77 713/926/77
f 713/926/77 714/927/77 715/928/77
f 485/644/635 487/646/635 689/902/635
f 689/902/635 487/646/635 716/929/635
f 717/930/636 689/902/636 718/931/636
f 718/931/636 689/902/636 716/929/636
f 488/647/637 719/932/637 720/933/637
f 709/922/522 667/880/523 669/882/522
f 711/924/523 667/880/523 709/922/522
f 713/926/524 667/880/523 711/924/523
f 664/877/524 667/880/523 713/926/524
f 664/877/524 713/926/524 665/878/525
f 665/878/525 713/926/524 715/928/525
f 691/904/526 688/901/527 692/905/527
f 686/899/526 688/901/527 691/904/526
f 686/899/526 691/904/526 684/897/528
f 684/897/528 691/904/526 694/907/528
f 694/907/528 696/909/529 684/897/528
f 684/897/528 696/909/529 682/895/529
f 696/909/529 698/911/530 682/895/529
f 682/895/529 698/911/530 680/893/530
f 698/911/530 700/913/531 680/893/530
f 680/893/530 700/913/531 678/891/531
f 700/913/531 702/915/39 678/891/531
f 678/891/531 702/915/39 675/888/39
f 702/915/39 673/886/532 675/888/39
f 705/918/532 673/886/532 702/915/39
f 705/918/532 671/884/533 673/886/532
f 707/920/533 671/884/533 705/918/532
f 707/920/533 669/882/522 671/884/533
f 709/922/522 669/882/522 707/920/533
f 482/641/638 721/934/638 480/639/638
f 11/24/639 722/935/640 14/31/641
f 11/24/639 723/936/642 722/935/640
f 9/18/643 723/936/642 11/24/639
f 9/18/643 724/937/644 723/936/642
f 7/12/645 724/937/644 9/18/643
f 7/12/645 725/938/646 724/937/644
f 726/939/647 725/938/646 7/12/645
f 726/939/647 727/941/648 725/938/646
f 728/942/649 727/941/648 726/939/647
f 728/942/649 729/944/650 727/941/648
f 3/4/651 729/944/650 728/942/649
f 3/4/651 730/945/652 729/944/650
f 34/69/653 730/945/652 3/4/651
f 16/35/654 731/947/655 13/28/656
f 16/35/654 732/948/657 731/947/655
f 733/949/658 732/948/657 16/35/654
f 14/31/641 732/948/657 733/949/658
f 734/951/659 732/948/657 14/31/641
f 14/31/641 722/935/640 734/951/659
f 722/935/640 735/952/660 734/951/659
f 736/953/661 735/952/660 722/935/640
f 723/936/642 736/953/661 722/935/640
f 737/954/662 736/953/661 723/936/642
f 724/937/644 737/954/662 723/936/642
f 738/955/663 737/954/662 724/937/644
f 725/938/646 738/955/663 724/937/644
f 739/956/664 738/955/663 725/938/646
f 727/941/648 739/956/664 725/938/646
f 740/957/665 739/956/664 727/941/648
f 729/944/650 740/957/665 727/941/648
f 741/958/666 740/957/665 729/944/650
f 730/945/652 741/958/666 729/944/650
f 742/959/667 741/958/666 730/945/652
f 743/961/668 744/962/669 745/963/670
f 731/947/655 744/962/669 743/961/668
f 732/948/657 744/962/669 731/947/655
f 746/964/671 744/962/669 732/948/657
f 734/951/659 746/964/671 732/948/657
f 735/952/660 746/964/671 734/951/659
f 747/965/672 748/967/673 749/969/674
f 750/972/675 748/967/673 747/965/672
f 750/972/675 751/973/676 748/967/673
f 752/975/677 751/973/676 750/972/675
f 753/976/678 752/975/677 750/972/675
f 754/977/679 752/975/677 753/976/678
f 755/978/680 754/977/679 753/976/678
f 756/979/681 754/977/679 755/978/680
f 757/980/682 756/979/681 755/978/680
f 758/981/683 756/979/681 757/980/682
f 759/982/684 758/981/683 757/980/682
f 760/983/685 758/981/683 759/982/684
f 761/984/686 760/983/685 759/982/684
f 762/985/687 760/983/685 761/984/686
f 761/984/686 745/963/670 762/985/687
f 743/961/668 745/963/670 761/984/686
f 743/961/668 761/984/686 13/28/656
f 13/28/656 731/947/655 743/961/668
f 13/28/656 761/984/686 763/986/688
f 761/984/686 759/982/684 763/986/688
f 763/986/688 759/982/684 10/21/689
f 759/982/684 757/980/682 10/21/689
f 10/21/689 757/980/682 8/15/690
f 757/980/682 755/978/680 8/15/690
f 8/15/690 755/978/680 6/9/691
f 755/978/680 753/976/678 6/9/691
f 6/9/691 753/976/678 764/988/692
f 753/976/678 750/972/675 764/988/692
f 764/988/692 750/972/675 747/965/672
f 604/793/693 765/990/693 606/797/694
f 606/797/694 765/990/693 766/992/695
f 606/797/694 766/992/695 608/800/696
f 608/800/696 766/992/695 767/993/697
f 608/800/696 767/993/697 610/803/698
f 610/803/698 767/993/697 768/994/699
f 610/803/698 768/994/699 612/806/700
f 612/806/700 768/994/699 769/995/701
f 769/995/701 614/809/702 612/806/700
f 770/996/703 614/809/702 769/995/701
f 614/809/702 770/996/703 615/810/704
f 615/810/704 770/996/703 771/997/704
f 771/997/704 589/774/705 615/810/704
f 772/998/706 589/774/705 771/997/704
f 772/998/706 591/776/707 589/774/705
f 773/999/708 591/776/707 772/998/706
f 773/999/708 774/1000/709 591/776/707
f 591/776/707 774/1000/709 594/779/710
f 775/1001/711 594/779/710 774/1000/709
f 596/781/712 594/779/710 775/1001/711
f 776/1002/713 596/781/712 775/1001/711
f 598/783/714 596/781/712 776/1002/713
f 777/1003/715 598/783/714 776/1002/713
f 600/785/716 598/783/714 777/1003/715
f 778/1004/717 600/785/716 777/1003/715
f 601/786/717 600/785/716 778/1004/717
f 779/1006/718 716/929/718 487/646/718
f 780/1007/719 781/1008/720 782/1009/721
f 780/1007/719 782/1009/721 783/1010/722
f 783/1010/722 784/1011/723 780/1007/719
f 785/1013/39 786/1014/724 787/1016/39
f 788/1017/724 786/1014/724 785/1013/39
f 788/1017/724 789/1018/551 786/1014/724
f 790/1019/551 789/1018/551 788/1017/724
f 790/1019/551 791/1020/550 789/1018/551
f 792/1021/550 791/1020/550 790/1019/551
f 792/1021/550 793/1022/549 791/1020/550
f 794/1023/549 793/1022/549 792/1021/550
f 794/1023/549 780/1007/719 793/1022/549
f 793/1022/549 780/1007/719 795/1024/725
f 780/1007/719 784/1011/723 795/1024/725
f 795/1024/725 784/1011/723 796/1025/726
f 796/1025/726 784/1011/723 797/1026/727
f 721/934/728 719/932/728 480/639/728
f 480/639/728 719/932/728 488/647/728
f 487/646/729 486/645/730 779/1006/731
f 779/1006/731 486/645/730 798/1027/732
f 488/647/733 798/1027/732 486/645/730
f 720/933/734 798/1027/732 488/647/733
f 799/1028/735 800/1029/736 801/1032/735
f 801/1032/735 800/1029/736 489/649/737
f 802/1033/738 489/649/737 800/1029/736
f 492/654/738 489/649/737 802/1033/738
f 803/1035/739 804/1036/739 805/1037/739
f 805/1037/739 804/1036/739 806/1038/739
f 493/655/740 494/657/740 807/1040/740
f 807/1040/740 494/657/740 808/1041/740
f 491/652/741 809/1042/742 489/650/743
f 489/650/743 809/1042/742 801/1032/744
f 810/1043/745 800/1030/746 811/1044/747
f 811/1044/747 800/1030/746 799/1028/745
f 803/1035/748 807/1040/748 804/1036/748
f 804/1036/748 807/1040/748 808/1041/748
f 810/1043/469 812/1045/469 800/1031/469
f 800/1031/469 812/1045/469 802/1034/469
f 812/1045/469 805/1037/469 802/1034/469
f 802/1034/469 805/1037/469 806/1039/469
f 497/660/634 809/1042/634 491/652/634
f 813/1046/749 814/1047/750 815/1048/749
f 816/1049/750 814/1047/750 813/1046/749
f 817/1050/751 814/1047/750 816/1049/750
f 818/1051/751 814/1047/750 817/1050/751
f 819/1052/752 818/1051/751 817/1050/751
f 820/1053/752 818/1051/751 819/1052/752
f 821/1054/753 820/1053/752 819/1052/752
f 822/1055/753 820/1053/752 821/1054/753
f 823/1056/39 822/1055/753 821/1054/753
f 368/494/39 822/1055/753 823/1056/39
f 824/1058/754 369/496/38 825/1059/38
f 826/1061/754 369/496/38 824/1058/754
f 827/1062/755 826/1061/754 824/1058/754
f 828/1063/755 826/1061/754 827/1062/755
f 829/1064/756 828/1063/755 827/1062/755
f 830/1065/756 828/1063/755 829/1064/756
f 831/1066/757 830/1065/756 829/1064/756
f 832/1067/757 830/1065/756 831/1066/757
f 833/1068/758 832/1067/757 831/1066/757
f 834/1069/758 832/1067/757 833/1068/758
f 835/1070/759 834/1069/758 833/1068/758
f 836/1071/759 834/1069/758 835/1070/759
f 837/1072/760 836/1071/759 835/1070/759
f 838/1073/760 836/1071/759 837/1072/760
f 837/1072/760 839/1074/761 838/1073/760
f 840/1075/761 839/1074/761 837/1072/760
f 840/1075/761 815/1048/749 839/1074/761
f 813/1046/749 815/1048/749 840/1075/761
f 841/1076/458 481/640/458 484/643/458
f 842/1079/458 481/640/458 841/1076/458
f 842/1079/458 482/641/458 481/640/458
f 843/1081/458 482/641/458 842/1079/458
f 844/1083/762 421/555/763 444/592/764
f 845/1084/765 421/555/763 844/1083/762
f 845/1084/765 423/558/766 421/555/763
f 846/1085/766 423/558/766 845/1084/765
f 846/1085/766 425/561/767 423/558/766
f 847/1086/768 425/561/767 846/1085/766
f 847/1086/768 389/519/341 425/561/767
f 390/521/341 389/519/341 847/1086/768
f 387/516/339 848/1087/769 386/514/339
f 386/514/339 848/1087/769 430/572/770
f 848/1087/769 849/1088/771 430/572/770
f 430/572/770 849/1088/771 432/575/772
f 849/1088/771 850/1089/773 432/575/772
f 432/575/772 850/1089/773 434/578/774
f 850/1089/773 851/1090/775 434/578/774
f 434/578/774 851/1090/775 436/581/776
f 852/1091/777 436/581/776 851/1090/775
f 438/584/778 436/581/776 852/1091/777
f 853/1092/779 438/584/778 852/1091/777
f 439/585/780 438/584/778 853/1092/779
f 853/1092/779 441/588/781 439/585/780
f 854/1093/782 441/588/781 853/1092/779
f 441/588/781 854/1093/782 443/591/783
f 443/591/783 854/1093/782 855/1094/784
f 443/591/783 855/1094/784 444/592/764
f 444/592/764 855/1094/784 844/1083/762
f 497/660/635 499/662/635 809/1042/635
f 809/1042/635 499/662/635 811/1044/635
f 801/1032/636 809/1042/636 799/1028/636
f 799/1028/636 809/1042/636 811/1044/636
f 500/663/637 803/1035/637 805/1037/637
f 406/538/355 848/1087/785 387/516/355
f 856/1095/786 848/1087/785 406/538/355
f 856/1095/786 849/1088/787 848/1087/785
f 857/1096/788 849/1088/787 856/1095/786
f 857/1096/788 850/1089/789 849/1088/787
f 858/1097/790 850/1089/789 857/1096/788
f 858/1097/790 851/1090/791 850/1089/789
f 859/1098/792 851/1090/791 858/1097/790
f 851/1090/791 859/1098/792 852/1091/793
f 852/1091/793 859/1098/792 860/1099/794
f 861/1100/795 852/1091/793 860/1099/794
f 853/1092/796 852/1091/793 861/1100/795
f 861/1100/795 862/1101/797 853/1092/796
f 853/1092/796 862/1101/797 854/1093/798
f 854/1093/798 862/1101/797 855/1094/799
f 855/1094/799 862/1101/797 863/1102/800
f 864/1103/801 855/1094/799 863/1102/800
f 844/1083/802 855/1094/799 864/1103/801
f 864/1103/801 865/1104/803 844/1083/802
f 844/1083/802 865/1104/803 845/1084/804
f 865/1104/803 866/1105/805 845/1084/804
f 845/1084/804 866/1105/805 846/1085/805
f 866/1105/805 867/1106/806 846/1085/805
f 846/1085/805 867/1106/806 847/1086/807
f 867/1106/806 419/552/379 847/1086/807
f 847/1086/807 419/552/379 390/521/379
f 493/655/638 807/1040/638 495/658/638
f 458/612/808 868/1107/809 457/611/810
f 458/612/808 869/1108/811 868/1107/809
f 459/613/812 869/1108/811 458/612/808
f 869/1108/811 459/613/812 870/1109/813
f 870/1109/813 459/613/812 460/614/814
f 452/604/815 871/1110/816 450/601/817
f 872/1111/818 871/1110/816 452/604/815
f 454/607/819 872/1111/818 452/604/815
f 873/1112/820 872/1111/818 454/607/819
f 456/610/821 873/1112/820 454/607/819
f 874/1113/822 873/1112/820 456/610/821
f 457/611/810 874/1113/822 456/610/821
f 875/1114/823 874/1113/822 457/611/810
f 457/611/810 868/1107/809 875/1114/823
f 876/1115/458 875/1114/823 868/1107/809
f 876/1115/458 868/1107/809 869/1108/811
f 876/1115/458 869/1108/811 877/1116/458
f 877/1116/458 869/1108/811 870/1109/813
f 877/1116/458 870/1109/813 878/1117/824
f 878/1117/824 870/1109/813 879/1118/825
f 870/1109/813 460/614/814 879/1118/825
f 879/1118/825 460/614/814 461/615/826
f 878/1117/824 872/1111/818 877/1116/458
f 872/1111/818 873/1112/820 877/1116/458
f 877/1116/458 873/1112/820 876/1115/458
f 876/1115/458 873/1112/820 874/1113/822
f 876/1115/458 874/1113/822 875/1114/823
f 871/1110/816 872/1111/818 878/1117/824
f 880/1119/827 871/1110/816 878/1117/824
f 878/1117/824 879/1118/825 880/1119/827
f 880/1119/827 879/1118/825 881/1120/828
f 879/1118/825 461/615/826 881/1120/828
f 881/1120/828 461/615/826 462/616/829
f 462/616/829 463/617/830 881/1120/828
f 881/1120/828 463/617/830 882/1121/831
f 463/617/830 464/618/832 882/1121/831
f 882/1121/831 464/618/832 883/1122/833
f 464/618/832 465/619/834 883/1122/833
f 883/1122/833 465/619/834 884/1123/835
f 466/620/836 884/1123/835 465/619/834
f 885/1124/837 884/1123/835 466/620/836
f 467/621/838 885/1124/837 466/620/836
f 886/1125/839 885/1124/837 467/621/838
f 467/621/838 468/622/840 886/1125/839
f 886/1125/839 468/622/840 887/1126/841
f 888/1127/842 889/1128/54 887/1126/841
f 889/1128/54 886/1125/839 887/1126/841
f 889/1128/54 890/1129/54 886/1125/839
f 886/1125/839 890/1129/54 885/1124/837
f 890/1129/54 891/1130/54 885/1124/837
f 885/1124/837 891/1130/54 884/1123/835
f 891/1130/54 892/1131/843 884/1123/835
f 884/1123/835 892/1131/843 883/1122/833
f 892/1131/843 893/1132/844 883/1122/833
f 883/1122/833 893/1132/844 882/1121/831
f 893/1132/844 881/1120/828 882/1121/831
f 880/1119/827 881/1120/828 893/1132/844
f 893/1132/844 894/1133/845 880/1119/827
f 894/1133/845 871/1110/816 880/1119/827
f 468/622/840 469/623/846 887/1126/841
f 887/1126/841 469/623/846 888/1127/842
f 469/623/846 895/1134/847 888/1127/842
f 888/1127/842 895/1134/847 889/1128/54
f 889/1128/54 895/1134/847 896/1135/848
f 889/1128/54 896/1135/848 890/1129/54
f 890/1129/54 896/1135/848 897/1136/849
f 890/1129/54 897/1136/849 891/1130/54
f 891/1130/54 897/1136/849 898/1137/850
f 891/1130/54 898/1137/850 892/1131/843
f 892/1131/843 898/1137/850 899/1138/851
f 892/1131/843 899/1138/851 893/1132/844
f 893/1132/844 899/1138/851 900/1139/852
f 900/1139/852 894/1133/845 893/1132/844
f 900/1139/852 445/593/853 894/1133/845
f 894/1133/845 445/593/853 447/596/854
f 450/601/817 894/1133/845 447/596/854
f 871/1110/816 894/1133/845 450/601/817
f 470/624/855 895/1134/847 469/623/846
f 470/624/855 896/1135/848 895/1134/847
f 472/627/856 896/1135/848 470/624/855
f 896/1135/848 472/627/856 897/1136/849
f 897/1136/849 472/627/856 474/630/857
f 897/1136/849 474/630/857 898/1137/850
f 898/1137/850 474/630/857 476/633/858
f 476/633/858 899/1138/851 898/1137/850
f 478/636/859 899/1138/851 476/633/858
f 899/1138/851 478/636/859 900/1139/852
f 900/1139/852 478/636/859 445/593/853
f 901/1140/614 902/1141/615 903/1142/614
f 904/1143/617 902/1141/615 901/1140/614
f 904/1143/617 905/1144/618 902/1141/615
f 906/1145/618 905/1144/618 904/1143/617
f 906/1145/618 907/1146/860 905/1144/618
f 908/1147/619 907/1146/860 906/1145/618
f 908/1147/619 909/1148/620 907/1146/860
f 910/1149/621 909/1148/620 908/1147/619
f 910/1149/621 911/1150/861 909/1148/620
f 912/1151/623 911/1150/861 910/1149/621
f 912/1151/623 913/1152/624 911/1150/861
f 914/1153/624 913/1152/624 912/1151/623
f 914/1153/624 915/1154/625 913/1152/624
f 913/1152/624 915/1154/625 916/1155/626
f 915/1154/625 917/1156/627 916/1155/626
f 916/1155/626 917/1156/627 918/1157/627
f 917/1156/627 919/1158/629 918/1157/627
f 918/1157/627 919/1158/629 920/1159/630
f 919/1158/629 921/1160/631 920/1159/630
f 920/1159/630 921/1160/631 922/1161/631
f 921/1160/631 923/1162/632 922/1161/631
f 922/1161/631 923/1162/632 924/1163/862
f 923/1162/632 925/1164/633 924/1163/862
f 924/1163/862 925/1164/633 926/1165/633
f 810/1043/718 811/1044/718 499/662/718
f 927/1166/77 928/1167/77 929/1168/77
f 930/1169/77 928/1167/77 927/1166/77
f 930/1169/77 931/1170/77 928/1167/77
f 932/1171/77 931/1170/77 930/1169/77
f 932/1171/77 933/1172/77 931/1170/77
f 934/1173/77 933/1172/77 932/1171/77
f 934/1173/77 935/1174/77 933/1172/77
f 936/1175/77 935/1174/77 934/1173/77
f 936/1175/77 937/1176/77 935/1174/77
f 938/1177/77 937/1176/77 936/1175/77
f 938/1177/77 939/1178/77 937/1176/77
f 940/1179/77 939/1178/77 938/1177/77
f 940/1179/77 941/1180/77 939/1178/77
f 939/1178/77 941/1180/77 942/1181/77
f 941/1180/77 943/1182/77 942/1181/77
f 942/1181/77 943/1182/77 944/1183/77
f 943/1182/77 945/1184/77 944/1183/77
f 944/1183/77 945/1184/77 946/1185/77
f 945/1184/77 947/1186/77 946/1185/77
f 946/1185/77 947/1186/77 948/1187/77
f 947/1186/77 949/1188/77 948/1187/77
f 948/1187/77 949/1188/77 950/1189/77
f 949/1188/77 951/1190/77 950/1189/77
f 950/1189/77 951/1190/77 952/1191/77
f 807/1040/728 803/1035/728 495/658/728
f 495/658/728 803/1035/728 500/663/728
f 499/662/729 498/661/863 810/1043/731
f 810/1043/731 498/661/863 812/1045/863
f 500/663/733 812/1045/863 498/661/863
f 805/1037/734 812/1045/863 500/663/733
f 953/1192/739 509/678/739 954/1193/739
f 954/1193/739 509/678/739 510/680/739
f 955/1194/740 956/1195/740 957/1196/740
f 957/1196/740 956/1195/740 958/1198/740
f 501/664/864 959/1199/865 504/670/866
f 504/670/866 959/1199/865 960/1200/865
f 503/668/867 502/667/868 961/1201/869
f 961/1201/869 502/667/868 508/677/867
f 953/1192/748 954/1193/748 956/1195/748
f 956/1195/748 954/1193/748 958/1198/748
f 960/1200/458 962/1202/458 504/671/458
f 504/671/458 962/1202/458 506/675/458
f 962/1202/458 955/1194/458 506/675/458
f 506/675/458 955/1194/458 957/1197/458
f 963/1203/870 960/1200/870 959/1199/870
f 946/1185/522 905/1144/523 907/1146/522
f 948/1187/523 905/1144/523 946/1185/522
f 950/1189/524 905/1144/523 948/1187/523
f 902/1141/524 905/1144/523 950/1189/524
f 902/1141/524 950/1189/524 903/1142/525
f 903/1142/525 950/1189/524 952/1191/525
f 928/1167/526 926/1165/527 929/1168/527
f 924/1163/526 926/1165/527 928/1167/526
f 924/1163/526 928/1167/526 922/1161/528
f 922/1161/528 928/1167/526 931/1170/528
f 931/1170/528 933/1172/529 922/1161/528
f 922/1161/528 933/1172/529 920/1159/529
f 933/1172/529 935/1174/530 920/1159/529
f 920/1159/529 935/1174/530 918/1157/530
f 935/1174/530 937/1176/531 918/1157/530
f 918/1157/530 937/1176/531 916/1155/531
f 937/1176/531 939/1178/39 916/1155/531
f 916/1155/531 939/1178/39 913/1152/39
f 939/1178/39 911/1150/532 913/1152/39
f 942/1181/532 911/1150/532 939/1178/39
f 942/1181/532 909/1148/533 911/1150/532
f 944/1183/533 909/1148/533 942/1181/532
f 944/1183/533 907/1146/522 909/1148/533
f 946/1185/522 907/1146/522 944/1183/533
f 961/1201/871 964/1204/871 959/1199/871
f 959/1199/871 964/1204/871 963/1203/871
f 501/664/872 503/668/872 959/1199/872
f 959/1199/872 503/668/872 961/1201/872
f 965/1205/873 509/678/873 953/1192/873
f 369/495/38 966/1206/874 825/1060/38
f 370/497/874 966/1206/874 369/495/38
f 370/497/874 967/1207/875 966/1206/874
f 371/498/875 967/1207/875 370/497/874
f 371/498/875 968/1208/876 967/1207/875
f 372/499/876 968/1208/876 371/498/875
f 372/499/876 969/1209/877 968/1208/876
f 373/500/877 969/1209/877 372/499/876
f 373/500/877 970/1210/878 969/1209/877
f 374/501/878 970/1210/878 373/500/877
f 374/501/878 971/1211/879 970/1210/878
f 375/502/879 971/1211/879 374/501/878
f 375/502/879 972/1212/880 971/1211/879
f 376/503/880 972/1212/880 375/502/879
f 377/504/881 972/1212/880 376/503/880
f 973/1213/881 972/1212/880 377/504/881
f 363/488/882 973/1213/881 377/504/881
f 974/1214/882 973/1213/881 363/488/882
f 364/489/883 974/1214/882 363/488/882
f 975/1215/883 974/1214/882 364/489/883
f 364/489/883 976/1216/884 975/1215/883
f 365/490/884 976/1216/884 364/489/883
f 365/490/884 977/1217/885 976/1216/884
f 366/491/885 977/1217/885 365/490/884
f 366/491/885 978/1218/886 977/1217/885
f 367/492/886 978/1218/886 366/491/885
f 367/492/886 823/1057/39 978/1218/886
f 368/493/39 823/1057/39 367/492/886
f 769/995/887 409/541/888 410/542/889
f 768/994/890 409/541/888 769/995/887
f 768/994/890 408/540/891 409/541/888
f 767/993/892 408/540/891 768/994/890
f 767/993/892 407/539/893 408/540/891
f 766/992/893 407/539/893 767/993/892
f 766/992/893 406/537/894 407/539/893
f 765/990/894 406/537/894 766/992/893
f 778/1004/895 418/550/896 419/551/895
f 777/1003/897 418/550/896 778/1004/895
f 777/1003/897 417/549/898 418/550/896
f 776/1002/899 417/549/898 777/1003/897
f 776/1002/899 416/548/900 417/549/898
f 775/1001/901 416/548/900 776/1002/899
f 775/1001/901 415/547/902 416/548/900
f 774/1000/903 415/547/902 775/1001/901
f 415/547/902 774/1000/903 414/546/904
f 414/546/904 774/1000/903 773/999/905
f 773/999/905 772/998/906 414/546/904
f 414/546/904 772/998/906 413/545/907
f 413/545/907 772/998/906 412/544/908
f 412/544/908 772/998/906 771/997/909
f 771/997/909 411/543/910 412/544/908
f 770/996/911 411/543/910 771/997/909
f 411/543/910 770/996/911 410/542/889
f 410/542/889 770/996/911 769/995/887
f 21/46/912 979/1219/913 17/38/914
f 21/46/912 980/1220/915 979/1219/913
f 981/1221/916 980/1220/915 21/46/912
f 981/1221/916 982/1223/917 980/1220/915
f 25/56/918 982/1223/917 981/1221/916
f 25/56/918 983/1224/919 982/1223/917
f 27/60/920 983/1224/919 25/56/918
f 27/60/920 984/1225/921 983/1224/919
f 985/1226/922 984/1225/921 27/60/920
f 985/1226/922 986/1228/923 984/1225/921
f 987/1229/924 986/1228/923 985/1226/922
f 988/1231/925 19/42/926 989/1232/927
f 19/42/926 17/38/914 989/1232/927
f 989/1232/927 17/38/914 990/1233/928
f 17/38/914 979/1219/913 990/1233/928
f 990/1233/928 979/1219/913 991/1234/929
f 991/1234/929 979/1219/913 992/1235/930
f 979/1219/913 993/1236/931 992/1235/930
f 980/1220/915 993/1236/931 979/1219/913
f 980/1220/915 994/1237/932 993/1236/931
f 982/1223/917 994/1237/932 980/1220/915
f 982/1223/917 995/1238/933 994/1237/932
f 983/1224/919 995/1238/933 982/1223/917
f 983/1224/919 996/1239/934 995/1238/933
f 984/1225/921 996/1239/934 983/1224/919
f 984/1225/921 997/1240/935 996/1239/934
f 986/1228/923 997/1240/935 984/1225/921
f 986/1228/923 751/974/676 997/1240/935
f 748/968/673 751/974/676 986/1228/923
f 987/1229/924 748/968/673 986/1228/923
f 749/970/674 748/968/673 987/1229/924
f 998/1241/936 990/1233/928 991/1234/929
f 989/1232/927 990/1233/928 998/1241/936
f 989/1232/927 998/1241/936 988/1231/925
f 988/1231/925 998/1241/936 999/1242/937
f 988/1231/925 999/1242/937 1000/1243/938
f 1000/1243/938 999/1242/937 1001/1244/939
f 730/946/652 1002/1245/940 742/960/667
f 1003/1246/941 1002/1245/940 730/946/652
f 1003/1246/941 1004/1247/942 1002/1245/940
f 1005/1248/943 1004/1247/942 1003/1246/941
f 1005/1248/943 1006/1249/944 1004/1247/942
f 1007/1250/945 1006/1249/944 1005/1248/943
f 1007/1250/945 1008/1251/946 1006/1249/944
f 1009/1252/947 1008/1251/946 1007/1250/945
f 1009/1252/947 1010/1253/948 1008/1251/946
f 1011/1254/949 1010/1253/948 1009/1252/947
f 1011/1254/949 1012/1255/950 1010/1253/948
f 1013/1256/951 1012/1255/950 1011/1254/949
f 1013/1256/951 1001/1244/939 1012/1255/950
f 1000/1243/938 1001/1244/939 1013/1256/951
f 1013/1256/951 1014/1257/952 1000/1243/938
f 1014/1257/952 988/1231/925 1000/1243/938
f 1015/1259/953 988/1231/925 1014/1257/952
f 1015/1259/953 19/42/926 988/1231/925
f 34/70/653 1016/1261/954 730/946/652
f 730/946/652 1016/1261/954 1003/1246/941
f 1016/1261/954 1017/1263/955 1003/1246/941
f 1003/1246/941 1017/1263/955 1005/1248/943
f 1017/1263/955 1018/1265/956 1005/1248/943
f 1005/1248/943 1018/1265/956 1007/1250/945
f 1018/1265/956 1019/1267/957 1007/1250/945
f 1007/1250/945 1019/1267/957 1009/1252/947
f 1019/1267/957 24/53/958 1009/1252/947
f 1009/1252/947 24/53/958 1011/1254/949
f 24/53/958 22/49/959 1011/1254/949
f 1011/1254/949 22/49/959 1013/1256/951
f 22/49/959 1014/1257/952 1013/1256/951
f 955/1194/960 1020/1269/960 956/1195/960
f 229/318/200 1021/1270/961 228/316/199
f 242/331/213 1021/1270/961 229/318/200
f 242/331/213 1022/1272/54 1021/1270/961
f 240/329/211 1022/1272/54 242/331/213
f 240/329/211 1023/1274/962 1022/1272/54
f 238/327/209 1023/1274/962 240/329/211
f 238/327/209 1024/1276/963 1023/1274/962
f 236/325/207 1024/1276/963 238/327/209
f 236/325/207 1025/1278/964 1024/1276/963
f 233/322/204 1025/1278/964 236/325/207
f 233/322/204 1026/1280/965 1025/1278/964
f 232/321/203 1026/1280/965 233/322/204
f 232/321/203 211/289/77 1026/1280/965
f 209/285/181 211/289/77 232/321/203
f 209/285/181 232/321/203 223/310/194
f 223/310/194 232/321/203 234/323/205
f 223/310/194 234/323/205 221/307/192
f 221/307/192 234/323/205 246/335/217
f 1027/1282/966 1017/1264/967 1016/1262/968
f 1028/1284/969 1017/1264/967 1027/1282/966
f 1028/1284/969 1018/1266/970 1017/1264/967
f 1029/1286/971 1018/1266/970 1028/1284/969
f 1029/1286/971 1019/1268/972 1018/1266/970
f 1030/1288/973 1019/1268/972 1029/1286/971
f 1030/1288/973 1031/1290/974 1019/1268/972
f 1019/1268/972 1031/1290/974 24/54/975
f 1031/1290/974 1032/1292/976 24/54/975
f 24/54/975 1032/1292/976 22/50/976
f 1032/1292/976 1033/1294/977 22/50/976
f 22/50/976 1033/1294/977 1014/1258/978
f 1033/1294/977 1034/1296/979 1014/1258/978
f 1014/1258/978 1034/1296/979 1015/1260/980
f 1034/1296/979 1035/1298/981 1015/1260/980
f 1015/1260/980 1035/1298/981 19/43/981
f 1035/1298/981 17/39/982 19/43/981
f 1036/1300/982 17/39/982 1035/1298/981
f 1036/1300/982 21/47/983 17/39/982
f 1037/1302/983 21/47/983 1036/1300/982
f 1037/1302/983 981/1222/984 21/47/983
f 1038/1304/985 981/1222/984 1037/1302/983
f 1038/1304/985 25/57/986 981/1222/984
f 1039/1306/987 25/57/986 1038/1304/985
f 1039/1306/987 1040/1308/988 25/57/986
f 25/57/986 1040/1308/988 27/61/989
f 1040/1308/988 1041/1310/990 27/61/989
f 27/61/989 1041/1310/990 985/1227/991
f 1041/1310/990 1042/1312/992 985/1227/991
f 985/1227/991 1042/1312/992 987/1230/993
f 1042/1312/992 1043/1314/994 987/1230/993
f 987/1230/993 1043/1314/994 749/971/994
f 1043/1314/994 747/966/995 749/971/994
f 1044/1316/996 747/966/995 1043/1314/994
f 1044/1316/996 764/989/997 747/966/995
f 1045/1317/998 764/989/997 1044/1316/996
f 1045/1317/998 6/10/999 764/989/997
f 1046/1318/1000 6/10/999 1045/1317/998
f 1046/1318/1000 8/16/1001 6/10/999
f 1047/1320/1002 8/16/1001 1046/1318/1000
f 1048/1322/1003 8/16/1001 1047/1320/1002
f 10/22/1003 8/16/1001 1048/1322/1003
f 1049/1324/1004 10/22/1003 1048/1322/1003
f 763/987/1004 10/22/1003 1049/1324/1004
f 1050/1326/1005 763/987/1004 1049/1324/1004
f 13/29/1005 763/987/1004 1050/1326/1005
f 1051/1328/1006 13/29/1005 1050/1326/1005
f 16/36/1006 13/29/1005 1051/1328/1006
f 1051/1328/1006 733/950/1007 16/36/1006
f 1052/1329/1007 733/950/1007 1051/1328/1006
f 1052/1329/1007 14/32/1008 733/950/1007
f 1053/1331/1009 14/32/1008 1052/1329/1007
f 1053/1331/1009 11/25/1010 14/32/1008
f 1054/1333/1010 11/25/1010 1053/1331/1009
f 1054/1333/1010 9/19/1011 11/25/1010
f 1055/1335/1011 9/19/1011 1054/1333/1010
f 1055/1335/1011 7/13/1012 9/19/1011
f 1056/1337/1013 7/13/1012 1055/1335/1011
f 1057/1339/1014 7/13/1012 1056/1337/1013
f 726/940/1015 7/13/1012 1057/1339/1014
f 1058/1341/1016 726/940/1015 1057/1339/1014
f 728/943/1017 726/940/1015 1058/1341/1016
f 1059/1343/1018 728/943/1017 1058/1341/1016
f 3/5/1019 728/943/1017 1059/1343/1018
f 1060/1344/1020 3/5/1019 1059/1343/1018
f 34/71/1020 3/5/1019 1060/1344/1020
f 1060/1344/1020 1016/1262/968 34/71/1020
f 1027/1282/966 1016/1262/968 1060/1344/1020
f 508/677/31 964/1204/31 961/1201/31
f 1061/1346/1021 1062/1348/1022 1063/1350/1021
f 1064/1353/1023 1062/1348/1022 1061/1346/1021
f 1064/1353/1023 1065/1354/1024 1062/1348/1022
f 1066/1356/1024 1065/1354/1024 1064/1353/1023
f 1066/1356/1024 1067/1357/1025 1065/1354/1024
f 1068/1359/1026 1067/1357/1025 1066/1356/1024
f 1068/1359/1026 1069/1360/1027 1067/1357/1025
f 1070/1362/1027 1069/1360/1027 1068/1359/1026
f 1070/1362/1027 1071/1363/1028 1069/1360/1027
f 1072/1365/1028 1071/1363/1028 1070/1362/1027
f 1072/1365/1028 1073/1366/1029 1071/1363/1028
f 1074/1368/1029 1073/1366/1029 1072/1365/1028
f 1075/1369/1030 1073/1366/1029 1074/1368/1029
f 1076/1370/1031 1073/1366/1029 1075/1369/1030
f 1075/1369/1030 1077/1372/1032 1076/1370/1031
f 1076/1370/1031 1077/1372/1032 1078/1373/1033
f 1077/1372/1032 1079/1375/1034 1078/1373/1033
f 1078/1373/1033 1079/1375/1034 1080/1376/1034
f 1079/1375/1034 1081/1378/1035 1080/1376/1034
f 1080/1376/1034 1081/1378/1035 1082/1379/1035
f 1081/1378/1035 1083/1381/1036 1082/1379/1035
f 1082/1379/1035 1083/1381/1036 1084/1382/1037
f 1083/1381/1036 1085/1384/1038 1084/1382/1037
f 1084/1382/1037 1085/1384/1038 1086/1386/1038
f 956/1195/1039 1020/1269/1039 953/1192/1039
f 953/1192/1039 1020/1269/1039 965/1205/1039
f 955/1194/1040 962/1202/1041 1020/1269/1040
f 1020/1269/1040 962/1202/1041 1087/1389/1042
f 960/1200/1043 1087/1389/1042 962/1202/1041
f 963/1203/1044 1087/1389/1042 960/1200/1043
f 964/1204/1045 508/677/1046 1088/1390/1047
f 1088/1390/1047 508/677/1046 507/676/1048
f 507/676/1048 965/1205/1049 1088/1390/1047
f 509/678/1050 965/1205/1049 507/676/1048
f 1089/1391/1051 1090/1394/1051 1091/1396/1052
f 1091/1396/1052 1090/1394/1051 1092/1398/1052
f 1091/1396/1052 1092/1398/1052 1093/1399/1053
f 1093/1399/1053 1092/1398/1052 1094/1401/1053
f 1093/1399/1053 1094/1401/1053 1095/1402/1054
f 1095/1402/1054 1094/1401/1053 1096/1404/1054
f 1095/1402/1054 1096/1404/1054 1097/1405/1055
f 1097/1405/1055 1096/1404/1054 1098/1407/1056
f 1097/1405/1055 1098/1407/1056 1099/1408/1057
f 1099/1408/1057 1098/1407/1056 1100/1410/1057
f 1100/1410/1057 1101/1411/1058 1099/1408/1057
f 1102/1413/1058 1101/1411/1058 1100/1410/1057
f 1102/1413/1058 1103/1414/1059 1101/1411/1058
f 1101/1411/1058 1103/1414/1059 1104/1415/1060
f 1105/1417/1061 1104/1415/1060 1103/1414/1059
f 1106/1418/1062 1104/1415/1060 1105/1417/1061
f 1107/1420/1063 1106/1418/1062 1105/1417/1061
f 1108/1421/1064 1106/1418/1062 1107/1420/1063
f 1109/1423/1065 1108/1421/1064 1107/1420/1063
f 1110/1424/1065 1108/1421/1064 1109/1423/1065
f 1111/1426/1066 1110/1424/1065 1109/1423/1065
f 1112/1427/1066 1110/1424/1065 1111/1426/1066
f 1113/1429/1067 1112/1427/1066 1111/1426/1066
f 1114/1430/1068 1112/1427/1066 1113/1429/1067
f 1115/1432/1069 1114/1430/1068 1113/1429/1067
f 1116/1434/1069 1114/1430/1068 1115/1432/1069
f 1087/1389/1070 965/1205/1071 1020/1269/1071
f 1088/1390/1072 965/1205/1071 1087/1389/1070
f 1087/1389/1070 963/1203/1073 1088/1390/1072
f 1088/1390/1072 963/1203/1073 964/1204/1073
f 1117/1437/739 518/694/739 1118/1438/739
f 1118/1438/739 518/694/739 519/696/739
f 1119/1439/740 1120/1440/740 1121/1441/740
f 1121/1441/740 1120/1440/740 1122/1443/740
f 511/681/865 1123/1444/1074 514/687/1075
f 514/687/1075 1123/1444/1074 1124/1445/866
f 513/685/867 512/684/869 37/74/868
f 37/74/868 512/684/869 35/72/867
f 1117/1437/748 1118/1438/748 1120/1440/748
f 1120/1440/748 1118/1438/748 1122/1443/748
f 1124/1445/458 1125/1446/458 514/688/458
f 514/688/458 1125/1446/458 516/692/458
f 1125/1446/458 1119/1439/458 516/692/458
f 516/692/458 1119/1439/458 1121/1442/458
f 1126/1447/870 1124/1445/870 1123/1444/870
f 601/787/717 778/1005/717 647/860/1076
f 647/860/1076 778/1005/717 1127/1448/1077
f 1127/1448/1077 648/861/1078 647/860/1076
f 1128/1449/1079 648/861/1078 1127/1448/1077
f 1128/1449/1079 650/863/1080 648/861/1078
f 1129/1450/1081 650/863/1080 1128/1449/1079
f 1129/1450/1081 652/865/1082 650/863/1080
f 1130/1451/1083 652/865/1082 1129/1450/1081
f 1130/1451/1083 654/867/1084 652/865/1082
f 1131/1452/1085 654/867/1084 1130/1451/1083
f 1132/1453/1086 654/867/1084 1131/1452/1085
f 629/831/1087 654/867/1084 1132/1453/1086
f 1133/1454/1088 629/831/1087 1132/1453/1086
f 627/829/1089 629/831/1087 1133/1454/1088
f 1134/1455/1090 627/829/1089 1133/1454/1088
f 639/846/1091 627/829/1089 1134/1455/1090
f 1135/1456/1092 639/846/1091 1134/1455/1090
f 637/843/1093 639/846/1091 1135/1456/1092
f 1136/1457/1094 637/843/1093 1135/1456/1092
f 635/840/1095 637/843/1093 1136/1457/1094
f 1137/1458/1096 635/840/1095 1136/1457/1094
f 633/837/1097 635/840/1095 1137/1458/1096
f 1138/1459/1098 633/837/1097 1137/1458/1096
f 631/834/1099 633/837/1097 1138/1459/1098
f 765/991/693 631/834/1099 1138/1459/1098
f 604/794/693 631/834/1099 765/991/693
f 37/74/871 36/73/871 1123/1444/871
f 1123/1444/871 36/73/871 1126/1447/871
f 511/681/872 513/685/872 1123/1444/872
f 1123/1444/872 513/685/872 37/74/872
f 1139/1460/873 518/694/873 1117/1437/873
f 1140/1461/616 1141/1462/615 1142/1463/616
f 1143/1464/617 1141/1462/615 1140/1461/616
f 1143/1464/617 1144/1465/618 1141/1462/615
f 1145/1466/618 1144/1465/618 1143/1464/617
f 1145/1466/618 1146/1467/619 1144/1465/618
f 1147/1468/619 1146/1467/619 1145/1466/618
f 1147/1468/619 1148/1469/620 1146/1467/619
f 1149/1470/621 1148/1469/620 1147/1468/619
f 1149/1470/621 1150/1471/622 1148/1469/620
f 1151/1472/861 1150/1471/622 1149/1470/621
f 1151/1472/861 1152/1473/1100 1150/1471/622
f 1153/1474/1100 1152/1473/1100 1151/1472/861
f 1153/1474/1100 1154/1475/1101 1152/1473/1100
f 1152/1473/1100 1154/1475/1101 1155/1476/626
f 1154/1475/1101 1156/1477/628 1155/1476/626
f 1155/1476/626 1156/1477/628 1157/1478/627
f 1156/1477/628 1158/1479/630 1157/1478/627
f 1157/1478/627 1158/1479/630 1159/1480/629
f 1158/1479/630 1160/1481/631 1159/1480/629
f 1159/1480/629 1160/1481/631 1161/1482/631
f 1160/1481/631 1162/1483/632 1161/1482/631
f 1161/1482/631 1162/1483/632 1163/1484/862
f 1162/1483/632 1164/1485/1102 1163/1484/862
f 1163/1484/862 1164/1485/1102 1165/1486/1102
f 1119/1439/960 1166/1487/960 1120/1440/960
f 1167/1488/77 1168/1489/77 1169/1490/77
f 1170/1491/77 1168/1489/77 1167/1488/77
f 1170/1491/77 1171/1492/77 1168/1489/77
f 1172/1493/77 1171/1492/77 1170/1491/77
f 1172/1493/77 1173/1494/77 1171/1492/77
f 1174/1495/77 1173/1494/77 1172/1493/77
f 1174/1495/77 1175/1496/77 1173/1494/77
f 1176/1497/77 1175/1496/77 1174/1495/77
f 1176/1497/77 1177/1498/77 1175/1496/77
f 1178/1499/77 1177/1498/77 1176/1497/77
f 1178/1499/77 1179/1500/77 1177/1498/77
f 1180/1501/77 1179/1500/77 1178/1499/77
f 1180/1501/77 1181/1502/77 1179/1500/77
f 1179/1500/77 1181/1502/77 1182/1503/77
f 1181/1502/77 1183/1504/77 1182/1503/77
f 1182/1503/77 1183/1504/77 1184/1505/77
f 1183/1504/77 1185/1506/77 1184/1505/77
f 1184/1505/77 1185/1506/77 1186/1507/77
f 1185/1506/77 1187/1508/77 1186/1507/77
f 1186/1507/77 1187/1508/77 1188/1509/77
f 1187/1508/77 1189/1510/77 1188/1509/77
f 1188/1509/77 1189/1510/77 1190/1511/77
f 1189/1510/77 1191/1512/77 1190/1511/77
f 1190/1511/77 1191/1512/77 1192/1513/77
f 718/931/735 1193/1514/736 717/930/735
f 717/930/735 1193/1514/736 841/1077/737
f 1194/1517/738 841/1077/737 1193/1514/736
f 842/1080/738 841/1077/737 1194/1517/738
f 719/932/739 1195/1519/739 720/933/739
f 720/933/739 1195/1519/739 1196/1520/739
f 482/641/740 843/1082/740 721/934/740
f 721/934/740 843/1082/740 1197/1522/740
f 484/643/741 689/902/742 841/1078/743
f 841/1078/743 689/902/742 717/930/744
f 779/1006/745 1193/1515/747 716/929/746
f 716/929/746 1193/1515/747 718/931/745
f 719/932/748 721/934/748 1195/1519/748
f 1195/1519/748 721/934/748 1197/1522/748
f 1120/1440/1039 1166/1487/1039 1117/1437/1039
f 1117/1437/1039 1166/1487/1039 1139/1460/1039
f 1198/1523/1103 1199/1524/1104 1200/1525/1105
f 1198/1523/1103 1201/1526/1106 1199/1524/1104
f 1201/1526/1106 1198/1523/1103 1202/1527/1107
f 1203/1528/1108 1202/1527/1107 1204/1529/1109
f 1204/1529/1109 1202/1527/1107 1205/1530/1110
f 1202/1527/1107 1198/1523/1103 1205/1530/1110
f 1198/1523/1103 1206/1531/602 1205/1530/1110
f 1207/1532/602 1206/1531/602 1198/1523/1103
f 1207/1532/602 1208/1533/601 1206/1531/602
f 1206/1531/602 1208/1533/601 1209/1534/601
f 1208/1533/601 1210/1535/600 1209/1534/601
f 1209/1534/601 1210/1535/600 1211/1536/600
f 1210/1535/600 1212/1537/1111 1211/1536/600
f 1211/1536/600 1212/1537/1111 1213/1538/1111
f 1212/1537/1111 785/1012/39 1213/1538/1111
f 1213/1538/1111 785/1012/39 787/1015/39
f 1186/1507/522 1144/1465/523 1146/1467/522
f 1188/1509/523 1144/1465/523 1186/1507/522
f 1190/1511/524 1144/1465/523 1188/1509/523
f 1141/1462/524 1144/1465/523 1190/1511/524
f 1141/1462/524 1190/1511/524 1142/1463/525
f 1142/1463/525 1190/1511/524 1192/1513/525
f 1168/1489/526 1165/1486/527 1169/1490/527
f 1163/1484/526 1165/1486/527 1168/1489/526
f 1163/1484/526 1168/1489/526 1161/1482/528
f 1161/1482/528 1168/1489/526 1171/1492/528
f 1171/1492/528 1173/1494/529 1161/1482/528
f 1161/1482/528 1173/1494/529 1159/1480/529
f 1173/1494/529 1175/1496/530 1159/1480/529
f 1159/1480/529 1175/1496/530 1157/1478/530
f 1175/1496/530 1177/1498/531 1157/1478/530
f 1157/1478/530 1177/1498/531 1155/1476/531
f 1177/1498/531 1179/1500/39 1155/1476/531
f 1155/1476/531 1179/1500/39 1152/1473/39
f 1179/1500/39 1150/1471/532 1152/1473/39
f 1182/1503/532 1150/1471/532 1179/1500/39
f 1182/1503/532 1148/1469/533 1150/1471/532
f 1184/1505/533 1148/1469/533 1182/1503/532
f 1184/1505/533 1146/1467/522 1148/1469/533
f 1186/1507/522 1146/1467/522 1184/1505/533
f 779/1006/469 798/1027/469 1193/1516/469
f 1193/1516/469 798/1027/469 1194/1518/469
f 798/1027/469 720/933/469 1194/1518/469
f 1194/1518/469 720/933/469 1196/1521/469
f 1119/1439/1040 1125/1446/1112 1166/1487/1040
f 1166/1487/1040 1125/1446/1112 1214/1539/1112
f 1124/1445/1113 1214/1539/1112 1125/1446/1112
f 1126/1447/1114 1214/1539/1112 1124/1445/1113
f 36/73/1045 35/72/1115 1215/1540/1116
f 1215/1540/1116 35/72/1115 517/693/1117
f 517/693/1117 1139/1460/1049 1215/1540/1116
f 518/694/1050 1139/1460/1049 517/693/1117
f 1216/1541/1118 1217/1542/615 1218/1543/614
f 1219/1544/617 1217/1542/615 1216/1541/1118
f 1219/1544/617 1220/1545/618 1217/1542/615
f 1221/1546/618 1220/1545/618 1219/1544/617
f 1221/1546/618 1222/1547/619 1220/1545/618
f 1223/1548/860 1222/1547/619 1221/1546/618
f 1223/1548/860 1224/1549/620 1222/1547/619
f 1225/1550/621 1224/1549/620 1223/1548/860
f 1225/1550/621 1226/1551/622 1224/1549/620
f 1227/1552/861 1226/1551/622 1225/1550/621
f 1227/1552/861 1228/1553/624 1226/1551/622
f 1229/1554/624 1228/1553/624 1227/1552/861
f 1229/1554/624 1230/1555/625 1228/1553/624
f 1228/1553/624 1230/1555/625 1231/1556/626
f 1230/1555/625 1232/1557/627 1231/1556/626
f 1231/1556/626 1232/1557/627 1233/1558/628
f 1232/1557/627 1234/1559/630 1233/1558/628
f 1233/1558/628 1234/1559/630 1235/1560/629
f 1234/1559/630 1236/1561/631 1235/1560/629
f 1235/1560/629 1236/1561/631 1237/1562/631
f 1236/1561/631 1238/1563/632 1237/1562/631
f 1237/1562/631 1238/1563/632 1239/1564/862
f 1238/1563/632 1240/1565/1119 1239/1564/862
f 1239/1564/862 1240/1565/1119 1241/1566/633
f 1214/1539/1070 1139/1460/1071 1166/1487/1071
f 1215/1540/1120 1139/1460/1071 1214/1539/1070
f 1214/1539/1070 1126/1447/1073 1215/1540/1120
f 1215/1540/1120 1126/1447/1073 36/73/1073
f 1242/1567/54 1243/1568/54 834/1069/54
f 834/1069/54 1243/1568/54 832/1067/54
f 1243/1568/54 1244/1569/54 832/1067/54
f 832/1067/54 1244/1569/54 830/1065/54
f 1244/1569/54 828/1063/54 830/1065/54
f 1245/1570/54 828/1063/54 1244/1569/54
f 1245/1570/54 826/1061/54 828/1063/54
f 1246/1571/54 826/1061/54 1245/1570/54
f 1246/1571/54 369/496/54 826/1061/54
f 49/87/54 369/496/54 1246/1571/54
f 52/93/54 1247/1572/54 368/494/54
f 368/494/54 1247/1572/54 822/1055/54
f 1247/1572/54 1248/1573/54 822/1055/54
f 822/1055/54 1248/1573/54 820/1053/54
f 1248/1573/54 1249/1574/54 820/1053/54
f 820/1053/54 1249/1574/54 818/1051/54
f 1249/1574/54 814/1047/54 818/1051/54
f 1250/1575/54 814/1047/54 1249/1574/54
f 1250/1575/54 815/1048/54 814/1047/54
f 1251/1576/54 815/1048/54 1250/1575/54
f 1251/1576/54 839/1074/54 815/1048/54
f 1252/1577/54 839/1074/54 1251/1576/54
f 1252/1577/54 838/1073/54 839/1074/54
f 1253/1578/54 838/1073/54 1252/1577/54
f 1253/1578/54 1254/1579/54 838/1073/54
f 838/1073/54 1254/1579/54 836/1071/54
f 1254/1579/54 1242/1567/54 836/1071/54
f 836/1071/54 1242/1567/54 834/1069/54
f 1255/1580/77 1256/1581/77 1257/1582/77
f 1258/1583/77 1256/1581/77 1255/1580/77
f 1258/1583/77 1259/1584/77 1256/1581/77
f 1260/1585/77 1259/1584/77 1258/1583/77
f 1260/1585/77 1261/1586/77 1259/1584/77
f 1262/1587/77 1261/1586/77 1260/1585/77
f 1262/1587/77 1263/1588/77 1261/1586/77
f 1264/1589/77 1263/1588/77 1262/1587/77
f 1264/1589/77 1265/1590/77 1263/1588/77
f 1266/1591/77 1265/1590/77 1264/1589/77
f 1266/1591/77 1267/1592/77 1265/1590/77
f 1268/1593/77 1267/1592/77 1266/1591/77
f 1268/1593/77 1269/1594/77 1267/1592/77
f 1267/1592/77 1269/1594/77 1270/1595/77
f 1269/1594/77 1271/1596/77 1270/1595/77
f 1270/1595/77 1271/1596/77 1272/1597/77
f 1271/1596/77 1273/1598/77 1272/1597/77
f 1272/1597/77 1273/1598/77 1274/1599/77
f 1273/1598/77 1275/1600/77 1274/1599/77
f 1274/1599/77 1275/1600/77 1276/1601/77
f 1275/1600/77 1277/1602/77 1276/1601/77
f 1276/1601/77 1277/1602/77 1278/1603/77
f 1277/1602/77 1279/1604/77 1278/1603/77
f 1278/1603/77 1279/1604/77 1280/1605/77
f 525/703/1121 1242/1567/1121 521/698/1122
f 525/703/1121 1243/1568/1123 1242/1567/1121
f 526/704/1123 1243/1568/1123 525/703/1121
f 526/704/1123 1244/1569/1124 1243/1568/1123
f 528/707/1124 1244/1569/1124 526/704/1123
f 528/707/1124 1245/1570/1125 1244/1569/1124
f 530/710/1125 1245/1570/1125 528/707/1124
f 530/710/1125 1246/1571/1126 1245/1570/1125
f 532/713/1126 1246/1571/1126 530/710/1125
f 532/713/1126 49/87/38 1246/1571/1126
f 50/88/38 49/87/38 532/713/1126
f 51/90/39 537/722/1127 52/93/39
f 52/93/39 537/722/1127 1247/1572/1127
f 537/722/1127 539/724/1128 1247/1572/1127
f 1247/1572/1127 539/724/1128 1248/1573/1128
f 539/724/1128 541/726/1129 1248/1573/1128
f 1248/1573/1128 541/726/1129 1249/1574/1129
f 541/726/1129 543/728/1130 1249/1574/1129
f 1249/1574/1129 543/728/1130 1250/1575/1130
f 1250/1575/1130 543/728/1130 1251/1576/1131
f 1251/1576/1131 543/728/1130 544/729/1132
f 544/729/1132 547/732/1133 1251/1576/1131
f 1251/1576/1131 547/732/1133 1252/1577/1134
f 549/734/1135 1252/1577/1134 547/732/1133
f 549/734/1135 551/736/1136 1252/1577/1134
f 1252/1577/1134 551/736/1136 1253/1578/1137
f 1253/1578/1137 551/736/1136 1254/1579/1138
f 1254/1579/1138 551/736/1136 521/698/1122
f 521/698/1122 1242/1567/1121 1254/1579/1138
f 1274/1599/522 1220/1545/523 1222/1547/522
f 1276/1601/523 1220/1545/523 1274/1599/522
f 1278/1603/524 1220/1545/523 1276/1601/523
f 1217/1542/524 1220/1545/523 1278/1603/524
f 1217/1542/524 1278/1603/524 1218/1543/525
f 1218/1543/525 1278/1603/524 1280/1605/525
f 1256/1581/526 1241/1566/527 1257/1582/527
f 1239/1564/526 1241/1566/527 1256/1581/526
f 1239/1564/526 1256/1581/526 1237/1562/528
f 1237/1562/528 1256/1581/526 1259/1584/528
f 1259/1584/528 1261/1586/529 1237/1562/528
f 1237/1562/528 1261/1586/529 1235/1560/529
f 1261/1586/529 1263/1588/530 1235/1560/529
f 1235/1560/529 1263/1588/530 1233/1558/530
f 1263/1588/530 1265/1590/531 1233/1558/530
f 1233/1558/530 1265/1590/531 1231/1556/531
f 1265/1590/531 1267/1592/39 1231/1556/531
f 1231/1556/531 1267/1592/39 1228/1553/39
f 1267/1592/39 1226/1551/532 1228/1553/39
f 1270/1595/532 1226/1551/532 1267/1592/39
f 1270/1595/532 1224/1549/533 1226/1551/532
f 1272/1597/533 1224/1549/533 1270/1595/532
f 1272/1597/533 1222/1547/522 1224/1549/533
f 1274/1599/522 1222/1547/522 1272/1597/533
f 1090/1395/38 1281/1606/1139 1085/1385/38
f 1085/1385/38 1281/1606/1139 1282/1607/1139
f 1281/1606/1139 1283/1608/1140 1282/1607/1139
f 1282/1607/1139 1283/1608/1140 1284/1609/1140
f 1283/1608/1140 1285/1610/1141 1284/1609/1140
f 1284/1609/1140 1285/1610/1141 1286/1611/1141
f 1285/1610/1141 1287/1612/1142 1286/1611/1141
f 1286/1611/1141 1287/1612/1142 1288/1613/1142
f 1287/1612/1142 1289/1614/1143 1288/1613/1142
f 1288/1613/1142 1289/1614/1143 1290/1615/1143
f 1289/1614/1143 1291/1616/1144 1290/1615/1143
f 1290/1615/1143 1291/1616/1144 1292/1617/1145
f 1292/1617/1145 1291/1616/1144 1293/1618/1146
f 1293/1618/1146 1294/1619/1147 1292/1617/1145
f 1295/1620/1147 1294/1619/1147 1293/1618/1146
f 1296/1621/1148 557/742/617 558/743/1149
f 1297/1622/617 557/742/617 1296/1621/1148
f 1297/1622/617 553/738/618 557/742/617
f 1298/1623/618 553/738/618 1297/1622/617
f 1298/1623/618 554/739/860 553/738/618
f 1299/1624/619 554/739/860 1298/1623/618
f 1299/1624/619 576/761/621 554/739/860
f 1300/1625/620 576/761/621 1299/1624/619
f 1300/1625/620 574/759/622 576/761/621
f 1301/1626/861 574/759/622 1300/1625/620
f 1301/1626/861 573/758/1100 574/759/622
f 1302/1627/1100 573/758/1100 1301/1626/861
f 1302/1627/1100 1303/1628/1101 573/758/1100
f 573/758/1100 1303/1628/1101 571/756/625
f 1303/1628/1101 1304/1629/628 571/756/625
f 571/756/625 1304/1629/628 569/754/627
f 1304/1629/628 1305/1630/629 569/754/627
f 569/754/627 1305/1630/629 567/752/630
f 1305/1630/629 1306/1631/631 567/752/630
f 567/752/630 1306/1631/631 564/749/631
f 1306/1631/631 1307/1632/632 564/749/631
f 564/749/631 1307/1632/632 563/748/632
f 1307/1632/632 1308/1633/1150 563/748/632
f 563/748/632 1308/1633/1150 561/746/1151
f 1309/1634/78 1310/1635/54 1311/1636/78
f 1311/1636/78 1310/1635/54 1312/1637/54
f 1310/1635/54 1313/1638/1152 1312/1637/54
f 1312/1637/54 1313/1638/1152 1314/1639/1153
f 1313/1638/1152 1315/1640/1154 1314/1639/1153
f 1314/1639/1153 1315/1640/1154 1316/1641/1154
f 1315/1640/1154 1317/1642/1155 1316/1641/1154
f 1316/1641/1154 1317/1642/1155 1318/1643/1156
f 1317/1642/1155 1319/1644/1157 1318/1643/1156
f 1318/1643/1156 1319/1644/1157 1320/1645/1158
f 1319/1644/1157 1321/1646/77 1320/1645/1158
f 1320/1645/1158 1321/1646/77 1322/1647/77
f 1321/1646/77 1323/1648/84 1322/1647/77
f 1322/1647/77 1323/1648/84 1324/1649/84
f 1323/1648/84 1325/1650/82 1324/1649/84
f 1324/1649/84 1325/1650/82 1326/1651/82
f 1325/1650/82 1327/1652/80 1326/1651/82
f 1326/1651/82 1327/1652/80 1328/1653/80
f 1327/1652/80 1309/1634/78 1328/1653/80
f 1328/1653/80 1309/1634/78 1311/1636/78
f 1329/1654/77 1330/1655/84 1331/1656/77
f 1331/1656/77 1330/1655/84 1332/1657/84
f 1330/1655/84 1333/1658/82 1332/1657/84
f 1332/1657/84 1333/1658/82 1334/1659/82
f 1333/1658/82 1335/1660/80 1334/1659/82
f 1334/1659/82 1335/1660/80 1336/1661/80
f 1335/1660/80 1337/1662/78 1336/1661/80
f 1336/1661/80 1337/1662/78 1338/1663/78
f 1337/1662/78 1339/1664/54 1338/1663/78
f 1338/1663/78 1339/1664/54 1340/1665/54
f 1339/1664/54 1341/1666/55 1340/1665/54
f 1340/1665/54 1341/1666/55 1342/1667/55
f 1341/1666/55 1343/1668/57 1342/1667/55
f 1342/1667/55 1343/1668/57 1344/1669/57
f 1343/1668/57 1345/1670/61 1344/1669/57
f 1344/1669/57 1345/1670/61 1346/1671/61
f 1345/1670/61 1347/1672/70 1346/1671/61
f 1346/1671/61 1347/1672/70 1348/1673/70
f 1347/1672/70 1329/1654/77 1348/1673/70
f 1348/1673/70 1329/1654/77 1331/1656/77
f 96/151/39 72/117/39 1309/1634/39
f 1309/1634/39 72/117/39 1310/1635/39
f 72/117/39 73/119/39 1310/1635/39
f 1310/1635/39 73/119/39 1313/1638/39
f 73/119/39 75/122/39 1313/1638/39
f 1313/1638/39 75/122/39 1315/1640/39
f 75/122/39 79/128/39 1315/1640/39
f 1315/1640/39 79/128/39 1317/1642/39
f 79/128/39 88/140/39 1317/1642/39
f 1317/1642/39 88/140/39 1319/1644/39
f 88/140/39 95/149/39 1319/1644/39
f 1319/1644/39 95/149/39 1321/1646/39
f 95/149/39 102/160/39 1321/1646/39
f 1321/1646/39 102/160/39 1323/1648/39
f 102/160/39 100/157/39 1323/1648/39
f 1323/1648/39 100/157/39 1325/1650/39
f 100/157/39 98/154/39 1325/1650/39
f 1325/1650/39 98/154/39 1327/1652/39
f 98/154/39 96/151/39 1327/1652/39
f 1327/1652/39 96/151/39 1309/1634/39
f 175/249/39 179/254/39 1329/1654/39
f 1329/1654/39 179/254/39 1330/1655/39
f 179/254/39 167/232/39 1330/1655/39
f 1330/1655/39 167/232/39 1333/1658/39
f 167/232/39 168/234/39 1333/1658/39
f 1333/1658/39 168/234/39 1335/1660/39
f 168/234/39 169/236/39 1335/1660/39
f 1335/1660/39 169/236/39 1337/1662/39
f 169/236/39 170/238/39 1337/1662/39
f 1337/1662/39 170/238/39 1339/1664/39
f 170/238/39 171/240/39 1339/1664/39
f 1339/1664/39 171/240/39 1341/1666/39
f 171/240/39 172/242/39 1341/1666/39
f 1341/1666/39 172/242/39 1343/1668/39
f 172/242/39 173/244/39 1343/1668/39
f 1343/1668/39 173/244/39 1345/1670/39
f 173/244/39 174/246/39 1345/1670/39
f 1345/1670/39 174/246/39 1347/1672/39
f 174/246/39 175/249/39 1347/1672/39
f 1347/1672/39 175/249/39 1329/1654/39
f 1349/1674/328 1350/1675/329 1351/1676/328
f 1351/1676/328 1350/1675/329 1352/1677/329
f 1350/1675/329 1353/1678/330 1352/1677/329
f 1352/1677/329 1353/1678/330 1354/1679/330
f 1353/1678/330 1355/1680/331 1354/1679/330
f 1354/1679/330 1355/1680/331 1356/1681/331
f 1355/1680/331 1357/1682/322 1356/1681/331
f 1356/1681/331 1357/1682/322 1358/1683/322
f 1357/1682/322 1359/1684/323 1358/1683/322
f 1358/1683/322 1359/1684/323 1360/1685/323
f 1359/1684/323 1361/1686/324 1360/1685/323
f 1360/1685/323 1361/1686/324 1362/1687/324
f 1361/1686/324 1363/1688/325 1362/1687/324
f 1362/1687/324 1363/1688/325 1364/1689/325
f 1363/1688/325 1365/1690/326 1364/1689/325
f 1364/1689/325 1365/1690/326 1366/1691/326
f 1365/1690/326 1367/1692/327 1366/1691/326
f 1366/1691/326 1367/1692/327 1368/1693/327
f 1367/1692/327 1349/1674/328 1368/1693/327
f 1368/1693/327 1349/1674/328 1351/1676/328
f 359/480/54 360/483/54 1349/1674/54
f 1349/1674/54 360/483/54 1350/1675/54
f 360/483/54 361/485/54 1350/1675/54
f 1350/1675/54 361/485/54 1353/1678/54
f 361/485/54 362/487/54 1353/1678/54
f 1353/1678/54 362/487/54 1355/1680/54
f 362/487/54 353/468/54 1355/1680/54
f 1355/1680/54 353/468/54 1357/1682/54
f 353/468/54 354/470/54 1357/1682/54
f 1357/1682/54 354/470/54 1359/1684/54
f 354/470/54 355/472/54 1359/1684/54
f 1359/1684/54 355/472/54 1361/1686/54
f 355/472/54 356/474/54 1361/1686/54
f 1361/1686/54 356/474/54 1363/1688/54
f 356/474/54 357/476/54 1363/1688/54
f 1363/1688/54 357/476/54 1365/1690/54
f 357/476/54 358/478/54 1365/1690/54
f 1365/1690/54 358/478/54 1367/1692/54
f 358/478/54 359/480/54 1367/1692/54
f 1367/1692/54 359/480/54 1349/1674/54
f 1369/1694/77 1370/1695/269 1371/1696/77
f 1371/1696/77 1370/1695/269 1372/1697/269
f 1370/1695/269 1373/1698/283 1372/1697/269
f 1372/1697/269 1373/1698/283 1374/1699/283
f 1373/1698/283 1375/1700/284 1374/1699/283
f 1374/1699/283 1375/1700/284 1376/1701/284
f 1375/1700/284 1377/1702/285 1376/1701/284
f 1376/1701/284 1377/1702/285 1378/1703/285
f 1377/1702/285 1379/1704/54 1378/1703/285
f 1378/1703/285 1379/1704/54 1380/1705/54
f 1379/1704/54 1381/1706/286 1380/1705/54
f 1380/1705/54 1381/1706/286 1382/1707/286
f 1381/1706/286 1383/1708/287 1382/1707/286
f 1382/1707/286 1383/1708/287 1384/1709/287
f 1383/1708/287 1385/1710/288 1384/1709/287
f 1384/1709/287 1385/1710/288 1386/1711/288
f 1385/1710/288 1387/1712/290 1386/1711/288
f 1386/1711/288 1387/1712/290 1388/1713/290
f 1387/1712/290 1369/1694/77 1388/1713/290
f 1388/1713/290 1369/1694/77 1371/1696/77
f 297/401/324 299/404/324 1369/1694/324
f 1369/1694/324 299/404/324 1370/1695/324
f 299/404/324 313/420/324 1370/1695/324
f 1370/1695/324 313/420/324 1373/1698/324
f 313/420/324 314/422/324 1373/1698/324
f 1373/1698/324 314/422/324 1375/1700/324
f 314/422/324 315/424/324 1375/1700/324
f 1375/1700/324 315/424/324 1377/1702/324
f 315/424/324 316/426/324 1377/1702/324
f 1377/1702/324 316/426/324 1379/1704/324
f 316/426/324 317/428/324 1379/1704/324
f 1379/1704/324 317/428/324 1381/1706/324
f 317/428/324 318/430/324 1381/1706/324
f 1381/1706/324 318/430/324 1383/1708/324
f 318/430/324 319/432/324 1383/1708/324
f 1383/1708/324 319/432/324 1385/1710/324
f 319/432/324 321/435/324 1385/1710/324
f 1385/1710/324 321/435/324 1387/1712/324
f 321/435/324 297/401/324 1387/1712/324
f 1387/1712/324 297/401/324 1369/1694/324
f 858/1097/1159 1135/1456/1160 859/1098/1161
f 1136/1457/1162 1135/1456/1160 858/1097/1159
f 857/1096/1163 1136/1457/1162 858/1097/1159
f 1137/1458/1164 1136/1457/1162 857/1096/1163
f 856/1095/1165 1137/1458/1164 857/1096/1163
f 1138/1459/1165 1137/1458/1164 856/1095/1165
f 406/538/894 1138/1459/1165 856/1095/1165
f 765/991/894 1138/1459/1165 406/538/894
f 867/1106/1166 778/1005/895 419/552/895
f 1127/1448/1167 778/1005/895 867/1106/1166
f 866/1105/1168 1127/1448/1167 867/1106/1166
f 1128/1449/1169 1127/1448/1167 866/1105/1168
f 865/1104/1170 1128/1449/1169 866/1105/1168
f 1129/1450/1171 1128/1449/1169 865/1104/1170
f 864/1103/1172 1129/1450/1171 865/1104/1170
f 1130/1451/1173 1129/1450/1171 864/1103/1172
f 864/1103/1172 863/1102/1174 1130/1451/1173
f 1130/1451/1173 863/1102/1174 1131/1452/1175
f 863/1102/1174 1132/1453/1176 1131/1452/1175
f 862/1101/1177 1132/1453/1176 863/1102/1174
f 861/1100/1178 1132/1453/1176 862/1101/1177
f 1133/1454/1179 1132/1453/1176 861/1100/1178
f 861/1100/1178 860/1099/1180 1133/1454/1179
f 1133/1454/1179 860/1099/1180 1134/1455/1181
f 860/1099/1180 859/1098/1161 1134/1455/1181
f 1134/1455/1181 859/1098/1161 1135/1456/1160
f 1202/1527/1182 660/873/1183 1201/1526/1184
f 660/873/1183 1199/1524/1185 1201/1526/1184
f 661/874/1185 1199/1524/1185 660/873/1183
f 661/874/1185 662/875/1186 1199/1524/1185
f 1199/1524/1185 662/875/1186 1200/1525/1187
f 662/875/1186 546/731/1188 1200/1525/1187
f 1200/1525/1187 546/731/1188 545/730/1189
f 1198/1523/1190 1200/1525/1187 545/730/1189
f 545/730/1189 542/727/1191 1198/1523/1190
f 1198/1523/1190 542/727/1191 1207/1532/1192
f 542/727/1191 540/725/1193 1207/1532/1192
f 1207/1532/1192 540/725/1193 1208/1533/1193
f 540/725/1193 538/723/1194 1208/1533/1193
f 1208/1533/1193 538/723/1194 1210/1535/1195
f 538/723/1194 1212/1537/1196 1210/1535/1195
f 536/721/1197 1212/1537/1196 538/723/1194
f 536/721/1197 785/1012/1198 1212/1537/1196
f 535/719/1198 785/1012/1198 536/721/1197
f 602/788/1199 646/859/1200 787/1015/1199
f 787/1015/1199 646/859/1200 1213/1538/1200
f 646/859/1200 649/862/1201 1213/1538/1200
f 1213/1538/1200 649/862/1201 1211/1536/1202
f 649/862/1201 1209/1534/1203 1211/1536/1202
f 651/864/1204 1209/1534/1203 649/862/1201
f 651/864/1204 1206/1531/1205 1209/1534/1203
f 653/866/1206 1206/1531/1205 651/864/1204
f 653/866/1206 1205/1530/1207 1206/1531/1205
f 655/868/1208 1205/1530/1207 653/866/1206
f 655/868/1208 656/869/1209 1205/1530/1207
f 656/869/1209 1204/1529/1210 1205/1530/1207
f 657/870/1210 1204/1529/1210 656/869/1209
f 657/870/1210 658/871/1211 1204/1529/1210
f 1204/1529/1210 658/871/1211 1203/1528/1212
f 658/871/1211 659/872/1182 1203/1528/1212
f 1203/1528/1212 659/872/1182 1202/1527/1182
f 659/872/1182 660/873/1183 1202/1527/1182
f 1389/1714/77 560/745/77 562/747/77
f 1390/1715/77 560/745/77 1389/1714/77
f 1390/1715/77 565/750/77 560/745/77
f 1391/1716/77 565/750/77 1390/1715/77
f 1391/1716/77 566/751/77 565/750/77
f 1392/1717/77 566/751/77 1391/1716/77
f 1392/1717/77 568/753/77 566/751/77
f 1393/1718/77 568/753/77 1392/1717/77
f 1393/1718/77 570/755/77 568/753/77
f 1394/1719/77 570/755/77 1393/1718/77
f 1394/1719/77 572/757/77 570/755/77
f 1395/1720/77 572/757/77 1394/1719/77
f 1395/1720/77 1396/1721/77 572/757/77
f 572/757/77 1396/1721/77 575/760/77
f 1396/1721/77 1397/1722/77 575/760/77
f 575/760/77 1397/1722/77 577/762/77
f 1397/1722/77 1398/1723/77 577/762/77
f 577/762/77 1398/1723/77 552/737/77
f 1398/1723/77 1399/1724/77 552/737/77
f 552/737/77 1399/1724/77 555/740/77
f 1399/1724/77 1400/1725/77 555/740/77
f 555/740/77 1400/1725/77 556/741/77
f 1400/1725/77 1401/1726/77 556/741/77
f 556/741/77 1401/1726/77 559/744/77
f 1103/1414/1213 1072/1365/1214 1105/1417/1214
f 1074/1368/1215 1072/1365/1214 1103/1414/1213
f 1074/1368/1215 1103/1414/1213 1102/1413/1216
f 1102/1413/1216 1075/1369/1217 1074/1368/1215
f 1100/1410/1217 1075/1369/1217 1102/1413/1216
f 1100/1410/1217 1077/1372/1218 1075/1369/1217
f 1098/1407/1218 1077/1372/1218 1100/1410/1217
f 1098/1407/1218 1079/1375/1219 1077/1372/1218
f 1096/1404/1219 1079/1375/1219 1098/1407/1218
f 1096/1404/1219 1081/1378/1220 1079/1375/1219
f 1094/1401/1220 1081/1378/1220 1096/1404/1219
f 1094/1401/1220 1083/1381/1221 1081/1378/1220
f 1092/1398/1221 1083/1381/1221 1094/1401/1220
f 1092/1398/1221 1085/1384/38 1083/1381/1221
f 1090/1394/38 1085/1384/38 1092/1398/1221
f 1110/1425/54 1402/1727/54 1108/1422/54
f 1112/1428/54 1402/1727/54 1110/1425/54
f 1114/1431/54 1402/1727/54 1112/1428/54
f 1116/1435/54 1402/1727/54 1114/1431/54
f 1116/1435/54 1403/1728/54 1402/1727/54
f 1403/1728/54 1404/1730/54 1402/1727/54
f 1404/1730/54 1405/1732/54 1402/1727/54
f 1405/1732/54 1406/1734/54 1402/1727/54
f 1406/1734/54 1407/1736/54 1402/1727/54
f 1407/1736/54 1408/1738/54 1402/1727/54
f 1408/1738/54 1409/1740/54 1402/1727/54
f 1410/1741/54 1409/1740/54 1408/1738/54
f 1410/1741/54 1411/1743/54 1409/1740/54
f 1411/1743/54 1412/1745/54 1409/1740/54
f 1412/1745/54 1413/1747/54 1409/1740/54
f 1413/1747/54 1414/1749/54 1409/1740/54
f 1414/1749/54 1415/1751/54 1409/1740/54
f 1415/1751/54 1089/1392/54 1409/1740/54
f 1091/1397/54 1409/1740/54 1089/1392/54
f 1093/1400/54 1409/1740/54 1091/1397/54
f 1095/1403/54 1409/1740/54 1093/1400/54
f 1097/1406/54 1409/1740/54 1095/1403/54
f 1099/1409/54 1409/1740/54 1097/1406/54
f 1101/1412/54 1409/1740/54 1099/1409/54
f 1101/1412/54 1104/1416/54 1409/1740/54
f 1409/1740/54 1104/1416/54 1402/1727/54
f 1106/1419/54 1402/1727/54 1104/1416/54
f 1108/1422/54 1402/1727/54 1106/1419/54
f 1085/1385/1038 1416/1753/1222 1086/1387/1038
f 1282/1607/1222 1416/1753/1222 1085/1385/1038
f 1282/1607/1222 1417/1755/1223 1416/1753/1222
f 1284/1609/1223 1417/1755/1223 1282/1607/1222
f 1284/1609/1223 1418/1757/1224 1417/1755/1223
f 1286/1611/1225 1418/1757/1224 1284/1609/1223
f 1286/1611/1225 1419/1759/1226 1418/1757/1224
f 1288/1613/1227 1419/1759/1226 1286/1611/1225
f 1288/1613/1227 1420/1761/1228 1419/1759/1226
f 1290/1615/1229 1420/1761/1228 1288/1613/1227
f 1420/1761/1228 1290/1615/1229 1421/1763/1230
f 1421/1763/1230 1290/1615/1229 1292/1617/1230
f 1294/1619/1231 1421/1763/1230 1292/1617/1230
f 1422/1765/1232 1421/1763/1230 1294/1619/1231
f 1423/1767/1233 1422/1765/1232 1294/1619/1231
f 1424/1768/1234 1422/1765/1232 1423/1767/1233
f 1425/1770/1235 1424/1768/1234 1423/1767/1233
f 1426/1771/1235 1424/1768/1234 1425/1770/1235
f 1427/1773/1236 1426/1771/1235 1425/1770/1235
f 1428/1774/1236 1426/1771/1235 1427/1773/1236
f 1429/1776/1237 1428/1774/1236 1427/1773/1236
f 1430/1777/1238 1428/1774/1236 1429/1776/1237
f 1061/1347/1021 1430/1777/1238 1429/1776/1237
f 1063/1351/1021 1430/1777/1238 1061/1347/1021
f 1431/1779/246 1432/1780/246 1433/1781/186
f 1433/1781/186 1432/1780/246 1434/1782/186
f 1433/1781/186 1434/1782/186 1435/1783/184
f 1435/1783/184 1434/1782/186 1436/1784/184
f 1435/1783/184 1436/1784/184 1437/1785/253
f 1437/1785/253 1436/1784/184 1438/1786/253
f 1437/1785/253 1438/1786/253 1439/1787/252
f 1439/1787/252 1438/1786/253 1440/1788/252
f 1439/1787/252 1440/1788/252 1441/1789/251
f 1441/1789/251 1440/1788/252 1442/1790/251
f 1441/1789/251 1442/1790/251 1443/1791/250
f 1443/1791/250 1442/1790/251 1444/1792/250
f 1443/1791/250 1444/1792/250 1445/1793/249
f 1445/1793/249 1444/1792/250 1446/1794/249
f 1445/1793/249 1446/1794/249 1447/1795/248
f 1447/1795/248 1446/1794/249 1448/1796/248
f 1447/1795/248 1448/1796/248 1449/1797/247
f 1449/1797/247 1448/1796/248 1450/1798/247
f 1449/1797/247 1450/1798/247 1431/1779/246
f 1431/1779/246 1450/1798/247 1432/1780/246
f 581/766/1239 63/104/1240 65/106/1241
f 581/766/1239 583/768/1242 63/104/1240
f 63/104/1240 583/768/1242 62/103/1243
f 62/103/1243 583/768/1242 1451/1799/1243
f 1452/1800/1244 62/103/1243 1451/1799/1243
f 59/100/1244 62/103/1243 1452/1800/1244
f 1452/1800/1244 57/98/1245 59/100/1244
f 1453/1801/1246 57/98/1245 1452/1800/1244
f 1453/1801/1246 55/96/1247 57/98/1245
f 1454/1802/1248 55/96/1247 1453/1801/1246
f 1454/1802/1248 53/94/1249 55/96/1247
f 1455/1803/1250 53/94/1249 1454/1802/1248
f 1455/1803/1250 51/91/486 53/94/1249
f 535/720/484 51/91/486 1455/1803/1250
f 1456/1804/1251 50/89/483 534/717/483
f 48/85/1252 50/89/483 1456/1804/1251
f 1457/1806/1253 48/85/1252 1456/1804/1251
f 46/83/1254 48/85/1252 1457/1806/1253
f 1458/1808/1255 46/83/1254 1457/1806/1253
f 44/81/1255 46/83/1254 1458/1808/1255
f 1459/1810/1256 44/81/1255 1458/1808/1255
f 42/79/1257 44/81/1255 1459/1810/1256
f 625/826/1258 42/79/1257 1459/1810/1256
f 40/77/1259 42/79/1257 625/826/1258
f 625/826/1258 38/75/1260 40/77/1259
f 38/75/1260 625/826/1258 624/825/1261
f 38/75/1260 624/825/1261 622/822/1262
f 622/822/1262 579/764/1263 38/75/1260
f 579/764/1263 66/107/1264 38/75/1260
f 578/763/1264 66/107/1264 579/764/1263
f 66/107/1264 578/763/1264 65/106/1241
f 65/106/1241 578/763/1264 581/766/1239
f 275/365/54 1431/1779/54 215/297/54
f 215/297/54 1431/1779/54 1433/1781/54
f 215/297/54 1433/1781/54 213/293/54
f 213/293/54 1433/1781/54 1435/1783/54
f 213/293/54 1435/1783/54 282/379/54
f 282/379/54 1435/1783/54 1437/1785/54
f 282/379/54 1437/1785/54 281/377/54
f 281/377/54 1437/1785/54 1439/1787/54
f 281/377/54 1439/1787/54 280/375/54
f 280/375/54 1439/1787/54 1441/1789/54
f 280/375/54 1441/1789/54 279/373/54
f 279/373/54 1441/1789/54 1443/1791/54
f 279/373/54 1443/1791/54 278/371/54
f 278/371/54 1443/1791/54 1445/1793/54
f 278/371/54 1445/1793/54 277/369/54
f 277/369/54 1445/1793/54 1447/1795/54
f 277/369/54 1447/1795/54 276/367/54
f 276/367/54 1447/1795/54 1449/1797/54
f 276/367/54 1449/1797/54 275/365/54
f 275/365/54 1449/1797/54 1431/1779/54
f 531/712/1265 1460/1812/1266 1461/1813/1267
f 529/709/1268 1460/1812/1266 531/712/1265
f 529/709/1268 1462/1814/1269 1460/1812/1266
f 527/706/1270 1462/1814/1269 529/709/1268
f 527/706/1270 1463/1815/1271 1462/1814/1269
f 524/702/1271 1463/1815/1271 527/706/1270
f 524/702/1271 1464/1816/1272 1463/1815/1271
f 645/858/1273 1464/1816/1272 524/702/1271
f 645/858/1273 1465/1817/1274 1464/1816/1272
f 644/856/1274 1465/1817/1274 645/858/1273
f 1465/1817/1274 644/856/1274 1466/1818/1275
f 1466/1818/1275 644/856/1274 643/854/1276
f 1466/1818/1275 643/854/1276 1467/1819/1277
f 1467/1819/1277 643/854/1276 642/852/1277
f 623/824/1278 1468/1820/1279 621/821/1279
f 1469/1821/1280 1468/1820/1279 623/824/1278
f 625/827/1281 1469/1821/1280 623/824/1278
f 1470/1822/1281 1469/1821/1280 625/827/1281
f 1459/1811/1282 1470/1822/1281 625/827/1281
f 1471/1823/1283 1470/1822/1281 1459/1811/1282
f 1458/1809/1284 1471/1823/1283 1459/1811/1282
f 1472/1824/1285 1471/1823/1283 1458/1809/1284
f 1457/1807/1286 1472/1824/1285 1458/1809/1284
f 1473/1825/1287 1472/1824/1285 1457/1807/1286
f 1456/1805/1288 1473/1825/1287 1457/1807/1286
f 1474/1826/1289 1473/1825/1287 1456/1805/1288
f 534/718/1290 1474/1826/1289 1456/1805/1288
f 1475/1827/1291 1474/1826/1289 534/718/1290
f 534/718/1290 1476/1828/1292 1475/1827/1291
f 533/715/1293 1476/1828/1292 534/718/1290
f 533/715/1293 1461/1813/1267 1476/1828/1292
f 531/712/1265 1461/1813/1267 533/715/1293
f 605/796/1294 1477/1829/1295 1478/1830/1296
f 607/799/1297 1477/1829/1295 605/796/1294
f 607/799/1297 1479/1831/1298 1477/1829/1295
f 609/802/1299 1479/1831/1298 607/799/1297
f 609/802/1299 1480/1832/1300 1479/1831/1298
f 611/805/1300 1480/1832/1300 609/802/1299
f 611/805/1300 1481/1833/1301 1480/1832/1300
f 613/808/1301 1481/1833/1301 611/805/1300
f 613/808/1301 1482/1834/1302 1481/1833/1301
f 616/812/1302 1482/1834/1302 613/808/1301
f 616/812/1302 1483/1835/1303 1482/1834/1302
f 620/819/1303 1483/1835/1303 616/812/1302
f 1483/1835/1303 620/819/1303 1484/1836/1304
f 1484/1836/1304 620/819/1303 618/815/1304
f 618/815/1304 619/817/1305 1484/1836/1304
f 1484/1836/1304 619/817/1305 1485/1837/1306
f 619/817/1305 621/821/1279 1485/1837/1306
f 1485/1837/1306 621/821/1279 1468/1820/1279
f 1486/1838/1307 1487/1839/1307 1467/1819/1308
f 1467/1819/1308 1487/1839/1307 1488/1840/1309
f 1467/1819/1308 1488/1840/1309 1466/1818/1310
f 1466/1818/1310 1488/1840/1309 1489/1841/1311
f 1490/1842/1312 1466/1818/1310 1489/1841/1311
f 1465/1817/1313 1466/1818/1310 1490/1842/1312
f 1491/1843/1314 1465/1817/1313 1490/1842/1312
f 1464/1816/1314 1465/1817/1313 1491/1843/1314
f 1464/1816/1314 1491/1843/1314 1463/1815/1315
f 1463/1815/1315 1491/1843/1314 1492/1844/1315
f 1463/1815/1315 1492/1844/1315 1462/1814/1316
f 1462/1814/1316 1492/1844/1315 1493/1845/1317
f 1494/1846/1318 1462/1814/1316 1493/1845/1317
f 1460/1812/1319 1462/1814/1316 1494/1846/1318
f 1494/1846/1318 1495/1847/1320 1460/1812/1319
f 1460/1812/1319 1495/1847/1320 1461/1813/1321
f 1495/1847/1320 1496/1848/1322 1461/1813/1321
f 1461/1813/1321 1496/1848/1322 1476/1828/1323
f 1496/1848/1322 1497/1849/1324 1476/1828/1323
f 1476/1828/1323 1497/1849/1324 1475/1827/1324
f 1475/1827/1324 1497/1849/1324 1474/1826/1325
f 1474/1826/1325 1497/1849/1324 1498/1850/1326
f 1474/1826/1325 1498/1850/1326 1473/1825/1327
f 1473/1825/1327 1498/1850/1326 1499/1851/1328
f 1499/1851/1328 1472/1824/1329 1473/1825/1327
f 1500/1852/1330 1472/1824/1329 1499/1851/1328
f 1500/1852/1330 1471/1823/1331 1472/1824/1329
f 1501/1853/1332 1471/1823/1331 1500/1852/1330
f 1501/1853/1332 1502/1854/1333 1471/1823/1331
f 1471/1823/1331 1502/1854/1333 1470/1822/1333
f 1502/1854/1333 1503/1855/1334 1470/1822/1333
f 1470/1822/1333 1503/1855/1334 1469/1821/1335
f 1469/1821/1335 1503/1855/1334 1468/1820/1336
f 1468/1820/1336 1503/1855/1334 1504/1856/1336
f 1468/1820/1336 1504/1856/1336 1485/1837/1337
f 1485/1837/1337 1504/1856/1336 1505/1857/1338
f 1505/1857/1338 1506/1858/1339 1485/1837/1337
f 1485/1837/1337 1506/1858/1339 1484/1836/1340
f 1506/1858/1339 1507/1859/1341 1484/1836/1340
f 1484/1836/1340 1507/1859/1341 1483/1835/1341
f 1507/1859/1341 1508/1860/1342 1483/1835/1341
f 1483/1835/1341 1508/1860/1342 1482/1834/1342
f 1508/1860/1342 1481/1833/1343 1482/1834/1342
f 1509/1861/1343 1481/1833/1343 1508/1860/1342
f 1509/1861/1343 1480/1832/1344 1481/1833/1343
f 1510/1862/1345 1480/1832/1344 1509/1861/1343
f 1480/1832/1344 1510/1862/1345 1479/1831/1346
f 1479/1831/1346 1510/1862/1345 1511/1863/1347
f 1479/1831/1346 1511/1863/1347 1477/1829/1348
f 1477/1829/1348 1511/1863/1347 1512/1864/1349
f 1477/1829/1348 1512/1864/1349 1478/1830/1350
f 1478/1830/1350 1512/1864/1349 1513/1865/1351
f 1513/1865/1351 1514/1866/1352 1478/1830/1350
f 1515/1867/1352 1514/1866/1352 1513/1865/1351
f 1516/1868/1353 1514/1866/1352 1515/1867/1352
f 1517/1869/1354 1514/1866/1352 1516/1868/1353
f 1518/1870/1355 1517/1869/1354 1516/1868/1353
f 1519/1871/1356 1517/1869/1354 1518/1870/1355
f 1520/1872/1357 1519/1871/1356 1518/1870/1355
f 1521/1873/1358 1519/1871/1356 1520/1872/1357
f 1522/1874/1359 1521/1873/1358 1520/1872/1357
f 1523/1875/1360 1521/1873/1358 1522/1874/1359
f 1524/1876/1361 1523/1875/1360 1522/1874/1359
f 1525/1877/1361 1523/1875/1360 1524/1876/1361
f 1526/1878/1362 1525/1877/1361 1524/1876/1361
f 1527/1879/1362 1525/1877/1361 1526/1878/1362
f 1527/1879/1362 1526/1878/1362 1486/1838/1307
f 1486/1838/1307 1526/1878/1362 1487/1839/1307
f 1528/1880/77 1529/1881/77 1530/1882/965
f 1530/1882/965 1529/1881/77 1531/1883/965
f 1530/1882/965 1531/1883/965 1532/1884/964
f 1532/1884/964 1531/1883/965 1533/1885/964
f 1532/1884/964 1533/1885/964 1534/1886/963
f 1534/1886/963 1533/1885/964 1535/1887/963
f 1534/1886/963 1535/1887/963 1536/1888/962
f 1536/1888/962 1535/1887/963 1537/1889/962
f 1536/1888/962 1537/1889/962 1538/1890/54
f 1538/1890/54 1537/1889/962 1539/1891/54
f 1538/1890/54 1539/1891/54 1540/1892/961
f 1540/1892/961 1539/1891/54 1541/1893/961
f 1540/1892/961 1541/1893/961 1542/1894/199
f 1542/1894/199 1541/1893/961 1543/1895/199
f 1542/1894/199 1543/1895/199 1544/1896/197
f 1544/1896/197 1543/1895/199 1545/1897/197
f 1544/1896/197 1545/1897/197 1546/1898/182
f 1546/1898/182 1545/1897/197 1547/1899/182
f 1546/1898/182 1547/1899/182 1528/1880/77
f 1528/1880/77 1547/1899/182 1529/1881/77
f 1048/1322/1363 1510/1862/1364 1509/1861/1363
f 1047/1320/1364 1510/1862/1364 1048/1322/1363
f 1047/1320/1364 1511/1863/1365 1510/1862/1364
f 1046/1318/1365 1511/1863/1365 1047/1320/1364
f 1046/1318/1365 1512/1864/1366 1511/1863/1365
f 1045/1317/1366 1512/1864/1366 1046/1318/1365
f 1045/1317/1366 1513/1865/1367 1512/1864/1366
f 1044/1316/1367 1513/1865/1367 1045/1317/1366
f 1044/1316/1367 1515/1867/1368 1513/1865/1367
f 1043/1314/1368 1515/1867/1368 1044/1316/1367
f 1042/1312/1369 1515/1867/1368 1043/1314/1368
f 1516/1868/1369 1515/1867/1368 1042/1312/1369
f 1041/1310/1370 1516/1868/1369 1042/1312/1369
f 1518/1870/1370 1516/1868/1369 1041/1310/1370
f 1040/1308/1371 1518/1870/1370 1041/1310/1370
f 1520/1872/1371 1518/1870/1370 1040/1308/1371
f 1039/1306/1372 1520/1872/1371 1040/1308/1371
f 1522/1874/1373 1520/1872/1371 1039/1306/1372
f 1038/1304/1374 1522/1874/1373 1039/1306/1372
f 1524/1876/1375 1522/1874/1373 1038/1304/1374
f 1037/1302/1376 1524/1876/1375 1038/1304/1374
f 1526/1878/1377 1524/1876/1375 1037/1302/1376
f 1526/1878/1377 1037/1302/1376 1487/1839/1378
f 1487/1839/1378 1037/1302/1376 1036/1300/1378
f 1487/1839/1378 1036/1300/1378 1488/1840/1379
f 1488/1840/1379 1036/1300/1378 1035/1298/1379
f 1035/1298/1379 1489/1841/1380 1488/1840/1379
f 1034/1296/1380 1489/1841/1380 1035/1298/1379
f 1033/1294/1381 1489/1841/1380 1034/1296/1380
f 1490/1842/1381 1489/1841/1380 1033/1294/1381
f 1032/1292/1382 1490/1842/1381 1033/1294/1381
f 1491/1843/1383 1490/1842/1381 1032/1292/1382
f 1491/1843/1383 1032/1292/1382 1492/1844/1384
f 1492/1844/1384 1032/1292/1382 1031/1290/1384
f 1492/1844/1384 1031/1290/1384 1493/1845/1385
f 1493/1845/1385 1031/1290/1384 1030/1288/1385
f 1493/1845/1385 1030/1288/1385 1494/1846/1386
f 1494/1846/1386 1030/1288/1385 1029/1286/1387
f 1494/1846/1386 1029/1286/1387 1495/1847/1388
f 1495/1847/1388 1029/1286/1387 1028/1284/1389
f 1495/1847/1388 1028/1284/1389 1496/1848/1390
f 1496/1848/1390 1028/1284/1389 1027/1282/1391
f 1496/1848/1390 1027/1282/1391 1497/1849/1392
f 1497/1849/1392 1027/1282/1391 1060/1344/1392
f 1060/1344/1392 1059/1343/1393 1497/1849/1392
f 1497/1849/1392 1059/1343/1393 1498/1850/1394
f 1059/1343/1393 1058/1341/1395 1498/1850/1394
f 1498/1850/1394 1058/1341/1395 1499/1851/1396
f 1058/1341/1395 1057/1339/1397 1499/1851/1396
f 1499/1851/1396 1057/1339/1397 1500/1852/1397
f 1057/1339/1397 1056/1337/1398 1500/1852/1397
f 1500/1852/1397 1056/1337/1398 1501/1853/1398
f 1056/1337/1398 1055/1335/1399 1501/1853/1398
f 1501/1853/1398 1055/1335/1399 1502/1854/1399
f 1055/1335/1399 1054/1333/1400 1502/1854/1399
f 1502/1854/1399 1054/1333/1400 1503/1855/1401
f 1054/1333/1400 1504/1856/1402 1503/1855/1401
f 1053/1331/1402 1504/1856/1402 1054/1333/1400
f 1053/1331/1402 1505/1857/1403 1504/1856/1402
f 1052/1329/1403 1505/1857/1403 1053/1331/1402
f 1052/1329/1403 1051/1328/1404 1505/1857/1403
f 1505/1857/1403 1051/1328/1404 1506/1858/1404
f 1051/1328/1404 1050/1326/1405 1506/1858/1404
f 1506/1858/1404 1050/1326/1405 1507/1859/1405
f 1050/1326/1405 1049/1324/1406 1507/1859/1405
f 1507/1859/1405 1049/1324/1406 1508/1860/1407
f 1049/1324/1406 1509/1861/1363 1508/1860/1407
f 1048/1322/1363 1509/1861/1363 1049/1324/1406
f 642/852/1277 641/850/1408 1467/1819/1277
f 1467/1819/1277 641/850/1408 1486/1838/1408
f 641/850/1408 640/848/1409 1486/1838/1408
f 1486/1838/1408 640/848/1409 1527/1879/1409
f 640/848/1409 638/845/1410 1527/1879/1409
f 1527/1879/1409 638/845/1410 1525/1877/1410
f 638/845/1410 636/842/1411 1525/1877/1410
f 1525/1877/1410 636/842/1411 1523/1875/1411
f 636/842/1411 634/839/1412 1523/1875/1411
f 1523/1875/1411 634/839/1412 1521/1873/1413
f 634/839/1412 632/836/1414 1521/1873/1413
f 1521/1873/1413 632/836/1414 1519/1871/1415
f 632/836/1414 630/833/1416 1519/1871/1415
f 1519/1871/1415 630/833/1416 1517/1869/1417
f 630/833/1416 603/792/1418 1517/1869/1417
f 1517/1869/1417 603/792/1418 1514/1866/1418
f 603/792/1418 1478/1830/1296 1514/1866/1418
f 605/796/1294 1478/1830/1296 603/792/1418
f 1023/1275/250 1536/1888/250 1022/1273/250
f 1022/1273/250 1536/1888/250 1538/1890/250
f 1022/1273/250 1538/1890/250 1021/1271/250
f 1021/1271/250 1538/1890/250 1540/1892/250
f 1021/1271/250 1540/1892/250 228/317/250
f 228/317/250 1540/1892/250 1542/1894/250
f 228/317/250 1542/1894/250 226/314/250
f 226/314/250 1542/1894/250 1544/1896/250
f 226/314/250 1544/1896/250 210/287/250
f 210/287/250 1544/1896/250 1546/1898/250
f 210/287/250 1546/1898/250 211/290/250
f 211/290/250 1546/1898/250 1528/1880/250
f 211/290/250 1528/1880/250 1026/1281/250
f 1026/1281/250 1528/1880/250 1530/1882/250
f 1026/1281/250 1530/1882/250 1025/1279/250
f 1025/1279/250 1530/1882/250 1532/1884/250
f 1025/1279/250 1532/1884/250 1024/1277/250
f 1024/1277/250 1532/1884/250 1534/1886/250
f 1024/1277/250 1534/1886/250 1023/1275/250
f 1023/1275/250 1534/1886/250 1536/1888/250
f 1455/1803/1419 785/1013/1198 535/720/1198
f 788/1017/1420 785/1013/1198 1455/1803/1419
f 1454/1802/1421 788/1017/1420 1455/1803/1419
f 790/1019/1422 788/1017/1420 1454/1802/1421
f 1454/1802/1421 792/1021/1423 790/1019/1422
f 1453/1801/1423 792/1021/1423 1454/1802/1421
f 1453/1801/1423 794/1023/1424 792/1021/1423
f 1452/1800/1425 794/1023/1424 1453/1801/1423
f 1452/1800/1425 780/1007/1426 794/1023/1424
f 1451/1799/1427 780/1007/1426 1452/1800/1425
f 780/1007/1426 1451/1799/1427 781/1008/1428
f 781/1008/1428 1451/1799/1427 583/768/1429
f 582/767/1430 781/1008/1428 583/768/1429
f 781/1008/1428 582/767/1430 782/1009/1431
f 782/1009/1431 582/767/1430 584/769/1431
f 585/770/1432 782/1009/1431 584/769/1431
f 783/1010/1433 782/1009/1431 585/770/1432
f 783/1010/1433 585/770/1432 784/1011/1434
f 784/1011/1434 585/770/1432 586/771/1434
f 784/1011/1434 586/771/1434 797/1026/1435
f 797/1026/1435 586/771/1434 587/772/1436
f 797/1026/1435 587/772/1436 796/1025/1437
f 796/1025/1437 587/772/1436 588/773/1437
f 590/775/1438 796/1025/1437 588/773/1437
f 795/1024/1439 796/1025/1437 590/775/1438
f 592/777/1440 795/1024/1439 590/775/1438
f 593/778/1441 795/1024/1439 592/777/1440
f 793/1022/1442 795/1024/1439 593/778/1441
f 595/780/1443 793/1022/1442 593/778/1441
f 791/1020/1444 793/1022/1442 595/780/1443
f 597/782/1445 791/1020/1444 595/780/1443
f 789/1018/1445 791/1020/1444 597/782/1445
f 597/782/1445 786/1014/1446 789/1018/1445
f 599/784/1446 786/1014/1446 597/782/1445
f 599/784/1446 787/1016/1199 786/1014/1446
f 602/789/1199 787/1016/1199 599/784/1446
f 1420/1762/77 1421/1764/77 1548/1900/77
f 1421/1764/77 1422/1766/77 1548/1900/77
f 1422/1766/77 1424/1769/77 1548/1900/77
f 1424/1769/77 1426/1772/77 1548/1900/77
f 1426/1772/77 1428/1775/77 1548/1900/77
f 1428/1775/77 1430/1778/77 1548/1900/77
f 1430/1778/77 1063/1352/77 1548/1900/77
f 1062/1349/77 1548/1900/77 1063/1352/77
f 1065/1355/77 1548/1900/77 1062/1349/77
f 1067/1358/77 1548/1900/77 1065/1355/77
f 1069/1361/77 1548/1900/77 1067/1358/77
f 1071/1364/77 1548/1900/77 1069/1361/77
f 1073/1367/77 1548/1900/77 1071/1364/77
f 1076/1371/77 1548/1900/77 1073/1367/77
f 1078/1374/77 1548/1900/77 1076/1371/77
f 1080/1377/77 1548/1900/77 1078/1374/77
f 1082/1380/77 1548/1900/77 1080/1377/77
f 1084/1383/77 1548/1900/77 1082/1380/77
f 1086/1388/77 1548/1900/77 1084/1383/77
f 1086/1388/77 1416/1754/77 1548/1900/77
f 1416/1754/77 1417/1756/77 1548/1900/77
f 1417/1756/77 1418/1758/77 1548/1900/77
f 1418/1758/77 1419/1760/77 1548/1900/77
f 1419/1760/77 1420/1762/77 1548/1900/77
f 1116/1436/1069 1115/1433/1069 1403/1729/1447
f 1403/1729/1447 1115/1433/1069 1549/1901/1448
f 1403/1729/1447 1549/1901/1448 1404/1731/1449
f 1404/1731/1449 1549/1901/1448 1550/1902/1449
f 1404/1731/1449 1550/1902/1449 1405/1733/1450
f 1405/1733/1450 1550/1902/1449 1551/1903/1450
f 1405/1733/1450 1551/1903/1450 1406/1735/1451
f 1406/1735/1451 1551/1903/1450 1552/1904/1452
f 1406/1735/1451 1552/1904/1452 1407/1737/1453
f 1407/1737/1453 1552/1904/1452 1295/1620/1453
f 1407/1737/1453 1295/1620/1453 1408/1739/1454
f 1408/1739/1454 1295/1620/1453 1293/1618/1455
f 1293/1618/1455 1410/1742/1456 1408/1739/1454
f 1291/1616/1456 1410/1742/1456 1293/1618/1455
f 1289/1614/1457 1410/1742/1456 1291/1616/1456
f 1411/1744/1457 1410/1742/1456 1289/1614/1457
f 1289/1614/1457 1287/1612/1458 1411/1744/1457
f 1411/1744/1457 1287/1612/1458 1412/1746/1459
f 1287/1612/1458 1285/1610/1460 1412/1746/1459
f 1412/1746/1459 1285/1610/1460 1413/1748/1460
f 1285/1610/1460 1283/1608/1461 1413/1748/1460
f 1413/1748/1460 1283/1608/1461 1414/1750/1461
f 1283/1608/1461 1281/1606/1462 1414/1750/1461
f 1414/1750/1461 1281/1606/1462 1415/1752/1463
f 1281/1606/1462 1090/1395/1051 1415/1752/1463
f 1415/1752/1463 1090/1395/1051 1089/1393/1051
usemtl cryopod_glass_outer
f 1553/1905/1464 1058/1342/1465 1554/1906/1466
f 1555/1907/1467 1058/1342/1465 1553/1905/1464
f 1555/1907/1467 1057/1340/1468 1058/1342/1465
f 1046/1319/5 1057/1340/1468 1555/1907/1467
f 1046/1319/5 1056/1338/1469 1057/1340/1468
f 1047/1321/1470 1056/1338/1469 1046/1319/5
f 1047/1321/1470 1055/1336/1471 1056/1338/1469
f 1048/1323/1472 1055/1336/1471 1047/1321/1470
f 1055/1336/1471 1048/1323/1472 1054/1334/12
f 1054/1334/12 1048/1323/1472 1049/1325/12
f 1050/1327/1473 1054/1334/12 1049/1325/12
f 1053/1332/1473 1054/1334/12 1050/1327/1473
f 1053/1332/1473 1050/1327/1473 1052/1330/15
f 1052/1330/15 1050/1327/1473 1556/1908/1474
f 1036/1301/1475 1034/1297/17 1035/1299/1476
f 1033/1295/1475 1034/1297/17 1036/1301/1475
f 1036/1301/1475 1037/1303/1477 1033/1295/1475
f 1033/1295/1475 1037/1303/1477 1032/1293/19
f 1037/1303/1477 1038/1305/21 1032/1293/19
f 1032/1293/19 1038/1305/21 1031/1291/1478
f 1039/1307/1479 1031/1291/1478 1038/1305/21
f 1030/1289/1480 1031/1291/1478 1039/1307/1479
f 1040/1309/24 1030/1289/1480 1039/1307/1479
f 1029/1287/1481 1030/1289/1480 1040/1309/24
f 1041/1311/1482 1029/1287/1481 1040/1309/24
f 1028/1285/26 1029/1287/1481 1041/1311/1482
f 1042/1313/28 1028/1285/26 1041/1311/1482
f 1027/1283/29 1028/1285/26 1042/1313/28
f 1043/1315/1483 1027/1283/29 1042/1313/28
f 1060/1345/1483 1027/1283/29 1043/1315/1483
f 1043/1315/1483 1554/1906/1466 1060/1345/1483
f 1553/1905/1464 1554/1906/1466 1043/1315/1483
